"longitude","latitude","region","year","depth","kd490","htyperank","meansummermIST","maxsummermIST","CVsummermIST","pred","lo","hi","DI","inside"
115.169822855494,-33.63633,"NCMP",2024,-9.09439542846278,0.202704098694706,2,22.986518871121,25.0015365925629,3.83450383745982,44.6829808851324,27.5416666666667,63,0.235834047430312,TRUE
115.191822855494,-33.63633,"NCMP",2024,-8.50982533984109,0.270126450784327,2,23.0211124593814,25.0853512890585,3.98223805201926,45.01898842854,28.125,63,0.041477266281414,TRUE
115.213822855494,-33.63633,"NCMP",2024,-8.50267811099201,0.279588016740784,2,23.027260066025,25.0981083710132,3.99900747868251,44.8848599357315,28.125,63,0.0345615418585589,TRUE
115.235822855494,-33.63633,"NCMP",2024,-6.62177815373655,0.277687837063366,2,23.0876648042019,25.1669200845059,3.98110100577096,39.5220245122354,27.5416666666667,60.8333333333334,0.191910490888694,TRUE
115.257822855494,-33.63633,"NCMP",2024,-6.2399951957029,0.29158063098933,2,23.0991387280226,25.1943869479871,3.99716664676739,36.3519427422191,27.7916666666667,48.6666666666667,0.244001061806959,TRUE
115.279822855494,-33.63633,"NCMP",2024,-8.65019065785475,0.340328107589587,2,23.0525205630797,25.1843637293128,4.07405442432061,33.3324579253652,27.422796758467,42.0833333333333,0.118631242583467,TRUE
115.301822855494,-33.63633,"NCMP",2024,-8.61920325491228,0.343394771338812,2,23.0555139674334,25.1952962941385,4.10053312424528,33.3253056436192,26.375,42.0833333333333,0.116698393809626,TRUE
115.323822855494,-33.63633,"NCMP",2024,-4.75371951311935,0.29902658205125,2,23.1626714407762,25.2857448466809,4.09159965090977,40.6455112415844,27.7916666666667,49.5,0.163007516362444,TRUE
115.345822855494,-33.63633,"NCMP",2024,-3.86251363859393,0.189279020507902,2,23.2576995683273,25.3824613411843,4.17247948806495,46.3900327949526,40.2916666666667,49.5,0.0173904226435499,TRUE
115.367822855494,-33.63633,"NCMP",2024,-4.43487377781719,0.227549082072599,2,23.1777103235094,25.3058579174996,4.13450855720777,46.3676948032342,38.9583333333333,49.5,0.0767016307238704,TRUE
115.133319081276,-33.61433,"NCMP",2024,-4.62497780339333,0.14801527016762,2,23.0507281528043,25.0561572709632,3.71647703076437,49.7594047547159,25.8333333333333,63,0.1020540060408,TRUE
115.155319081277,-33.61433,"NCMP",2024,-10.036174252508,0.162819636273987,2,22.9632309887744,24.9467266067381,3.74548649166155,30.8097074602129,17.2083333333333,41.1822798467455,0.0904510131179168,TRUE
115.177319081276,-33.61433,"NCMP",2024,-12.4155258389288,0.230040885657255,2,22.9667717850244,24.9909275122363,3.89411291965706,29.8465141089195,15.7083333333333,41.0833333333333,0.3414426658754,TRUE
115.199319081276,-33.61433,"NCMP",2024,-10.4116553078119,0.27088335354472,2,23.0001000191685,25.0597694385011,3.98535579018268,33.7202795911692,25.8333333333333,42.0833333333333,0.20435829229582,TRUE
115.221319081277,-33.61433,"NCMP",2024,-11.6519029973554,0.280896278387945,2,23.0174599439218,25.0879542506266,4.00327835383439,30.7041108630953,15.7083333333333,41.1822798467455,0.312222709916981,TRUE
115.243319081276,-33.61433,"NCMP",2024,-11.2523938000843,0.288721148825173,2,23.0398526520129,25.1220779534859,4.00828907104686,30.5366304563492,15.7083333333333,41.0833333333333,0.267997428070936,TRUE
115.265319081277,-33.61433,"NCMP",2024,-11.7160889668034,0.3307618893149,2,23.0383720177725,25.1628046370907,4.06608137609743,30.3421768353175,15.7083333333333,41.0833333333333,0.213249675307046,TRUE
115.287319081276,-33.61433,"NCMP",2024,-11.1428721848926,0.351221561320212,2,23.0315660440707,25.172766857604,4.09486835316011,29.8951672867064,15.7083333333333,40.3333333333333,0.14022891949279,TRUE
115.309319081276,-33.61433,"NCMP",2024,-10.016255993701,0.335648872682847,2,23.0616121467062,25.2016974278189,4.1065180869747,33.5961963872355,27.5416666666667,42.0833333333333,0.0829303498887239,TRUE
115.331319081277,-33.61433,"NCMP",2024,-7.0141389134943,0.263528529791442,2,23.1262177367192,25.2692373076168,4.13901849788953,36.0477178989364,27.7916666666667,48.2666413402203,0.296664109025435,TRUE
115.353319081276,-33.61433,"NCMP",2024,-8.1835823704366,0.231194832513585,2,23.0988858936268,25.2572812298294,4.16462834927317,37.2383430052989,27.7916666666667,49.5,0.217659909067834,TRUE
115.375319081277,-33.61433,"NCMP",2024,-6.44456285038175,0.225592300127012,2,23.125099261808,25.2694133658215,4.14815196969706,41.3519137974923,30.2083333333333,49.5456472116946,0.180559429992217,TRUE
115.397319081277,-33.61433,"NCMP",2024,-5.83810588498244,0.21876214797537,2,23.132114210399,25.2699061705208,4.13566355049627,42.077866607816,29.5416666666667,56.5416666666667,0.113196337411219,TRUE
115.118770291986,-33.59233,"NCMP",2024,-10.5297040615514,0.156056730216163,2,22.9482914922428,24.9225087435855,3.72959854680292,28.6201067513907,17.0833333333333,41.0833333333333,0.0658201151321383,TRUE
115.140770291986,-33.59233,"NCMP",2024,-14.0242997561703,0.15524282062695,2,22.9157459272842,24.8783777219803,3.72748123403569,24.1584598509543,12.1705036287907,40.125,0.356945325339037,TRUE
115.162770291986,-33.59233,"NCMP",2024,-16.019380494478,0.159085095332484,2,22.9190857439232,24.8854482088643,3.73727192450395,24.2440588092876,12.9691720684519,40.125,0.192349562856624,TRUE
115.184770291986,-33.59233,"NCMP",2024,-14.5380551762645,0.227976507022245,2,22.9651811447268,24.9876419273591,3.88975821589126,23.1551770805091,5.83333333333333,41.0833333333333,0.24526420173994,TRUE
115.206770291986,-33.59233,"NCMP",2024,-15.8238392956423,0.274842040320391,2,23.0033322482765,25.0664458461668,3.99420467970782,22.5918966608231,5.83333333333333,41.0833333333333,0.0394942569415388,TRUE
115.228770291986,-33.59233,"NCMP",2024,-14.6539685161232,0.283446861807719,2,23.0138941868544,25.086354977002,4.00766564746574,22.6123215928884,5.83333333333333,41.0833333333333,0.150946326008109,TRUE
115.250770291986,-33.59233,"NCMP",2024,-14.0936329065175,0.317033354802908,2,23.0115817414639,25.1175690065081,4.05412243957099,22.5791062504108,5.83333333333333,41.0833333333333,0.241651600888799,TRUE
115.272770291986,-33.59233,"NCMP",2024,-15.6130836762881,0.343788523407016,2,23.0176248753917,25.160491462527,4.10387162084227,22.3513215281886,5.83333333333333,41.0833333333333,0.0876737089707388,TRUE
115.294770291986,-33.59233,"NCMP",2024,-16.2961182462073,0.354792179547781,2,23.0170425896717,25.1641072924614,4.10766175697412,23.2748021336554,5.83333333333333,41.0833333333333,0.0121628931165539,TRUE
115.316770291986,-33.59233,"NCMP",2024,-14.6198792901859,0.304522220832571,2,23.0284416732806,25.1875759940091,4.13783580182119,23.1358356866599,5.83333333333333,41.0833333333333,0.232780600045994,TRUE
115.338770291986,-33.59233,"NCMP",2024,-12.5441313556664,0.243029988344751,2,23.0614015509954,25.2294979288528,4.17167207194008,26.3274842104263,10.9583333333333,41.0833333333333,0.210624243989792,TRUE
115.360770291986,-33.59233,"NCMP",2024,-10.5231158359263,0.229568408447082,2,23.0524931840994,25.2259586760948,4.1777953102908,31.2022425292979,17.2083333333333,41.0833333333333,0.0149690418793708,TRUE
115.382770291986,-33.59233,"NCMP",2024,-8.44986774046401,0.216570639108647,2,23.0835266108221,25.2437467661944,4.16176938262018,31.329625002124,17.2083333333333,41.0833333333333,0.196494116466574,TRUE
115.404770291986,-33.59233,"NCMP",2024,-8.0885883066063,0.201135917686263,2,23.0938261342261,25.2503790161538,4.15688799661953,32.0862100464074,19.0833333333333,41.0833333333333,0.216916562592491,TRUE
115.426770291986,-33.59233,"NCMP",2024,-5.99490561470246,0.202537848566596,2,23.1397138203228,25.2739531168851,4.13062344264601,36.8103974243601,25.8695652173913,49.9583333333333,0.107180185304543,TRUE
115.104156725728,-33.57033,"NCMP",2024,-11.5961470689029,0.16128784231726,2,22.9527415392182,24.9317344908692,3.7419089445333,26.6354259410739,13.8571428571429,41.0833333333333,0.148604819504739,TRUE
115.126156725728,-33.57033,"NCMP",2024,-12.9094122174274,0.160566181730901,2,22.9389427110861,24.9127799309666,3.74009345840528,26.6270578100353,13.8571428571429,41.0833333333333,0.255367954600444,TRUE
115.148156725728,-33.57033,"NCMP",2024,-14.7017967304732,0.161625541033125,2,22.9286073820425,24.8996334023602,3.74269008943181,24.6792107028349,10.7916666666667,40.125,0.318817028824716,TRUE
115.170156725728,-33.57033,"NCMP",2024,-14.699759602806,0.175045452640915,2,22.9399541338131,24.9227610068476,3.77258674895279,24.6832061522828,9.91666666666667,40.125,0.329440062712673,TRUE
115.192156725728,-33.57033,"NCMP",2024,-14.7046884112812,0.226240339634573,2,22.9637576642413,24.9847016234055,3.88586114636554,24.3591037325105,5.83333333333333,41.0833333333333,0.238909667271671,TRUE
115.214156725728,-33.57033,"NCMP",2024,-15.2609355828534,0.268284183855311,2,22.9928821659379,25.0516476613233,3.97302983606513,23.7035068823121,5.83333333333333,41.0833333333333,0.0996130485482146,TRUE
115.236156725728,-33.57033,"NCMP",2024,-15.1477816207898,0.282340487548313,2,22.9977545881863,25.0702652608686,3.9957379006701,23.5424297817255,5.83333333333333,41.0833333333333,0.107214486145937,TRUE
115.258156725728,-33.57033,"NCMP",2024,-15.3855695691024,0.317014716582668,2,23.018331230503,25.1484426582978,4.09078883809262,23.658403675359,5.83333333333333,41.0833333333333,0.158295607730289,TRUE
115.280156725728,-33.57033,"NCMP",2024,-15.5879653265933,0.323718660180566,2,23.0213739855692,25.1661919103326,4.11156077299734,23.5624332862976,5.83333333333333,41.0833333333333,0.124479039555206,TRUE
115.302156725728,-33.57033,"NCMP",2024,-15.2968174922303,0.294373099385051,2,23.0307430613639,25.1923141459454,4.14392771145355,23.3413774827262,5.83333333333333,41.0833333333333,0.208091694986633,TRUE
115.324156725728,-33.57033,"NCMP",2024,-16.1329041039761,0.235737120490552,2,23.0438086078628,25.2192138005019,4.17851298159773,23.4575051857398,5.83333333333333,41.0833333333333,0.0240135210642116,TRUE
115.346156725728,-33.57033,"NCMP",2024,-15.8395209516,0.232497643222978,2,23.0440094300326,25.2196272579102,4.17904456969411,23.5585259004568,5.83333333333333,41.0833333333333,0.0475784738534244,TRUE
115.368156725728,-33.57033,"NCMP",2024,-14.027680714738,0.211840464760265,2,23.0454557498035,25.2225098038031,4.18178060411753,23.6983193032346,5.83333333333333,41.0833333333333,0.205901601921843,TRUE
115.390156725728,-33.57033,"NCMP",2024,-10.9736334672516,0.19909887936921,2,23.0613471029232,25.2325070235647,4.17410745877308,31.8232561860191,20.4166666666667,43.8260869565217,0.0742478589105865,TRUE
115.412156725728,-33.57033,"NCMP",2024,-9.75781125091119,0.196154706872998,2,23.0634970675916,25.234452956997,4.17269869557084,34.3949202539107,24.1002317228214,47.75,0.054411176466199,TRUE
115.434156725728,-33.57033,"NCMP",2024,-6.36769635411019,0.215381837630943,2,23.1328245217197,25.2675818591277,4.12728245563512,36.712959529626,25.8695652173913,49.9583333333333,0.15007999306066,TRUE
115.456156725728,-33.57033,"NCMP",2024,-4.8426309255466,0.225479110234422,2,23.1613521612812,25.2808644834123,4.10753562200041,45.3840416042542,31.75,55.4583333333333,0.0259527181299524,TRUE
115.111483502976,-33.54833,"NCMP",2024,-12.3356757977729,0.166263664907384,2,22.9515038593122,24.9330302163963,3.75302975010355,27.6292223380143,13.5,41.0833333333333,0.212172814022467,TRUE
115.133483502976,-33.54833,"NCMP",2024,-13.0607065159919,0.16803108528765,2,22.9465293625629,24.9274024056794,3.75691507227421,27.7122696731017,13.5,41.0833333333333,0.274711254758793,TRUE
115.155483502976,-33.54833,"NCMP",2024,-13.6366416862761,0.173602026868224,2,22.9466871417376,24.9309098158561,3.76932994179129,24.9359209304344,5.83333333333333,40.125,0.33237355520081,TRUE
115.177483502976,-33.54833,"NCMP",2024,-14.5330065486602,0.204135996546337,2,22.9457333659514,24.9474711056263,3.8365159362931,25.1504074135693,5.83333333333333,41.0833333333333,0.316263129995012,TRUE
115.199483502976,-33.54833,"NCMP",2024,-14.3745552287298,0.221894386446405,2,22.9601847735972,24.9773215542062,3.87607962607754,24.534433455236,5.83333333333333,41.0833333333333,0.270191444648538,TRUE
115.221483502976,-33.54833,"NCMP",2024,-15.1977509221217,0.268194401979199,2,22.9877608570969,25.047705550302,3.96627831238443,24.282292639731,5.83333333333333,41.0833333333333,0.108448288168069,TRUE
115.243483502976,-33.54833,"NCMP",2024,-14.9945887638057,0.293343460301882,2,23.0167698190892,25.1277877721189,4.06734336107023,23.4523192421292,5.83333333333333,41.0833333333333,0.144985313774354,TRUE
115.265483502976,-33.54833,"NCMP",2024,-15.3860108285975,0.305960105959238,2,23.0221295826339,25.1595138124342,4.1044432962804,23.4654798917151,5.83333333333333,41.0833333333333,0.165853100059767,TRUE
115.287483502976,-33.54833,"NCMP",2024,-15.5405090843094,0.282372137392065,2,23.032128061174,25.1951656161425,4.14759388742125,23.5160152070188,5.83333333333333,41.0833333333333,0.179998194494823,TRUE
115.309483502976,-33.54833,"NCMP",2024,-15.7479517372901,0.248039564232304,2,23.039755139762,25.2108684250002,4.1677832130955,23.4757264087096,5.83333333333333,41.0833333333333,0.0799978067340611,TRUE
115.331483502976,-33.54833,"NCMP",2024,-15.8544500697086,0.231882453405508,2,23.0428427816185,25.2172253347048,4.17595638271568,22.9361092212096,5.83333333333333,41.0833333333333,0.043465865632621,TRUE
115.353483502976,-33.54833,"NCMP",2024,-15.6299451519197,0.203045678471732,2,23.0451181036892,25.2218851584917,4.18169619258897,22.6422758878763,5.83333333333333,41.0833333333333,0.0579595060897007,TRUE
115.375483502976,-33.54833,"NCMP",2024,-15.936506687212,0.194450086645383,2,23.0450506616701,25.2217603907563,4.18167933208418,22.3446560962096,5.83333333333333,41.0833333333333,0.0177670206370669,TRUE
115.397483502976,-33.54833,"NCMP",2024,-13.2637346110822,0.200630764171973,2,23.0599188075635,25.2301929948531,4.17275366621684,24.0586694998501,5.83333333333333,41.0833333333333,0.275335443028006,TRUE
115.419483502976,-33.54833,"NCMP",2024,-9.13970995461296,0.204389374523354,2,23.0971418497406,25.250084570596,4.15082836249362,33.9998321672666,21.4166666666667,48,0.124143762379331,TRUE
115.441483502976,-33.54833,"NCMP",2024,-7.10101325608547,0.212966732214656,2,23.1261659675592,25.2642494295645,4.13177956350274,34.0023549046691,20.4166666666667,48,0.218011848720328,TRUE
115.463483502976,-33.54833,"NCMP",2024,-6.50459791190415,0.215665945916985,2,23.1358756937644,25.2689666243175,4.12546113438197,33.6435319880024,19.0833333333333,48.0662619861265,0.171006733432566,TRUE
115.118348413303,-33.52633,"NCMP",2024,-12.5350465496095,0.171610933558834,2,22.954963144446,24.9408349369351,3.76498350381391,27.7418590882156,13.5,41.0833333333333,0.234513110937991,TRUE
115.140348413303,-33.52633,"NCMP",2024,-12.937567649518,0.174803254502628,2,22.953923364879,24.9413205519646,3.77205524548294,27.6858774972673,12.7451331272041,41.0833333333333,0.271292870360495,TRUE
115.162348413303,-33.52633,"NCMP",2024,-13.2685030062053,0.180523044347202,2,22.9557407447092,24.9471291086029,3.78476929359314,24.8667733771649,5.83333333333333,41.0833333333333,0.308654609367253,TRUE
115.184348413303,-33.52633,"NCMP",2024,-14.201562834912,0.210016331397521,2,22.9504828181405,24.9572814494923,3.8495185349091,25.1235350339109,5.83333333333333,41.0833333333333,0.315775420593171,TRUE
115.206348413303,-33.52633,"NCMP",2024,-14.1197995460589,0.219516553550179,2,22.9582223531489,24.9732680300016,3.87070709796502,24.7570975339109,5.83333333333333,41.0833333333333,0.292751237743298,TRUE
115.228348413303,-33.52633,"NCMP",2024,-16.6651747208659,0.261112915230921,2,22.9940884524052,25.0776787263896,4.00166172146441,24.3743155534708,5.83333333333333,41.0833333333333,0.0755331166025126,TRUE
115.250348413303,-33.52633,"NCMP",2024,-16.2682576701665,0.275035606967911,2,23.0260166867076,25.1632947362642,4.11005754958818,24.033935798036,5.83333333333333,41.0833333333333,0.118249626836167,TRUE
115.272348413303,-33.52633,"NCMP",2024,-16.2696703833568,0.268391002795964,2,23.029792708611,25.1775826545474,4.12726587392287,23.2806991908932,5.83333333333333,41.0833333333333,0.146331330143783,TRUE
115.294348413303,-33.52633,"NCMP",2024,-15.5524333123051,0.251049710059667,2,23.0383524224192,25.2079804775297,4.16407013777622,23.0023522767652,5.83333333333333,41.0833333333333,0.107910871768112,TRUE
115.316348413303,-33.52633,"NCMP",2024,-15.6123106819018,0.237784300912235,2,23.0406354979982,25.2126809272512,4.17011357313253,23.0161022767652,5.83333333333333,41.0833333333333,0.0739849347696015,TRUE
115.338348413303,-33.52633,"NCMP",2024,-15.6995661938732,0.222142648109964,2,23.0425482036957,25.216618850746,4.17517661762585,23.0075015823208,5.83333333333333,41.0833333333333,0.0654063623396291,TRUE
115.360348413303,-33.52633,"NCMP",2024,-15.4789796956095,0.200086981451254,2,23.0451746149219,25.2219897042721,4.18171032039713,23.3591237894464,5.83333333333333,41.0833333333333,0.064326023128838,TRUE
115.382348413303,-33.52633,"NCMP",2024,-14.8666275794141,0.198918050909144,2,23.0526667446898,25.2259037726663,4.17699047571048,23.4890621952434,5.83333333333333,41.0833333333333,0.120753934801481,TRUE
115.404348413303,-33.52633,"NCMP",2024,-13.0184347084045,0.203153285386188,2,23.06554669172,25.2328521849103,4.16902202053035,27.5362373914995,9.91666666666667,41.0833333333333,0.263008629820186,TRUE
115.426348413303,-33.52633,"NCMP",2024,-9.60488352628864,0.204580317122198,2,23.0982694512944,25.2503114874678,4.1499562731928,33.2111407709013,20.2882568531478,47.7749424943752,0.0896141117568846,TRUE
115.448348413303,-33.52633,"NCMP",2024,-8.28269805037815,0.208473517309517,2,23.1131504370119,25.2578529426534,4.14054917554428,32.8663473681235,19.0833333333333,47.75,0.212495979036105,TRUE
115.470348413303,-33.52633,"NCMP",2024,-7.7212262881013,0.210169281856179,2,23.120192301643,25.2614092587558,4.13614779168803,32.899229312568,19.0833333333333,47.75,0.27178403282252,TRUE
115.492348413303,-33.52633,"NCMP",2024,-7.60123641733728,0.210151203538448,2,23.1217322797241,25.2622623483422,4.13538124696078,32.951885562568,19.0833333333333,47.75,0.279703566200966,TRUE
115.125112967263,-33.50433,"NCMP",2024,-12.5839692329166,0.175943264663878,2,22.9585233081014,24.9481694213978,3.77465750357626,27.5110269194785,9.91666666666667,41.0833333333333,0.24422436357191,TRUE
115.147112967263,-33.50433,"NCMP",2024,-12.8456824940173,0.179214707753458,2,22.9587523456142,24.9504019938153,3.78191149254742,27.3967815077722,9.91666666666667,41.0833333333333,0.270209281428313,TRUE
115.169112967263,-33.50433,"NCMP",2024,-13.0714177276963,0.183755885037095,2,22.9604090623853,24.9552982285372,3.79199942900955,27.1289866582352,9.91666666666667,41.0833333333333,0.298314194527757,TRUE
115.191112967263,-33.50433,"NCMP",2024,-14.000066783017,0.212518994538769,2,22.9525011059431,24.9614503718387,3.85504401135239,24.6729519899294,5.83333333333333,41.0833333333333,0.320624529922295,TRUE
115.213112967263,-33.50433,"NCMP",2024,-15.5446277625719,0.237209971396119,2,22.9609765115158,24.9941493264796,3.89488815359917,24.0611003142048,5.83333333333333,41.0833333333333,0.172452559907917,TRUE
115.235112967263,-33.50433,"NCMP",2024,-16.6606478544075,0.260222808495144,2,22.9967757492689,25.0873856382012,4.01345132497493,24.1415603451375,5.83333333333333,41.0833333333333,0.0829466714833489,TRUE
115.257112967263,-33.50433,"NCMP",2024,-16.2584657849447,0.266376869337793,2,23.0288326028531,25.1724744316919,4.1212567295503,24.0864744022458,5.83333333333333,41.0833333333333,0.13733411338574,TRUE
115.279112967263,-33.50433,"NCMP",2024,-16.2533113132499,0.259073171447903,2,23.0318087832837,25.1829502006924,4.13394996374278,24.0638186482776,5.83333333333333,41.0833333333333,0.120015865267972,TRUE
115.301112967263,-33.50433,"NCMP",2024,-15.4714044209557,0.243501602807874,2,23.0393943402661,25.2101256025087,4.16682815560643,23.9212993631178,5.83333333333333,41.0833333333333,0.0999385725674023,TRUE
115.323112967263,-33.50433,"NCMP",2024,-15.5169023109868,0.233931431061552,2,23.0408197151315,25.2130601978197,4.17060120672053,23.8302924186734,5.83333333333333,41.0833333333333,0.0794053572887416,TRUE
115.345112967263,-33.50433,"NCMP",2024,-14.8472587487946,0.206931522388085,2,23.0453350890808,25.2222865814662,4.18175043893687,23.7973288770067,5.83333333333333,41.0833333333333,0.131432306041825,TRUE
115.367112967263,-33.50433,"NCMP",2024,-14.2317625903612,0.203878095684415,2,23.0573247034887,25.2284060943334,4.17410174886239,23.5945701964512,5.83333333333333,41.0833333333333,0.182299935311546,TRUE
115.389112967263,-33.50433,"NCMP",2024,-13.5798244039762,0.204018527525566,2,23.0621209769878,25.2309640173013,4.17111484601537,23.5313484702607,5.83333333333333,41.0833333333333,0.245491841867041,TRUE
115.411112967263,-33.50433,"NCMP",2024,-12.4755996824954,0.205909496129504,2,23.0709204965948,25.2356007219585,4.16559764487538,27.0164892030937,9.91666666666667,41.0833333333333,0.213592808818911,TRUE
115.433112967263,-33.50433,"NCMP",2024,-9.72814052490321,0.204238576036879,2,23.0982408231378,25.2502853288655,4.15009844756484,32.7819584792346,19.0833333333333,47.75,0.0847854322852595,TRUE
115.455112967263,-33.50433,"NCMP",2024,-8.87874440293964,0.206376952380909,2,23.1071131180337,25.2548574033756,4.14460530145013,32.7792501459013,19.0833333333333,47.75,0.162761420863769,TRUE
115.477112967263,-33.50433,"NCMP",2024,-8.39806252812668,0.207573461521601,2,23.1124564131971,25.2576090963739,4.14133177295472,32.7472304663809,19.0833333333333,47.75,0.215228842685724,TRUE
115.499112967263,-33.50433,"NCMP",2024,-8.17304747239348,0.207972236748286,2,23.1150049324628,25.258952899148,4.1398559417261,32.7472304663809,19.0833333333333,47.75,0.247373281827383,TRUE
115.521112967263,-33.50433,"NCMP",2024,-8.0915178273271,0.207909604778383,2,23.115896099623,25.2594647347373,4.1394433165306,32.6774070968157,19.0833333333333,47.75,0.26928864963589,TRUE
115.131877521224,-33.48233,"NCMP",2024,-12.5876655766611,0.178986324046776,2,22.961265129017,24.9536439500147,3.78145230376159,27.1157956860129,9.91666666666667,41.0833333333333,0.24941620726125,TRUE
115.153877521224,-33.48233,"NCMP",2024,-12.772887980633,0.181812908688598,2,22.9618107405457,24.9560388565479,3.78772150442949,27.1376706860129,9.91666666666667,41.0833333333333,0.269513083331672,TRUE
115.175877521224,-33.48233,"NCMP",2024,-12.9348245626622,0.185223978203476,2,22.9630873629997,24.9597591365368,3.79529677642453,27.1748234637907,9.91666666666667,41.0833333333333,0.291768878285608,TRUE
115.197877521224,-33.48233,"NCMP",2024,-15.4282334260505,0.230568965169696,2,22.9563733490097,24.9835669786963,3.8811094535125,24.0194423280937,5.83333333333333,41.0833333333333,0.199663030029802,TRUE
115.219877521224,-33.48233,"NCMP",2024,-16.7255080753222,0.254326122065907,2,22.992129165795,25.0755070539171,3.9982614831989,24.1776280534708,5.83333333333333,41.0833333333333,0.0948456236256917,TRUE
115.241877521224,-33.48233,"NCMP",2024,-16.2530543212726,0.265530348114301,2,23.0282946416992,25.1697174914189,4.11800629018018,24.0247730133569,5.83333333333333,41.0833333333333,0.128663793824878,TRUE
115.263877521224,-33.48233,"NCMP",2024,-16.2498172755334,0.260673082958146,2,23.0304185750145,25.1774386324269,4.12733622974543,23.9894540649442,5.83333333333333,41.0833333333333,0.139916065918243,TRUE
115.285877521224,-33.48233,"NCMP",2024,-16.2428981298103,0.254320224649727,2,23.0326742961417,25.1851604173058,4.13671527895188,24.0203915649442,5.83333333333333,41.0833333333333,0.105425237634302,TRUE
115.307877521224,-33.48233,"NCMP",2024,-15.3970064596219,0.240791626932634,2,23.0397180371578,25.2107920372856,4.16768500031965,23.8233248224864,5.83333333333333,41.0833333333333,0.100936940846941,TRUE
115.329877521224,-33.48233,"NCMP",2024,-15.3485485317014,0.228867349133328,2,23.0410878697346,25.2135269310988,4.17033130902758,23.6734727693463,5.83333333333333,41.0833333333333,0.0952706371586635,TRUE
115.351877521224,-33.48233,"NCMP",2024,-14.498158763462,0.207635195425867,2,23.0454399137563,25.2224805071159,4.18177664510575,23.4174849221241,5.83333333333333,41.0833333333333,0.161916549533387,TRUE
115.373877521224,-33.48233,"NCMP",2024,-13.4321108879477,0.206359151452973,2,23.0633811118387,25.2316282837092,4.17032493262889,23.3297432683974,5.83333333333333,41.0833333333333,0.259482365253355,TRUE
115.395877521224,-33.48233,"NCMP",2024,-12.8846076125844,0.206590687179193,2,23.0677510360481,25.2339278379066,4.167582999112,26.7964291401192,9.91666666666667,41.0833333333333,0.253625811826845,TRUE
115.417877521224,-33.48233,"NCMP",2024,-12.1830870751515,0.207553507435578,2,23.0736693457294,25.2370175082175,4.16385316361753,26.8715853901192,9.91666666666667,41.0833333333333,0.188607807967451,TRUE
115.439877521224,-33.48233,"NCMP",2024,-9.68972691506998,0.204082872784772,2,23.098905898609,25.2506744409699,4.14983729797304,32.4944765412602,19.0833333333333,47.75,0.0923725734110815,TRUE
115.461877521224,-33.48233,"NCMP",2024,-9.13549372764278,0.20537936193614,2,23.1045558169743,25.2536075164021,4.14637728849424,32.4944765412602,19.0833333333333,47.75,0.146364257750676,TRUE
115.483877521224,-33.48233,"NCMP",2024,-8.76096017055254,0.206229847333785,2,23.1085191315725,25.2556675125879,4.14397469120535,32.4944765412602,19.0833333333333,47.75,0.19026027340553,TRUE
115.505877521224,-33.48233,"NCMP",2024,-8.53368775477569,0.206666421786299,2,23.1109659661734,25.2569542984049,4.14253474684721,32.5744383468157,19.0833333333333,47.75,0.223996069546516,TRUE
115.527877521224,-33.48233,"NCMP",2024,-8.40798452282876,0.20680795046985,2,23.1123133525952,25.2576828623329,4.14179212073427,32.5628992465742,19.0833333333333,47.75,0.251227838415198,TRUE
115.138642075184,-33.46033,"NCMP",2024,-12.5731055085767,0.181005877156106,2,22.9632567862084,24.9575081959728,3.78596451315718,27.1140248526796,9.91666666666667,41.0833333333333,0.252341155983552,TRUE
115.160642075184,-33.46033,"NCMP",2024,-12.7102036443382,0.183313047980848,2,22.9638205136264,24.9596216069066,3.79108213777571,27.0982054082352,9.91666666666667,41.0833333333333,0.268786801142036,TRUE
115.182642075184,-33.46033,"NCMP",2024,-15.3445933898051,0.22733446412335,2,22.9540478237737,24.9783413458049,3.87428051621042,24.2675214343739,5.83333333333333,41.0833333333333,0.216865926242435,TRUE
115.204642075184,-33.46033,"NCMP",2024,-15.3934245698142,0.2058697736406,2,22.9643466510451,25.0014427466108,3.90394887758057,23.706859846641,5.83333333333333,41.0833333333333,0.248397220609158,TRUE
115.226642075184,-33.46033,"NCMP",2024,-16.7072609087727,0.255108523827745,2,22.9943916413036,25.0823246610204,4.00674477129634,24.0170667827669,5.83333333333333,41.0833333333333,0.0962061183439155,TRUE
115.248642075184,-33.46033,"NCMP",2024,-16.2481212256796,0.261724585116254,2,23.0295569740963,25.1739956394864,4.12320724287526,23.839487255938,5.83333333333333,41.0833333333333,0.141285373091132,TRUE
115.270642075184,-33.46033,"NCMP",2024,-16.2439645452788,0.257415307882546,2,23.0312285241791,25.1799103726258,4.13037073694705,23.7592551130809,5.83333333333333,41.0833333333333,0.128176169266776,TRUE
115.292642075184,-33.46033,"NCMP",2024,-16.237605666499,0.252371284683689,2,23.0329191847506,25.1856452390482,4.13734207455123,23.7984738630809,5.83333333333333,41.0833333333333,0.0978257681815811,TRUE
115.314642075184,-33.46033,"NCMP",2024,-15.2678112600133,0.234135549498267,2,23.0402398136493,25.2117718457105,4.16798213966949,23.5878243695878,5.83333333333333,41.0833333333333,0.107538493835059,TRUE
115.336642075184,-33.46033,"NCMP",2024,-15.2029317283759,0.229688210362171,2,23.0409276412499,25.21318250524,4.16974022969388,23.6494563140323,5.83333333333333,41.0833333333333,0.11012252898639,TRUE
115.358642075184,-33.46033,"NCMP",2024,-13.241305326555,0.208019728616706,2,23.0648759436908,25.232422845478,4.16939225959609,25.8470123224864,8.22274433312146,41.0833333333333,0.279117996697573,TRUE
115.380642075184,-33.46033,"NCMP",2024,-12.9280304870673,0.207769881512594,2,23.0674090593266,25.2337517120998,4.16780011313189,26.2053535815444,9.91666666666667,41.0833333333333,0.257279577513313,TRUE
115.402642075184,-33.46033,"NCMP",2024,-12.5089950159271,0.207972002804828,2,23.0708991586974,25.235576042049,4.16560211728776,26.8245020567859,9.91666666666667,41.0833333333333,0.219771834174218,TRUE
115.424642075184,-33.46033,"NCMP",2024,-12.034628529074,0.208518921468707,2,23.0749999507619,25.2377085450013,4.16301219765909,26.985675667897,9.91666666666667,41.0833333333333,0.177618187392202,TRUE
115.446642075184,-33.46033,"NCMP",2024,-9.61883725345627,0.20400691056152,2,23.0996677425991,25.2511172186027,4.14949635639054,32.4829374410186,19.0833333333333,47.75,0.102816183115166,TRUE
115.468642075184,-33.46033,"NCMP",2024,-9.24049282985985,0.204856339559386,2,23.1034917849596,25.253110068152,4.14716994515617,32.4829374410186,19.0833333333333,47.75,0.144194912300049,TRUE
115.490642075184,-33.46033,"NCMP",2024,-8.95527361175383,0.20547265246847,2,23.1064441551712,25.2546520471251,4.14539125525285,32.4829374410186,19.0833333333333,47.75,0.181582353734956,TRUE
115.512642075184,-33.46033,"NCMP",2024,-8.7561742344693,0.205857414238922,2,23.1085331797246,25.2557515440673,4.14415768319292,32.4800026584099,19.0833333333333,47.75,0.214078895923865,TRUE
115.534642075184,-33.46033,"NCMP",2024,-8.6251606297536,0.206055158804547,2,23.1099109160348,25.2564875983559,4.14337239361958,32.4743255750766,19.0833333333333,47.75,0.242866230967172,TRUE
115.556642075184,-33.46033,"NCMP",2024,-8.54334271385936,0.206121326276896,2,23.1107626753879,25.2569543086135,4.14291562492459,32.5039712574437,19.0833333333333,47.75,0.269393710126229,TRUE
115.145406629145,-33.43833,"NCMP",2024,-12.5505256452693,0.182326383985567,2,22.9647061300526,24.9602326411589,3.78891815936114,24.0535865262868,10.1957701542864,38.3205429973736,0.254131639610988,TRUE
115.167406629145,-33.43833,"NCMP",2024,-12.6551502923767,0.184183217508886,2,22.9652072278799,24.961997031981,3.79303701106773,26.9697644575795,9.91666666666667,41.0833333333333,0.268292704916827,TRUE
115.189406629145,-33.43833,"NCMP",2024,-15.3278250476087,0.203879466472874,2,22.9621300827148,24.9963392191933,3.8973233716511,23.6964805441047,5.83333333333333,41.0833333333333,0.260316017099639,TRUE
115.211406629145,-33.43833,"NCMP",2024,-16.6707259403795,0.214656819852279,2,22.9984399318999,25.0893342773314,4.01582539768185,23.8171206022113,5.83333333333333,41.0833333333333,0.199044252891273,TRUE
115.233406629145,-33.43833,"NCMP",2024,-16.2472971448919,0.262426073067668,2,23.0290281539347,25.1718956823099,4.12068766707251,23.7775862142714,5.83333333333333,41.0833333333333,0.134371484592852,TRUE
115.255406629145,-33.43833,"NCMP",2024,-16.2445720475482,0.259357612434753,2,23.0302806670387,25.1764055872939,4.12614164859013,23.7026144880809,5.83333333333333,41.0833333333333,0.148808565036408,TRUE
115.277406629145,-33.43833,"NCMP",2024,-16.2406067430946,0.255792341494023,2,23.0315853599196,25.1809644085325,4.13166895932469,23.7062429603031,5.83333333333333,41.0833333333333,0.120569475607801,TRUE
115.299406629145,-33.43833,"NCMP",2024,-15.2101721692019,0.237349378379885,2,23.0396975316475,25.2106490562351,4.16647406587024,23.6788313140323,5.83333333333333,41.0833333333333,0.121930551036982,TRUE
115.321406629145,-33.43833,"NCMP",2024,-15.1600745934603,0.233917038664864,2,23.0402530899927,25.2117885916677,4.16789574816997,23.5878243695878,5.83333333333333,41.0833333333333,0.117178170280751,TRUE
115.343406629145,-33.43833,"NCMP",2024,-13.0782903906578,0.209021401677065,2,23.0661364486506,25.2330928784954,4.16860580724111,26.3483049704332,9.91666666666667,41.0833333333333,0.270440257864058,TRUE
115.365406629145,-33.43833,"NCMP",2024,-12.8780854244263,0.208711664003343,2,23.0677787718492,25.2339519578487,4.1675719095217,26.2053535815444,9.91666666666667,41.0833333333333,0.251715269615155,TRUE
115.387406629145,-33.43833,"NCMP",2024,-12.6107776442873,0.2086313489912,2,23.0700065303968,25.235115592731,4.16616834789955,26.2180098315444,9.91666666666667,41.0833333333333,0.230864059754952,TRUE
115.409406629145,-33.43833,"NCMP",2024,-12.2925335555376,0.208788078806801,2,23.0727180921771,25.2365280319896,4.16445738736144,26.8516374734526,9.91666666666667,41.0833333333333,0.20132901663481,TRUE
115.431406629145,-33.43833,"NCMP",2024,-11.954480507724,0.209124640142409,2,23.0756716410182,25.2380613097576,4.1625902817922,27.0272485845637,9.91666666666667,41.0833333333333,0.173482335983937,TRUE
115.453406629145,-33.43833,"NCMP",2024,-11.6328240543995,0.209551151171488,2,23.0785502747924,25.2395507674389,4.16076726688022,27.0272485845637,9.91666666666667,41.0833333333333,0.154895496429516,TRUE
115.475406629145,-33.43833,"NCMP",2024,-9.27935346558875,0.204554022055097,2,23.1030740101518,25.252935520127,4.14753117891679,32.4743255750766,19.0833333333333,47.75,0.148028106273001,TRUE
115.497406629145,-33.43833,"NCMP",2024,-9.06052308124243,0.205013015399859,2,23.1053152839156,25.2541093561239,4.14618626000067,32.4619886185549,19.0833333333333,47.75,0.181093239306934,TRUE
115.519406629145,-33.43833,"NCMP",2024,-8.89378814029221,0.20533383535496,2,23.1070404672551,25.2550182400516,4.14516684770907,32.4790243975404,19.0833333333333,47.75,0.211957190103472,TRUE
115.541406629145,-33.43833,"NCMP",2024,-8.77236345122723,0.205533580180073,2,23.1083014113488,25.2556891552578,4.14443919095349,32.474503564207,19.0833333333333,47.75,0.240872276604954,TRUE
115.563406629145,-33.43833,"NCMP",2024,-8.68709809504293,0.205638657846548,2,23.1091839293572,25.2561657912475,4.14394760992194,32.4365243975404,19.0833333333333,47.75,0.268425999654652,TRUE
115.152171183106,-33.41633,"NCMP",2024,-12.524900189671,0.183191882930239,2,22.9657827620844,24.9621887433558,3.79085715841747,24.0283000679534,10.1957701542864,38.125,0.255484491548478,TRUE
115.174171183106,-33.41633,"NCMP",2024,-15.2804532412038,0.202725693907957,2,22.9609100168945,24.9935750156465,3.89372417701477,22.0348200925394,6.91178944967397,37.3366121019339,0.270185900887865,TRUE
115.196171183106,-33.41633,"NCMP",2024,-15.3363195145276,0.204875326387865,2,22.9644760228126,25.0025654282153,3.90521090255126,22.0737495913316,9.07459019244592,37.3366121019339,0.255094947211782,TRUE
115.218171183106,-33.41633,"NCMP",2024,-16.6422956271773,0.214403891836446,2,23.001085568953,25.0967970138827,4.02518870670865,22.0658302726737,9.91666666666667,38.125,0.201643220914357,TRUE
115.240171183106,-33.41633,"NCMP",2024,-16.2449944199928,0.260631866074655,2,23.029655533748,25.1740842253279,4.1233415321538,22.2201406591471,9.91666666666667,38.125,0.142827002143456,TRUE
115.262171183106,-33.41633,"NCMP",2024,-16.2423351962382,0.258010829968928,2,23.0306698556768,25.1776915952189,4.1277086249448,22.0936493397027,9.91666666666667,38.125,0.141340569149109,TRUE
115.284171183106,-33.41633,"NCMP",2024,-16.2389454591587,0.255146214883919,2,23.031691086231,25.1812425356805,4.13201576797588,23.7643332380809,5.83333333333333,41.0833333333333,0.115804640394326,TRUE
115.306171183106,-33.41633,"NCMP",2024,-15.1265358833553,0.236719859150456,2,23.0397885490475,25.2108283077812,4.16662158818104,23.6788313140323,5.83333333333333,41.0833333333333,0.1275161120192,TRUE
115.328171183106,-33.41633,"NCMP",2024,-15.0759613520274,0.2341303119713,2,23.0402114401978,25.2116944778043,4.16768948613808,23.5878243695878,5.83333333333333,41.0833333333333,0.125871261428185,TRUE
115.350171183106,-33.41633,"NCMP",2024,-12.8062853657034,0.209363761316089,2,23.0683151970362,25.2342395324281,4.16723883651176,26.3380966370999,9.91666666666667,41.0833333333333,0.246327663212058,TRUE
115.372171183106,-33.41633,"NCMP",2024,-12.6248126197048,0.209208351061245,2,23.0698363678749,25.2350330282918,4.16627974329265,26.2466973962441,9.91666666666667,41.0833333333333,0.230551256310418,TRUE
115.394171183106,-33.41633,"NCMP",2024,-12.4047603779471,0.209192068044931,2,23.0717044361841,25.2360062012441,4.16510108607092,26.6173049596499,9.91666666666667,41.0833333333333,0.214368017262271,TRUE
115.416171183106,-33.41633,"NCMP",2024,-12.1595301992781,0.209310190589443,2,23.073819943006,25.237106081247,4.16376485170978,26.6627737096499,9.91666666666667,41.0833333333333,0.191210927380327,TRUE
115.438171183106,-33.41633,"NCMP",2024,-11.908110199494,0.209530336243513,2,23.0760261690815,25.2382505506744,4.16236960766971,26.7769612096499,9.91666666666667,41.0833333333333,0.173008301918608,TRUE
115.460171183106,-33.41633,"NCMP",2024,-11.6702705031231,0.209806251694595,2,23.0781458708798,25.2393478536026,4.16102756973275,26.7769612096499,9.91666666666667,41.0833333333333,0.163168309582307,TRUE
115.482171183106,-33.41633,"NCMP",2024,-9.28871500536231,0.204364345796176,2,23.1029469727467,25.252903424172,4.14769146512185,32.0017943142933,18.7916666666667,44.2038274352127,0.154578006400638,TRUE
115.504171183106,-33.41633,"NCMP",2024,-9.11787952013955,0.204715843298635,2,23.1046875371718,25.2538165803572,4.14664985137249,32.0128380190034,18.7916666666667,44.2038274352127,0.184839570665181,TRUE
115.526171183106,-33.41633,"NCMP",2024,-8.97982777562348,0.204980127261653,2,23.1061047649704,25.2545637753629,4.14581244423174,32.0128380190034,18.7916666666667,44.2038274352127,0.214317556480364,TRUE
115.548171183106,-33.41633,"NCMP",2024,-8.87231406713355,0.205163640686109,2,23.1072123766619,25.2551520594953,4.14516950953901,31.9748588523368,18.7916666666667,44.2038274352127,0.242904258113587,TRUE
115.570171183106,-33.41633,"NCMP",2024,-8.79099938582563,0.20527929745767,2,23.1080493852594,25.2556012304759,4.14469534068619,31.9748588523368,18.7916666666667,44.2038274352127,0.270777145464706,TRUE
115.592171183106,-33.41633,"NCMP",2024,-8.73100314378938,0.205341846252449,2,23.1086635522967,25.2559354574617,4.14435884226523,31.7756487074092,18.7916666666667,43.8260869565217,0.298185225360726,TRUE
115.158935737066,-33.39433,"NCMP",2024,-12.4987964942753,0.183763523547498,2,22.9666029175755,24.9636274382968,3.79214056836817,24.9810032860819,12.577274429754,40.125,0.256823866701243,TRUE
115.180935737066,-33.39433,"NCMP",2024,-15.2937806559247,0.203771067470645,2,22.9630570740638,24.999174282302,3.90083785389645,21.9765130309164,8.2971547358035,38.125,0.264423044061911,TRUE
115.202935737066,-33.39433,"NCMP",2024,-16.6634354942375,0.21375673437145,2,22.9993780770293,25.0923619107872,4.0195503292843,22.0823167324448,10.0665527987486,38.2764993689906,0.205120247967626,TRUE
115.224935737066,-33.39433,"NCMP",2024,-16.6232023045537,0.214185340570437,2,23.002854234286,25.101795316473,4.03145815261248,22.0778307722999,10.0665527987486,38.2764993689906,0.204887603711173,TRUE
115.246935737066,-33.39433,"NCMP",2024,-16.2434389763001,0.259511928386428,2,23.0300350277467,25.1754048479825,4.12494327876525,22.2064274337905,10.0665527987486,38.125,0.150313807859589,TRUE
115.268935737066,-33.39433,"NCMP",2024,-16.2410725420779,0.257327873956265,2,23.0308566919308,25.1783087205056,4.1284606075025,21.6692224217132,9.91666666666667,38.125,0.135868512752175,TRUE
115.290935737066,-33.39433,"NCMP",2024,-15.0986302139534,0.238621071953732,2,23.0394664525986,25.2101620414801,4.16573309062473,22.068582424712,9.91666666666667,38.125,0.140133950820111,TRUE
115.312935737066,-33.39433,"NCMP",2024,-15.0593999605895,0.236516069532565,2,23.0398171406919,25.2108805709576,4.1666214887258,22.0743562342358,9.91666666666667,38.125,0.133030983348153,TRUE
115.334935737066,-33.39433,"NCMP",2024,-12.7331157025742,0.209806982296985,2,23.0688631640044,25.2345323907426,4.16689799802382,26.1105800955195,9.91666666666667,41.0833333333333,0.243015918006128,TRUE
115.356935737066,-33.39433,"NCMP",2024,-12.6038074159033,0.209648861188841,2,23.0699559618,25.2351015531873,4.16620840991615,26.0015870399639,9.91666666666667,41.0833333333333,0.229336755463292,TRUE
115.378935737066,-33.39433,"NCMP",2024,-12.4460686489212,0.209569106701066,2,23.0712972607861,25.2357998884258,4.16536184162019,26.0104432446741,9.91666666666667,41.0833333333333,0.217146486682803,TRUE
115.400935737066,-33.39433,"NCMP",2024,-12.2659488592427,0.209576929153906,2,23.0728437801654,25.2366042388022,4.16438519650467,26.5999042199156,9.91666666666667,41.0833333333333,0.202870009293377,TRUE
115.422935737066,-33.39433,"NCMP",2024,-12.0731934086472,0.209665970190516,2,23.0745179230137,25.2374737473864,4.16332714751888,26.7495387307852,9.91666666666667,41.0833333333333,0.186016012552212,TRUE
115.444935737066,-33.39433,"NCMP",2024,-11.8796427009045,0.209817047844587,2,23.0762186381771,25.2383557432838,4.16225143420579,26.7834840810267,9.91666666666667,41.0833333333333,0.174734432862895,TRUE
115.466935737066,-33.39433,"NCMP",2024,-11.6968508499807,0.210004595327424,2,23.0778411187851,25.2391960679891,4.16122447660758,26.7834840810267,9.91666666666667,41.0833333333333,0.170992566511702,TRUE
115.488935737066,-33.39433,"NCMP",2024,-9.28469661576443,0.204237251142922,2,23.1029546255722,25.2529350741172,4.1477532828609,32.0128380190034,18.7916666666667,44.2038274352127,0.162470626650523,TRUE
115.510935737066,-33.39433,"NCMP",2024,-9.14872418167277,0.204513362332179,2,23.1043365031499,25.2536608580748,4.14692794315998,32.0128380190034,18.7916666666667,44.2038274352127,0.190897132958357,TRUE
115.532935737066,-33.39433,"NCMP",2024,-9.0341969038359,0.204731712108612,2,23.1055069762274,25.2542782729656,4.14623648880911,31.2797470834444,17.2083333333333,43.8260869565217,0.219319370656665,TRUE
115.554935737066,-33.39433,"NCMP",2024,-8.94067834081938,0.204894466224985,2,23.1064655786184,25.2547869372716,4.14567823467635,31.2302472344106,17.2083333333333,43.8260869565217,0.247485181234583,TRUE
115.576935737066,-33.39433,"NCMP",2024,-8.86618818945776,0.205008064940674,2,23.1072291944227,25.2551953163296,4.14524166251699,31.9204717750421,18.7916666666667,43.8260869565217,0.275374105437599,TRUE
115.598935737066,-33.39433,"NCMP",2024,-8.80805871233268,0.205080832774884,2,23.1078233063016,25.255516256133,4.14490997483189,31.9380691482305,18.7916666666667,43.8260869565217,0.303059299632294,TRUE
115.165700291027,-33.37233,"NCMP",2024,-15.2623014073006,0.203073116562711,2,22.962187274838,24.9971120650745,3.89817475306522,21.8634793654575,8.2971547358035,37.25,0.273421359110244,TRUE
115.187700291027,-33.37233,"NCMP",2024,-16.6772272648941,0.213322137979095,2,22.9982743484976,25.0895065481983,4.01591787056601,21.9140052892081,10.0665527987486,38.125,0.210351847603563,TRUE
115.209700291027,-33.37233,"NCMP",2024,-16.644187360357,0.213728319272952,2,23.0011040791136,25.0971538115501,4.02557745466069,21.9935991901743,10.0665527987486,38.125,0.206865289338022,TRUE
115.231700291027,-33.37233,"NCMP",2024,-16.2442106018518,0.260567847895494,2,23.0295876467915,25.1737926316141,4.12299370718163,22.1357329893461,10.0665527987486,38.125,0.144905493835055,TRUE
115.253700291027,-33.37233,"NCMP",2024,-16.2424772982433,0.258859894049903,2,23.0302538235122,25.17617176149,4.12587286504893,22.0146739615683,10.0665527987486,38.125,0.155401459366191,TRUE
115.275700291027,-33.37233,"NCMP",2024,-16.2404591771375,0.257056328416472,2,23.0309232823574,25.1785315108391,4.12873176729397,22.0241378051673,10.0665527987486,38.125,0.131998689577455,TRUE
115.297700291027,-33.37233,"NCMP",2024,-15.0436435330253,0.238225961434328,2,23.0395293680894,25.210286207897,4.16583804201328,21.9794448334134,9.91666666666667,38.2764993689906,0.143139105095408,TRUE
115.319700291027,-33.37233,"NCMP",2024,-15.0061158988349,0.236534373615722,2,23.0398125888253,25.2108659191161,4.16654882718161,21.9420068373817,9.91666666666667,38.125,0.138402307310678,TRUE
115.341700291027,-33.37233,"NCMP",2024,-12.5692279936535,0.209973755521284,2,23.0701910255099,25.2352298096398,4.16606394079236,23.3544039179833,9.91666666666667,38.125,0.229118240434534,TRUE
115.363700291027,-33.37233,"NCMP",2024,-12.4524102086945,0.209878068573857,2,23.0711888358544,25.2357488275332,4.16543384705409,23.2620888515581,9.91666666666667,38.125,0.217761745882991,TRUE
115.385700291027,-33.37233,"NCMP",2024,-12.3173292951185,0.209836909626565,2,23.0723484354723,25.2363517905678,4.16470144756547,23.538732431182,9.91666666666667,38.125,0.209145189182364,TRUE
115.407700291027,-33.37233,"NCMP",2024,-12.1690842936075,0.209852969665608,2,23.0736302099967,25.2370177780327,4.16389154905372,25.021851511151,10.2706583142422,40.125,0.195807437557992,TRUE
115.429700291027,-33.37233,"NCMP",2024,-12.0145365167386,0.209920793877917,2,23.074977367815,25.2377170676333,4.16303989361471,25.0487360220205,10.2706583142422,40.125,0.183993543248583,TRUE
115.451700291027,-33.37233,"NCMP",2024,-11.8613010666813,0.21002855378154,2,23.0763236413479,25.2384152222962,4.16218834918199,25.0933480389287,10.2706583142422,40.125,0.177931264512869,TRUE
115.473700291027,-33.37233,"NCMP",2024,-11.7165205414014,0.210161256108639,2,23.0776039125866,25.239078620087,4.16137820171974,26.0094036484008,9.88714328098121,41.0833333333333,0.178676203693794,TRUE
115.495700291027,-33.37233,"NCMP",2024,-9.27470693568649,0.204147507650268,2,23.1030247873675,25.2529945059317,4.14776510386981,31.1751699505079,17.2083333333333,43.8260869565217,0.171088508165642,TRUE
115.517700291027,-33.37233,"NCMP",2024,-9.16446336870261,0.204369281845873,2,23.1041439993612,25.2535827769814,4.14709762678736,31.4507497792691,18.375,43.8260869565217,0.198294427761247,TRUE
115.539700291027,-33.37233,"NCMP",2024,-9.06875425993054,0.204551204069357,2,23.1051196834219,25.2540976160244,4.14652137970217,31.7250362376025,18.375,43.8260869565217,0.225938785208681,TRUE
115.561700291027,-33.37233,"NCMP",2024,-8.98783188813554,0.204693706528134,2,23.1059465703783,25.2545361328902,4.1460388571342,31.9416281760083,18.7916666666667,43.8260869565217,0.253712961804367,TRUE
115.583700291027,-33.37233,"NCMP",2024,-8.92087056688773,0.204800027019294,2,23.1066310462385,25.2549014198064,4.14564532506148,31.8320055914672,18.7916666666667,43.8260869565217,0.281499380027953,TRUE
115.605700291027,-33.37233,"NCMP",2024,-8.86643945943851,0.204874937917097,2,23.1071864481482,25.2552001400305,4.14533179446865,31.8658303197281,18.7916666666667,43.8260869565217,0.309274838992834,TRUE
115.172464844987,-33.35033,"NCMP",2024,-15.2284961038624,0.194717458596628,2,22.9638800692886,25.0015289595513,3.90378578732081,21.6011842265686,5.83333333333333,37.25,0.292449664148981,TRUE
115.194464844987,-33.35033,"NCMP",2024,-16.6588258941169,0.213400216003984,2,22.9998912760103,25.0939458674724,4.02151130733619,21.9102032058747,10.0665527987486,38.125,0.210920370777314,TRUE
115.216464844987,-33.35033,"NCMP",2024,-16.6306723477149,0.213691270921039,2,23.0023145465378,25.1005184172349,4.02980858321938,21.9652158115511,10.0665527987486,38.125,0.209262894151899,TRUE
115.238464844987,-33.35033,"NCMP",2024,-16.2434677179155,0.259970563576705,2,23.0298122545181,25.1746028491694,4.12397338030629,22.0766204440562,10.0665527987486,38.125,0.151072603457765,TRUE
115.260464844987,-33.35033,"NCMP",2024,-16.2419433753006,0.258520698725176,2,23.030369307124,25.1765856129797,4.12637355051085,21.9555614162785,10.0665527987486,38.125,0.150807236652614,TRUE
115.282464844987,-33.35033,"NCMP",2024,-15.028858114097,0.239472018798755,2,23.0393171403817,25.2098475687218,4.16525675126133,21.9711284837757,9.91666666666667,38.125,0.155512382551474,TRUE
115.304464844987,-33.35033,"NCMP",2024,-14.9988213041002,0.238050246104992,2,23.0395577486486,25.2103402333247,4.16586260103042,21.9794448334134,9.91666666666667,38.2764993689906,0.14638508160858,TRUE
115.326464844987,-33.35033,"NCMP",2024,-12.5303954146977,0.210213527853088,2,23.0704659446916,25.2353782321681,4.16589392935654,23.2256035743555,10.1957701542864,38.125,0.230708808609234,TRUE
115.348464844987,-33.35033,"NCMP",2024,-12.4414170033767,0.210120574918305,2,23.0712305476202,25.2357755143342,4.16541081473257,23.2750253738724,10.2083333333333,38.125,0.219112967548432,TRUE
115.370464844987,-33.35033,"NCMP",2024,-12.3378828594527,0.210061291121502,2,23.0721215384378,25.2362385368083,4.16484788832448,23.1603683690415,10.0833333333333,38.125,0.21027964617654,TRUE
115.392464844987,-33.35033,"NCMP",2024,-12.2225309399655,0.210040457066769,2,23.0731180234358,25.2367562445046,4.16421822001279,23.5339301896936,10.2833055280049,38.125,0.204188285411885,TRUE
115.414464844987,-33.35033,"NCMP",2024,-12.0993461861339,0.210058331715412,2,23.0741876791431,25.2373116787539,4.16354212493502,25.8825672957438,9.88714328098121,41.0833333333333,0.191846722531098,TRUE
115.436464844987,-33.35033,"NCMP",2024,-11.9731550294491,0.210110716682134,2,23.0752896042766,25.2378835102571,4.16284539535145,26.0675620874105,9.88714328098121,41.0833333333333,0.184172438258784,TRUE
115.458464844987,-33.35033,"NCMP",2024,-11.8490135498991,0.210190049044444,2,23.0763792924612,25.238448651221,4.16215617741992,26.1932140240909,9.91666666666667,41.0833333333333,0.182198220716838,TRUE
115.480464844987,-33.35033,"NCMP",2024,-11.7315485279249,0.210287090406292,2,23.0774145090482,25.2389853005522,4.1615012523849,26.217571813946,9.91666666666667,41.0833333333333,0.186381274179346,TRUE
115.502464844987,-33.35033,"NCMP",2024,-11.6244272682026,0.210392643253497,2,23.0783604830718,25.2394755998997,4.16090272842418,23.6450302047903,10.2833055280049,38.125,0.196433577277803,TRUE
115.524464844987,-33.35033,"NCMP",2024,-9.17138941498544,0.204263000950823,2,23.1040450898682,25.253549807619,4.14720158588793,31.9112087164672,19.0539742827534,43.8260869565217,0.206515970302011,TRUE
115.546464844987,-33.35033,"NCMP",2024,-9.09066382126093,0.204416117775377,2,23.1048669162185,25.2539835543871,4.14671630896057,31.9450334447281,19.0539742827534,43.8260869565217,0.233591805463621,TRUE
115.568464844987,-33.35033,"NCMP",2024,-9.02058383715422,0.204540518457126,2,23.1055816410999,25.2543624322507,4.14629866587789,31.8568459447281,19.0539742827534,43.8260869565217,0.261035564282317,TRUE
115.590464844987,-33.35033,"NCMP",2024,-8.96088571462019,0.204637813885846,2,23.1061907092538,25.2546870161964,4.14594716947699,31.9390178952112,19.0539742827534,43.8260869565217,0.288682356954444,TRUE
115.612464844987,-33.35033,"NCMP",2024,-8.91082783381086,0.204710776681178,2,23.1067008244528,25.2549605957474,4.1456571205394,32.0191601808392,19.0539742827534,43.8260869565217,0.316456093838395,TRUE
115.179229398948,-33.32833,"NCMP",2024,-16.6689638681111,0.213173467704583,2,22.9990533739015,25.0917309102905,4.01870351681749,21.9299969105849,10.0665527987486,38.125,0.216895306736749,TRUE
115.201229398948,-33.32833,"NCMP",2024,-16.6453317153477,0.213443835029349,2,23.0010774908043,25.0972068250466,4.02561920724715,21.9652158115511,10.0665527987486,38.125,0.212245172202231,TRUE
115.223229398948,-33.32833,"NCMP",2024,-16.6212255119711,0.213659830707038,2,23.003158895746,25.1028658883537,4.03276052066764,21.9652158115511,10.0665527987486,38.125,0.212185131950171,TRUE
115.245229398948,-33.32833,"NCMP",2024,-16.2430165844893,0.259613841692973,2,23.0299503391236,25.1751094848094,4.12458510959898,22.0942178172446,10.0665527987486,38.125,0.157293389999016,TRUE
115.267229398948,-33.32833,"NCMP",2024,-16.2417017413646,0.258385892614239,2,23.0304187098023,25.1767742837647,4.12660061631841,21.9731587894669,10.0665527987486,38.125,0.147331606075461,TRUE
115.289229398948,-33.32833,"NCMP",2024,-14.9906547657463,0.239196874840317,2,23.0393630220421,25.2099382993003,4.16533536742348,22.0057922066018,9.91666666666667,38.2764993689906,0.157007364213135,TRUE
115.311229398948,-33.32833,"NCMP",2024,-14.9623563861349,0.238007383067877,2,23.0395649539964,25.2103514629802,4.16584029400359,21.9970422066018,9.91666666666667,38.2764993689906,0.149878269454783,TRUE
115.333229398948,-33.32833,"NCMP",2024,-12.42205321991,0.210309013899223,2,23.0713472223482,25.2358407548001,4.16534015418782,23.2312738642106,10.1957701542864,38.125,0.221939749830293,TRUE
115.355229398948,-33.32833,"NCMP",2024,-12.3410580315351,0.21024606760105,2,23.0720470769192,25.236204169771,4.16489780208375,23.2099709505632,10.0833333333333,38.125,0.212233680039139,TRUE
115.377229398948,-33.32833,"NCMP",2024,-12.2499975170772,0.210208579198889,2,23.0728348189823,25.2366132683204,4.1643999300835,23.1366028950076,10.0833333333333,38.125,0.205925571733813,TRUE
115.399229398948,-33.32833,"NCMP",2024,-12.1512171248455,0.21019869921585,2,23.0736916786575,25.23705818858,4.16385832557706,23.5190188823265,10.2083333333333,38.125,0.199288074485619,TRUE
115.421229398948,-33.32833,"NCMP",2024,-12.0477510119649,0.210215847134652,2,23.0745923903003,25.2375257264636,4.16328890213588,23.5373522156598,10.2083333333333,38.125,0.190172981974133,TRUE
115.443229398948,-33.32833,"NCMP",2024,-11.9430315227858,0.210256899710699,2,23.0755074274842,25.2380005190972,4.16271030201973,23.5712975659014,10.2083333333333,38.125,0.185973480862681,TRUE
115.465229398948,-33.32833,"NCMP",2024,-11.840517917137,0.21031686147577,2,23.0764061372011,25.2384666814431,4.16214192121087,23.5895493774956,10.2083333333333,38.125,0.187293873198078,TRUE
115.487229398948,-33.32833,"NCMP",2024,-11.7433272222271,0.21038979714496,2,23.0772600932372,25.2389095391847,4.16160178428243,23.5895493774956,10.2083333333333,38.125,0.194193914588986,TRUE
115.509229398948,-33.32833,"NCMP",2024,-11.6539475187824,0.210469762248219,2,23.0780459170564,25.2393170708927,4.16110474641509,23.5473558388482,10.2083333333333,38.125,0.206187472995722,TRUE
115.531229398948,-33.32833,"NCMP",2024,-9.17308963457363,0.204182211289285,2,23.1040026970965,25.2535434879023,4.147264470706,31.9769970618778,19.0539742827534,43.8260869565217,0.215273923155342,TRUE
115.553229398948,-33.32833,"NCMP",2024,-9.10434248275579,0.204312420664141,2,23.1047021367843,25.2539126897648,4.14685153091641,32.0191601808392,19.0539742827534,43.8260869565217,0.241933748817186,TRUE
115.575229398948,-33.32833,"NCMP",2024,-9.0434249123374,0.20442119894649,2,23.1053227243945,25.2542415577255,4.1464885352329,32.0191601808392,19.0539742827534,43.8260869565217,0.26910914688163,TRUE
115.597229398948,-33.32833,"NCMP",2024,-8.99034093900927,0.204509313609512,2,23.1058636526628,25.2545295322241,4.14617552354118,32.0105994546918,18.7916666666667,43.8260869565217,0.296613639676059,TRUE
115.619229398948,-33.32833,"NCMP",2024,-8.94473254055575,0.204578389672515,2,23.1063279989412,25.2547780647729,4.1459101668074,32.0037070935807,18.7916666666667,43.8260869565217,0.324342442180164,TRUE
115.185993952908,-33.30633,"NCMP",2024,-16.6560000425293,0.213263588725383,2,23.0001789048054,25.0948025397421,4.02257738283297,21.969701771696,10.0665527987486,38.125,0.217294422476635,TRUE
115.207993952908,-33.30633,"NCMP",2024,-16.6354295457425,0.21347196527019,2,23.0019471217816,25.0995980606855,4.02863138397803,21.9652158115511,10.0665527987486,38.125,0.214197240995442,TRUE
115.229993952908,-33.30633,"NCMP",2024,-16.6146730834224,0.213638163673798,2,23.0037428856885,25.1044884746947,4.03480112004437,21.9657366448844,10.0665527987486,38.125,0.215578264224264,TRUE
115.251993952908,-33.30633,"NCMP",2024,-16.242777453352,0.259424204116821,2,23.0300295219723,25.1754101376973,4.1249471144079,22.0418099066166,10.0665527987486,38.125,0.163700164248073,TRUE
115.273993952908,-33.30633,"NCMP",2024,-16.2416532665706,0.258382296741754,2,23.0304260699586,25.1768195021377,4.1266533915234,21.9265668510611,10.0665527987486,38.125,0.14489861777703,TRUE
115.295993952908,-33.30633,"NCMP",2024,-14.9588959427685,0.239050995289796,2,23.0393877917927,25.2099861766394,4.16536512943737,21.9415613793071,9.91666666666667,38.125,0.158912217688408,TRUE
115.317993952908,-33.30633,"NCMP",2024,-12.3990099454394,0.210456023401777,2,23.0714994017748,25.235924007385,4.1652467710762,23.2170169952492,10.1957701542864,38.012482007666,0.226571074444652,TRUE
115.339993952908,-33.30633,"NCMP",2024,-12.3344594623558,0.210395724619449,2,23.0720599356304,25.2362148256862,4.16489231185035,23.2142392174714,10.1957701542864,38.125,0.215591948695171,TRUE
115.361993952908,-33.30633,"NCMP",2024,-12.261504659485,0.210352289891411,2,23.0726928518778,25.2365433310006,4.16449216925142,23.087372067713,10.0833333333333,38.125,0.2078817319128,TRUE
115.383993952908,-33.30633,"NCMP",2024,-12.1815467938922,0.210328180280072,2,23.0733870340233,25.2369036786008,4.16405332171744,23.087372067713,10.0833333333333,38.125,0.204003689226832,TRUE
115.405993952908,-33.30633,"NCMP",2024,-12.0965017472331,0.210324283765785,2,23.0741267106693,25.2372876158315,4.16358569599917,23.4653870133651,10.2083333333333,38.125,0.196492462370931,TRUE
115.427993952908,-33.30633,"NCMP",2024,-12.008666103074,0.210339801715941,2,23.0748924280242,25.2376850014322,4.16310156196786,23.4837203466985,10.2083333333333,38.125,0.190261845808908,TRUE
115.449993952908,-33.30633,"NCMP",2024,-11.9205185749244,0.210372428406808,2,23.0756626552557,25.2380846489158,4.1626145244033,23.6063073032202,10.2083333333333,38.125,0.18902690430986,TRUE
115.471993952908,-33.30633,"NCMP",2024,-11.8344914482226,0.210418766831194,2,23.0764157622408,25.2384753554292,4.1621382741702,23.5994670254424,10.2083333333333,38.125,0.193059803213585,TRUE
115.493993952908,-33.30633,"NCMP",2024,-11.7527555850371,0.21047486548688,2,23.0771319956515,25.2388469211558,4.16168533475149,23.5994670254424,10.2083333333333,38.125,0.20215834175519,TRUE
115.515993952908,-33.30633,"NCMP",2024,-11.6770574579603,0.210536747330078,2,23.0777950842288,25.2391909698726,4.16126603898592,23.6291571673506,10.2083333333333,38.125,0.215735145019039,TRUE
115.537993952908,-33.30633,"NCMP",2024,-9.17167033687183,0.204119224915307,2,23.103994930539,25.2535530089337,4.14730105239699,27.4912985219038,13.6831400310572,41.0833333333333,0.224399607119825,TRUE
115.559993952908,-33.30633,"NCMP",2024,-9.1125741223436,0.204231050781645,2,23.104596074875,25.2538703487344,4.14694619162814,32.0037070935807,18.7916666666667,43.8260869565217,0.250753658741642,TRUE
115.581993952908,-33.30633,"NCMP",2024,-9.05935078203051,0.204326534973971,2,23.1051379632141,25.2541574322888,4.14662898695585,31.9814675102474,18.7916666666667,43.8260869565217,0.277714268146914,TRUE
115.603993952908,-33.30633,"NCMP",2024,-9.01212506613628,0.204406002521351,2,23.1056188472693,25.2544132381017,4.14635015864427,31.2385115168899,17.2083333333333,43.7083333333333,0.305087171738629,TRUE
115.625993952908,-33.30633,"NCMP",2024,-8.97075151968512,0.204470407810348,2,23.1060398311439,25.25463822425,4.14610868931119,29.1705793330562,17.0833333333333,41.6395854710756,0.332752687742612,TRUE
115.647993952908,-33.30633,"NCMP",2024,-8.93489964062464,0.204521107277739,2,23.1064040225971,25.2548338930047,4.1459023594696,29.1839316881287,17.1257191221396,41.6395854710756,0.360637008617153,TRUE
115.192758506869,-33.28433,"NCMP",2024,-16.6461407286241,0.213328862152881,2,23.001034759565,25.0971390453732,4.02552396108192,21.9908303948844,10.0665527987486,38.125,0.218356479244154,TRUE
115.214758506869,-33.28433,"NCMP",2024,-16.6281681937931,0.213493809827303,2,23.0025835092569,25.1013467700338,4.03083442009527,21.9908303948844,10.0665527987486,38.125,0.216708067387116,TRUE
115.236758506869,-33.28433,"NCMP",2024,-16.6557239592231,0.231486680132569,2,23.0064395512255,25.1262276815238,4.05988615323827,21.8949922306332,10.1957701542864,38.125,0.182810128539039,TRUE
115.258758506869,-33.28433,"NCMP",2024,-16.2426876342752,0.259349142130659,2,23.0300686388865,25.1755706279151,4.12513919735769,21.9526154621722,10.0665527987486,38.125,0.162351124436211,TRUE
115.280758506869,-33.28433,"NCMP",2024,-14.9543609249604,0.239871974050264,2,23.0392475502918,25.2096968409093,4.16498697755249,21.9100922518917,9.91666666666667,38.125,0.170278915878735,TRUE
115.302758506869,-33.28433,"NCMP",2024,-14.932465772917,0.23899095879249,2,23.0393984187377,25.2100054473329,4.16536331911569,21.9764988793071,9.91666666666667,39.6666666666667,0.161242354789723,TRUE
115.324758506869,-33.28433,"NCMP",2024,-12.322473099336,0.210516629662811,2,23.0721225821945,25.2362509970652,4.16485512853508,23.2123165876405,10.1957701542864,38.125,0.220639125641891,TRUE
115.346758506869,-33.28433,"NCMP",2024,-12.2631893518315,0.210472651456135,2,23.0726388336621,25.2365187685353,4.16452862394896,23.269261032085,10.1957701542864,38.125,0.211292235195646,TRUE
115.368758506869,-33.28433,"NCMP",2024,-12.1977776811702,0.210442140791401,2,23.073207937435,25.2368140565345,4.16416876097407,23.1609355489932,10.0833333333333,38.125,0.205597248880975,TRUE
115.390758506869,-33.28433,"NCMP",2024,-12.1274587165886,0.210426431709462,2,23.0738199161072,25.2371316371393,4.16378181749962,23.1206751323265,10.0833333333333,38.125,0.203577427599967,TRUE
115.412758506869,-33.28433,"NCMP",2024,-12.0537664173684,0.210425807866024,2,23.0744619072261,25.2374647975555,4.1633759010793,23.5464244529787,10.2083333333333,38.125,0.19539305322785,TRUE
115.434758506869,-33.28433,"NCMP",2024,-11.9784447741551,0.210439486167518,2,23.0751189663245,25.2378057602968,4.16296044612822,23.5866067823869,10.2083333333333,38.125,0.19175766575078,TRUE
115.456758506869,-33.28433,"NCMP",2024,-11.9033138613324,0.210465758512015,2,23.075775184313,25.2381462673931,4.16254551029695,23.5795234490535,10.2083333333333,38.125,0.193081703130791,TRUE
115.478758506869,-33.28433,"NCMP",2024,-11.8301263126322,0.210502254110229,2,23.0764149502977,25.2384782356911,4.16214097599633,23.568811643498,10.2083333333333,38.125,0.199384204078789,TRUE
115.500758506869,-33.28433,"NCMP",2024,-11.7604375805993,0.210546260252713,2,23.0770241527799,25.2387943758582,4.16175578801766,23.568811643498,10.2083333333333,38.125,0.2102947885631,TRUE
115.522758506869,-33.28433,"NCMP",2024,-11.6955092320059,0.210595035566222,2,23.0775911311048,25.2390886788038,4.16139734709418,23.3958281742951,10.0833333333333,38.125,0.22518325064187,TRUE
115.544758506869,-33.28433,"NCMP",2024,-9.16839956134597,0.204069051290492,2,23.1040084949511,25.2535718769041,4.14732046921674,25.7516281134325,12.9166666666667,40.125,0.233789640277202,TRUE
115.566758506869,-33.28433,"NCMP",2024,-9.11715141756237,0.204165971896858,2,23.1045298640142,25.2538471132107,4.14701273146412,29.1705793330562,17.0833333333333,41.6395854710756,0.259917758491608,TRUE
115.588758506869,-33.28433,"NCMP",2024,-9.07038814973994,0.204250191877204,2,23.1050058729133,25.2540992334067,4.14673392014905,29.215624396462,17.1257191221396,41.6395854710756,0.286707110257453,TRUE
115.610758506869,-33.28433,"NCMP",2024,-9.02828174145494,0.204321804083294,2,23.105434469098,25.2543270790273,4.14648501760175,29.032655646462,17.0833333333333,41.2631687408863,0.313963237643745,TRUE
115.632758506869,-33.28433,"NCMP",2024,-8.99080303842356,0.204381364736498,2,23.105815700046,25.25453058234,4.14626572765612,28.9774646742398,17.0833333333333,41.2631687408863,0.341559617448909,TRUE
115.654758506869,-33.28433,"NCMP",2024,-8.95777533467274,0.204429750184184,2,23.1061511838618,25.2547104947632,4.14607481025954,28.8922310432874,17.0833333333333,41.2631687408863,0.369413242209788,TRUE
115.19952306083,-33.26233,"NCMP",2024,-16.6386296181191,0.213379594493296,2,23.0016859300675,25.0989159262947,4.02776496014119,21.8523277907177,9.91666666666667,38.125,0.220018281831156,TRUE
115.22152306083,-33.26233,"NCMP",2024,-16.6228586063415,0.213513604039304,2,23.0030473470598,25.102619310377,4.03243797733259,21.8523277907177,9.91666666666667,38.125,0.219737969736065,TRUE
115.24352306083,-33.26233,"NCMP",2024,-16.2434981128629,0.260119574047594,2,23.0297822411389,25.1745692558694,4.12392515908342,21.9995816080055,9.91666666666667,38.125,0.165511084304167,TRUE
115.26552306083,-33.26233,"NCMP",2024,-16.2427005508925,0.259351772989783,2,23.0300805438419,25.1756355795743,4.12521549310524,21.8785225802277,9.91666666666667,38.125,0.159960797368943,TRUE
115.28752306083,-33.26233,"NCMP",2024,-14.9307832112657,0.239751540381107,2,23.0392685010199,25.2097376603945,4.16501586904079,21.9111559973627,9.91666666666667,38.125,0.171330523443388,TRUE
115.30952306083,-33.26233,"NCMP",2024,-12.3076698278427,0.210614724120124,2,23.0722129000079,25.2363012056785,4.16480023540225,23.1911750945849,10.0833333333333,38.125,0.227461057304761,TRUE
115.33152306083,-33.26233,"NCMP",2024,-12.2588546048344,0.210572764371685,2,23.0726398271045,25.236522484004,4.16453011686267,23.1816612056961,10.0833333333333,38.125,0.216379296378688,TRUE
115.35352306083,-33.26233,"NCMP",2024,-12.2047632439811,0.21054021799461,2,23.0731118395832,25.2367672607293,4.1642315590725,23.1324676670487,10.0665527987486,38.125,0.208739635039514,TRUE
115.37552306083,-33.26233,"NCMP",2024,-12.1461810553345,0.210518426626501,2,23.0736225414103,25.2370321868588,4.1639085863575,23.1302801670487,10.0665527987486,38.125,0.205025344307193,TRUE
115.39752306083,-33.26233,"NCMP",2024,-12.0841368145059,0.210508099418181,2,23.0741633597965,25.2373127858518,4.16356660073495,23.4738419877009,10.1957701542864,38.125,0.201635603560038,TRUE
115.41952306083,-33.26233,"NCMP",2024,-12.0198502592232,0.210509237295582,2,23.0747239369587,25.2376036617438,4.16321213740433,23.3737725432564,10.0833333333333,38.125,0.195698355353216,TRUE
115.44152306083,-33.26233,"NCMP",2024,-11.9546558523565,0.210521150225,2,23.0752927468892,25.2378988229502,4.16285247725194,23.3041762268313,10.0833333333333,38.125,0.194406845339522,TRUE
115.46352306083,-33.26233,"NCMP",2024,-11.8899122907068,0.210542562113087,2,23.075857866381,25.238192084102,4.16249516048478,21.772363608215,9.91666666666667,34.5072828654035,0.197958158689087,TRUE
115.48552306083,-33.26233,"NCMP",2024,-11.8269104123638,0.210571779572547,2,23.0764077945974,25.2384774906197,4.16214746794455,21.0128268587326,9.88714328098121,34.25,0.206183405107623,TRUE
115.50752306083,-33.26233,"NCMP",2024,-11.7667923473629,0.210606890074844,2,23.0769322047703,25.2387497058404,4.16181594385948,21.010051722863,9.88714328098121,34.25,0.218609536326527,TRUE
115.52952306083,-33.26233,"NCMP",2024,-11.7104919405707,0.210645954267185,2,23.0774225287091,25.2390043099568,4.16150602336277,20.9587374867519,9.91666666666667,33.625,0.234598853435811,TRUE
115.55152306083,-33.26233,"NCMP",2024,-9.16405626787233,0.204028340620325,2,23.1040351242395,25.2535961094953,4.1473285313966,24.7176306151578,12.7916666666667,38.125,0.24337796663194,TRUE
115.57352306083,-33.26233,"NCMP",2024,-9.11925193523524,0.204113049747517,2,23.1044910707044,25.2538368099194,4.14705942954502,28.9774646742398,17.0833333333333,41.2631687408863,0.269338313160685,TRUE
115.59552306083,-33.26233,"NCMP",2024,-9.07792867720466,0.20418771967969,2,23.1049117122405,25.2540595552714,4.14681292346792,28.8922310432874,17.0833333333333,41.2631687408863,0.295990871236881,TRUE
115.61752306083,-33.26233,"NCMP",2024,-9.0402694309864,0.204252323476411,2,23.1052949943008,25.2542632027793,4.14659005314219,28.8922310432874,17.0833333333333,41.2631687408863,0.323145191873506,TRUE
115.63952306083,-33.26233,"NCMP",2024,-9.00630686927743,0.204307177939081,2,23.1056404192285,25.2544474190018,4.14639091103189,28.8663490233599,17.0833333333333,41.2631687408863,0.350672696015269,TRUE
115.66152306083,-33.26233,"NCMP",2024,-8.97595757310803,0.204352851535785,2,23.1059487108446,25.2546125078815,4.14621485467208,28.8617615384565,17.0833333333333,41.2631687408863,0.378485635896455,TRUE
115.20628761479,-33.24033,"NCMP",2024,-16.6329035492259,0.213421579191495,2,23.0021811783338,25.1002656380718,4.02946755345972,19.4479595410628,9.17019861781282,32.4024916731883,0.222239328564445,TRUE
115.22828761479,-33.24033,"NCMP",2024,-16.6189997928148,0.213533117487628,2,23.0033828938134,25.1035374454112,4.03359542528538,19.7238213315217,9.43306026576528,33.4749638350392,0.223259824466125,TRUE
115.25028761479,-33.24033,"NCMP",2024,-16.2434759827192,0.260074219538257,2,23.0298142155972,25.1747060473086,4.12408837638207,19.8105165739303,9.20833333333333,33.4208310650965,0.171886987284441,TRUE
115.27228761479,-33.24033,"NCMP",2024,-14.9281460568246,0.240367918760258,2,23.0391627808013,25.2095196251203,4.16473170533969,19.6472086414276,8.375,33.4208310650965,0.183469437713138,TRUE
115.29428761479,-33.24033,"NCMP",2024,-14.9107809324854,0.239689640566467,2,23.0392796204161,25.2097585818813,4.16502267342624,19.4421281009686,7.56481132116907,32.4024916731883,0.17288388084495,TRUE
115.31628761479,-33.24033,"NCMP",2024,-12.250886330744,0.210656047630483,2,23.0726751233935,25.2365437366334,4.16450974570535,20.855929353988,9.6082145040365,33.6869980573279,0.223207805141039,TRUE
115.33828761479,-33.24033,"NCMP",2024,-12.2056866180122,0.210623806816516,2,23.0730709345625,25.2367488719861,4.16425930410701,20.6981113545056,9.45833333333333,33.6869980573279,0.213596421595703,TRUE
115.36028761479,-33.24033,"NCMP",2024,-12.156483033931,0.210599377042343,2,23.0735009269294,25.2369718274427,4.16398730474486,20.5105150380804,8.78650929165106,33.6869980573279,0.207690873349342,TRUE
115.38228761479,-33.24033,"NCMP",2024,-12.1039700220484,0.21058357275775,2,23.0739593318536,25.2372095904518,4.16369738245664,20.525289343636,9.17019861781282,33.625,0.205888228422406,TRUE
115.40428761479,-33.24033,"NCMP",2024,-12.0490009747644,0.210576754446102,2,23.0744389432689,25.237458404988,4.16339408257244,21.0139344976215,9.91666666666667,34.25,0.201015980968345,TRUE
115.42628761479,-33.24033,"NCMP",2024,-11.9925456944795,0.210578798740329,2,23.0749314522209,25.2377139478465,4.16308265117608,20.9527799837326,9.91666666666667,33.6869980573279,0.197191116438715,TRUE
115.44828761479,-33.24033,"NCMP",2024,-11.9356350967972,0.210589124320845,2,23.0754279060473,25.2379715687733,4.16276874599454,20.9543511642882,9.91666666666667,33.625,0.198020283480383,TRUE
115.47028761479,-33.24033,"NCMP",2024,-11.8792995611505,0.210606767699149,2,23.07591924149,25.2382265676992,4.16245809970496,20.9680490809548,9.91666666666667,33.625,0.203521759136184,TRUE
115.49228761479,-33.24033,"NCMP",2024,-11.8245085508763,0.210630494001002,2,23.0763968262239,25.238474474956,4.16215617700242,21.0033268587326,9.91666666666667,33.625,0.213391936551584,TRUE
115.51428761479,-33.24033,"NCMP",2024,-11.7721187496728,0.210658923062628,2,23.0768529420378,25.2387113000408,4.16186786778147,20.9255229530218,9.91666666666667,33.625,0.227100760626844,TRUE
115.53628761479,-33.24033,"NCMP",2024,-11.7228361318053,0.210690651305335,2,23.0772811554864,25.2389337212825,4.1615972510032,20.9012521196884,9.91666666666667,33.625,0.244024105264154,TRUE
115.55828761479,-33.24033,"NCMP",2024,-11.6771946694174,0.210724354090664,2,23.0776765442466,25.2391392005062,4.16134744971728,20.8173743915138,9.91666666666667,33.625,0.263551761762225,TRUE
115.58028761479,-33.24033,"NCMP",2024,-9.11966314541389,0.204069381305306,2,23.1044713371613,25.2538353164336,4.14709191543256,28.8960584134565,17.0833333333333,41.2631687408863,0.278955941654605,TRUE
115.60228761479,-33.24033,"NCMP",2024,-9.08294202148708,0.204135929037349,2,23.1048451994688,25.254033250106,4.14687272853601,28.8893657051232,17.0833333333333,41.2631687408863,0.305498691949061,TRUE
115.62428761479,-33.24033,"NCMP",2024,-9.04913955954922,0.204194335100852,2,23.1051892473403,25.2542159678871,4.1466724609329,28.9186851495676,17.0833333333333,41.2631687408863,0.332564797392723,TRUE
115.64628761479,-33.24033,"NCMP",2024,-9.01831936207595,0.204244771060524,2,23.1055027239658,25.2543830152607,4.14649140517981,28.883034107901,17.0833333333333,41.2631687408863,0.36002649054703,TRUE
115.66828761479,-33.24033,"NCMP",2024,-8.99045410159031,0.204287605603996,2,23.1057858214486,25.2545344330259,4.1463292823601,28.880377857901,17.0833333333333,41.2631687408863,0.387794099694805,TRUE
115.213052168751,-33.21833,"NCMP",2024,-16.6285417953841,0.213458071210592,2,23.0025571136358,25.1012880483308,4.03075769988703,19.2568498749137,9.43306026576528,31.75,0.224990177489054,TRUE
115.235052168751,-33.21833,"NCMP",2024,-16.662032107041,0.231540625125596,2,23.0059374810587,25.1249648455612,4.05827573933719,19.2020662094548,9.43306026576528,31.6749904491007,0.191678643791039,TRUE
115.257052168751,-33.21833,"NCMP",2024,-16.2435135043211,0.26007856748091,2,23.0298275539122,25.174776089198,4.12417083514372,19.3318402562112,9.20833333333333,31.75,0.174967534685021,TRUE
115.279052168751,-33.21833,"NCMP",2024,-14.9099911402909,0.24026787143865,2,23.0391804299783,25.2095541804443,4.16475797738601,19.1419847693606,8.375,31.75,0.183944581788678,TRUE
115.301052168751,-33.21833,"NCMP",2024,-12.2407974323726,0.210725600124025,2,23.0727315061339,25.2365756814807,4.16447587597661,20.6274700501577,9.88714328098121,33.625,0.231733635204948,TRUE
115.323052168751,-33.21833,"NCMP",2024,-12.2026527385889,0.210694849771882,2,23.0730668280044,25.2367493557403,4.16426363382195,20.6179561612688,9.88714328098121,33.625,0.220207791396035,TRUE
115.345052168751,-33.21833,"NCMP",2024,-12.1609848863518,0.210669792292707,2,23.0734320430813,25.23693862513,4.16403254528475,20.6327651890466,9.91666666666667,33.625,0.21212677072019,TRUE
115.367052168751,-33.21833,"NCMP",2024,-12.1162659333428,0.21065120509422,2,23.0738232322604,25.2371414435903,4.16378508020864,20.4014769083358,9.88714328098121,33.625,0.207946826226293,TRUE
115.389052168751,-33.21833,"NCMP",2024,-12.0690950864301,0.210639580585568,2,23.074235350607,25.2373551812095,4.16352442053698,20.3844456583358,9.88714328098121,33.625,0.207802068252628,TRUE
115.411052168751,-33.21833,"NCMP",2024,-12.0201754361308,0.210635084460205,2,23.0746624050327,25.237576718219,4.16325434915793,20.8390491456546,9.91666666666667,33.625,0.201547968661206,TRUE
115.433052168751,-33.21833,"NCMP",2024,-11.9702808254629,0.210637546970329,2,23.075097723392,25.2378025861225,4.16297908074402,20.8396394234324,9.91666666666667,33.625,0.199702724433901,TRUE
115.455052168751,-33.21833,"NCMP",2024,-11.9202159225361,0.210646488171689,2,23.0755342920943,25.2380291437826,4.16270304887196,20.8396394234324,9.91666666666667,33.625,0.202451567725716,TRUE
115.477052168751,-33.21833,"NCMP",2024,-11.8707737274559,0.2106611723035,2,23.0759651274549,25.2382527702347,4.16243067129448,20.8364387785911,9.91666666666667,33.625,0.209668192750564,TRUE
115.499052168751,-33.21833,"NCMP",2024,-11.8226951537987,0.210680681957315,2,23.0763836400725,25.2384700530944,4.16216611909723,20.8363527278665,9.91666666666667,33.625,0.220956872842508,TRUE
115.521052168751,-33.21833,"NCMP",2024,-11.776634878426,0.210704000484285,2,23.0767839531293,25.2386779524201,4.16191311457116,20.8484647447747,9.91666666666667,33.625,0.235762032890796,TRUE
115.543052168751,-33.21833,"NCMP",2024,-11.7331364836593,0.210730091431328,2,23.0771611441447,25.2388739245004,4.16167477725,20.7909126614414,9.91666666666667,33.625,0.25348520382687,TRUE
115.565052168751,-33.21833,"NCMP",2024,-11.6926183395882,0.21075796618932,2,23.0775113930038,25.2390559969736,4.16145352918836,20.716391828108,9.91666666666667,33.625,0.273567216758239,TRUE
115.587052168751,-33.21833,"NCMP",2024,-9.11892001004768,0.204032882125419,2,23.1044649463182,25.253839834809,4.14711409134582,28.880377857901,17.0833333333333,41.2631687408863,0.288729252723904,TRUE
115.609052168751,-33.21833,"NCMP",2024,-9.08611322428073,0.204092491343141,2,23.1047990528254,25.2540166870778,4.14691813887045,28.8850132745676,17.0833333333333,41.2631687408863,0.315183246289392,TRUE
115.631052168751,-33.21833,"NCMP",2024,-9.05565814551484,0.204145437197737,2,23.1051090860338,25.254181274401,4.14673750972352,28.9348830662343,17.0833333333333,42.9951983742884,0.342172891233028,TRUE
115.653052168751,-33.21833,"NCMP",2024,-9.02763183573236,0.204191802803468,2,23.1053941890489,25.2543331009454,4.14657258956382,28.9251340475145,17.0833333333333,42.9951983742884,0.369572943301912,TRUE
115.675052168751,-33.21833,"NCMP",2024,-9.00204010451507,0.204231825863631,2,23.1056542441381,25.254472056774,4.1464233185293,28.8406308233081,17.002562382814,42.6916024908466,0.397293598022498,TRUE
115.219816722711,-33.19633,"NCMP",2024,-16.6252286025802,0.213490901894985,2,23.0028413011043,25.1020585847195,4.03173048678319,19.3383657479296,9.86994364807797,31.6749904491007,0.228246178361204,TRUE
115.241816722711,-33.19633,"NCMP",2024,-16.6596722461475,0.231668274817647,2,23.006112299101,25.1254180052059,4.05885298926951,19.296602915804,9.91666666666667,31.0284699409151,0.196767647972144,TRUE
115.263816722711,-33.19633,"NCMP",2024,-14.9084148509724,0.240747501322464,2,23.0390979196079,25.2093840611881,4.16453675566887,19.2009490550749,9.43306026576528,31.6749904491007,0.196806779696002,TRUE
115.285816722711,-33.19633,"NCMP",2024,-14.8943405309225,0.240209434074627,2,23.0391910028511,25.2095744071871,4.164768276188,19.2647275769003,9.43306026576528,31.75,0.184948173884611,TRUE
115.307816722711,-33.19633,"NCMP",2024,-12.1970655415383,0.210755300115013,2,23.073087204649,25.2367623343869,4.16425234374726,20.515547247794,9.91666666666667,33.5874977426861,0.228521285855847,TRUE
115.329816722711,-33.19633,"NCMP",2024,-12.1614951644817,0.210730747947362,2,23.0734000047655,25.2369243501244,4.16405436088313,20.5060333589052,9.91666666666667,33.5874977426861,0.218352924549107,TRUE
115.351816722711,-33.19633,"NCMP",2024,-12.1231665656881,0.210711054623765,2,23.0737361524525,25.2370985520197,4.16384166225748,20.4079509313689,9.88714328098121,33.5874977426861,0.211831278810275,TRUE
115.373816722711,-33.19633,"NCMP",2024,-12.0825025747345,0.210696730294198,2,23.074092090121,25.2372830858954,4.16361649196943,20.368377033422,9.88714328098121,33.5874977426861,0.209341820059709,TRUE
115.395816722711,-33.19633,"NCMP",2024,-12.0400135170767,0.210688069254787,2,23.0744634797335,25.2374756932077,4.1633815880061,20.8181843250887,9.91666666666667,33.625,0.207526562229792,TRUE
115.417816722711,-33.19633,"NCMP",2024,-11.9962776770587,0.210685129096416,2,23.0748453582609,25.2376737927891,4.16314008465959,20.8144343250887,9.91666666666667,33.625,0.203094485988205,TRUE
115.439816722711,-33.19633,"NCMP",2024,-11.9519159641498,0.210687731318296,2,23.07523234797,25.2378745907862,4.16289538010306,20.8418996028665,9.91666666666667,33.625,0.203097694217076,TRUE
115.461816722711,-33.19633,"NCMP",2024,-11.9075630204199,0.210695482978289,2,23.0756189039275,25.2380752095043,4.1626509801663,20.7869621028665,9.91666666666667,33.625,0.207583891655995,TRUE
115.483816722711,-33.19633,"NCMP",2024,-11.8638375456592,0.210707815779031,2,23.0759995752932,25.2382728229283,4.16241033307596,20.7673787695332,9.91666666666667,33.625,0.216314308115675,TRUE
115.505816722711,-33.19633,"NCMP",2024,-11.8213147050524,0.210724036668,2,23.0763692548826,25.2384647857021,4.16217667130982,20.7756600195332,9.91666666666667,33.625,0.228834420052518,TRUE
115.527816722711,-33.19633,"NCMP",2024,-11.7805031060404,0.210743382998612,2,23.0767233936036,25.2386487435308,4.16195287543106,20.812329328108,9.91666666666667,33.625,0.244584453294709,TRUE
115.549816722711,-33.19633,"NCMP",2024,-11.7418280833613,0.210765075618882,2,23.0770581621523,25.2388227160357,4.16174137115121,20.7316522447747,9.91666666666667,33.625,0.262997991209551,TRUE
115.571816722711,-33.19633,"NCMP",2024,-11.7056220917029,0.210788364642727,2,23.0773705503931,25.2389851472746,4.16154406579616,20.7205203003303,9.91666666666667,33.625,0.283563028555738,TRUE
115.593816722711,-33.19633,"NCMP",2024,-9.11739092993279,0.204002025296783,2,23.1044679273078,25.2538484394401,4.14712870890115,24.5104717124663,12.3333333333333,38.125,0.298628590689729,TRUE
115.615816722711,-33.19633,"NCMP",2024,-9.08793251242749,0.204055677216442,2,23.1047680421575,25.2540072707792,4.14695263409028,28.8464391070383,16.2916666666667,42.9951983742884,0.325010248929932,TRUE
115.637816722711,-33.19633,"NCMP",2024,-9.06038914005789,0.20410381663797,2,23.1050485089909,25.2541561092847,4.14678910493152,28.7394301784669,16.2916666666667,43.7083333333333,0.351933353889972,TRUE
115.659816722711,-33.19633,"NCMP",2024,-9.03484157367928,0.20414647293653,2,23.1053084578467,25.2542944608469,4.14663853988586,28.7121453052785,16.2916666666667,43.7083333333333,0.379276183726549,TRUE
115.681816722711,-33.19633,"NCMP",2024,-9.01131455947215,0.204183797198128,2,23.1055475973264,25.2544221334239,4.14650100842448,27.9570481801059,16.2452772891886,41.0833333333333,0.406949940726651,TRUE
115.226581276672,-33.17433,"NCMP",2024,-16.6227257101018,0.213521106543763,2,23.0030545863927,25.1026344156259,4.03245795766339,19.2663158428226,9.86994364807797,31.75,0.231984285201892,TRUE
115.248581276672,-33.17433,"NCMP",2024,-16.6580372165524,0.231783207410343,2,23.0062322245611,25.1257311782019,4.05925181382142,19.224553010697,9.91666666666667,31.6666666666667,0.200717237968175,TRUE
115.270581276672,-33.17433,"NCMP",2024,-14.8940242473232,0.240663549796704,2,23.0391128630703,25.2094134158103,4.16456011141755,19.1639429301612,9.43306026576528,31.75,0.196873542852477,TRUE
115.292581276672,-33.17433,"NCMP",2024,-12.1898686580818,0.210806912261507,2,23.0731237289102,25.236783497234,4.16423071426019,20.4660705720694,9.91666666666667,33.5874977426861,0.238423318848497,TRUE
115.314581276672,-33.17433,"NCMP",2024,-12.1592699099326,0.21078346910723,2,23.0733937556083,25.2369232778435,4.16405975092269,20.4369733498472,9.91666666666667,33.5874977426861,0.226308699468006,TRUE
115.336581276672,-33.17433,"NCMP",2024,-12.1262043596208,0.210763687159878,2,23.0736845817035,25.2370739187376,4.16387568065446,20.4392650165138,9.91666666666667,33.5874977426861,0.217548546617278,TRUE
115.358581276672,-33.17433,"NCMP",2024,-12.0909719723529,0.210748042042532,2,23.0739936800412,25.2372341034553,4.16368009800563,20.3252624500887,9.88714328098121,33.5874977426861,0.212589827438412,TRUE
115.380581276672,-33.17433,"NCMP",2024,-12.0539443044265,0.210736868773613,2,23.0743178946274,25.2374021891016,4.16347499506168,20.3252624500887,9.88714328098121,33.5874977426861,0.211735794742182,TRUE
115.402581276672,-33.17433,"NCMP",2024,-12.0155531847163,0.210730339103432,2,23.074653528824,25.2375762528431,4.16326270616115,20.782048908422,9.91666666666667,33.625,0.20822483657279,TRUE
115.424581276672,-33.17433,"NCMP",2024,-11.9762748770696,0.210728451777597,2,23.0749964747186,25.237754159676,4.16304582651746,20.778298908422,9.91666666666667,33.625,0.205541532853756,TRUE
115.446581276672,-33.17433,"NCMP",2024,-11.9366108536299,0.210731036868344,2,23.0753423752048,25.2379336469733,4.16282711002751,20.7826391861998,9.91666666666667,33.625,0.207264126106521,TRUE
115.468581276672,-33.17433,"NCMP",2024,-11.8970667660449,0.210737773359625,2,23.0756868058458,25.2381124190284,4.16260935439345,20.7715072417554,10.0665527987486,33.625,0.213321915374166,TRUE
115.490581276672,-33.17433,"NCMP",2024,-11.8581314403094,0.210748217409096,2,23.0760254608213,25.2382882434233,4.16239528346776,20.6865362596125,10.0833333333333,33.625,0.223392413515269,TRUE
115.512581276672,-33.17433,"NCMP",2024,-11.8202576917584,0.210761837487912,2,23.0763543267711,25.2384590408499,4.1621874370736,20.6735379094572,10.0833333333333,33.625,0.236987734525193,TRUE
115.534581276672,-33.17433,"NCMP",2024,-11.7838464688515,0.210778052111492,2,23.076669830248,25.2386229610424,4.16198807738448,20.6670274927906,10.0833333333333,33.625,0.253557959288903,TRUE
115.556581276672,-33.17433,"NCMP",2024,-11.7492353530964,0.210796266124601,2,23.0769689483308,25.2387784395003,4.16179911853557,20.5254754094573,9.91666666666667,33.625,0.272571526916799,TRUE
115.578581276672,-33.17433,"NCMP",2024,-11.7166918686055,0.210815902330619,2,23.0772492769216,25.2389242322682,4.16162208300137,20.5254754094573,9.91666666666667,33.625,0.293559535716521,TRUE
115.600581276672,-33.17433,"NCMP",2024,-9.11533253327474,0.203975672029349,2,23.1044774854436,25.2538597895324,4.14713773817535,24.3237043513552,12.3333333333333,38.2764993689906,0.308632155944584,TRUE
115.622581276672,-33.17433,"NCMP",2024,-9.0887548464912,0.204024182084059,2,23.1047483624215,25.254003123298,4.14697876983758,28.53585628052,15.8333333333333,43.7083333333333,0.33495431459011,TRUE
115.644581276672,-33.17433,"NCMP",2024,-9.06375193542809,0.204068086735462,2,23.1050030437112,25.2541382347019,4.14683017534535,28.5756479471867,15.8333333333333,43.7083333333333,0.361819148535744,TRUE
115.666581276672,-33.17433,"NCMP",2024,-9.04040295091327,0.204107383072896,2,23.1052406921857,25.2542646535404,4.14669237262208,28.5610646138534,15.8333333333333,43.7083333333333,0.389109011014196,TRUE
115.233345830632,-33.15233,"NCMP",2024,-16.6669826440115,0.231664846378126,2,23.0055446575529,25.1239827818927,4.05702309332463,19.2149627329193,9.91666666666667,31.6749904491007,0.201835328200334,TRUE
115.255345830632,-33.15233,"NCMP",2024,-16.6569516482137,0.231887473045345,2,23.0063106003479,25.1259383009278,4.05951547213633,19.2149627329193,9.91666666666667,31.6749904491007,0.198966461461063,TRUE
115.277345830632,-33.15233,"NCMP",2024,-14.8814512467526,0.240610188214524,2,23.0391225592391,25.209432141588,4.16457157926597,19.1640575134945,9.43306026576528,31.75,0.197470425865161,TRUE
115.299345830632,-33.15233,"NCMP",2024,-12.1551870490467,0.210829137463312,2,23.0734055308776,25.2369313919434,4.16405363358564,20.4506157109583,9.91666666666667,33.5874977426861,0.235878033081224,TRUE
115.321345830632,-33.15233,"NCMP",2024,-12.1264800225554,0.210809863678284,2,23.0736588042465,25.2370625142149,4.16389328671411,20.4411018220694,9.91666666666667,33.5874977426861,0.225033276920301,TRUE
115.343345830632,-33.15233,"NCMP",2024,-12.0957929892897,0.210793782657598,2,23.0739287186696,25.2372023307505,4.16372245679938,20.4735983498472,9.91666666666667,33.5874977426861,0.217710229831137,TRUE
115.365345830632,-33.15233,"NCMP",2024,-12.0633975516198,0.210781224908993,2,23.0742129649761,25.237349639955,4.16354260172046,20.2807289679459,9.91666666666667,33.5874977426861,0.214296927295747,TRUE
115.387345830632,-33.15233,"NCMP",2024,-12.0296166464151,0.210772409971462,2,23.0745087809771,25.2375030051964,4.16335546582735,20.2210092258824,9.91666666666667,33.5833333333333,0.215008759473897,TRUE
115.409345830632,-33.15233,"NCMP",2024,-11.9948147769618,0.210767433568068,2,23.0748130300834,25.2376607960618,4.16316303053509,20.6367470731046,10.0833333333333,33.625,0.209807119101358,TRUE
115.431345830632,-33.15233,"NCMP",2024,-11.9593854069239,0.210766263723378,2,23.0751223061626,25.237821243144,4.16296744827089,20.5519831842157,10.0833333333333,33.625,0.208791672076916,TRUE
115.453345830632,-33.15233,"NCMP",2024,-11.9237363892136,0.210768746192174,2,23.0754330577744,25.2379825027415,4.16277096407515,20.5864869907202,10.0833333333333,33.5874977426861,0.212107706863318,TRUE
115.475345830632,-33.15233,"NCMP",2024,-11.8882745417386,0.210774618382634,2,23.0757417225043,25.2381427266241,4.16257583069981,20.6262786573869,10.0833333333333,33.5874977426861,0.219586491919301,TRUE
115.497345830632,-33.15233,"NCMP",2024,-11.853390578485,0.210783529960067,2,23.0760448608569,25.2383001313868,4.1623842238649,20.6273984490535,10.0833333333333,33.5874977426861,0.2308465159969,TRUE
115.519345830632,-33.15233,"NCMP",2024,-11.8194455406579,0.21079506765975,2,23.0763392793063,25.2384530620197,4.16219816426651,20.6570885909617,10.0833333333333,33.5874977426861,0.245385448429725,TRUE
115.541345830632,-33.15233,"NCMP",2024,-11.7867596630505,0.210808781606094,2,23.0766221336015,25.2386000451224,4.16201945199644,20.6570885909617,10.0833333333333,33.5874977426861,0.262672126172368,TRUE
115.563345830632,-33.15233,"NCMP",2024,-11.7556042976158,0.210824210618634,2,23.0768910059878,25.2387398285364,4.1618496174245,20.5639896326284,9.91666666666667,33.5874977426861,0.282210408699997,TRUE
115.585345830632,-33.15233,"NCMP",2024,-11.7261971576727,0.210840904488872,2,23.0771439531323,25.2388714057917,4.16168989061487,20.6003601036429,9.91666666666667,33.5874977426861,0.303570512925146,TRUE
115.607345830632,-33.15233,"NCMP",2024,-11.6987008020191,0.210858441895759,2,23.0773795247051,25.2389940253964,4.16154118934369,20.5854642703096,9.91666666666667,33.625,0.326396693008435,TRUE
115.629345830632,-33.15233,"NCMP",2024,-9.08883998792651,0.203997007645423,2,23.1047372130201,25.2540028709772,4.14699844698874,28.5813171802785,15.8333333333333,43.7083333333333,0.344996259581416,TRUE
115.651345830632,-33.15233,"NCMP",2024,-9.06606140918909,0.20403717393004,2,23.1049693224153,25.2541259719965,4.14686294156996,28.5897546802785,15.8333333333333,43.7083333333333,0.371809675088346,TRUE
115.673345830632,-33.15233,"NCMP",2024,-9.04466434030406,0.204073436142902,2,23.1051871778682,25.2542418097381,4.14673649234377,28.4390899977388,15.8333333333333,42.9951983742884,0.399050480758439,TRUE
115.240110384593,-33.13033,"NCMP",2024,-16.6653277441796,0.231780193216387,2,23.005666934988,25.1243017809631,4.05742935173829,19.0732665523637,9.91666666666667,31.6749904491007,0.207121525893897,TRUE
115.262110384593,-33.13033,"NCMP",2024,-14.8813950044213,0.240976118818112,2,23.0390594470036,25.2093021316401,4.1644036795954,18.9658608369072,9.45833333333333,31.75,0.210150953102882,TRUE
115.284110384593,-33.13033,"NCMP",2024,-12.1498638488359,0.210868813113514,2,23.0734298318293,25.2369458519635,4.16403949429014,20.3042322784186,9.91666666666667,33.5833333333333,0.246913024573978,TRUE
115.306110384593,-33.13033,"NCMP",2024,-12.1247880068024,0.210850378861616,2,23.0736517843891,25.2370606989382,4.16389893666717,20.2954822784186,9.91666666666667,33.5833333333333,0.234168252062669,TRUE
115.328110384593,-33.13033,"NCMP",2024,-12.0979189177766,0.210834416440393,2,23.0738887738844,25.2371834034034,4.16374890738621,20.1583960335946,9.91666666666667,33.5833333333333,0.224637619507953,TRUE
115.350110384593,-33.13033,"NCMP",2024,-12.0694559609846,0.210821230697025,2,23.0741391009406,25.2373130816298,4.16359047970315,20.3300676066622,9.91666666666667,33.5833333333333,0.21876127134766,TRUE
115.372110384593,-33.13033,"NCMP",2024,-12.0396412907845,0.210811051838932,2,23.0744006929432,25.2374486559779,4.16342496272005,20.2215911573869,9.91666666666667,33.5833333333333,0.21685867192857,TRUE
115.394110384593,-33.13033,"NCMP",2024,-12.0087539066702,0.210804022814338,2,23.0746711510672,25.2375888796171,4.16325387185811,20.6268081712757,10.0833333333333,33.5874977426861,0.215859498307498,TRUE
115.416110384593,-33.13033,"NCMP",2024,-11.9771014862375,0.210800192210856,2,23.0749478174295,25.2377323716597,4.1630788865874,20.6230581712757,10.0833333333333,33.5874977426861,0.212194227243705,TRUE
115.438110384593,-33.13033,"NCMP",2024,-11.9450104414347,0.210799513382965,2,23.075227858895,25.2378776608677,4.16290179758079,20.6193905233289,10.0833333333333,33.625,0.212759963356017,TRUE
115.460110384593,-33.13033,"NCMP",2024,-11.9128148520847,0.210801849811803,2,23.0755083622339,25.2380232351498,4.16272444662578,20.6241821899956,10.0833333333333,33.625,0.217547815981175,TRUE
115.482110384593,-33.13033,"NCMP",2024,-11.8808450532219,0.210806986000793,2,23.0757864340324,25.2381675934124,4.16254866345323,20.6548524798506,10.0833333333333,33.625,0.226311098227181,TRUE
115.504110384593,-33.13033,"NCMP",2024,-11.8494166833252,0.210814642636567,2,23.0760592982452,25.2383092960707,4.16237620398337,20.6111772081115,10.0833333333333,33.625,0.238629730785079,TRUE
115.526110384593,-33.13033,"NCMP",2024,-11.8188209345178,0.210824494383905,2,23.0763243846081,25.2384470107256,4.16220869428755,20.655294433353,10.0833333333333,33.625,0.254000621000471,TRUE
115.548110384593,-33.13033,"NCMP",2024,-11.7893165961553,0.210836188574942,2,23.0765794022646,25.2385795501033,4.16204758385859,20.5709454750197,9.91666666666667,33.625,0.271916649730279,TRUE
115.570110384593,-33.13033,"NCMP",2024,-11.7611242768406,0.210849363183224,2,23.0768223946728,25.2387059002594,4.16189411070166,20.5657024194642,9.91666666666667,33.625,0.291916301971389,TRUE
115.592110384593,-33.13033,"NCMP",2024,-11.7344229611158,0.210863662786769,2,23.0770517738743,25.2388252380882,4.16174927948528,20.5657024194642,9.91666666666667,33.625,0.313605144007523,TRUE
115.614110384593,-33.13033,"NCMP",2024,-11.7093488398877,0.210878751642207,2,23.0772663341979,25.2389369382081,4.16161385272668,20.5667472426965,9.91666666666667,33.625,0.336658582875828,TRUE
115.636110384593,-33.13033,"NCMP",2024,-9.08837984433413,0.203973379881489,2,23.1047325109506,25.2540054992198,4.14701309581092,28.041873059333,15.8333333333333,41.2631687408863,0.355121306961541,TRUE
115.658110384593,-33.13033,"NCMP",2024,-9.06755608748303,0.204010237555891,2,23.1049447846092,25.2541180503148,4.14688910462495,27.9626961269658,15.8207913660255,41.0833333333333,0.381888972636181,TRUE
115.680110384593,-33.13033,"NCMP",2024,-9.04789488450706,0.204043763230193,2,23.1051450398804,25.2542244867456,4.14677277051911,27.3064702815552,15.6945921139489,41.0833333333333,0.409084227741784,TRUE
115.246874938554,-33.10833,"NCMP",2024,-16.6641243196787,0.231884440269635,2,23.0057550392753,25.1245333876916,4.05772423225866,18.9658165868703,9.91666666666667,29.981659877477,0.212862622460888,TRUE
115.268874938554,-33.10833,"NCMP",2024,-14.8710764485184,0.24092802607317,2,23.0390682111571,25.2093191610196,4.16441523389976,18.8873227287292,9.45833333333333,31.0284699409151,0.210436454478342,TRUE
115.290874938554,-33.10833,"NCMP",2024,-12.121704598786,0.210885983700584,2,23.0736583915584,25.2370658215574,4.16389588185134,20.3339965015898,9.91666666666667,33.5833333333333,0.244805268649167,TRUE
115.312874938554,-33.10833,"NCMP",2024,-12.0980567671191,0.21087047593433,2,23.0738675773124,25.2371740787501,4.16376341994377,20.3395857226042,9.91666666666667,33.5833333333333,0.233256488327026,TRUE
115.334874938554,-33.10833,"NCMP",2024,-12.0729398912519,0.210857160477477,2,23.0740890352933,25.2372887530762,4.16362323071876,20.3024140740535,9.91666666666667,33.5833333333333,0.225067964118611,TRUE
115.356874938554,-33.10833,"NCMP",2024,-12.0465361483243,0.210846258692452,2,23.0743212030957,25.2374090325912,4.16347630129663,20.2075574164448,9.91666666666667,33.5833333333333,0.220630931010247,TRUE
115.378874938554,-33.10833,"NCMP",2024,-12.0190594193751,0.210837931097608,2,23.074562240901,25.2375339612661,4.1633237941193,20.2053699164448,9.91666666666667,33.5833333333333,0.220190675603232,TRUE
115.400874938554,-33.10833,"NCMP",2024,-11.9907500603916,0.210832269593002,2,23.0748100740247,25.2376624612728,4.163167020185,20.6105869303337,10.0833333333333,33.625,0.217441752625242,TRUE
115.422874938554,-33.10833,"NCMP",2024,-11.9618681939158,0.210829293713278,2,23.0750624489148,25.2377933622209,4.16300740375845,20.6139897081115,10.0833333333333,33.625,0.215314839488466,TRUE
115.444874938554,-33.10833,"NCMP",2024,-11.9326858933104,0.210828951230315,2,23.0753169996725,25.2379254358018,4.16284644039347,20.6061196007883,10.0665527987486,33.625,0.217371403106999,TRUE
115.466874938554,-33.10833,"NCMP",2024,-11.9034787422373,0.210831122976943,2,23.0755713210937,25.238057433749,4.16268565078699,20.625303628566,10.0665527987486,33.5874977426861,0.223514888492625,TRUE
115.488874938554,-33.10833,"NCMP",2024,-11.8745173124938,0.210835631336859,2,23.0758230435579,25.2381881266819,4.16252653341543,20.5191645024446,9.91666666666667,33.5833333333333,0.233439310893426,TRUE
115.510874938554,-33.10833,"NCMP",2024,-11.8460591047689,0.210842251509668,2,23.0760699049234,25.2383163413248,4.16237051901706,20.5504747271685,9.91666666666667,33.5833333333333,0.246702425109252,TRUE
115.532874938554,-33.10833,"NCMP",2024,-11.8183414395337,0.210850724458648,2,23.0763098149503,25.2384409937927,4.16221892976129,20.5786170882796,9.91666666666667,33.5833333333333,0.262809959098033,TRUE
115.554874938554,-33.10833,"NCMP",2024,-11.7915756791257,0.21086077039954,2,23.0765409086037,25.2385611170704,4.16207294542553,20.3973460206546,9.6082145040365,33.5833333333333,0.281281627951908,TRUE
115.576874938554,-33.10833,"NCMP",2024,-11.7659430242833,0.210872101780333,2,23.0767615857518,25.2386758814216,4.16193357816764,20.3626937920549,9.45833333333333,33.5833333333333,0.301688959302459,TRUE
115.598874938554,-33.10833,"NCMP",2024,-11.7415919795131,0.210884434901204,2,23.0769705360873,25.2387846071427,4.16180165664986,20.3622597642771,9.45833333333333,33.5833333333333,0.323669383945125,TRUE
115.620874938554,-33.10833,"NCMP",2024,-11.7186374415703,0.210897499585084,2,23.0771667493904,25.2388867697434,4.16167781945337,20.3622597642771,9.45833333333333,33.5833333333333,0.346925660994969,TRUE
115.642874938554,-33.10833,"NCMP",2024,-9.08751738822971,0.203952691396571,2,23.1047326923202,25.2540102522084,4.14702380385705,27.4229456093675,15.3285789307287,41.0833333333333,0.365317869500899,TRUE
115.664874938554,-33.10833,"NCMP",2024,-9.06841815773819,0.203986612290326,2,23.1049274661095,25.2541134993359,4.1469099800319,27.3894356455994,15.3285789307287,41.0833333333333,0.392044478091508,TRUE
115.686874938554,-33.10833,"NCMP",2024,-9.05030404034603,0.204017669851259,2,23.1051120351866,25.254211562624,4.14680267582603,26.7585173398713,14.9166666666667,41.0833333333333,0.419197284903749,TRUE
115.253639492514,-33.08633,"NCMP",2024,-14.8711654098276,0.241229103574243,2,23.0390161900391,25.2092120122435,4.16427699746821,18.9068687734152,9.43306026576528,31.0284699409151,0.22377093087308,TRUE
115.275639492514,-33.08633,"NCMP",2024,-12.1176497932722,0.21091735331529,2,23.0736748596421,25.2370759383211,4.16388651056505,20.2489505323869,9.91666666666667,33.5833333333333,0.256783119591717,TRUE
115.297639492514,-33.08633,"NCMP",2024,-12.0967329606787,0.210902493145308,2,23.0738604430157,25.2371719346202,4.16376896364113,20.3154783101646,9.91666666666667,33.5833333333333,0.243419971667186,TRUE
115.319639492514,-33.08633,"NCMP",2024,-12.0744722090971,0.210889368714881,2,23.0740572409063,25.2372737950378,4.16364435543641,20.296311643498,9.91666666666667,33.5833333333333,0.233106615967179,TRUE
115.341639492514,-33.08633,"NCMP",2024,-12.0510050675956,0.210878183296141,2,23.0742640699671,25.2373809050459,4.16351343386794,20.3159675778414,9.88714328098121,33.5833333333333,0.226273060859469,TRUE
115.363639492514,-33.08633,"NCMP",2024,-12.0264958841121,0.210869098081649,2,23.0744795141365,25.2374925291287,4.16337709384683,20.1846072107779,9.6082145040365,33.5833333333333,0.223253305548298,TRUE
115.385639492514,-33.08633,"NCMP",2024,-12.0011325250023,0.210862224913739,2,23.074701951224,25.2376078247216,4.16323636056271,20.183779376927,9.6082145040365,33.5833333333333,0.224216699386461,TRUE
115.407639492514,-33.08633,"NCMP",2024,-11.9751218946633,0.210857621548261,2,23.0749295900069,25.2377258615958,4.1630923661168,20.526670001927,9.91666666666667,33.5833333333333,0.219752336631897,TRUE
115.429639492514,-33.08633,"NCMP",2024,-11.9486844788033,0.210855289852119,2,23.0751605162904,25.2378456458692,4.16294632047091,20.4281767120798,9.91666666666667,33.5833333333333,0.219103868292473,TRUE
115.451639492514,-33.08633,"NCMP",2024,-11.9220482027029,0.210855177059207,2,23.075392745571,25.2379661474062,4.16279947819579,20.4018746287464,9.91666666666667,33.5833333333333,0.222559267269075,TRUE
115.473639492514,-33.08633,"NCMP",2024,-11.8954419580932,0.210857179919747,2,23.0756242793232,25.2380863290501,4.16265310289739,20.39352448348,9.91666666666667,33.5833333333333,0.22994853580057,TRUE
115.495639492514,-33.08633,"NCMP",2024,-11.8690891802376,0.210861151315276,2,23.0758531615936,25.238205175967,4.16250843141697,20.3930904557022,9.88714328098121,33.5833333333333,0.240922945705647,TRUE
115.517639492514,-33.08633,"NCMP",2024,-11.8432018466506,0.210866908711365,2,23.0760775325764,25.2383217233782,4.16236663990937,20.4227805976104,9.88714328098121,33.5833333333333,0.255030841681538,TRUE
115.539639492514,-33.08633,"NCMP",2024,-11.8179752225463,0.210874243706091,2,23.0762956761753,25.2384350811381,4.16222881370206,20.4607493476104,9.88714328098121,33.5833333333333,0.271793216850777,TRUE
115.561639492514,-33.08633,"NCMP",2024,-11.7935836028292,0.210882931911483,2,23.0765060591535,25.2385444539271,4.16209592245868,20.3660271253882,9.45833333333333,33.5833333333333,0.290757715303781,TRUE
115.583639492514,-33.08633,"NCMP",2024,-11.7701772071884,0.210892742469437,2,23.0767073602748,25.2386491562454,4.16196880166911,20.2913396253882,9.43306026576528,33.5833333333333,0.311526905871801,TRUE
115.605639492514,-33.08633,"NCMP",2024,-11.7478802862187,0.210903446632552,2,23.0768984887087,25.2387486218475,4.16184814093435,20.3341211234041,9.43306026576528,33.5833333333333,0.333766908901432,TRUE
115.627639492514,-33.08633,"NCMP",2024,-11.726790404289,0.210914825007057,2,23.0770785918226,25.2388424076919,4.16173447897742,20.3437565400707,9.43306026576528,33.5833333333333,0.357204614734539,TRUE
115.649639492514,-33.08633,"NCMP",2024,-9.08635991598189,0.203934460242459,2,23.1047365731111,25.2540165627116,4.1470314060567,23.555294168392,12.3291607956686,37.25,0.375576709359951,TRUE
115.671639492514,-33.08633,"NCMP",2024,-9.06878783683828,0.203965766348855,2,23.1049158477069,25.2541115724196,4.14692659425729,27.3553681852819,15.5714285714286,41.0833333333333,0.402266155404617,TRUE
115.693639492514,-33.08633,"NCMP",2024,-9.05205594949855,0.203994596145934,2,23.1050864007262,25.2542021586064,4.14682736993884,26.7152968537602,14.9166666666667,41.0833333333333,0.429379240765337,TRUE
115.260404046475,-33.06433,"NCMP",2024,-14.862546596654,0.241185944744578,2,23.0390240715652,25.209227392021,4.16428813894355,18.796858087166,9.45833333333333,30.7332450746495,0.223811468352552,TRUE
115.282404046475,-33.06433,"NCMP",2024,-12.0943410494511,0.210930965665786,2,23.073863848348,25.2371751519699,4.16376777175256,20.1368225454131,9.88714328098121,33.5833333333333,0.254966919956469,TRUE
115.304404046475,-33.06433,"NCMP",2024,-12.0745272032453,0.210918231971081,2,23.0740394960154,25.2372660249066,4.16365652866419,20.1238711565242,9.88714328098121,33.5833333333333,0.242734163960997,TRUE
115.326404046475,-33.06433,"NCMP",2024,-12.0535935434277,0.210907058807878,2,23.0742244501719,25.2373617677369,4.16353942800901,20.1178474001466,9.6082145040365,33.5833333333333,0.233683075893974,TRUE
115.348404046475,-33.06433,"NCMP",2024,-12.0316667055846,0.210897599017474,2,23.0744176167177,25.2374618125079,4.16341716144782,20.1494099001466,9.88714328098121,33.5833333333333,0.22820347953846,TRUE
115.370404046475,-33.06433,"NCMP",2024,-12.0088937504671,0.210889970237331,2,23.0746177240551,25.2375654989954,4.16329053276413,20.0390539973689,9.45833333333333,33.5833333333333,0.226566681059771,TRUE
115.392404046475,-33.06433,"NCMP",2024,-11.9854392030413,0.210884250141709,2,23.0748233474304,25.2376720874321,4.1631604425367,20.3909897612578,9.88714328098121,33.5833333333333,0.226000644658248,TRUE
115.414404046475,-33.06433,"NCMP",2024,-11.961481278186,0.210880473610418,2,23.0750329405787,25.2377807750154,4.16302786818815,20.4131425390355,9.88714328098121,33.5833333333333,0.222737995521927,TRUE
115.436404046475,-33.06433,"NCMP",2024,-11.9372074637675,0.210878632038235,2,23.0752448733222,25.237890715485,4.16289384025611,20.3603300390355,9.6082145040365,33.5833333333333,0.223501516828769,TRUE
115.458404046475,-33.06433,"NCMP",2024,-11.9128096852586,0.210878674811812,2,23.0754574732693,25.2380010408009,4.16275941605334,20.3603300390355,9.6082145040365,33.5833333333333,0.228263981439384,TRUE
115.480404046475,-33.06433,"NCMP",2024,-11.8884793105624,0.21088051279371,2,23.0756690694071,25.238110883772,4.16262565210932,20.3505148108609,9.45833333333333,33.5833333333333,0.236796133991159,TRUE
115.502404046475,-33.06433,"NCMP",2024,-11.8644022647831,0.210884023489133,2,23.0758780352249,25.23821940041,4.16249357688762,20.3519254011387,9.45833333333333,33.5833333333333,0.248720636499464,TRUE
115.524404046475,-33.06433,"NCMP",2024,-11.840754511088,0.210889057449908,2,23.0760828290648,25.2383257908157,4.16236416523778,20.4020027713078,9.45833333333333,33.5833333333333,0.263586048025879,TRUE
115.546404046475,-33.06433,"NCMP",2024,-11.8176981176639,0.210895445404785,2,23.0762820296653,25.2384293175506,4.16223831587295,20.3553152713078,9.43306026576528,33.5833333333333,0.280932720168487,TRUE
115.568404046475,-33.06433,"NCMP",2024,-11.7953780771895,0.210903005597875,2,23.0764743653017,25.2385293206746,4.1621168328887,20.3471381879745,9.43306026576528,33.5833333333333,0.300336196362499,TRUE
115.590404046475,-33.06433,"NCMP",2024,-11.773919981324,0.210911550862213,2,23.0766587354765,25.2386252289157,4.16200041199196,20.3089819379745,9.43306026576528,33.5833333333333,0.321427902944586,TRUE
115.612404046475,-33.06433,"NCMP",2024,-11.7534285862367,0.210920895040343,2,23.0768342247037,25.2387165667473,4.16188963173424,20.2907527713078,9.43306026576528,33.5833333333333,0.343899784986335,TRUE
115.634404046475,-33.06433,"NCMP",2024,-11.7339872434144,0.210930858472271,2,23.0770001085002,25.2388029574357,4.1617849496835,20.2907527713078,9.43306026576528,33.5833333333333,0.367500115901442,TRUE
115.656404046475,-33.06433,"NCMP",2024,-9.08498845359783,0.203918300088556,2,23.1047432502525,25.2540240023344,4.14703654902361,23.4533192287785,12.3333333333333,37.25,0.385890347891757,TRUE
115.678404046475,-33.06433,"NCMP",2024,-9.06877379120224,0.203947270750936,2,23.1049087454307,25.2541116909633,4.1469397548573,27.2204619352819,14.9166666666667,41.0833333333333,0.412545875505814,TRUE
115.700404046475,-33.06433,"NCMP",2024,-9.05328008520197,0.203974087100979,2,23.1050667409641,25.2541955817579,4.14684777854898,26.7710954648713,14.9166666666667,41.0833333333333,0.439621630583264,FALSE
115.267168600435,-33.04233,"NCMP",2024,-12.091176377285,0.210956342376632,2,23.0738751309254,25.2371823576551,4.16376153327446,20.1374828168133,9.45833333333333,33.5833333333333,0.267735219110903,TRUE
115.289168600435,-33.04233,"NCMP",2024,-12.0734672101543,0.210944117258449,2,23.0740325611444,25.2372637692607,4.163661803753,20.13180573348,9.45833333333333,33.5833333333333,0.253791171001456,TRUE
115.311168600435,-33.04233,"NCMP",2024,-12.054725164863,0.210933151157086,2,23.0741985733873,25.2373496711873,4.16355667233334,20.0952779557022,9.45833333333333,33.5833333333333,0.242724457848495,TRUE
115.333168600435,-33.04233,"NCMP",2024,-12.0350480993896,0.210923584263675,2,23.0743723190073,25.2374396232225,4.16344667572239,20.0056946223689,9.45833333333333,33.5833333333333,0.234950368442025,TRUE
115.355168600435,-33.04233,"NCMP",2024,-12.0145513708899,0.210915531825714,2,23.0745527982236,25.2375331065326,4.16333244605961,19.9904410261387,9.43306026576528,33.5833333333333,0.230811273238728,TRUE
115.377168600435,-33.04233,"NCMP",2024,-11.9933659040079,0.210909079808704,2,23.0747388758998,25.2376295319171,4.16321470098464,19.9882535261387,9.43306026576528,33.5833333333333,0.230513205947917,TRUE
115.399168600435,-33.04233,"NCMP",2024,-11.9716356030113,0.210904281797141,2,23.0749293031215,25.2377282510704,4.16309423003627,20.3498247066943,9.45833333333333,33.5833333333333,0.228214925129784,TRUE
115.421168600435,-33.04233,"NCMP",2024,-11.9495142041345,0.210901157356008,2,23.0751227438362,25.2378285704616,4.16297187784536,20.365758734472,9.45833333333333,33.5833333333333,0.226348183073163,TRUE
115.443168600435,-33.04233,"NCMP",2024,-11.9271617067158,0.210899691959941,2,23.0753178054295,25.2379297672416,4.16284852482841,20.393883734472,9.45833333333333,33.5833333333333,0.228452734753738,TRUE
115.465168600435,-33.04233,"NCMP",2024,-11.9047405540153,0.210899838471597,2,23.0755130718053,25.2380311064298,4.16272506628507,20.3947691511387,9.45833333333333,33.5833333333333,0.234432291565815,TRUE
115.487168600435,-33.04233,"NCMP",2024,-11.8824117531432,0.210901520028724,2,23.0757071373375,25.2381318585327,4.16260239093041,20.3475504011387,9.45833333333333,33.5833333333333,0.244011711423211,TRUE
115.509168600435,-33.04233,"NCMP",2024,-11.8603311261517,0.210904634095666,2,23.0758986400006,25.2382313167144,4.16248135993253,20.3512736046411,9.45833333333333,33.5833333333333,0.256796717763426,TRUE
115.531168600435,-33.04233,"NCMP",2024,-11.8386458708652,0.210909057360829,2,23.0760862920674,25.2383288126875,4.1623627874769,20.3714298546411,9.45833333333333,33.5833333333333,0.272343115562159,TRUE
115.553168600435,-33.04233,"NCMP",2024,-11.8174915823385,0.210914651123624,2,23.0762689069762,25.238423730604,4.16224742374435,20.2907527713078,9.43306026576528,33.5833333333333,0.290212982139043,TRUE
115.575168600435,-33.04233,"NCMP",2024,-11.7969898474854,0.210921266813366,2,23.0764454212876,25.2385155183917,4.16213594098948,20.2907527713078,9.43306026576528,33.5833333333333,0.310009008926538,TRUE
115.597168600435,-33.04233,"NCMP",2024,-11.7772464810368,0.210928751314506,2,23.0766149110371,25.2386036961825,4.16202892316376,20.2907527713078,9.43306026576528,33.5833333333333,0.331389262085304,TRUE
115.619168600435,-33.04233,"NCMP",2024,-11.7583504254906,0.210936951829385,2,23.0767766021916,25.2386878616888,4.16192685927019,20.2398148938923,9.43306026576528,33.5833333333333,0.354068942765854,TRUE
115.641168600435,-33.04233,"NCMP",2024,-11.7403732956008,0.210945720081483,2,23.0769298753087,25.2387676925827,4.16183014039207,20.2316898938923,9.43306026576528,33.5833333333333,0.377815348885945,TRUE
115.663168600435,-33.04233,"NCMP",2024,-11.7233695127315,0.210954915738844,2,23.0770742648255,25.2388429461033,4.16173906012691,20.3308044772257,9.45833333333333,33.5833333333333,0.402440244517649,TRUE
115.707168600435,-33.04233,"NCMP",2024,-9.05407920083575,0.203955770072636,2,23.1050519440034,25.2541912822478,4.14686464447805,26.7846049757409,14.9166666666667,41.0833333333333,0.449917490913168,FALSE
115.273933154396,-33.02033,"NCMP",2024,-12.0715699662049,0.210967366136235,2,23.0740339391014,25.2372657393904,4.16366176439638,20.1056372066943,9.45833333333333,33.5833333333333,0.266115174302389,TRUE
115.295933154396,-33.02033,"NCMP",2024,-12.0547296832452,0.210956731151838,2,23.0741834939842,25.2373430933566,4.16356703366328,20.172164984472,9.45833333333333,33.5833333333333,0.253241631141512,TRUE
115.317933154396,-33.02033,"NCMP",2024,-12.0370163164991,0.210947240787478,2,23.0743402724364,25.2374242296633,4.16346775795509,20.078727484472,9.45833333333333,33.5833333333333,0.243366625060717,TRUE
115.339933154396,-33.02033,"NCMP",2024,-12.0185205677795,0.210939003479796,2,23.0745034858392,25.237508739317,4.16336443606916,20.0434358178054,9.45833333333333,33.4708129750117,0.23687281387835,TRUE
115.361933154396,-33.02033,"NCMP",2024,-11.9993467724331,0.210932106350391,2,23.0746722277642,25.2375961520368,4.16325764119189,20.0057014428054,9.43306026576528,33.4708129750117,0.234049905491113,TRUE
115.383933154396,-33.02033,"NCMP",2024,-11.9796111417881,0.210926612229785,2,23.0748454885621,25.2376859438709,4.1631480117045,20.0003889428054,9.43306026576528,33.4708129750117,0.235038751345085,TRUE
115.405933154396,-33.02033,"NCMP",2024,-11.9594395376497,0.210922557657292,2,23.0750221741131,25.2377775469696,4.16303623935592,20.3315608178054,9.45833333333333,33.5833333333333,0.231055181900081,TRUE
115.427933154396,-33.02033,"NCMP",2024,-11.9389648621844,0.210919951986116,2,23.0752011280753,25.2378703611658,4.16292305521837,20.329321234472,9.45833333333333,33.5833333333333,0.230534857787121,TRUE
115.449933154396,-33.02033,"NCMP",2024,-11.9183241735789,0.210918777642274,2,23.0753811567217,25.2379637668878,4.16280921399969,20.329321234472,9.45833333333333,33.5833333333333,0.233906886646148,TRUE
115.471933154396,-33.02033,"NCMP",2024,-11.897655657183,0.210918991500538,2,23.0755610552619,25.2380571388286,4.1626954774067,20.329321234472,9.45833333333333,33.5833333333333,0.241016603789104,TRUE
115.493933154396,-33.02033,"NCMP",2024,-11.8770955913144,0.210920527260368,2,23.0757396344437,25.2381498597467,4.16258259732296,20.293296551501,9.45833333333333,33.5833333333333,0.251555038370244,TRUE
115.515933154396,-33.02033,"NCMP",2024,-11.856775445516,0.210923298638304,2,23.0759157462122,25.2382413337631,4.16247129957309,20.3003357272257,9.45833333333333,33.5833333333333,0.265120326435666,TRUE
115.537933154396,-33.02033,"NCMP",2024,-11.8368192371024,0.210927203147246,2,23.0760883072879,25.2383309985686,4.16236226899551,20.32797499353,9.45833333333333,33.5833333333333,0.281280466204027,TRUE
115.559933154396,-33.02033,"NCMP",2024,-11.8173412507985,0.21093212621073,2,23.0762563196925,25.2384183360389,4.16225613644019,20.2360479101967,9.43306026576528,33.5833333333333,0.299620387023507,TRUE
115.581933154396,-33.02033,"NCMP",2024,-11.7984441986447,0.210937945361951,2,23.0764188874826,25.2385028808788,4.16215346816219,20.2305965213078,9.43306026576528,33.5833333333333,0.31976873610902,TRUE
115.603933154396,-33.02033,"NCMP",2024,-11.7802178661487,0.210944534299942,2,23.0765752292226,25.2385842270573,4.16205475790981,20.2305965213078,9.43306026576528,33.5833333333333,0.341408057996349,TRUE
115.625933154396,-33.02033,"NCMP",2024,-11.7627382590673,0.210951766613883,2,23.0767246860116,25.2386620319396,4.16196042182789,20.3409611046411,9.45833333333333,33.5874977426861,0.36427451617284,TRUE
115.647933154396,-33.02033,"NCMP",2024,-11.746067236052,0.210959519034847,2,23.0768667251443,25.2387360181631,4.16187079612694,20.3461520768633,9.45833333333333,33.5874977426861,0.388152398455288,TRUE
115.669933154396,-33.02033,"NCMP",2024,-11.7302525879054,0.210967674125961,2,23.0770009397169,25.2388059734197,4.16178613732325,19.8335764320221,9.20833333333333,33.4208310650965,0.412866805752699,TRUE
115.691933154396,-33.02033,"NCMP",2024,-9.06791523263053,0.203915997227992,2,23.1049045680992,25.2541163566684,4.14695814695993,26.0102396444387,14.1201978535565,41.0833333333333,0.433253895481272,FALSE
115.280697708356,-32.99833,"NCMP",2024,-12.053864511538,0.210978058965818,2,23.0741769018284,25.2373408415476,4.16357197671679,20.0774809566943,9.45833333333333,33.5833333333333,0.265073326649563,TRUE
115.302697708356,-32.99833,"NCMP",2024,-12.0378691598998,0.210968768355838,2,23.0743188186671,25.2374142579355,4.16348209269515,20.172133734472,9.45833333333333,33.5833333333333,0.253302855429426,TRUE
115.324697708356,-32.99833,"NCMP",2024,-12.0211344750429,0.210960515659432,2,23.0744668227328,25.2374908643458,4.16338838044873,20.1572379011387,9.45833333333333,33.5833333333333,0.244635368051656,TRUE
115.346697708356,-32.99833,"NCMP",2024,-12.0037437554435,0.21095338497617,2,23.0746201883403,25.2375702844797,4.16329129900688,20.1548420678054,9.45833333333333,33.5833333333333,0.239414534429267,TRUE
115.368697708356,-32.99833,"NCMP",2024,-11.985790928394,0.210947442303426,2,23.0747780979837,25.2376520942638,4.16319136537298,19.9854757483609,9.43306026576528,33.4708129750117,0.237874347713972,TRUE
115.390697708356,-32.99833,"NCMP",2024,-11.9673789886724,0.210942733500107,2,23.0749396554456,25.2377358286846,4.16308914625615,19.9854757483609,9.43306026576528,33.4708129750117,0.237534258379702,TRUE
115.412697708356,-32.99833,"NCMP",2024,-11.9486181039048,0.210939283014027,2,23.0751039018852,25.2378209901649,4.16298524791769,20.2724979403899,9.45833333333333,33.5833333333333,0.234481646344875,TRUE
115.434697708356,-32.99833,"NCMP",2024,-11.9296234563368,0.210937093446794,2,23.0752698343377,25.2379070581863,4.16288030448862,20.2590083570566,9.45833333333333,33.5833333333333,0.235252466143647,TRUE
115.456697708356,-32.99833,"NCMP",2024,-11.9105129079762,0.210936145972856,2,23.0754364258983,25.2379934997771,4.16277496521736,20.2785226233609,9.45833333333333,33.5833333333333,0.239817517952832,TRUE
115.478697708356,-32.99833,"NCMP",2024,-11.8914045874555,0.210936401571127,2,23.0756026467464,25.2380797804272,4.1626698811791,20.273071234472,9.45833333333333,33.5833333333333,0.247974421158009,TRUE
115.500697708356,-32.99833,"NCMP",2024,-11.8724145013211,0.210937802974252,2,23.0757674851151,25.2381653749649,4.16256569201356,20.273071234472,9.45833333333333,33.5833333333333,0.259390861989595,TRUE
115.522697708356,-32.99833,"NCMP",2024,-11.8536542694043,0.210940277197558,2,23.07592996732,25.2382497779363,4.16246301325221,20.2950236046411,9.45833333333333,33.5833333333333,0.273664668073468,TRUE
115.544697708356,-32.99833,"NCMP",2024,-11.8352290738643,0.210943738480721,2,23.0760891760336,25.2383325130679,4.1623624247496,20.23578749353,9.43306026576528,33.5833333333333,0.290379344666073,TRUE
115.566697708356,-32.99833,"NCMP",2024,-11.8172358955723,0.210948091462054,2,23.0762442661229,25.23841314146,4.16226446065256,20.23578749353,9.43306026576528,33.5833333333333,0.309142927577675,TRUE
115.588697708356,-32.99833,"NCMP",2024,-11.7997620914506,0.21095323440787,2,23.0763944775376,25.2384912682482,4.1621696012339,20.3461520768633,9.45833333333333,33.5874977426861,0.329608580068522,TRUE
115.610697708356,-32.99833,"NCMP",2024,-11.7828843441952,0.210959062335583,2,23.0765391449276,25.2385665475693,4.16207826679436,19.7901910153554,9.20833333333333,33.4166666666667,0.351481271962511,TRUE
115.632697708356,-32.99833,"NCMP",2024,-11.7666679935739,0.210965469895784,2,23.0766777038714,25.2386386857724,4.16199081371093,19.7901910153554,9.20833333333333,33.4166666666667,0.374516085845057,TRUE
115.654697708356,-32.99833,"NCMP",2024,-8.72071472530071,0.187399322084819,2.47124083343375,23.1029002644466,25.1334297486872,4.04657138567373,22.4462477678571,12.2916666666667,35.3333333333333,0.41918691222849,TRUE
115.676697708356,-32.99833,"NCMP",2024,-8.67935558337786,0.187098744182629,2.48014854380061,23.1033038546899,25.1313899316716,4.04444568743626,22.1322061371348,12.8198575424372,34.25,0.445309872394163,FALSE
115.698697708356,-32.99833,"NCMP",2024,-8.63870583443523,0.186798050107068,2.48901421669503,23.1037001100313,25.1293569911541,4.04233349947026,21.8462929426904,12.2916666666667,34.25,0.460867941344699,FALSE
115.287462262317,-32.97633,"NCMP",2024,-12.0378428569034,0.210988365341426,2,23.0743058407887,25.2374086147275,4.16349102190141,20.1504844289165,9.45833333333333,33.5833333333333,0.264600858017741,TRUE
115.309462262317,-32.97633,"NCMP",2024,-12.0226607002311,0.210980215534678,2,23.0744404216912,25.2374782476149,4.16340579178513,20.1543906789165,9.45833333333333,33.5833333333333,0.253957958115785,TRUE
115.331462262317,-32.97633,"NCMP",2024,-12.0068513282847,0.210973005620277,2,23.0745801383101,25.2375505744369,4.16331733353613,20.1340434566943,9.45833333333333,33.5833333333333,0.246504269993561,TRUE
115.353462262317,-32.97633,"NCMP",2024,-11.9904907587015,0.21096680098901,2,23.0747243273868,25.2376252513026,4.16322606672101,20.0706489820566,9.45833333333333,33.5833333333333,0.242539599795865,TRUE
115.375462262317,-32.97633,"NCMP",2024,-11.9736633021271,0.210961651709838,2,23.0748722540943,25.2377018970741,4.16313245608645,20.0684614820566,9.45833333333333,33.5833333333333,0.2422412661065,TRUE
115.397462262317,-32.97633,"NCMP",2024,-11.9564601963205,0.210957591142641,2,23.0750231236039,25.2377800993899,4.16303700425993,20.3983142900276,9.45833333333333,33.5874977426861,0.240219902506829,TRUE
115.419462262317,-32.97633,"NCMP",2024,-11.9389780031435,0.210954635146881,2,23.0751760947797,25.2378594217898,4.16294024310315,20.4012656789165,9.45833333333333,33.5874977426861,0.238455395413911,TRUE
115.441462262317,-32.97633,"NCMP",2024,-11.921316825601,0.210952781926667,2,23.0753302955281,25.237939411694,4.16284272401581,20.4012656789165,9.45833333333333,33.5874977426861,0.24045800836298,TRUE
115.463462262317,-32.97633,"NCMP",2024,-11.9035784130307,0.210952012512183,2,23.0754848392273,25.2380196089372,4.16274500755306,20.4012656789165,9.45833333333333,33.5874977426861,0.246142152775119,TRUE
115.485462262317,-32.97633,"NCMP",2024,-11.8858642290806,0.210952291837398,2,23.075638841591,25.2380995545214,4.16264765276329,20.3818559566943,9.45833333333333,33.5874977426861,0.255267840071786,TRUE
115.507462262317,-32.97633,"NCMP",2024,-11.8682735586701,0.210953570338268,2,23.0757914373013,25.2381787992419,4.16255120666879,19.8546180986887,9.45833333333333,33.4166666666667,0.267488252602356,TRUE
115.529462262317,-32.97633,"NCMP",2024,-11.8509017265844,0.210955785967377,2,23.075941795759,25.2382569118507,4.16245619429936,19.7836880391649,9.45833333333333,32.3862807745736,0.282406410283103,TRUE
115.551462262317,-32.97633,"NCMP",2024,-8.74386141215935,0.186935125373495,2.47993358810682,23.1026865055229,25.131127440655,4.04488355020849,21.0930426195182,12.3333333333333,33.6494286500617,0.323060787028229,TRUE
115.573462262317,-32.97633,"NCMP",2024,-8.70088202363809,0.186631404731069,2.48902685870621,23.1031094013055,25.1290504659035,4.04270646718257,21.0936676195182,12.3333333333333,34.25,0.344306422087944,TRUE
115.595462262317,-32.97633,"NCMP",2024,-6.83911104034779,0.171933011304497,2.98298177220043,23.1352181894025,25.0183346952943,3.91340440784702,20.8791197024594,12.875,33.2666302823996,0.376521273040591,TRUE
115.617462262317,-32.97633,"NCMP",2024,-6.78321250054612,0.171483545315771,2.99539542924504,23.1357175641543,25.0154427135671,3.91042691255176,20.8624633158709,12.875,33.2666302823996,0.367164859193901,TRUE
115.639462262317,-32.97633,"SIMP",2024,-5.98736391241799,0.151174298686271,2.76037359613473,23.1395454329455,24.8887751790858,3.79766003947226,21.6233940996963,12.875,33.4583333333333,0.317055212816543,TRUE
115.661462262317,-32.97633,"SIMP",2024,-5.91648577698986,0.150884992343448,2.7648525389109,23.1402070641597,24.8864555837985,3.79497969660617,21.5521439523246,12.875,33.4583333333333,0.308683250913543,TRUE
115.294226816278,-32.95433,"NCMP",2024,-12.0233145655965,0.210998254456385,2,23.074422355499,25.2374698935032,4.16341789159889,20.1031096769324,9.45833333333333,33.5833333333333,0.264687449506059,TRUE
115.316226816278,-32.95433,"NCMP",2024,-12.0089092117614,0.210991076407458,2,23.0745499406385,25.2375359170367,4.16333709872273,19.3264454904244,9.17019861781282,31.75,0.255188510836434,TRUE
115.338226816278,-32.95433,"NCMP",2024,-11.9939707977128,0.210984749116041,2,23.0746818636503,25.2376042184123,4.16325358081225,19.3842710669715,9.91666666666667,31.6666666666667,0.248945893680806,TRUE
115.360226816278,-32.95433,"NCMP",2024,-11.9785683999977,0.210979323543297,2,23.074817521148,25.2376744848054,4.16316771957516,19.4002736154244,8.78650929165106,32.2916666666667,0.246212277127402,TRUE
115.382226816278,-32.95433,"NCMP",2024,-11.9627775707872,0.210974837700731,2,23.0749562539615,25.2377463743477,4.16307993192711,19.2756381987577,8.375,31.8037676907939,0.247109235377598,TRUE
115.404226816278,-32.95433,"NCMP",2024,-11.9466791548288,0.210971315711625,2,23.0750973572204,25.2378195213745,4.16299066362563,19.7153777820911,9.24582569170119,32.3862807745736,0.243458093259254,TRUE
115.426226816278,-32.95433,"NCMP",2024,-11.9303579379826,0.210968767337297,2,23.0752400919542,25.2378935424557,4.16290038194328,19.5724558387969,10.2083333333333,32.0290513080942,0.242938564210698,TRUE
115.448226816278,-32.95433,"NCMP",2024,-10.226005206888,0.19580435380492,2.48756450580981,23.1016671724616,25.1277857622343,4.04333847597715,21.8542849058651,12.9124943755595,34.25,0.2260021849499,TRUE
115.470226816278,-32.95433,"NCMP",2024,-6.89933789639835,0.171769311489632,2.9826916890479,23.1345919705497,25.0180895395947,3.91386438454458,20.5302753306225,12.875,31.6666666666667,0.393699881130948,TRUE
115.492226816278,-32.95433,"NCMP",2024,-6.84310903325188,0.171323304685927,2.99505487073663,23.1350948244007,25.0152122636944,3.91089585861789,20.4968576718923,12.875,31.441580327154,0.399558714739225,TRUE
115.514226816278,-32.95433,"NCMP",2024,-6.04891676874511,0.151399486705568,2.76061657748413,23.1389758590822,24.8907235472204,3.79993373282931,20.4982651835383,12.875,29.875,0.381156498509772,TRUE
115.536226816278,-32.95433,"SIMP",2024,-5.97511990709699,0.151096455990277,2.7655440051495,23.1396645396502,24.8883035299032,3.79713992264934,21.2596300629222,12.9166666666667,33.25,0.3655734212819,TRUE
115.558226816278,-32.95433,"SIMP",2024,-5.90234849075871,0.150798088176536,2.77033412062578,23.1403436311555,24.8859183246729,3.7943857891325,21.2047301139631,12.9166666666667,32.1229190695318,0.352006621887949,TRUE
115.580226816278,-32.95433,"SIMP",2024,-5.83097400001244,0.150505924387957,2.77495986011901,23.141009669364,24.8835801564588,3.79168542174647,21.1904315213377,12.9166666666667,33.2666302823996,0.34067966559406,TRUE
115.602226816278,-32.95433,"SIMP",2024,-5.76134056811068,0.150221386366381,2.77939709315141,23.1416594462157,24.8813003352103,3.78905186044074,21.1317144956852,12.9166666666667,33.4208310650965,0.33180174702615,TRUE
115.624226816278,-32.95433,"SIMP",2024,-5.69376016748007,0.149945756262094,2.78362500597679,23.142290054639,24.8790890968041,3.78649691272288,20.9285327863167,12.9166666666667,31.6749904491007,0.324054318325969,TRUE
115.646226816278,-32.95433,"SIMP",2024,-5.62850892485347,0.149680161299633,2.78762637179177,23.1428989227881,24.8769554815837,3.78403101396475,20.9351852675537,12.9166666666667,31.7749145350388,0.309607763329675,TRUE
115.300991370238,-32.93233,"NCMP",2024,-12.0101127748734,0.211007712828474,2,23.0745278485961,25.23752540968,4.16335170154486,18.4229159621578,10.1957701542864,27.0458305499196,0.265321138915452,TRUE
115.322991370238,-32.93233,"NCMP",2024,-10.3206476554948,0.195949143236312,2.48387080449663,23.1007295220763,25.1282392952322,4.04471189747239,20.2572341344998,12.3333333333333,31.6666666666667,0.255868375880828,TRUE
115.344991370238,-32.93233,"NCMP",2024,-9.81289932476064,0.173112007580805,2.97500825553307,23.1046482803439,25.0048552902885,3.93467603269025,21.4001533888314,12.3333333333333,33.5833333333333,0.337846032402824,TRUE
115.366991370238,-32.93233,"NCMP",2024,-9.72369947272401,0.172559939013682,2.9886274503146,23.1054800784289,25.0018265713202,3.93122806927835,21.5169398471647,12.875,33.5833333333333,0.335314283669083,TRUE
115.388991370238,-32.93233,"NCMP",2024,-6.10709300741055,0.151619287156754,2.75986841439112,23.1384391739457,24.892584399388,3.80209351256815,20.1130749877136,12.875,29.5582925465326,0.475385063231003,FALSE
115.410991370238,-32.93233,"SIMP",2024,-6.0360613858877,0.151325654709493,2.76490385223037,23.1391020096184,24.8902498647994,3.79940083845346,21.1929428217214,12.875,33.25,0.474159180592788,FALSE
115.432991370238,-32.93233,"SIMP",2024,-5.96444305333708,0.151029961780908,2.76992454333079,23.1397702861484,24.887896992852,3.79668663570292,21.2448079010864,12.9124943755595,33.25,0.454434864443475,FALSE
115.454991370238,-32.93233,"SIMP",2024,-5.89261852763777,0.150733813225551,2.77489863868294,23.1404404507958,24.8855383728651,3.79396538994967,21.0410170026481,12.9166666666667,32,0.433958189305881,FALSE
115.476991370238,-32.93233,"SIMP",2024,-5.82097334744889,0.150438831908585,2.7797943915583,23.1411089050344,24.8831867525238,3.79125177081371,21.013034859791,12.9166666666667,31.7749145350388,0.414774227439005,TRUE
115.498991370238,-32.93233,"SIMP",2024,-5.74989119257916,0.150146629267913,2.78458080052364,23.1417720688688,24.8808548091985,3.78856036912617,20.922266819332,12.9166666666667,31.7749145350388,0.397059281112915,TRUE
115.520991370238,-32.93233,"SIMP",2024,-5.6797470576802,0.149858776106263,2.7892282454539,23.1424264446119,24.8785549230196,3.78590543624359,20.485817127669,12.875,29.5416666666667,0.378869910374906,TRUE
115.542991370238,-32.93233,"SIMP",2024,-5.61090073386903,0.149576774711073,2.79370909133528,23.1430686777395,24.8762989601877,3.78330063519677,20.4380961185679,12.875,29.4291436102157,0.360891188539171,TRUE
115.564991370238,-32.93233,"SIMP",2024,-4.63268199885226,0.141153459093485,2.79537297954052,23.1029137532199,24.730525609695,3.69223077571402,24.9610654291361,12.875,39.25,0.29535604146122,TRUE
115.586991370238,-32.93233,"SIMP",2024,-4.62939931309399,0.141151303184933,2.79487326791432,23.1030136964963,24.7305934124771,3.69219478897407,24.0672527584239,12.875,35.5,0.276581097330223,TRUE
115.608991370238,-32.93233,"SIMP",2024,-4.62653843810411,0.141150298042972,2.79427210376009,23.1030987464614,24.7306507820932,3.69216342971988,24.0670444250905,12.875,35.5041645278019,0.259951062912963,TRUE
115.630991370238,-32.93233,"SIMP",2024,-4.62412769105386,0.141150480495638,2.79357037242586,23.1031679987365,24.7306970976452,3.69213700717307,24.1572215084239,12.875,35.8179918108809,0.245902795232066,TRUE
115.652991370238,-32.93233,"SIMP",2024,-4.62219142056502,0.14115187477274,2.79277024198957,23.1032206930885,24.7307318399101,3.692115787323,24.1099298417572,12.875,35.5541474665171,0.234901078526798,TRUE
115.307755924199,-32.91033,"SIMP",2024,-6.02352769443904,0.151260341642493,2.76810167136102,23.1392255053204,24.8898059690448,3.79889293938215,20.8738816771493,12.875,32,0.433261999925543,FALSE
115.329755924199,-32.91033,"SIMP",2024,-5.95651737608428,0.150982093340512,2.77303896773797,23.1398508281026,24.8876003283781,3.79635041134061,21.0198029080923,12.875,32.1229190695318,0.448138901673409,FALSE
115.351755924199,-32.91033,"SIMP",2024,-5.88827747077062,0.15069904646771,2.77801887454598,23.1404875829472,24.8853550039637,3.79376184581502,20.1654270741839,12.6329617264037,28.3747360363764,0.464539902852302,FALSE
115.373755924199,-32.91033,"SIMP",2024,-5.81912435323599,0.150412548196888,2.78301285911252,23.1411328131726,24.8830804953234,3.79113931367447,20.1810247924378,12.8540245475427,28.3747360363764,0.482325936759525,FALSE
115.395755924199,-32.91033,"SIMP",2024,-5.74939405390069,0.150124027325711,2.78799097100712,23.1417833794199,24.8807879493927,3.78849563068168,20.4320768757712,12.875,29.5416666666667,0.482263964688948,FALSE
115.417755924199,-32.91033,"SIMP",2024,-5.67943716454598,0.149834972360364,2.7929223410585,23.1424360073999,24.8784889909432,3.78584416254582,20.3568098004175,12.875,28.3747360363764,0.470896398133963,FALSE
115.439755924199,-32.91033,"SIMP",2024,-5.60961317259215,0.149546907115879,2.79777573863456,23.1430873409617,24.8761955338972,3.78319860810538,20.3358908369082,12.875,28.3747360363764,0.447182772123174,FALSE
115.461755924199,-32.91033,"SIMP",2024,-4.6458892775163,0.141157751726306,2.7982176704308,23.1025219959052,24.7302614340448,3.6923754022074,24.850336715368,12.875,39.25,0.39965550763498,TRUE
115.483755924199,-32.91033,"SIMP",2024,-4.64061418382525,0.141150118201674,2.79820539290088,23.1026923903983,24.7303785993192,3.69231754688101,23.9962926812771,12.875,35.0872398098945,0.374787975692274,TRUE
115.505755924199,-32.91033,"SIMP",2024,-4.63560952109142,0.141143404631137,2.79809332669528,23.1028528052744,24.7304887176317,3.69226266737511,23.9160982368326,12.8540245475427,35.0872398098945,0.350741444500097,TRUE
115.527755924199,-32.91033,"SIMP",2024,-4.63091864492554,0.141137701491754,2.79787636724052,23.1030017759022,24.7305907711899,3.69221123711514,23.9772088950452,12.8540245475427,35.5,0.327698389558247,TRUE
115.549755924199,-32.91033,"SIMP",2024,-4.62658448857139,0.141133093579324,2.79755037327592,23.1031378632475,24.7306837615573,3.69216372475223,23.9772088950452,12.8540245475427,35.5,0.305887428713726,TRUE
115.571755924199,-32.91033,"SIMP",2024,-4.6226487015408,0.14112965780446,2.79711234387214,23.1032596839008,24.7307667306794,3.69212058481492,23.888707619535,12.8540245475427,35.0872398098945,0.285592767147819,TRUE
115.593755924199,-32.91033,"SIMP",2024,-4.61915073957003,0.141127461017561,2.79656057619356,23.1033659414378,24.7308387827972,3.69208224783991,23.888707619535,12.8540245475427,35.0872398098945,0.267161933121321,TRUE
115.615755924199,-32.91033,"SIMP",2024,-4.6161269379183,0.141126557960917,2.79589479440759,23.1034554579607,24.7308991064327,3.69204911032646,23.4467656121161,12.9124943755595,34.012479956037,0.251007497051041,TRUE
115.637755924199,-32.91033,"SIMP",2024,-4.6136096047792,0.141126989450015,2.79511624076011,23.103527204522,24.7309469955337,3.6920215249097,23.4467656121161,12.9124943755595,34.012479956037,0.237595746252755,TRUE
115.314520478159,-32.88833,"SIMP",2024,-5.69165190180991,0.149871740878305,2.79440993492799,23.1423288076863,24.8788580284674,3.78627371848451,18.9757089262514,10.979002093804,28.2583226688104,0.428445993791824,TRUE
115.336520478159,-32.88833,"SIMP",2024,-4.6748953428955,0.141199794220841,2.79827214501417,23.1015848887231,24.729617045546,3.69269353507833,21.9895589460861,12.8540245475427,31.2916666666667,0.473672734677681,FALSE
115.358520478159,-32.88833,"SIMP",2024,-4.66836084892585,0.141187595811321,2.79877860610392,23.1018024314164,24.7297675784461,3.69262178717381,22.0235589460861,12.875,31.2916666666667,0.492050042919357,FALSE
115.380520478159,-32.88833,"SIMP",2024,-4.66185800238518,0.141175779445535,2.79922096244736,23.1020181550758,24.7299167477123,3.69255040501243,22.0247221405306,12.875,31.2916666666667,0.494483113504329,FALSE
115.402520478159,-32.88833,"SIMP",2024,-4.6554241343165,0.14116444378591,2.79959084901386,23.1022307492667,24.7300636362211,3.69247979770329,22.0040105290744,12.6666666666667,31.3289721282099,0.467503640673927,FALSE
115.424520478159,-32.88833,"SIMP",2024,-4.64909996797097,0.141153693037562,2.79987979911604,23.1024387926784,24.7302072502185,3.69241041112856,23.370536437747,12.9166666666667,33.4166666666667,0.440923660361318,FALSE
115.446520478159,-32.88833,"SIMP",2024,-4.64292932636918,0.14114363566587,2.80007940705797,23.1026407645955,24.7303465275056,3.69234272471584,23.320286437747,12.9124943755595,33.4166666666667,0.414821441355034,TRUE
115.468520478159,-32.88833,"SIMP",2024,-4.63695870390007,0.141134382773191,2.80018151727888,23.1028350610891,24.730480348931,3.69227724673972,23.2655468544137,12.9124943755595,32.9287808084642,0.389294719271666,TRUE
115.490520478159,-32.88833,"SIMP",2024,-4.63123669403267,0.141126046140401,2.80017843661248,23.1030200161431,24.7306075533297,3.69221450807013,23.3844860905248,12.9124943755595,33.4208310650965,0.364466204776214,TRUE
115.512520478159,-32.88833,"SIMP",2024,-4.62581327151113,0.141118735960023,2.80006316406219,23.1031939276996,24.730726955891,3.69215505435261,23.4373506738581,12.9124943755595,33.5121206096531,0.340490574991767,TRUE
115.534520478159,-32.88833,"SIMP",2024,-4.6207389352647,0.141112558311613,2.7998296301762,23.1033550883208,24.7308373697316,3.69209943669063,23.4373506738581,12.9124943755595,33.5121206096531,0.317563077968612,TRUE
115.556520478159,-32.88833,"SIMP",2024,-4.61606372736209,0.141107612455267,2.79947293590897,23.1035018198499,24.7309376302308,3.69204820099683,23.4373506738581,12.9124943755595,33.5121206096531,0.295929519833301,TRUE
115.578520478159,-32.88833,"SIMP",2024,-4.61183615311598,0.141103988043307,2.79898957904253,23.1036325111097,24.7310266214416,3.69200187628503,23.3941966205702,12.9124943755595,33.5121206096531,0.275896565716921,TRUE
115.600520478159,-32.88833,"SIMP",2024,-4.60810203712641,0.141101762370768,2.79837765509561,23.1037456573556,24.7311033036685,3.69196096227761,23.3736410650146,12.8540245475427,33.5121206096531,0.257839643725628,TRUE
115.622520478159,-32.88833,"SIMP",2024,-4.60490335870573,0.141100997799429,2.79763701943811,23.103839899912,24.7311667411017,3.69192591679514,23.3944743983479,12.8540245475427,33.5496768750146,0.242203075378554,TRUE
115.644520478159,-32.88833,"SIMP",2024,-4.60227711674474,0.14110173949517,2.79676939825317,23.1039140642262,24.7312161282656,3.69189714346548,23.4121306483479,12.8540245475427,33.5496768750146,0.22948389952655,TRUE
115.32128503212,-32.86633,"SIMP",2024,-4.67565476469003,0.141194580357436,2.79947514672095,23.1015752525103,24.7296125955126,3.69270166397758,21.8365877159274,12.8540245475427,31.2541642461664,0.464340001691769,FALSE
115.34328503212,-32.86633,"SIMP",2024,-4.6685960824448,0.141180946115583,2.80010903134768,23.1018113212593,24.7297761042515,3.69262415503366,21.8128751124077,12.6666666666667,31.2916666666667,0.481762899854219,FALSE
115.36528503212,-32.86633,"SIMP",2024,-4.6615215211984,0.141167602833208,2.80068285579477,23.1020471572183,24.7299393491714,3.69254649354434,21.8535417790744,12.6666666666667,31.2916666666667,0.500382476544095,FALSE
115.38728503212,-32.86633,"SIMP",2024,-4.65446912228586,0.141154656084554,2.80118713203575,23.1022814130382,24.7301013858162,3.69246909680043,21.8777853306617,12.8540245475427,31.2916666666667,0.484155506863982,FALSE
115.40928503212,-32.86633,"SIMP",2024,-4.64748130812319,0.141142219707485,2.80161203012018,23.1025125955594,24.7302611685881,3.69239242963431,23.0824218544137,12.9124943755595,32.3871079352897,0.457157296869971,FALSE
115.43128503212,-32.86633,"SIMP",2024,-4.64060471361273,0.141130414710424,2.80194753997304,23.1027390732716,24.7304175561594,3.69231700251862,23.0824218544137,12.9124943755595,32.3871079352897,0.430566191705622,FALSE
115.45328503212,-32.86633,"SIMP",2024,-4.63388986045415,0.14111936774877,2.80218367083385,23.102959089316,24.7305693207766,3.69224336796225,23.088880187747,12.9124943755595,32.3871079352897,0.40446422589064,TRUE
115.47528503212,-32.86633,"SIMP",2024,-4.62739065583424,0.141109209149519,2.80231068706417,23.1031707806129,24.730715161857,3.69217211500812,23.0599218544137,12.8540245475427,32.3871079352897,0.378954411240344,TRUE
115.49728503212,-32.86633,"SIMP",2024,-4.62116370294116,0.141100070486165,2.80231937629916,23.1033722034681,24.730853724117,3.69210386170127,23.121927062747,12.8540245475427,32.9287808084642,0.354166833451723,TRUE
115.51928503212,-32.86633,"SIMP",2024,-4.61526741922291,0.141092081735253,2.80220134273746,23.1035613657019,24.7309836202503,3.69203924548802,23.1490885210804,12.8540245475427,32.9287808084642,0.330266427597319,TRUE
115.54128503212,-32.86633,"SIMP",2024,-4.60976096916148,0.14108536808005,2.80194931498002,23.1037362649493,24.7311034578954,3.69197891162284,23.1860156044137,12.8540245475427,33.154055090681,0.307462568726369,TRUE
115.56328503212,-32.86633,"SIMP",2024,-4.60470303111185,0.141080046463043,2.80155745456803,23.1038949323285,24.7312118703153,3.69192349979625,23.191145812747,12.8540245475427,33.154055090681,0.286020160944752,TRUE
115.58528503212,-32.86633,"SIMP",2024,-4.60015043164562,0.141076222024258,2.80102164864479,23.1040354801921,24.7313075498691,3.69187362934536,23.1328075807151,12.8540245475427,33.154055090681,0.266270850111827,TRUE
115.60728503212,-32.86633,"SIMP",2024,-4.59615669467984,0.141073984592316,2.80033976842801,23.1041561522074,24.7313892830325,3.69182988355528,23.0986582751595,12.8540245475427,32.8999173601719,0.248620919117857,TRUE
115.62928503212,-32.86633,"SIMP",2024,-4.59277056503292,0.141073405415478,2.79951187485585,23.1042553736067,24.7314559854411,3.69179279369124,23.251321469604,12.8540245475427,33.4166666666667,0.233549139090158,TRUE
115.32804958608,-32.84433,"SIMP",2024,-2.52429933787498,0.141169513764051,2.57778777830743,23.1089925233441,24.7286829082715,3.69292833205107,26.9943412923882,15.0833333333333,39.125,0.471394254601064,FALSE
115.35004958608,-32.84433,"SIMP",2024,-4.66200692008261,0.14116097274608,2.80207919670669,23.1020487773004,24.7299429914241,3.69255158695218,21.8126377612173,12.8540245475427,31.3289721282099,0.489964737712192,FALSE
115.37204958608,-32.84433,"SIMP",2024,-4.65432842855652,0.14114633215123,2.80273153377038,23.1023051088584,24.7301204853376,3.69246731460251,21.758290538995,12.6666666666667,31.3289721282099,0.501215645293175,FALSE
115.39404958608,-32.84433,"SIMP",2024,-4.64665909191828,0.141132099644195,2.8033084425058,23.1025602075492,24.7302970003804,3.69238316813959,23.059348937747,12.8540245475427,32.9287808084642,0.47385102070533,FALSE
115.41604958608,-32.84433,"SIMP",2024,-4.63904723255726,0.141118407067036,2.80379831593941,23.1028123674841,24.7304713412513,3.69229967697361,23.1181770627471,12.8540245475427,32.9287808084642,0.446832681317692,FALSE
115.43804958608,-32.84433,"SIMP",2024,-4.63154643446929,0.141105395587652,2.80418925292226,23.1030597091154,24.7306421923479,3.69221742748809,23.1374478960804,12.8540245475427,33.154055090681,0.420229239698463,TRUE
115.46004958608,-32.84433,"SIMP",2024,-4.62421518692912,0.141093213891924,2.80446930341908,23.1033001937989,24.7308081282209,3.69213705908145,23.1254494812253,12.8540245475427,33.154055090681,0.394126775570133,TRUE
115.48204958608,-32.84433,"SIMP",2024,-4.61711629980329,0.141082015771953,2.80462676416164,23.103531646359,24.7309676296445,3.6920592577419,23.1254494812253,12.8540245475427,33.154055090681,0.36863402030334,TRUE
115.50404958608,-32.84433,"SIMP",2024,-4.61031607073067,0.14107195710478,2.80465052001003,23.1037517862345,24.7311191056942,3.69198474694882,23.1254494812253,12.8540245475427,33.154055090681,0.343889123415702,TRUE
115.52604958608,-32.84433,"SIMP",2024,-4.60388319586261,0.141063192257267,2.80453042176005,23.1039582673602,24.7312609219251,3.69191427581799,23.0873331617809,12.8540245475427,32.8999173601719,0.320068325346359,TRUE
115.54804958608,-32.84433,"SIMP",2024,-4.59788743097183,0.141055870001803,2.80425768612634,23.1041487263858,24.7313914343525,3.69184860456963,23.0503626756698,12.8540245475427,32.8999173601719,0.297396676564964,TRUE
115.57004958608,-32.84433,"SIMP",2024,-4.5923980278953,0.14105012908062,2.80382529871852,23.1043208381878,24.7315090284789,3.69178848759218,22.9976104080961,12.8540245475427,32.8999173601719,0.27616037035876,TRUE
115.59204958608,-32.84433,"SIMP",2024,-4.58748199127395,0.141046093608539,2.80322839666248,23.1044723769325,24.7316121621232,3.69173465458718,22.9976104080961,12.8540245475427,32.8999173601719,0.256718913226972,TRUE
115.61404958608,-32.84433,"SIMP",2024,-4.58320222061715,0.141043868548377,2.80246460483278,23.1046012802685,24.7316994103305,3.69168779049334,22.7601624914294,12.6666666666667,32.1666666666667,0.239512745504861,TRUE
115.334814140041,-32.82233,"SIMP",2024,-2.52523957356074,0.141151227867457,2.58040370200279,23.1091736832223,24.7288293157325,3.6928666877942,27.0911876195966,15.0833333333333,39.125,0.47957697070413,FALSE
115.356814140041,-32.82233,"SIMP",2024,-4.65511924206849,0.141139790971567,2.80419603800194,23.1022977012828,24.730118037518,3.69247573541099,21.7903112213622,12.6666666666667,31.6666666666667,0.498272670353144,FALSE
115.378814140041,-32.82233,"SIMP",2024,-4.64676338169968,0.141123674678265,2.80494028691869,23.1025770681095,24.7303115539639,3.69238405067272,23.1113696201142,12.8540245475427,32.8999173601719,0.490961737026351,FALSE
115.400814140041,-32.82233,"SIMP",2024,-4.63839905328059,0.1411079733484,2.80560281261989,23.1028556932997,24.7305044196059,3.69229230335795,23.1113696201142,12.8540245475427,32.8999173601719,0.463570333197612,FALSE
115.422814140041,-32.82233,"SIMP",2024,-4.63008141946885,0.141092840253447,2.80616984220726,23.1031316230223,24.7306952644881,3.69220109776116,23.0930102451142,12.8540245475427,32.8999173601719,0.436530105817392,FALSE
115.444814140041,-32.82233,"SIMP",2024,-4.62187225488819,0.141078440864393,2.80662714320223,23.1034026841116,24.7308825665281,3.69211110972685,23.1116039951142,12.8540245475427,32.8999173601719,0.409912704854098,TRUE
115.466814140041,-32.82233,"SIMP",2024,-4.61383956726653,0.141064950713761,2.806960325887,23.1036665000683,24.7310646630563,3.69202308241452,23.058889461384,12.8540245475427,32.8999173601719,0.383808559477479,TRUE
115.488814140041,-32.82233,"SIMP",2024,-4.60605691964797,0.141052552443257,2.80715521603802,23.1039205175901,24.7312397697518,3.69193781883677,23.100061336384,12.8540245475427,32.8999173601719,0.358332612328939,TRUE
115.510814140041,-32.82233,"SIMP",2024,-4.5986024225924,0.141041432016584,2.80719829294135,23.1041620445713,24.7314060076168,3.69185617084567,22.8425439752729,12.6666666666667,32.1666666666667,0.333631851996286,TRUE
115.532814140041,-32.82233,"SIMP",2024,-4.59155738084987,0.141031774135559,2.80707718084106,23.1043882999246,24.7315614382181,3.69177902441057,22.8013721002729,12.6666666666667,32.1666666666667,0.309895017171252,TRUE
115.554814140041,-32.82233,"SIMP",2024,-4.58500460025228,0.141023756969091,2.80678117445566,23.1045964747985,24.7317041068678,3.69170728125835,22.8574182312253,12.6666666666667,32.1666666666667,0.287364612475522,TRUE
115.576814140041,-32.82233,"SIMP",2024,-4.57902638668329,0.141017546383471,2.8063017716749,23.1047838038281,24.731832092755,3.69164183722484,22.7258037364691,12.6666666666667,32.016628908598,0.266350646937352,TRUE
115.598814140041,-32.82233,"SIMP",2024,-4.57370229818623,0.141013289940626,2.80563318006748,23.1049476440323,24.7319435643219,3.6915835579759,22.7110016531357,12.6666666666667,32.016628908598,0.247243790155521,TRUE
115.620814140041,-32.82233,"SIMP",2024,-4.56910674080265,0.141011110997938,2.80477275959604,23.105085557968,24.732036837469,3.6915332530687,22.7110016531357,12.6666666666667,32.016628908598,0.230522327133511,TRUE
115.341578694002,-32.80033,"SIMP",2024,-2.52624584194672,0.141132053298945,2.58317314416441,23.1093598770827,24.7289799801372,3.69280367192914,26.9802342681473,15.0833333333333,39.125,0.487873908302441,FALSE
115.363578694002,-32.80033,"SIMP",2024,-2.52675610843593,0.141110450727017,2.58547888877805,23.1096854143272,24.7292375567925,3.69268292650476,26.9698176014807,15.0833333333333,39.125,0.498763633031014,FALSE
115.385578694002,-32.80033,"SIMP",2024,-4.638809526702,0.141099512509002,2.80732680951595,23.1028637989498,24.7305131135608,3.69229651644144,22.860061336384,12.6666666666667,32.1666666666667,0.480734435949549,FALSE
115.407578694002,-32.80033,"SIMP",2024,-4.62965946336513,0.141082125596712,2.80809078148246,23.1031690795647,24.7307245141557,3.69219617925257,22.8626134197174,12.6666666666667,32.1666666666667,0.453314155706882,FALSE
115.429578694002,-32.80033,"SIMP",2024,-4.6205403359175,0.141065332218667,2.80874995658046,23.1034720583096,24.7309341497813,3.69209621698887,22.8293321697174,12.6666666666667,32.1666666666667,0.42624981992761,TRUE
115.451578694002,-32.80033,"SIMP",2024,-4.61152359499624,0.141049327285216,2.80928721021857,23.1037702134451,24.7311402529937,3.69199741117432,22.8474616340031,12.6666666666667,32.1666666666667,0.399616307672246,TRUE
115.473578694002,-32.80033,"SIMP",2024,-4.60268866895841,0.141034319254393,2.80968509132691,23.1040607614452,24.7313408750867,3.69190062941817,22.8023258453126,12.6666666666667,32.1666666666667,0.373508727928576,TRUE
115.495578694002,-32.80033,"SIMP",2024,-4.5941221863006,0.141020526512018,2.80992629469255,23.1043406879903,24.731533908271,3.6918068168301,22.7766904286459,12.6666666666667,32.1666666666667,0.348048780457505,TRUE
115.517578694002,-32.80033,"SIMP",2024,-4.58591675524345,0.141008172595531,2.80999422759093,23.1046067944331,24.7317171187144,3.69171698267487,22.7922112619793,12.6666666666667,32.1666666666667,0.323393168185563,TRUE
115.539578694002,-32.80033,"SIMP",2024,-4.57816927275126,0.140997480297345,2.80987365571676,23.1048557604443,24.731888190909,3.69163218198417,22.8254404286459,12.6666666666667,32.1832957644023,0.29974449280289,TRUE
115.561578694002,-32.80033,"SIMP",2024,-4.57097876542297,0.140988664789005,2.80955140197516,23.1050842224308,24.7320447830416,3.69155349216646,22.8353128622208,12.6666666666667,33.125,0.277364767503509,TRUE
115.583578694002,-32.80033,"SIMP",2024,-4.56444380275413,0.140981926026538,2.80901705997156,23.1052888659443,24.7321845920721,3.69148198505967,22.5039084315174,12.6666666666667,32.1832957644023,0.25659074661881,TRUE
115.605578694002,-32.80033,"SIMP",2024,-4.55865956655649,0.140977440817029,2.80826367375111,23.1054665287749,24.7323054261447,3.69141869532923,20.9848387929736,12.6666666666667,30.9873809029431,0.237848066005829,TRUE
115.348343247962,-32.77833,"SIMP",2024,-2.52732384417052,0.141111969750545,2.58610514526762,23.1095504394571,24.7291344058924,3.69273958728413,26.9579828231853,15.0833333333333,38.7498045505378,0.496279528247715,FALSE
115.370343247962,-32.77833,"SIMP",2024,-2.52790244817082,0.141088248263507,2.58865985157733,23.1099045512591,24.7294147142771,3.69260846492625,26.9688068559234,15.0833333333333,38.7498045505378,0.488544669453731,FALSE
115.392343247962,-32.77833,"SIMP",2024,-4.63045257684353,0.141073719378777,2.80991110174117,23.1031660109621,24.730725689361,3.69220455427199,22.8136175119793,12.6666666666667,32.1832957644023,0.470534987302382,FALSE
115.414343247962,-32.77833,"SIMP",2024,-4.62041090112933,0.141054388916389,2.81079593341432,23.1035016093886,24.7309581835838,3.69209447381301,22.8291383453126,12.6666666666667,32.1832957644023,0.443083257082307,FALSE
115.436343247962,-32.77833,"SIMP",2024,-4.61037765774054,0.141035671634863,2.81156582789952,23.1038355069806,24.7311893105085,3.6919845293657,22.8455098730904,12.6666666666667,32.1832957644023,0.415992010480206,TRUE
115.458343247962,-32.77833,"SIMP",2024,-4.60043574694424,0.141017798272222,2.81220005012092,23.1041647672001,24.7314170104016,3.69187562751446,22.7885593899986,12.6666666666667,33.125,0.389339554786974,TRUE
115.480343247962,-32.77833,"SIMP",2024,-4.59067835757337,0.141001017934329,2.81267727661231,23.1044861138335,24.7316389879888,3.69176878576514,22.2512662891532,12.6666666666667,32.016628908598,0.363226036043196,TRUE
115.502343247962,-32.77833,"SIMP",2024,-4.58120809035859,0.140985593656704,2.8129761967663,23.1047959667912,24.7318527381606,3.6916651228226,20.7801322086353,12.6666666666667,30.9873809029431,0.337780517350137,TRUE
115.524343247962,-32.77833,"SIMP",2024,-4.57213548155657,0.140971796345975,2.81307625192665,23.1050904989839,24.7320555864921,3.69156584242883,20.6187418640011,12.6286954229324,31.25,0.313170407391253,TRUE
115.546343247962,-32.77833,"SIMP",2024,-4.56357687842485,0.140959897123498,2.81295849374628,23.1053657156085,24.7322447454752,3.69147221026699,20.6187418640011,12.6286954229324,31.25,0.289613740162497,TRUE
115.568343247962,-32.77833,"SIMP",2024,-4.55565166130192,0.140950158251647,2.8126065255483,23.1056175555613,24.7324173862087,3.69138552389885,20.6084120028899,12.2916666666667,31.25,0.267394424999697,TRUE
115.590343247962,-32.77833,"SIMP",2024,-4.54847886328719,0.140942823006212,2.81200747181783,23.1058420126491,24.7325707238461,3.69130707629895,20.3540104297607,11.7916666666667,31.25,0.246879380401404,TRUE
115.612343247962,-32.77833,"SIMP",2024,-4.54217330374608,0.14093810504523,2.81115290427031,23.1060352719583,24.7327021134628,3.691238114236,20.3658680686496,11.7916666666667,31.2541642461664,0.228533610193189,TRUE
115.355107801923,-32.75633,"SIMP",2024,-2.52847958472255,0.141090971149923,2.5892080991523,23.1097443702242,24.7292918360634,3.69267486705253,26.8976089392567,15.0833333333333,38.7083333333333,0.504788692641276,FALSE
115.377107801923,-32.75633,"SIMP",2024,-2.52913830280624,0.141064840615484,2.59204892886392,23.1101305230761,24.7295976513519,3.69253214055614,26.6802215168965,15.0833333333333,38.7083333333333,0.478361339436936,FALSE
115.399107801923,-32.75633,"SIMP",2024,-4.62168260981045,0.141046161945092,2.81271573129731,23.1034843045056,24.7309497359732,3.69210805361187,20.9842226373792,12.6666666666667,31.25,0.460364846394418,FALSE
115.421107801923,-32.75633,"SIMP",2024,-4.61062535229185,0.141024579324904,2.81374537952109,23.1038545240362,24.7312063326977,3.6919868800909,20.6388113084455,12.6286954229324,31.25,0.432878503812229,FALSE
115.443107801923,-32.75633,"SIMP",2024,-4.59954486059216,0.141003619908047,2.81464917746993,23.1042239301227,24.7314621563752,3.69186550572321,20.6187418640011,12.6286954229324,31.25,0.405756810452589,TRUE
115.465107801923,-32.75633,"SIMP",2024,-4.58853759273359,0.140983558224889,2.81540185455761,23.1045890918283,24.7317147984748,3.69174498522108,20.5478390862233,12.2916666666667,31.25,0.379081704561604,TRUE
115.487107801923,-32.75633,"SIMP",2024,-4.57771338192522,0.140964693901086,2.81597714808412,23.1049461338417,24.7319615418517,3.69162651735516,20.4602894830487,11.7916666666667,31.25,0.352958752939577,TRUE
115.509107801923,-32.75633,"SIMP",2024,-4.56719447701924,0.140947346230616,2.81634857116336,23.1052907770304,24.7321993899971,3.69151143423279,20.4841957330487,11.7916666666667,31.2541642461664,0.327525055152073,TRUE
115.531107801923,-32.75633,"SIMP",2024,-4.55711376318302,0.140931846450006,2.81649038470812,23.1056184079986,24.7324251167056,3.69140118178361,20.4473242052709,11.7916666666667,31.2541642461664,0.302959852489694,TRUE
115.553107801923,-32.75633,"SIMP",2024,-4.54761207905926,0.140918527699891,2.81637875140576,23.1059241800758,24.7326353378129,3.6912972905972,20.2671826744738,11.7916666666667,31.25,0.279498426158206,TRUE
115.575107801923,-32.75633,"SIMP",2024,-4.53883460911255,0.140907712899888,2.81599302185878,23.1062031458023,24.7328266049755,3.69120133692414,20.2124557045191,11.7916666666667,31.25,0.257449376283832,TRUE
115.597107801923,-32.75633,"SIMP",2024,-4.53092641415642,0.140899701049193,2.81531707292464,23.1064504178842,24.7329955192652,3.69111489454313,20.1483086634563,11.7916666666667,30.9873809029431,0.237213805807236,TRUE
115.619107801923,-32.75633,"SIMP",2024,-4.52402726310015,0.140894752763489,2.81434059060155,23.1066613520172,24.7331388598203,3.69103947924661,20.005743446065,11.7916666666667,30.8412953803636,0.219301211693865,TRUE
115.361872355883,-32.73433,"SIMP",2024,-2.52971924117378,0.141069072911634,2.59248904922577,23.1099402171179,24.729451159473,3.69261011848612,25.6957972200656,14.2916666666667,38.5207840516702,0.496566345083024,FALSE
115.383872355883,-32.73433,"SIMP",2024,-2.53047227393248,0.14104019476875,2.59565996709454,23.1103623709871,24.7297856554485,3.69245439236409,25.453720410628,14.2916666666667,37.9333013002698,0.468215858921618,FALSE
115.405872355883,-32.73433,"SIMP",2024,-2.53119292708722,0.141011060186355,2.59880598173056,23.1107956020238,24.7301287069198,3.69229417915548,25.3711592693237,14.2916666666667,37.4288256558628,0.440087111231996,FALSE
115.427872355883,-32.73433,"SIMP",2024,-4.60027820832158,0.14099249649417,2.81697028861514,23.1042290049833,24.7314698325001,3.6918731277486,20.4673936497153,11.7916666666667,31.2541642461664,0.422700924862027,TRUE
115.449872355883,-32.73433,"SIMP",2024,-4.58799235109054,0.140968908254911,2.81803715047881,23.1046393905152,24.7317541772566,3.69173860523302,20.3717660078071,11.7916666666667,31.2541642461664,0.395544324391882,TRUE
115.471872355883,-32.73433,"SIMP",2024,-4.575751605451,0.1409462659371,2.81893565588004,23.1050462255087,24.7320357909555,3.69160464168014,20.3084153133627,11.7916666666667,31.25,0.36884173624363,TRUE
115.493872355883,-32.73433,"SIMP",2024,-4.56368600523523,0.140924932380549,2.81963318813867,23.1054449031057,24.732311440699,3.69147265582642,20.0962343049086,11.7916666666667,30.8412953803636,0.342704555791801,TRUE
115.515872355883,-32.73433,"SIMP",2024,-4.55194212219733,0.140905298413626,2.82009649854445,23.1058302744518,24.7325775179234,3.6913442437794,20.1611448574448,11.7916666666667,30.9175695740463,0.31727866554911,TRUE
115.537872355883,-32.73433,"SIMP",2024,-4.54068093894043,0.140887772959887,2.82029299471194,23.106196733422,24.732830099063,3.69122115561738,20.0199332280165,11.7916666666667,30.9175695740463,0.292756424852634,TRUE
115.559872355883,-32.73433,"SIMP",2024,-4.5300744463754,0.140872769743548,2.82019231103033,23.1065383460252,24.7330650376403,3.69110525839632,20.0023290613498,11.7916666666667,30.9175695740463,0.269392474859946,TRUE
115.581872355883,-32.73433,"SIMP",2024,-4.52030091237727,0.140860690865397,2.81976809295623,23.1068490253557,24.7332780882907,3.69099848506215,19.9611194525063,11.7916666666667,30.9175695740463,0.247523405091092,TRUE
115.603872355883,-32.73433,"SIMP",2024,-4.51153889658962,0.14085190797805,2.81899987702843,23.107122748203,24.7334650598341,3.69090277011952,20.0219788275063,11.7916666666667,30.9175695740463,0.227589273313344,TRUE
115.368636909844,-32.71233,"SIMP",2024,-2.53104893581994,0.141046322220138,2.59595263306455,23.1101359172245,24.7296107851195,3.69254618137856,25.3471573822464,14.2916666666667,36.9583333333333,0.486492067242814,FALSE
115.390636909844,-32.71233,"SIMP",2024,-2.53191345661525,0.141014300922224,2.59950577329939,23.1105985901198,24.729977587351,3.69237587169433,25.313824048913,14.2916666666667,35.7938302954063,0.458110725958636,FALSE
115.412636909844,-32.71233,"SIMP",2024,-2.53274673919733,0.14098184907323,2.60304810325265,23.1110755378999,24.7303554640572,3.69219986864563,25.1387923460145,14.2916666666667,35.625,0.429951667655783,FALSE
115.434636909844,-32.71233,"SIMP",2024,-4.58935133431452,0.140957925367268,2.82050644459662,23.1046260817095,24.7317494575545,3.69175301608193,20.1611448574448,11.7916666666667,30.9175695740463,0.412551814828191,TRUE
115.456636909844,-32.71233,"SIMP",2024,-4.57567145521093,0.140931235248851,2.82177334048275,23.1050840010744,24.732066909501,3.69160329682601,20.0570790613498,11.7916666666667,30.9175695740463,0.385354682162823,TRUE
115.478636909844,-32.71233,"SIMP",2024,-4.56199437218039,0.140905527167834,2.82285287922743,23.1055395004513,24.7323823801171,3.69145369094323,20.0570790613498,11.7916666666667,30.9175695740463,0.358618330429419,TRUE
115.500636909844,-32.71233,"SIMP",2024,-4.54847469712703,0.140881243584762,2.82370419947653,23.1059870765469,24.732692003656,3.69130588482572,20.0631884363498,11.7916666666667,30.9175695740463,0.332460409769683,TRUE
115.522636909844,-32.71233,"SIMP",2024,-4.5352892999151,0.140858867158313,2.82428511861226,23.1064204908285,24.73299140376,3.6911618032318,20.0631884363498,11.7916666666667,30.9175695740463,0.307036411146996,TRUE
115.544636909844,-32.71233,"SIMP",2024,-4.52263480478494,0.140838908046315,2.82455385253514,23.1068328717823,24.7332757669257,3.69102358159822,20.0680842696831,11.7916666666667,30.9175695740463,0.282553283900485,TRUE
115.566636909844,-32.71233,"SIMP",2024,-4.51072326221131,0.140821886118767,2.82447118016704,23.1072168815895,24.733539961369,3.6908935189493,20.0680842696831,11.7916666666667,30.9175695740463,0.259287507336617,TRUE
115.588636909844,-32.71233,"SIMP",2024,-4.49977588034748,0.140808308381009,2.82400296029889,23.1075649498017,24.7337787029598,3.69077401028856,20.0041185844507,11.7916666666667,30.9175695740463,0.237607592537729,TRUE
115.610636909844,-32.71233,"SIMP",2024,-4.49001489852665,0.140798642651624,2.82312282399619,23.1078695691524,24.7339867645767,3.69066745944429,20.0393988423872,11.7916666666667,30.8412953803636,0.217998274530573,TRUE
115.375401463804,-32.69033,"SIMP",2024,-2.53247435682146,0.141022812602558,2.5995995137914,23.1103285826446,24.7297684720195,3.69248420654285,25.1419398112204,14.2916666666667,35.625,0.476461462761503,FALSE
115.397401463804,-32.69033,"SIMP",2024,-2.53347117797279,0.140987185988832,2.60359678688683,23.1108369140226,24.7301717106137,3.69229752206593,25.0670526584426,14.2916666666667,35.625,0.448048804519724,FALSE
115.419401463804,-32.69033,"SIMP",2024,-2.53443967826573,0.140950891428503,2.60760426953197,23.1113636265523,24.7305892654027,3.69210360794736,24.8826758468484,14.2916666666667,35.625,0.419858671857608,TRUE
115.441401463804,-32.69033,"SIMP",2024,-2.53536198275318,0.140914260192722,2.61157330009534,23.1119056008193,24.7310186094553,3.69190351493003,24.8629293190706,14.2916666666667,35.625,0.39194073233992,TRUE
115.463401463804,-32.69033,"SIMP",2024,-4.56253776274418,0.140890265594055,2.82590896485052,23.105559831369,24.7324018735297,3.69145909513148,20.1192926030165,11.7916666666667,30.9175695740463,0.3751881402814,TRUE
115.485401463804,-32.69033,"SIMP",2024,-4.54717803749376,0.140860886601455,2.82721526993733,23.1060725201096,24.7327571646374,3.6912911793713,20.0417865266276,11.7916666666667,30.9175695740463,0.348409874924919,TRUE
115.507401463804,-32.69033,"SIMP",2024,-4.53194311405202,0.140833046689136,2.82826204299423,23.1065779491399,24.7331070163097,3.69112472950309,20.0510920821831,11.7916666666667,30.8412953803636,0.322222438624472,TRUE
115.529401463804,-32.69033,"SIMP",2024,-4.51704782830547,0.140807347571279,2.82899515655412,23.1070685052143,24.7334460822125,3.69096208190003,20.0510920821831,11.7916666666667,30.8412953803636,0.296791838830049,TRUE
115.551401463804,-32.69033,"SIMP",2024,-4.50273444048578,0.140784433028492,2.82936031418902,23.1075356874786,24.7337684014201,3.6908058647999,20.0770667845641,11.7916666666667,30.8412953803636,0.27234130713667,TRUE
115.573401463804,-32.69033,"SIMP",2024,-4.4892671260506,0.140764964871228,2.8293060726296,23.1079703229426,24.7340675524555,3.69065893826644,20.0373351346577,11.7916666666667,30.8412953803636,0.249172093832004,TRUE
115.595401463804,-32.69033,"SIMP",2024,-4.47692358320967,0.140749591407687,2.82878745643263,23.1083628823508,24.7343368780279,3.69052430377164,20.0448804245128,11.7916666666667,30.8412953803636,0.227689374810026,TRUE
115.382166017765,-32.66833,"SIMP",2024,-2.53400015048701,0.140998704573509,2.60342406346321,23.1105142100902,24.7299210982189,3.69242576133362,25.0185022357373,14.2916666666667,35.625,0.466477992080906,FALSE
115.404166017765,-32.66833,"SIMP",2024,-2.53515451736424,0.140958933505016,2.60793899646962,23.1110740144305,24.7303654533442,3.69222068933658,24.9737475557856,14.2916666666667,35.625,0.438033445017589,FALSE
115.426166017765,-32.66833,"SIMP",2024,-2.53628616858861,0.140918170931129,2.61249494968957,23.1116574928457,24.7308283121197,3.69200642359974,24.8905531113412,14.2916666666667,35.625,0.40981123516793,TRUE
115.448166017765,-32.66833,"SIMP",2024,-2.53737388790495,0.140876793336776,2.61703531276554,23.112261272309,24.7313069349226,3.69178408717646,24.8905531113412,14.2916666666667,35.625,0.381862610013363,TRUE
115.470166017765,-32.66833,"SIMP",2024,-4.54855661737346,0.140845631510606,2.83050415391866,23.106068746252,24.7327604646984,3.69130561933133,20.0525700411203,11.7916666666667,30.8412953803636,0.365045262457877,TRUE
115.492166017765,-32.66833,"SIMP",2024,-4.53121333613083,0.140811819844045,2.83209726415303,23.1066490905549,24.7331629065961,3.69111613827887,20.0525700411203,11.7916666666667,30.8412953803636,0.338214521148611,TRUE
115.514166017765,-32.66833,"SIMP",2024,-4.5139398001704,0.140779650437197,2.83339521493673,23.1072235097811,24.7335607747608,3.69092755387124,20.1089460116172,11.7916666666667,30.8458113004112,0.311985798142545,TRUE
115.536166017765,-32.66833,"SIMP",2024,-4.49699867285874,0.14074988091567,2.8343277109973,23.1077826450501,24.7339474892377,3.69074272085604,20.1912139765931,11.7916666666667,30.9873809029431,0.286536606783773,TRUE
115.558166017765,-32.66833,"SIMP",2024,-4.4806912153681,0.140723333887974,2.83482314866144,23.1083158751089,24.7343155936114,3.6905649037688,20.1912139765931,11.7916666666667,30.9873809029431,0.262108414364909,TRUE
115.580166017765,-32.66833,"SIMP",2024,-4.46535029779917,0.140700864163279,2.83481288966706,23.1088115951577,24.7346569549099,3.69039770051953,20.0956640899718,11.7916666666667,30.8333333333333,0.239030749770797,TRUE
115.602166017765,-32.66833,"SIMP",2024,-4.45132904462703,0.140683313950414,2.83423655451499,23.1092576491794,24.7349630718858,3.69024492016894,20.0810807566384,11.7916666666667,30.8333333333333,0.217751257606148,TRUE
115.388930571726,-32.64633,"SIMP",2024,-2.53562896853357,0.14097425486451,2.60741095918554,23.1106872869916,24.7300643468961,3.69237297170272,25.0595001222107,14.2916666666667,35.6291645350965,0.456545786419871,FALSE
115.410930571726,-32.64633,"SIMP",2024,-2.53697147686018,0.140929712967343,2.61253070753583,23.111305081724,24.7305550745634,3.69214727426836,24.9854051644813,14.2916666666667,35.625,0.428068659595297,TRUE
115.432930571726,-32.64633,"SIMP",2024,-2.53830089631018,0.140883738377414,2.61773612634562,23.1119533975775,24.7310697342907,3.69190986295836,24.9176361427421,14.2916666666667,35.625,0.399813072385645,TRUE
115.454930571726,-32.64633,"SIMP",2024,-2.53959220132032,0.140836753251316,2.6229619102967,23.1126286895612,24.7316054367183,3.69166189987082,25.0662069458822,14.2916666666667,35.6291645350965,0.371831816524867,TRUE
115.476930571726,-32.64633,"SIMP",2024,-4.53371201125634,0.140796939219761,2.83562924153181,23.1066121345765,24.7331437681065,3.69114268827799,20.1235750877042,11.7916666666667,30.8458113004112,0.354927231597188,TRUE
115.498930571726,-32.64633,"SIMP",2024,-4.51401534075925,0.140757726922673,2.83758884645702,23.107273070206,24.7336024328717,3.69092764550075,20.122290365482,11.7916666666667,30.8333333333333,0.328030335657573,TRUE
115.520930571726,-32.64633,"SIMP",2024,-4.49429941230338,0.14072023019005,2.83921352629099,23.107930459563,24.7340581071467,3.69071257459554,20.1633754349264,11.7916666666667,30.8333333333333,0.301744579196871,TRUE
115.542930571726,-32.64633,"SIMP",2024,-4.47488738723984,0.140685412854577,2.84041082913604,23.1085727145556,24.7345026328385,3.69050098608106,20.1633754349264,11.7916666666667,30.8333333333333,0.276260041704337,TRUE
115.564930571726,-32.64633,"SIMP",2024,-4.4561575613355,0.140654340418994,2.84108479734893,23.1091864238201,24.7349265823215,3.69029697421212,20.1661358515931,11.7916666666667,30.8333333333333,0.251838690086363,TRUE
115.586930571726,-32.64633,"SIMP",2024,-4.43853459106123,0.140628135018912,2.84114208344285,23.1097567121216,24.7353195169893,3.6901051204481,20.1063186793437,11.7916666666667,30.7208112137696,0.228842580016435,TRUE
115.608930571726,-32.64633,"SIMP",2024,-4.42247397508819,0.140607910592424,2.84049986525932,23.1102678396444,24.7356704156852,3.68993032647157,20.0959238596405,11.7916666666667,30.7208112137696,0.207769050538345,TRUE
115.395695125686,-32.62433,"SIMP",2024,-2.53736000019601,0.140949857744105,2.61153020629807,23.1108402573969,24.7301922799482,3.69232871340044,25.2293840292156,14.2916666666667,36.9997956017859,0.446669884220451,FALSE
115.417695125686,-32.62433,"SIMP",2024,-2.53892759785294,0.140899823037113,2.61735756517201,23.1115232373012,24.7307351958609,3.69207994434621,24.9769749108581,14.2916666666667,35.625,0.418159379518419,TRUE
115.439695125686,-32.62433,"SIMP",2024,-2.54049769530923,0.140847753617797,2.62333479764048,23.1122456233711,24.7313091027175,3.69181621782008,24.9661415775247,14.2916666666667,35.625,0.389868763450539,TRUE
115.461695125686,-32.62433,"SIMP",2024,-2.54204112677118,0.140794112009512,2.62938771286905,23.1130038691747,24.7319110953778,3.69153866996423,24.9624287799057,14.2916666666667,35.625,0.361852257826287,TRUE
115.483695125686,-32.62433,"SIMP",2024,-2.54352060256826,0.140739545891351,2.63541773331698,23.1137923244994,24.7325365784147,3.69124917073401,24.9585051687946,14.2916666666667,35.625,0.334182619162563,TRUE
115.505695125686,-32.62433,"SIMP",2024,-4.49551383464119,0.140697930374875,2.84379885756881,23.1079480758161,24.7340784378098,3.69072493601495,20.1964673733322,11.7916666666667,30.8458113004112,0.317855625879684,TRUE
115.527695125686,-32.62433,"SIMP",2024,-4.47284695303057,0.140653802001066,2.84585419893733,23.1087061504395,24.73460434271,3.69047790691599,20.1923097646365,11.7916666666667,30.8458113004112,0.291491795112671,TRUE
115.549695125686,-32.62433,"SIMP",2024,-4.45042009849426,0.140612638934183,2.84740863261441,23.109450237001,24.7351197785195,3.69023372831752,20.1502264313032,11.7916666666667,30.8333333333333,0.265948636044495,TRUE
115.571695125686,-32.62433,"SIMP",2024,-4.42871312997093,0.140575841802361,2.848331301,23.1101632112319,24.7356126893077,3.68999758713663,20.1002454176115,11.7916666666667,30.7208112137696,0.241511248187074,TRUE
115.593695125686,-32.62433,"SIMP",2024,-4.40827517544044,0.140544910719995,2.84849250604617,23.1108257281242,24.7360694790393,3.68977539507621,20.0710440287226,11.7916666666667,30.7208112137696,0.218579437777846,TRUE
115.615695125686,-32.62433,"SIMP",2024,-4.38970322980246,0.140521349650436,2.8477758091364,23.1114170631055,24.7364756146916,3.68957355818646,20.5684791887468,11.7916666666667,30.9873809029431,0.197709425547592,TRUE
115.402459679647,-32.60233,"SIMP",2024,-2.53918674482128,0.140926103231751,2.61572990514073,23.1109627995895,24.7302967602285,3.69229686872049,25.0547179664136,14.2916666666667,35.625,0.436856567854339,FALSE
115.424459679647,-32.60233,"SIMP",2024,-2.54102371030567,0.140869755095248,2.62238493856746,23.1117187096675,24.7308981433264,3.69202242822826,24.9642614446745,14.2916666666667,35.625,0.408311835994977,TRUE
115.446459679647,-32.60233,"SIMP",2024,-2.54288752440388,0.140810550424595,2.62928161832642,23.1125255807616,24.7315397163789,3.6917288464929,24.9644305268001,14.2916666666667,35.625,0.379984158346848,TRUE
115.468459679647,-32.60233,"SIMP",2024,-2.5447449237091,0.140748975670792,2.63633791545913,23.11338018624,24.732218813396,3.69141711591212,24.8436486621521,14.2916666666667,35.625,0.351928943653117,TRUE
115.490459679647,-32.60233,"SIMP",2024,-2.54655124141901,0.140685764788677,2.64343839951235,23.1142765916537,24.732930589254,3.69108916699717,24.7034863735047,14.2916666666667,35.5499914604498,0.324221490216103,TRUE
115.512459679647,-32.60233,"SIMP",2024,-4.47567157916563,0.140631684209172,2.8508585042273,23.1086769361232,24.7345931113476,3.69050759593251,20.1332970834771,11.7916666666667,30.8333333333333,0.307689581259185,TRUE
115.534459679647,-32.60233,"SIMP",2024,-4.44940775604245,0.140579196213185,2.85348969569485,23.1095583596507,24.7352051702534,3.69022167151218,19.9210357610134,11.7916666666667,30.2541641687757,0.281219562217299,TRUE
115.556459679647,-32.60233,"SIMP",2024,-4.42326163040336,0.140529933869769,2.85553409387839,23.1104286729842,24.7358086252882,3.68993736679398,19.8565249992811,11.7916666666667,30.2541641687757,0.255585526955965,TRUE
115.578459679647,-32.60233,"SIMP",2024,-4.39784818567428,0.140485767766461,2.85680986957919,23.1112657559816,24.7363878761468,3.68966132133455,20.3172562871767,11.7916666666667,30.8333333333333,0.231098777014512,TRUE
115.600459679647,-32.60233,"SIMP",2024,-4.37388804508437,0.140448744821271,2.85713244161663,23.1120440465117,24.7369249247821,3.68940127420162,20.4085062871767,11.7916666666667,30.8333333333333,0.208203411930908,TRUE
115.622459679647,-32.60233,"SIMP",2024,-4.35217775860135,0.140420944418819,2.85633339865162,23.1127357346715,24.7374002344914,3.68916574315521,20.4789750371767,11.7916666666667,30.8333333333333,0.187526518418096,TRUE
115.409224233607,-32.58033,"SIMP",2024,-2.54109368483697,0.140903858573804,2.61992582729202,23.1110408549192,24.7303666734919,3.69228266928979,24.9370081989016,14.2916666666667,35.625,0.42711384388241,TRUE
115.431224233607,-32.58033,"SIMP",2024,-2.54325234252366,0.140840286456854,2.62754634881741,23.1118776806206,24.7310330241073,3.691979924704,24.7127720877904,14.2916666666667,35.5499914604498,0.398534126532892,TRUE
115.453224233607,-32.58033,"SIMP",2024,-2.54547493419257,0.140772736731439,2.63553897378041,23.1127805032937,24.7317515596249,3.69165263912575,24.6380989942777,14.2916666666667,35.5041645278019,0.370167008643,TRUE
115.475224233607,-32.58033,"SIMP",2024,-2.54772496375961,0.140701682831919,2.64381736834834,23.1137469888475,24.7325203107747,3.69130145672838,24.4417174272487,14.2916666666667,35.5041645278019,0.342068633831061,TRUE
115.497224233607,-32.58033,"SIMP",2024,-2.54995006908752,0.140627926908891,2.65224971144934,23.1147713474513,24.7333345230496,3.69092821130007,24.2431562859443,14.2916666666667,34.2115343291494,0.314316443631049,TRUE
115.519224233607,-32.58033,"SIMP",2024,-2.55207885061817,0.140552679524483,2.66064899878941,23.1158433539106,24.73418586832,3.69053626558408,24.3963963976593,14.2916666666667,34.2115343291494,0.287019109702846,TRUE
115.541224233607,-32.58033,"SIMP",2024,-4.42382833441948,0.140495037608938,2.8623374347932,23.1104947368986,24.7358662729396,3.68994221553152,19.8657784715034,11.7916666666667,30.2541641687757,0.270919688422342,TRUE
115.563224233607,-32.58033,"SIMP",2024,-4.39303920109555,0.140435261704621,2.86506700037886,23.1115235228165,24.7365804113362,3.6896079332099,20.4741082571314,11.7916666666667,30.8333333333333,0.245150070547546,TRUE
115.585224233607,-32.58033,"SIMP",2024,-4.36294485312776,0.140381419002704,2.86685530953256,23.1125181484239,24.7372694432103,3.68928163910782,20.4328986482878,11.7916666666667,30.8333333333333,0.220565711826074,TRUE
115.607224233607,-32.58033,"SIMP",2024,-4.3345062028695,0.140336367771119,2.86743251608067,23.1134442379945,24.7379091129245,3.68897362452863,20.1812138579768,12.2916666666667,30.8458113004112,0.19766338617791,TRUE
115.629224233607,-32.58033,"SIMP",2024,-4.30880763333774,0.140303063768337,2.86654688334534,23.1142636606594,24.738472573657,3.68869543546738,20.6283159973833,12.6666666666667,30.2541641687757,0.177157173744623,TRUE
115.415988787568,-32.55833,"SIMP",2024,-2.54305141039107,0.140884380937447,2.62398658920562,23.1110553371967,24.7303868928182,3.6922931487074,24.5379302248677,14.2916666666667,35.5499914604498,0.417452126433778,TRUE
115.437988787568,-32.55833,"SIMP",2024,-2.54559210341263,0.140812616209401,2.63272604904048,23.1119806773878,24.731124437154,3.691959668207,24.2468690835634,14.2916666666667,34.2115343291494,0.388837058918171,TRUE
115.459988787568,-32.55833,"SIMP",2024,-2.54825206346789,0.14073534914986,2.64202181914784,23.1129915413323,24.7319297752058,3.69159469085252,24.4077173517656,14.2916666666667,34.2115343291494,0.360427958100829,TRUE
115.481988787568,-32.55833,"SIMP",2024,-2.55099406110798,0.140652966797488,2.65179148536444,23.1140874731813,24.7328024257297,3.69119816758333,24.2590741603405,14.2916666666667,34.125,0.332280916626738,TRUE
115.503988787568,-32.55833,"SIMP",2024,-2.55375919724015,0.14056628579202,2.66189159880739,23.1152636876142,24.7337384137202,3.69077153191544,24.2605917479009,14.2916666666667,34.125,0.304474696454204,TRUE
115.525988787568,-32.55833,"SIMP",2024,-2.55646076702654,0.140476690997594,2.67209984004495,23.1165094868167,24.7347289928275,3.69031824179584,23.7520817841328,14.2916666666667,33.5,0.277122037224485,TRUE
115.547988787568,-32.55833,"SIMP",2024,-4.39601772150432,0.140399749634009,2.87267088411909,23.1115216074802,24.7365925179455,3.6896385471712,20.0380149600299,11.7916666666667,30.7083333333333,0.260585096036902,TRUE
115.569988787568,-32.55833,"SIMP",2024,-4.35935899265576,0.140326067562279,2.87637908677039,23.1127521020949,24.7374478063405,3.68924125200297,19.8764132950886,11.7916666666667,30.25,0.234617785421991,TRUE
115.591988787568,-32.55833,"SIMP",2024,-4.32325892412018,0.140259222502473,2.87893060802701,23.1139501373197,24.7382788665043,3.68885071734067,19.697989198729,12.6666666666667,29.1749896589714,0.209866033860067,TRUE
115.613988787568,-32.55833,"SIMP",2024,-4.28902104342525,0.140203310547422,2.87991896400507,23.1150685855968,24.7390523599568,3.68848086212855,19.6497222150334,12.6666666666667,29.1666666666667,0.186890326881747,TRUE
115.635988787568,-32.55833,"SIMP",2024,-4.25815543219548,0.140162672589173,2.87895311360515,23.1160538567961,24.7397304502278,3.6881476785037,19.6503472150334,12.6666666666667,29.1666666666667,0.166514279199287,TRUE
115.657988787568,-32.55833,"SIMP",2024,-4.23226380254964,0.140141340337888,2.87572920693483,23.1168504943871,24.7402741242484,3.68786803062374,19.6517638817,12.6666666666667,29.1749896589714,0.149889528310997,TRUE
115.422753341528,-32.53633,"SIMP",2024,-2.54500965960146,0.140869470141137,2.62771299914544,23.1109804526165,24.7303369287288,3.69233772852692,24.2660508468484,14.2916666666667,34.125,0.40788520166288,TRUE
115.444753341528,-32.53633,"SIMP",2024,-2.5479990907387,0.140788560700122,2.63773318489557,23.1120003568184,24.7311506935822,3.69197170289379,24.261348465896,14.2916666666667,34.125,0.379235405702281,TRUE
115.466753341528,-32.53633,"SIMP",2024,-2.55118868494542,0.140700089686576,2.64856722681163,23.1131309863499,24.7320524359896,3.69156527336253,23.5725070990051,14.2916666666667,33.125,0.35078210018119,TRUE
115.488753341528,-32.53633,"SIMP",2024,-2.55454600555787,0.140604221850628,2.66015328069585,23.1143754133876,24.7330444918644,3.69111712871269,23.4062707398781,14.2916666666667,32.2083333333333,0.322580017770317,TRUE
115.510753341528,-32.53633,"SIMP",2024,-2.55801005496337,0.14050166495417,2.67235009015697,23.1157314819122,24.7341249753739,3.69062774310231,23.4108872857718,14.2916666666667,32.2083333333333,0.294707695986964,TRUE
115.532753341528,-32.53633,"SIMP",2024,-2.56148005061077,0.140393905545995,2.68490530885695,23.1171892729101,24.7352857294548,3.69010023688889,23.7512790178572,14.2916666666667,30.875,0.267280400668584,TRUE
115.554753341528,-32.53633,"SIMP",2024,-4.36602772188931,0.140291624425668,2.88482955636158,23.1126415069785,24.7373862609971,3.68931117209763,19.8420786030596,11.7916666666667,30.0624373466853,0.250212937668026,TRUE
115.576753341528,-32.53633,"SIMP",2024,-4.32185111958619,0.140199164758338,2.88996829863348,23.1141325142089,24.7384242616705,3.68883341583679,19.6237465205889,12.6666666666667,29.1666666666667,0.223961299562917,TRUE
115.598753341528,-32.53633,"SIMP",2024,-4.2779102858422,0.140114377299431,2.89369042211321,23.1155982200307,24.7394426843582,3.68835938327449,19.6042152705889,12.6666666666667,29.1666666666667,0.198940864136966,TRUE
115.620753341528,-32.53633,"SIMP",2024,-4.23600592008336,0.14004330352076,2.89536320270012,23.1169726480081,24.740394715491,3.68790824508507,19.6042152705889,12.6666666666667,29.1666666666667,0.175790871700953,TRUE
115.642753341528,-32.53633,"SIMP",2024,-4.19829554508865,0.139992570814182,2.89435117351045,23.1181783010087,24.7412254448076,3.68750269319296,19.5968784650334,12.6666666666667,28.9040393153253,0.155477471332351,TRUE
115.664753341528,-32.53633,"SIMP",2024,-4.16710908737639,0.139968405131538,2.89014979993045,23.1191337656928,24.7418773893981,3.68716701748773,20.3963660211065,12.6666666666667,30.0416666666667,0.139373945359976,TRUE
115.686753341528,-32.53633,"SIMP",2024,-4.14466158224661,0.139975314636395,2.88254828093686,23.1197649789691,24.7422986745073,3.68692424887058,22.6177289006787,14.2916666666667,30.3330857515984,0.129166613029306,TRUE
115.429517895489,-32.51433,"SIMP",2024,-2.54688776252143,0.140861668557488,2.63081025120122,23.1107815906639,24.7301892329241,3.69242895083298,23.4604239813377,14.2916666666667,32.2249624780577,0.398431565846639,TRUE
115.451517895489,-32.51433,"SIMP",2024,-2.55039416059223,0.140770828473841,2.64226438721875,23.1118985172125,24.7310814137297,3.69202992115519,23.4219999065448,14.2916666666667,32.2083333333333,0.369749751308653,TRUE
115.473517895489,-32.51433,"SIMP",2024,-2.55421615702985,0.140669683593016,2.65488680031854,23.113158269459,24.7320873270949,3.69157922542803,23.2653709059409,14.2916666666667,32.1708309796782,0.341251420169431,TRUE
115.495517895489,-32.51433,"SIMP",2024,-2.55833687167962,0.140557937884094,2.66866721626968,23.1145701310489,24.7332142931623,3.69107337427015,23.262107017052,14.2916666666667,32.1708309796782,0.312987842611413,TRUE
115.517517895489,-32.51433,"SIMP",2024,-2.56270426147859,0.140435936924401,2.68349818123367,23.1161375257198,24.7344649031603,3.69051088471436,23.8204977678572,14.2916666666667,30.9583333333333,0.285034582382501,TRUE
115.539517895489,-32.51433,"SIMP",2024,-2.56721176682742,0.140305055924619,2.69912111180177,23.1178540336602,24.7358337972779,3.68989363089908,22.5017130672015,14.2916666666667,30.837497547844,0.257506228915689,TRUE
115.561517895489,-32.51433,"SIMP",2024,-2.57167372254332,0.140168187464132,2.71505954545022,23.1196983816036,24.7373035952933,3.68922851167002,22.5105932755349,14.2916666666667,30.837497547844,0.230580899473564,TRUE
115.583517895489,-32.51433,"SIMP",2024,-4.28027645810013,0.140050671332914,2.90650196257734,23.1156807390977,24.7395220614384,3.6883818920591,19.5495628702266,12.6666666666667,29.1666666666667,0.213153764573869,TRUE
115.605517895489,-32.51433,"SIMP",2024,-4.2259036046237,0.139940349319651,2.9120814925958,23.1175062114034,24.7407930957148,3.68779738366994,19.4300932252128,12.6666666666667,29.1749896589714,0.187716498526519,TRUE
115.627517895489,-32.51433,"SIMP",2024,-4.17362350767056,0.139847281541301,2.91493902194205,23.11923017076,24.7419897359854,3.68723709155691,19.412002947435,12.6666666666667,28.6787260849984,0.164238777288887,TRUE
115.649517895489,-32.51433,"SIMP",2024,-4.12660951587498,0.139782067419807,2.91398570825308,23.1207367608259,24.74302951529,3.68673409708118,21.7550005966759,14.2916666666667,30.8333333333333,0.143880448854003,TRUE
115.671517895489,-32.51433,"SIMP",2024,-4.0883687634788,0.139754871220759,2.90832471979678,23.1219017993724,24.743824300152,3.68632443905269,21.7960058050092,14.2916666666667,30.8333333333333,0.128325555601187,TRUE
115.693517895489,-32.51433,"SIMP",2024,-4.06222960586954,0.139772725348788,2.89760389180017,23.1226136292595,24.7442955853675,3.68604217113275,21.5238785405165,14.2916666666667,30.7083333333333,0.119600611591539,TRUE
115.715517895489,-32.51433,"SIMP",2024,-4.05072004192036,0.13983696524332,2.88230424491754,23.1227966533065,24.7443916723749,3.6859135930049,16.092174365551,3.58785237350343,30.9130434782609,0.119262916052935,TRUE
115.43628244945,-32.49233,"SIMP",2024,-2.54856231163722,0.140864507205044,2.63285258966233,23.1104128460614,24.7299072043922,3.69258333736776,23.2690837035599,14.2916666666667,32.1708309796782,0.38911622440246,TRUE
115.45828244945,-32.49233,"SIMP",2024,-2.55264496277913,0.14076339123196,2.64585182009478,23.111622229301,24.7308744140267,3.69215340490961,23.199607017052,14.2916666666667,32.1708309796782,0.360409156410819,TRUE
115.48028244945,-32.49233,"SIMP",2024,-2.55720254946857,0.140648406251268,2.66049444403211,23.1130143207175,24.731987405027,3.69165790443119,23.1770028503853,14.2916666666667,32.1708309796782,0.331868582249943,TRUE
115.50228244945,-32.49233,"SIMP",2024,-2.56225281605122,0.140518399766277,2.67687546031596,23.1146088177168,24.733261879132,3.69108974064778,23.7978936011905,14.2916666666667,30.9583333333333,0.303539075992421,TRUE
115.52428244945,-32.49233,"SIMP",2024,-2.5677759416711,0.14037287280487,2.69498542374968,23.1164198895317,24.7347090946433,3.69044374325401,22.552095011646,14.2916666666667,30.875,0.275488541118425,TRUE
115.54628244945,-32.49233,"SIMP",2024,-2.57368382399017,0.140212583318115,2.71462425838771,23.118450151679,24.7363310024643,3.68971872755602,22.8402961453301,14.2916666666667,30.9583333333333,0.247824685164799,TRUE
115.56828244945,-32.49233,"SIMP",2024,-2.57977437927819,0.140040418621791,2.73527752239494,23.1206820994614,24.7381132924398,3.68892035425584,22.4395816241805,14.2916666666667,30.875,0.220724054093773,TRUE
115.59028244945,-32.49233,"SIMP",2024,-4.2347689776559,0.139876169521107,2.92685844699094,23.1174033392942,24.7407472993743,3.68788798205328,19.5277522573039,12.6666666666667,29.1749896589714,0.202178198159566,TRUE
115.61228244945,-32.49233,"SIMP",2024,-4.16623565743378,0.139728199449987,2.93549980665928,23.1197237198121,24.7423672051976,3.68715455617788,19.506776185444,12.6666666666667,29.1749896589714,0.176104856522759,TRUE
115.63428244945,-32.49233,"SIMP",2024,-4.09953713556636,0.13960167558648,2.94051137309717,23.1219394737726,24.7439096036911,3.68644423328188,22.0968146710375,14.2916666666667,30.9583333333333,0.152064056388407,TRUE
115.65628244945,-32.49233,"SIMP",2024,-4.03949695639216,0.139514518568519,2.93990897370909,23.1238704946945,24.7452455305573,3.68580673551922,22.1908995140327,14.2916666666667,30.9583333333333,0.13149462621891,TRUE
115.67828244945,-32.49233,"SIMP",2024,-3.99160531336484,0.139484563513064,2.93195500722938,23.1253184121796,24.7462331193461,3.68529721920999,21.757245765758,14.2916666666667,30.875,0.116545122665781,TRUE
115.70028244945,-32.49233,"SIMP",2024,-3.96105692058208,0.139523479941966,2.91600226582076,23.1261079249158,24.7467483561287,3.68496744972325,21.4761484680527,14.2916666666667,30.7083333333333,0.109714025004491,TRUE
115.72228244945,-32.49233,"SIMP",2024,-3.9515809829468,0.139630918316985,2.89320772234026,23.1261330931017,24.746719518345,3.68485590409713,17.1848929591932,3.625,30.9175695740463,0.112496845914434,TRUE
115.44304700341,-32.47033,"SIMP",2024,-2.70386739769776,0.146641750630209,2.63256094662726,23.1488515043545,24.7919415462258,3.70685315725398,22.844005654043,14.2916666666667,31.6666666666667,0.377022894375253,TRUE
115.46504700341,-32.47033,"SIMP",2024,-2.55454259147086,0.140771947100122,2.64779618891645,23.1110992077436,24.7304719847168,3.69236803372564,23.177185142052,14.2916666666667,32.1708309796782,0.351254852414208,TRUE
115.48704700341,-32.47033,"SIMP",2024,-2.55991645322258,0.140642820499196,2.66460229833482,23.1126139750431,24.7316846849633,3.69183181491054,23.8565741567461,14.2916666666667,30.9583333333333,0.322682655765066,TRUE
115.50904700341,-32.47033,"SIMP",2024,-2.56605733622446,0.140492778252446,2.68394691327313,23.1143950788266,24.7331103297116,3.69120080692348,22.6586633615856,14.2916666666667,30.8833235456141,0.294289618918803,TRUE
115.53104700341,-32.47033,"SIMP",2024,-2.57302097876377,0.140319625207528,2.70603700224194,23.1164760584443,24.7347758400678,3.69046326368563,22.5222714641563,14.2916666666667,30.875,0.266128407882539,TRUE
115.55304700341,-32.47033,"SIMP",2024,-2.58079383090623,0.140122430099156,2.73087809642362,23.1188792777915,24.7366992235403,3.68961145542807,22.6067822474551,14.2916666666667,30.875,0.238288438600888,TRUE
115.57504700341,-32.47033,"SIMP",2024,-2.58921737619631,0.139902973388071,2.75806398274552,23.1216018676786,24.7388782183234,3.68864646156313,22.632844596489,14.2916666666667,30.8833235456141,0.210929443005855,TRUE
115.59704700341,-32.47033,"SIMP",2024,-2.59786450548698,0.139667961343704,2.7864541831793,23.1245953519422,24.741273664559,3.68758480807,22.4622512346877,14.2916666666667,30.875,0.184345726526386,TRUE
115.61904700341,-32.47033,"SIMP",2024,-4.09823712484789,0.139465913660167,2.96601864531663,23.1222979535159,24.7442017019096,3.6864243097075,21.6163173992121,14.2916666666667,30.25,0.164012133244483,TRUE
115.64104700341,-32.47033,"SIMP",2024,-4.0109105974219,0.139285389341506,2.97519071822457,23.1252302236808,24.746251152018,3.68550277112776,21.7399494191396,14.2916666666667,30.25,0.139040836994281,TRUE
115.66304700341,-32.47033,"SIMP",2024,-3.93201373413522,0.139162372145266,2.97576160150239,23.1277833136611,24.748024244315,3.68467509201532,21.8029008080285,14.2916666666667,30.2541641687757,0.118011046082833,TRUE
115.68504700341,-32.47033,"SIMP",2024,-3.87052493378303,0.139131324767776,2.96397086753964,23.1296218815601,24.7492782429461,3.68402801105231,21.235345252473,14.2916666666667,29.4410172397401,0.103827651766089,TRUE
115.70704700341,-32.47033,"SIMP",2024,-3.83487415633549,0.139213376097999,2.93845239927618,23.130458052621,24.7498072269363,3.68364147133745,20.7525259338337,14.2916666666667,29.1666666666667,0.0996519454558576,TRUE
115.72904700341,-32.47033,"SIMP",2024,-3.83070567444726,0.139400881867419,2.9023042260535,23.130148148251,24.7495166627313,3.68357376959897,17.419724803451,3.625,30.9666569044275,0.106522312015972,TRUE
115.449811557371,-32.44833,"SIMP",2024,-2.70700228315969,0.146806118598595,2.62861175869737,23.1484314964022,24.7922098109388,3.70755904234552,22.9175907234875,14.2916666666667,31.6666666666667,0.36801123020742,TRUE
115.471811557371,-32.44833,"SIMP",2024,-2.70869075763525,0.146530857475797,2.64591114491273,23.1489536951763,24.7918422682724,3.70667360908354,23.5245932917098,14.2916666666667,30.8333333333333,0.339143343206209,TRUE
115.493811557371,-32.44833,"SIMP",2024,-2.56198000582836,0.140662708750139,2.66598501018317,23.1118366928538,24.7310827883203,3.69214385085252,23.0379505082528,14.2916666666667,30.9583333333333,0.313767341789866,TRUE
115.515811557371,-32.44833,"SIMP",2024,-2.56931200329524,0.140492724961272,2.6884501317884,23.113782713296,24.7326426977812,3.6914585071016,22.7061044092909,14.2916666666667,30.8833235456141,0.285330104586867,TRUE
115.537811557371,-32.44833,"SIMP",2024,-2.57797299436569,0.140289219479071,2.71510478276108,23.1161374175999,24.734530217594,3.69062925902166,22.6666251671411,14.2916666666667,30.8833235456141,0.25705951543533,TRUE
115.559811557371,-32.44833,"SIMP",2024,-2.58813408569269,0.140047532270646,2.74645190107783,23.1189624004937,24.7367952764528,3.68963541859307,22.418411787224,14.2916666666667,30.875,0.229007091813142,TRUE
115.581811557371,-32.44833,"SIMP",2024,-2.5998362714385,0.139765642724805,2.7825782985655,23.1222937393169,24.7394677134203,3.68846594456976,22.0572100964027,14.2916666666667,30.3330857515984,0.201284763848013,TRUE
115.603811557371,-32.44833,"SIMP",2024,-2.61277755712268,0.139448153878472,2.82256426173218,23.1261043730693,24.7425269048685,3.68713229997922,22.0949097491805,14.2916666666667,30.2916666666667,0.174143346177992,TRUE
115.625811557371,-32.44833,"SIMP",2024,-4.02254693458388,0.139138798021952,3.00661763072523,23.1252452323517,24.7463130947551,3.68561290490604,21.8583672935358,14.2916666666667,30.25,0.151373482203012,TRUE
115.647811557371,-32.44833,"SIMP",2024,-3.90479713625452,0.138864483360754,3.02442133117566,23.1292641914769,24.7491389007669,3.68438743008479,21.8320240719174,14.2916666666667,30.25,0.124879308434399,TRUE
115.669811557371,-32.44833,"SIMP",2024,-3.79764400017667,0.138676089931703,3.02865262538679,23.1327714177115,24.7515910867621,3.6832871663643,21.8387931691396,14.2916666666667,30.2541641687757,0.103027790331597,TRUE
115.691811557371,-32.44833,"SIMP",2024,-3.71643738974022,0.138649631541581,3.00991895526015,23.1351583351605,24.7532200036138,3.68244913798551,21.1010010118329,14.2916666666667,29.1666666666667,0.0901111455376361,TRUE
115.713811557371,-32.44833,"SIMP",2024,-3.67520820526898,0.138828936174332,2.9646707926644,23.1359318952803,24.7536645516584,3.6819914815935,18.2309236525135,5.125,31.6666666666667,0.09015692949509,TRUE
115.735811557371,-32.44833,"SIMP",2024,-3.68287256340689,0.139175551774941,2.9026657792024,23.1349246422985,24.7528278357082,3.68201179022171,17.8886660983879,4.12081801047365,31.8695652173913,0.102529319895249,TRUE
115.456576111331,-32.42633,"SIMP",2024,-2.71025401731796,0.147050580873859,2.62056574907321,23.1478436643128,24.7925921853849,3.70854856764131,23.630046567676,14.2916666666667,30.837497547844,0.359256300046211,TRUE
115.478576111331,-32.42633,"SIMP",2024,-2.71246180511946,0.146776967753879,2.63862399058827,23.1483494751478,24.7922333933962,3.70769028294008,22.6698322370313,14.2916666666667,30.9583333333333,0.330441576645992,TRUE
115.500576111331,-32.42633,"SIMP",2024,-2.71498689026787,0.146434329105518,2.66084584282659,23.1489888734428,24.791781111482,3.70660561159127,22.3486871495428,14.2916666666667,30.875,0.301722520843591,TRUE
115.522576111331,-32.42633,"SIMP",2024,-2.57127593163304,0.140536396989333,2.68805689364198,23.1125554101796,24.7316857538057,3.69193931593258,22.7172776537699,14.2916666666667,30.9583333333333,0.276806101852606,TRUE
115.544576111331,-32.42633,"SIMP",2024,-2.58171137841084,0.140304388315291,2.71931633440896,23.1151306322176,24.7337530262456,3.69103781291613,22.675029389881,14.2916666666667,30.875,0.248469572079988,TRUE
115.566576111331,-32.42633,"SIMP",2024,-2.59465810334472,0.140014283767357,2.75810118544839,23.1183757686666,24.7363590512899,3.68990355921072,22.1915802654848,14.2916666666667,30.2541641687757,0.220206037831686,TRUE
115.588576111331,-32.42633,"SIMP",2024,-2.61067634971512,0.139654676331332,2.80581779428819,23.1224156815657,24.7396065030092,3.688497260317,22.1434440185042,14.2916666666667,30.2916666666667,0.192022336014995,TRUE
115.610576111331,-32.42633,"SIMP",2024,-2.63011369787487,0.139220069274581,2.86297210586831,23.1273060843439,24.7435448363713,3.68680797249182,22.1923067902433,14.2916666666667,30.2916666666667,0.164029042690764,TRUE
115.632576111331,-32.42633,"SIMP",2024,-3.94384415549058,0.138735995571639,3.06085195941544,23.1284593363506,24.7486314546191,3.68476334720882,21.9107405574247,14.2916666666667,30.2541641687757,0.138275169826067,TRUE
115.654576111331,-32.42633,"SIMP",2024,-3.77994725678067,0.138284558255254,3.09794499704567,23.1342012166146,24.7527049872139,3.68309355901898,21.896892127473,14.2916666666667,30.2541641687757,0.109246155724305,TRUE
115.676576111331,-32.42633,"SIMP",2024,-3.62940192858439,0.137955847866138,3.11433607107793,23.139249321258,24.7562823294891,3.68161660578488,21.4213338671066,14.2916666666667,29.2624768168476,0.0860440833744216,TRUE
115.698576111331,-32.42633,"SIMP",2024,-3.51927641500968,0.137951049696833,3.08185000727141,23.1423924681123,24.7584343453427,3.68052874376845,21.2157436648119,14.2916666666667,29.1666666666667,0.0759671937767563,TRUE
115.720576111331,-32.42633,"SIMP",2024,-3.47135814289578,0.138385767341632,2.98784593504232,23.14278649501,24.7584999504081,3.67993662228729,17.8711880345586,4.93894545221203,30.9666569044275,0.0837535932651831,TRUE
115.742576111331,-32.42633,"SIMP",2024,-3.50294323644301,0.139069107087463,2.87179500909895,23.1403531203811,24.7565256084478,3.68009068643623,18.2975932981809,4.125,35.258324725174,0.103308562553525,TRUE
115.463340665292,-32.40433,"SIMP",2024,-2.84467923592575,0.149501443512623,2.59592881582566,23.0811755130213,24.7421029761541,3.736536076901,22.5278280099782,14.2916666666667,30.9583333333333,0.356631770860331,TRUE
115.485340665292,-32.40433,"SIMP",2024,-2.84862175040469,0.149226392551214,2.61810814415604,23.0824793454313,24.7425658481947,3.73554988952865,22.4717178603779,14.2916666666667,30.9583333333333,0.331795416976248,TRUE
115.507340665292,-32.40433,"SIMP",2024,-2.71945489282773,0.146824713517073,2.64701250217666,23.1480706553592,24.7923840761776,3.7081525941271,22.8929918747843,14.2916666666667,30.8833235456141,0.293550548353814,TRUE
115.529340665292,-32.40433,"SIMP",2024,-2.72327271444178,0.146397353060655,2.67586541948772,23.1488519805921,24.7918285503824,3.70682650473671,22.7896618627071,14.2916666666667,30.837497547844,0.265035974088097,TRUE
115.551340665292,-32.40433,"SIMP",2024,-2.72796744305891,0.145829126276218,2.71357665000795,23.1499000358076,24.7910849866186,3.7050480819016,22.0011801296153,14.2916666666667,29.3282494979059,0.236540569368462,TRUE
115.573340665292,-32.40433,"SIMP",2024,-2.59815981488088,0.140073050306023,2.75924487442532,23.1165446788922,24.7349283248088,3.69061547542914,22.202599287224,14.2916666666667,30.2916666666667,0.212337128720795,TRUE
115.595340665292,-32.40433,"SIMP",2024,-2.61892569739413,0.139632696895712,2.81972708093343,23.1212580151379,24.7387209099165,3.68898164609554,22.1936609569099,14.2916666666667,30.2916666666667,0.183717567462104,TRUE
115.617340665292,-32.40433,"SIMP",2024,-2.64699619268085,0.139047774481625,2.89991023618525,23.1274571639596,24.7437216196693,3.68685551170812,22.181234175509,14.2916666666667,30.25,0.154603275966136,TRUE
115.639340665292,-32.40433,"SIMP",2024,-2.68456209335009,0.138297591956758,3.00279478426347,23.1351900551977,24.7499945602068,3.68426666867334,22.1971652594462,14.2916666666667,29.3485428143895,0.124952484711219,TRUE
115.661340665292,-32.40433,"SIMP",2024,-3.64351758935353,0.137478235298452,3.21090269016816,23.1399993648719,24.7569421774847,3.68168361210891,21.7088120740597,14.2916666666667,30.0624373466853,0.0919715648748971,TRUE
115.683340665292,-32.40433,"SIMP",2024,-3.42850949770112,0.136769625153178,3.27328387975442,23.1476587151009,24.7625450192933,3.67983338593914,21.1890869726967,14.2916666666667,29.1666666666667,0.0662623892157841,TRUE
115.705340665292,-32.40433,"SIMP",2024,-3.28059804676166,0.136827581521126,3.21224733671724,23.1516380986002,24.7653271013227,3.67858449267206,20.9228076852571,14.2916666666667,28.625,0.0633317553463323,TRUE
115.727340665292,-32.40433,"SIMP",2024,-3.20535868731015,0.138132179276989,2.95628734728073,23.1509645687287,24.7641709273775,3.67726619144626,18.2316228387339,4.03552670804638,31.8695652173913,0.0883109779167236,TRUE
115.470105219252,-32.38233,"SIMP",2024,-2.83806503268386,0.149998075701986,2.55749969748609,23.0790550498128,24.7415070506218,3.73827415022782,22.6618713498534,14.2916666666667,30.9583333333333,0.347213144047929,TRUE
115.492105219252,-32.38233,"SIMP",2024,-2.84101621345762,0.14979220180833,2.57427047453103,23.0800558311105,24.7418766683579,3.73752833320376,22.7164532597913,14.2916666666667,30.9583333333333,0.324235178398112,TRUE
115.514105219252,-32.38233,"SIMP",2024,-2.84497425619542,0.14950994307477,2.59707190829256,23.0814004172658,24.7423539255734,3.73650912707379,22.6394457114821,14.2916666666667,30.9583333333333,0.297521896799005,TRUE
115.536105219252,-32.38233,"SIMP",2024,-2.85042472155437,0.149114566714445,2.62879838872858,23.0832532963809,24.7429898594412,3.7350854023593,22.2092973548568,14.2916666666667,30.7208112137696,0.269989253719154,TRUE
115.558105219252,-32.38233,"SIMP",2024,-2.85816250244889,0.148547513793907,2.67409619513038,23.0858812548601,24.7438709978715,3.73304792592945,22.2898763856539,14.2916666666667,30.25,0.242364960505513,TRUE
115.580105219252,-32.38233,"SIMP",2024,-2.74140267486632,0.145804058141256,2.73688028825357,23.1496160136405,24.7912164580811,3.70551396698433,22.3500698488182,14.2916666666667,29.3485428143895,0.201452625779892,TRUE
115.602105219252,-32.38233,"SIMP",2024,-2.61837510517341,0.139832266126828,2.80633564572671,23.1173874251663,24.7356560449154,3.69041310008313,22.5629639460404,14.2916666666667,30.25,0.17770314975071,TRUE
115.624105219252,-32.38233,"SIMP",2024,-2.65371975336061,0.139119701243033,2.90766814121497,23.1246476371655,24.7415002257223,3.68790049842996,22.4833171529935,14.2916666666667,30.25,0.147767610634112,TRUE
115.646105219252,-32.38233,"SIMP",2024,-2.70913462828522,0.138054392318518,3.06079817225852,23.1350870077976,24.749943926655,3.68436080253137,22.6707609684121,14.2916666666667,30.2541641687757,0.115207868212661,TRUE
115.668105219252,-32.38233,"SIMP",2024,-3.53535218202204,0.136563702673278,3.35934718368637,23.1453599017188,24.7608197787658,3.68029126277902,21.7749926296153,14.2916666666667,30.0624373466853,0.0747368640286912,TRUE
115.690105219252,-32.38233,"SIMP",2024,-3.24573961475679,0.134651489121753,3.59880560586308,23.1574665427321,24.7703461414841,3.67886297167955,21.3949447625518,14.2916666666667,28.625,0.0420244063805194,TRUE
115.712105219252,-32.38233,"SIMP",2024,-3.11211471661383,0.134693218966842,3.50232871249248,23.1603264520862,24.7730349328705,3.67950417655347,19.0128605210546,6.07183481548569,31.2914263824418,0.0486114264896255,TRUE
115.472080946168,-32.36033,"SIMP",2024,-2.82956125526144,0.150641582759108,2.50755326708066,23.0762847164092,24.7407166354101,3.74053716586549,23.0713170128106,14.2916666666667,30.9583333333333,0.342873990558825,TRUE
115.494080946168,-32.36033,"SIMP",2024,-2.83084376111407,0.150559417028856,2.51469100049245,23.076748566415,24.7409287473855,3.74022575192141,23.051482698197,14.2916666666667,30.9583333333333,0.319584226108111,TRUE
115.516080946168,-32.36033,"SIMP",2024,-2.83261302345064,0.150436662683115,2.52502286249863,23.0773939082353,24.7411948122095,3.73976660905574,22.9759097815304,14.2916666666667,30.9583333333333,0.29758900344,TRUE
115.538080946168,-32.36033,"SIMP",2024,-2.83513108901314,0.150249441700824,2.54037569072987,23.0783200182573,24.7415385211611,3.73907371804917,22.5607807054434,14.2916666666667,30.7208112137696,0.272120770247976,TRUE
115.560080946168,-32.36033,"SIMP",2024,-2.83885418563395,0.149955953932912,2.56394503664668,23.079700343695,24.742000917643,3.73799645545305,22.2372767048396,14.2916666666667,30.25,0.24613269295117,TRUE
115.582080946168,-32.36033,"SIMP",2024,-2.84462403984674,0.149479749986481,2.60160095645967,23.0818558137448,24.7426608407349,3.7362586268015,22.1627602710921,14.2916666666667,30.0416666666667,0.220329852174802,TRUE
115.604080946168,-32.36033,"SIMP",2024,-2.85409591963982,0.148675016040939,2.66468438297624,23.0854194366174,24.7436903084593,3.73332991052892,22.4558799872757,14.2916666666667,29.2624768168476,0.194107317791394,TRUE
115.626080946168,-32.36033,"SIMP",2024,-2.87071110024751,0.147256828839895,2.77597523761242,23.0917175306726,24.7455178016227,3.72815857185582,22.3790845895877,14.2916666666667,29.25,0.165890079637585,TRUE
115.648080946168,-32.36033,"SIMP",2024,-2.66866141151976,0.139075252462834,2.94313927482279,23.1222791455526,24.7395702889363,3.6886778501204,22.842791262293,16.5416666666667,30.25,0.124147345678119,TRUE
115.670080946168,-32.36033,"SIMP",2024,-2.74830777094364,0.13740604175209,3.19508904416486,23.1391899584043,24.7529574605825,3.68241762498904,23.0889783597165,17.5333164312701,30.2541641687757,0.0858242112684136,TRUE
115.692080946168,-32.36033,"SIMP",2024,-3.21292360287019,0.135212816722494,3.62190500728435,23.1595275957997,24.7693820060338,3.67284764004339,22.4380363235421,16.5652173913043,29.25,0.0423378970167044,TRUE
115.714080946168,-32.36033,"SIMP",2024,-2.75098328940273,0.137664240411238,3.03345459740122,23.1671983488981,24.7734828196239,3.66762327629387,19.6159636305156,3.625,33.5,0.0741656290540332,TRUE
115.736080946168,-32.36033,"SIMP",2024,-2.13728630104284,0.144290594608359,1.53764860947767,23.1681615643962,24.7725623847645,3.66376327335185,19.9762423082076,2.625,35.625,0.0671844540969459,TRUE
115.470074391896,-32.33833,"SIMP",2024,-2.78392120166696,0.172252673438449,1,22.9630837723316,24.6638511238276,3.78200863013294,22.8192825386042,14.2916666666667,30.9583333333333,0.340195880871504,TRUE
115.492074391896,-32.33833,"SIMP",2024,-2.78508541472103,0.172291160017214,1,22.9634534015678,24.6644627788021,3.78223118528847,22.8272524208506,14.2916666666667,30.9583333333333,0.312637632967751,TRUE
115.514074391896,-32.33833,"SIMP",2024,-3.00125937678812,0.168292763893873,1.71979736448249,23.0492079070634,24.7468950251656,3.77132875248887,22.5169190875173,14.2916666666667,30.875,0.270532756731447,TRUE
115.536074391896,-32.33833,"SIMP",2024,-2.99910282952653,0.168275638464276,1.71832494176174,23.0491019996782,24.746870379868,3.77143892068722,22.5743491901743,16.75,30.3330857515984,0.243616875019242,TRUE
115.558074391896,-32.33833,"SIMP",2024,-2.99560570243379,0.168226048723732,1.71724379779208,23.0489555307846,24.7467659205029,3.77152868478169,22.271066452079,16.5628608967197,30.25,0.217564213771437,TRUE
115.580074391896,-32.33833,"SIMP",2024,-2.98976841982553,0.168113690243909,1.71719732666785,23.0487423190513,24.7465002426704,3.77155770835791,22.2524137497843,16.5652173913043,30.25,0.192788419521989,TRUE
115.602074391896,-32.33833,"SIMP",2024,-2.97965335651267,0.167875291524858,1.71967705039218,23.048410911109,24.7458945007052,3.77142880158547,22.2313919351708,16.75,29.375,0.170012494480256,TRUE
115.624074391896,-32.33833,"SIMP",2024,-2.80647515918301,0.152054197751107,2.39774909369732,23.0702093283707,24.7387920425888,3.74524418307614,21.7402150998534,16.5628608967197,29.1666666666667,0.196279400919809,TRUE
115.646074391896,-32.33833,"SIMP",2024,-2.79746530187554,0.152007592499111,2.38916322788545,23.0686862814544,24.7368198972525,3.74504835286466,21.7166565681073,16.5628608967197,29.1666666666667,0.182058224004342,TRUE
115.668074391896,-32.33833,"SIMP",2024,-3.37791266031687,0.155062672088893,1.98462480265886,22.9879783850259,24.6742424984332,3.75761996415685,22.3529034607201,14.2916666666667,29.375,0.182751112703438,TRUE
115.690074391896,-32.33833,"SIMP",2024,-5.72257762480488,0.148806304934225,2.22384416858643,22.9299294549574,24.6017930033983,3.74298402351432,16.6484640323068,10.2083333333333,23.1666666666667,0.121009532717543,TRUE
115.712074391896,-32.33833,"SIMP",2024,-6.0348278072536,0.143403877524213,2,22.7803649884087,24.501856709862,3.74791250031493,18.0854625243955,10,27.9583333333333,0.0270382331731991,TRUE
115.734074391896,-32.33833,"SIMP",2024,-5.62303703965831,0.146348493111942,1.73349046906164,22.8985055838902,24.5846789522533,3.72855335490239,17.7747472107387,5.54166666666667,27.9873686428993,0.102664360176844,TRUE
115.468067924717,-32.31633,"SIMP",2024,-2.78378708814871,0.172243606954545,1,22.9626491074774,24.6630905546324,3.78160015235754,22.9660073002933,16.75,30.9583333333333,0.342453575465127,TRUE
115.490067924717,-32.31633,"SIMP",2024,-2.78502681832719,0.172282959177051,1,22.9629446872683,24.6635700493866,3.78174502959612,22.9381811594203,16.75,30.9583333333333,0.314793892654517,TRUE
115.512067924717,-32.31633,"SIMP",2024,-2.78662936984788,0.17233364806198,1,22.9633332942366,24.6642017346281,3.78194063578879,22.9753183768979,16.75,30.9583333333333,0.287671035766586,TRUE
115.534067924717,-32.31633,"SIMP",2024,-2.78876124076139,0.17240088953761,1,22.9638610019993,24.6650614449128,3.78221375555435,22.5205859644583,16.75,30.25,0.261286664121943,TRUE
115.556067924717,-32.31633,"SIMP",2024,-2.79169413950879,0.172493288063565,1,22.9646064148858,24.6662788712701,3.78261103714059,22.399283541451,16.75,29.25,0.235954413425756,TRUE
115.578067924717,-32.31633,"SIMP",2024,-2.79588501780785,0.172625643391896,1,22.9657114233499,24.6680888727667,3.78321876560663,22.4307738041322,16.75,29.25,0.212185578039119,TRUE
115.600067924717,-32.31633,"SIMP",2024,-2.80210174283308,0.17282413162505,1,22.9674480308454,24.6709438476275,3.78420778104228,22.7104076464372,17.4583333333333,29.375,0.190857681458596,TRUE
115.622067924717,-32.31633,"SIMP",2024,-2.81145372406018,0.173132983196898,1,22.9703627896961,24.6757609007864,3.78593982948645,22.5810991146912,17.4583333333333,29.25,0.173541703441914,TRUE
115.644067924717,-32.31633,"SIMP",2024,-2.8237677358918,0.173593271273496,1,22.9754997176895,24.6843333498797,3.78919725920271,22.6805681881901,17.4583333333333,29.25,0.162941710604491,TRUE
115.666067924717,-32.31633,"SIMP",2024,-3.46413091163801,0.172817028663378,1.16508639853991,22.9736661735169,24.7012007535989,3.80137255816058,23.3567912497125,16.9541623099152,29.375,0.147286248059208,TRUE
115.688067924717,-32.31633,"SIMP",2024,-2.96807129012306,0.1590129497974,1.30008116725108,22.9064223286452,24.6214649147359,3.78408300978988,23.2805118831953,17.4583333333333,29.25,0.0959799611847993,TRUE
115.710067924717,-32.31633,"SIMP",2024,-6.02416017234226,0.143692344960321,2,22.7812279399726,24.5024526761767,3.74858434198634,18.5143606423971,10.1666666666667,26.3698185309992,0.0254242232177245,TRUE
115.732067924717,-32.31633,"SIMP",2024,-4.89665340984806,0.138865000854463,2,22.7584102509926,24.4855801145557,3.73767980650019,19.1808480115457,6.98290004162026,29.4956271757147,0.119607749349773,TRUE
115.466093304414,-32.29433,"SIMP",2024,-2.78318467052862,0.172220830202518,1,22.9621249529478,24.6621865479958,3.78115178549274,23.3696566381988,17.4583333333333,30.9583333333333,0.34474002388088,TRUE
115.488093304414,-32.29433,"SIMP",2024,-2.78429709467156,0.172255167632178,1,22.9623050490806,24.6624669174349,3.78119841672742,23.5125082384403,17.4204860231876,30.9583333333333,0.316962166164981,TRUE
115.510093304414,-32.29433,"SIMP",2024,-2.78573638605531,0.172299208954532,1,22.9625368790081,24.662828134039,3.78126042457959,23.5282030603002,17.4583333333333,30.9583333333333,0.289669810260079,TRUE
115.532093304414,-32.29433,"SIMP",2024,-2.78766214273384,0.172357551168088,1,22.9628453106322,24.6633091848309,3.78134597389053,23.1061631297447,17.4204860231876,30.2916666666667,0.263033920753162,TRUE
115.554093304414,-32.29433,"SIMP",2024,-2.79035193782963,0.172438106742272,1,22.9632733915356,24.663977638084,3.78146967842963,22.9434510222567,16.8999298187328,30.25,0.237313989899519,TRUE
115.576093304414,-32.29433,"SIMP",2024,-2.79432860775688,0.172555606636995,1,22.9639018052331,24.6649603087646,3.78165995502318,22.757801565735,16.9541623099152,29.375,0.212923378518679,TRUE
115.598093304414,-32.29433,"SIMP",2024,-2.8006868720682,0.172740487564505,1,22.9648985995444,24.6665217471986,3.78197845792263,22.6252288431677,17.4583333333333,29.2624768168476,0.190565828886071,TRUE
115.620093304414,-32.29433,"SIMP",2024,-2.81208134476992,0.173065426696412,1,22.9666689005968,24.6693009143504,3.78258076570993,22.7390035297332,17.4583333333333,29.25,0.171570394709473,TRUE
115.642093304414,-32.29433,"SIMP",2024,-2.83650117698576,0.173745124629388,1,22.9704224776357,24.6752099044006,3.7839556557182,22.8067188075109,17.4583333333333,29.1666666666667,0.158967363290224,TRUE
115.664093304414,-32.29433,"SIMP",2024,-2.90759831390668,0.175661410605812,1,22.9811560711927,24.6921601243018,3.78822801476302,22.7504920940448,17.4583333333333,29.1666666666667,0.149006420546859,TRUE
115.686093304414,-32.29433,"SIMP",2024,-3.2459206723539,0.184017718211305,1,23.0239445045632,24.7592146743932,3.80552923075273,22.8914217495216,16.6666666666667,29.25,0.0866988154101117,TRUE
115.464138241126,-32.27233,"SIMP",2024,-2.52958886689176,0.170480947971468,1,23.004482996131,24.7137198333503,3.81090300853609,23.5906670045434,17.4583333333333,30.9583333333333,0.338209475734738,TRUE
115.486138241126,-32.27233,"SIMP",2024,-2.53273183947392,0.170522116475984,1,23.0041424586293,24.7133008948627,3.8105743233232,23.4379757303888,17.4583333333333,30.9583333333333,0.310708924915779,TRUE
115.508138241126,-32.27233,"SIMP",2024,-3.47501168867972,0.175089885176573,1,22.9029801634352,24.6481498907803,3.85124213630786,22.8862438966529,14.2916666666667,30.9583333333333,0.310749122521907,TRUE
115.530138241126,-32.27233,"SIMP",2024,-3.47193010592661,0.175058932315491,1,22.9029711362031,24.647854450123,3.85087089027836,22.4961176565735,14.2916666666667,29.4613860116658,0.285331880051127,TRUE
115.552138241126,-32.27233,"SIMP",2024,-3.46796281572739,0.175012064480647,1,22.9028766211372,24.6473691222459,3.85038794216404,22.4705010351967,14.2916666666667,30.25,0.260786929500245,TRUE
115.574138241126,-32.27233,"SIMP",2024,-3.46264356878176,0.174936705720805,1,22.90260263225,24.6465327696664,3.84973264991205,22.2732112556073,14.2916666666667,29.1749896589714,0.237304031463943,TRUE
115.596138241126,-32.27233,"SIMP",2024,-3.4550723753524,0.174805299658019,1,22.9019307123856,24.6449898961237,3.84878891921027,22.1467789315907,14.2916666666667,29.1666666666667,0.215047073824857,TRUE
115.618138241126,-32.27233,"SIMP",2024,-3.44316948960246,0.174548236143441,1,22.9002937699528,24.6418512454362,3.84729920947317,21.9931393417874,14.5164838361325,29.1666666666667,0.193960485857883,TRUE
115.640138241126,-32.27233,"SIMP",2024,-3.42040621162553,0.173949825082792,1,22.8959870904532,24.6344808679995,3.84453794084311,21.844143115942,14.2916666666667,29.1666666666667,0.172992068701722,TRUE
115.662138241126,-32.27233,"SIMP",2024,-3.35261563776737,0.172099026878025,1,22.8829272350267,24.6130573356103,3.83737471396131,21.8366753472222,14.2916666666667,28.6705173324555,0.146345854484958,TRUE
115.684138241126,-32.27233,"SIMP",2024,-2.95401396064654,0.163240919509105,1,22.7811391270397,24.4730930094249,3.82355747744171,21.2346966855734,16.3025156594232,25.25,0.133879934123835,TRUE
115.706138241126,-32.27233,"CSMC",2024,-3.38338319185976,0.170046320908259,1,22.5468861990518,24.2884393165445,3.99041941787598,22.0936380505691,11.8825153779709,30.0416666666667,0.179821857356692,TRUE
115.728138241126,-32.27233,"CSMC",2024,-3.52380171591095,0.172791242270377,1,22.5331006995817,24.2854681556915,4.01191544178567,17.2880552447351,5.125,31.1828620901005,0.169096082034141,TRUE
115.462203152537,-32.25033,"CSMC",2024,-1.74473319683348,0.135829032761586,1,23.0064450916163,24.703873939678,3.855109084632,24.3496943905279,17.4583333333333,30.875,0.305709397072441,TRUE
115.484203152537,-32.25033,"CSMC",2024,-1.74198727093689,0.135985910295083,1,23.0058794196424,24.7029041613557,3.85456050095479,24.1950259877502,17.4583333333333,30.875,0.277628128628689,TRUE
115.506203152537,-32.25033,"CSMC",2024,-3.03000265167033,0.166602411427786,1,22.9034290656676,24.632684888805,3.86858262996352,22.9529846589602,17.4583333333333,30.875,0.294687870940943,TRUE
115.528203152537,-32.25033,"CSMC",2024,-3.02680757074521,0.166517446074873,1,22.9031143591908,24.6323103171894,3.86871063667442,22.8118150808029,17.0707942797643,30.875,0.267543336569706,TRUE
115.550203152537,-32.25033,"CSMC",2024,-3.02368739465967,0.166405344326159,1,22.9025270555222,24.6316873848773,3.86894079155788,22.3438532752473,16.75,30.25,0.241036338930238,TRUE
115.572203152537,-32.25033,"CSMC",2024,-3.02136503219726,0.166252909604561,1,22.901427028329,24.6306151492324,3.86936159989317,22.0532106122038,16.75,29.1666666666667,0.215391115356351,TRUE
115.594203152537,-32.25033,"CSMC",2024,-3.02187824329325,0.166039031704326,1,22.8992942874082,24.6286732097256,3.8701678375621,21.549721282278,16.75,28.625,0.190963023044834,TRUE
115.616203152537,-32.25033,"SIMP",2024,-3.03135533676394,0.165732053478046,1,22.8948837537544,24.6249010085644,3.8718495900595,21.5532366592621,16.75,28.625,0.168435275850702,TRUE
115.638203152537,-32.25033,"CSMC",2024,-3.07046389909942,0.165302817349143,1,22.884829654071,24.616899510701,3.87591069131791,21.403913473013,16.75,28.625,0.149801485471546,TRUE
115.660203152537,-32.25033,"CSMC",2024,-2.92100437855123,0.15466262462571,1.02459767860586,22.729641791422,24.4708697538826,3.93800782718834,21.3261263029819,16.75,28.1666666666667,0.18585288473459,TRUE
115.682203152537,-32.25033,"CSMC",2024,-3.83402715840758,0.161820726305294,1.0189170304478,22.6026473159132,24.3813787018612,3.99944533450674,20.7806495437684,16.75,26.4583333333333,0.174635395818091,TRUE
115.704203152537,-32.25033,"CSMC",2024,-4.29515297966149,0.164805475399202,1.01333412138936,22.5997301751731,24.4090177566236,4.0374499542607,19.0226243863323,12.6666666666667,25.25,0.122540508660296,TRUE
115.726203152537,-32.25033,"CSMC",2024,-3.56563759844695,0.162347110085328,1.02738085089543,22.5191240282535,24.2891327596533,4.02860604251131,16.0692138486312,5.125,28.7080723095105,0.166980488746139,TRUE
115.748203152537,-32.25033,"CSMC",2024,-3.34860468310317,0.16071770516744,1.03352375654854,22.5058574661122,24.2642629763547,4.02050234225786,17.1567890512396,5.125,31.125,0.154852449700723,TRUE
115.460286418459,-32.22833,"CSMC",2024,-2.24957064333717,0.120522835278345,1,23.0641730544752,24.8101303543566,3.91801153573261,24.7319515614217,18.6160852488411,30.8833235456141,0.289554353564727,TRUE
115.482286418459,-32.22833,"CSMC",2024,-2.24901491254501,0.120524719948862,1,23.0641776410994,24.8101043177324,3.91799245852637,24.4523903985507,18.1583169839475,30.875,0.25966723960617,TRUE
115.504286418459,-32.22833,"CSMC",2024,-1.77361555250929,0.128025818211144,1,23.0684434193401,24.800255932246,3.91228547306074,24.0603901451432,17.4583333333333,30.9583333333333,0.232462182010153,TRUE
115.526286418459,-32.22833,"CSMC",2024,-1.76883805477656,0.128181419117772,1,23.0684798646745,24.8000561870305,3.91214669536677,24.0540811173654,17.4583333333333,30.9583333333333,0.203225472575845,TRUE
115.548286418459,-32.22833,"CSMC",2024,-2.0270319545311,0.128371303214811,1,23.064482849019,24.7981889007416,3.90877692006761,23.7970481312543,17.4583333333333,30.837497547844,0.173243098647787,TRUE
115.570286418459,-32.22833,"CSMC",2024,-2.00790797500225,0.128788528791803,1,23.0646848604784,24.7977283763555,3.90851452261186,23.4425680480072,17.4583333333333,30.2541641687757,0.144593592426825,TRUE
115.592286418459,-32.22833,"CSMC",2024,-1.97501532122598,0.129526360094111,1,23.065030266009,24.7969419820843,3.90806791675304,22.8181737027692,17.4583333333333,29.25,0.116990395009393,TRUE
115.614286418459,-32.22833,"CSMC",2024,-2.39248339867807,0.145821758646236,1.03162888062674,22.8085010631391,24.5588389968712,3.9795129104133,22.3040480054492,17.4583333333333,28.625,0.192398963025784,TRUE
115.636286418459,-32.22833,"CSMC",2024,-2.41765564761997,0.151624216676309,1.03220276209865,22.7655446490032,24.4988319734853,3.94523004857969,21.5026011131959,16.75,28.625,0.176164846699673,TRUE
115.658286418459,-32.22833,"CSMC",2024,-2.25880602128871,0.150935119494092,1.03244489515909,22.7903065907168,24.5235089366692,3.9499389071766,21.774526708434,17.4583333333333,28.625,0.15103202874168,TRUE
115.702286418459,-32.22833,"CSMC",2024,-2.34801278340514,0.143798379843711,1.11084941725244,22.4346999693055,24.1869170429138,4.065433664072,21.8203447007275,17.4583333333333,28.625,0.141971714385559,TRUE
115.724286418459,-32.22833,"CSMC",2024,-2.74924819991088,0.14313591348837,1.09570476151702,22.5180581666929,24.2753912271276,4.05124713698849,19.0652880180885,5.125,33.125,0.186375882392738,TRUE
115.746286418459,-32.22833,"CSMC",2024,-3.47456943335738,0.142419452691159,1.05424862336385,22.7305641285445,24.4905505388064,4.00957568623221,17.229563006338,5.125,30.2916666666667,0.19543817345245,TRUE
115.458402908631,-32.20633,"CSMC",2024,-2.2510730978307,0.120517073109113,1,23.0641582826902,24.8102095007681,3.91806914094816,24.4401982509489,17.5333164312701,30.9583333333333,0.291761439557103,TRUE
115.480402908631,-32.20633,"CSMC",2024,-2.25082132667964,0.120517775296086,1,23.0641597814887,24.8101996716782,3.918061830834,24.3327327575052,17.4583333333333,30.9583333333333,0.261829368458714,TRUE
115.502402908631,-32.20633,"CSMC",2024,-2.25041024077733,0.120519033426829,1,23.064162597359,24.81018214031,3.91804885870698,24.1157047317115,18.0284621006179,30.9583333333333,0.231922524096052,TRUE
115.524402908631,-32.20633,"CSMC",2024,-2.24973301473431,0.120521239959411,1,23.0641676904046,24.8101514879317,3.91802625680282,24.141102301156,17.4583333333333,30.9583333333333,0.202053060329173,TRUE
115.546402908631,-32.20633,"CSMC",2024,-2.24859242697488,0.12052512639637,1,23.0641768796372,24.8100976325863,3.91798665799902,23.9154023931734,17.4583333333333,30.9583333333333,0.172242517475729,TRUE
115.568402908631,-32.20633,"CSMC",2024,-2.24660501674706,0.120532124370164,1,23.0641938082076,24.8100008935764,3.91791572410012,23.8804805181734,17.4583333333333,30.9583333333333,0.142532896136117,TRUE
115.590402908631,-32.20633,"CSMC",2024,-2.04474157017365,0.127856050088455,1,23.0643084976463,24.7985798644768,3.90899038096926,23.2487755438377,17.4583333333333,30.8333333333333,0.117155833455728,TRUE
115.612402908631,-32.20633,"CSMC",2024,-2.01488935632531,0.12843659848693,1,23.0646350330447,24.7978315288191,3.90855836692973,22.6357326370917,17.4583333333333,29.2624768168476,0.0899683798990724,TRUE
115.634402908631,-32.20633,"CSMC",2024,-1.94358956079729,0.129956780629546,1,23.0653989406356,24.7960876401187,3.90756128358121,22.4672395815361,17.4583333333333,29.0458307350606,0.0672280882545024,TRUE
115.656402908631,-32.20633,"CSMC",2024,-1.64806666666756,0.13771352875074,1.02438783281125,22.938378858141,24.6618186066972,3.93526183084923,21.723319216198,16.75,28.625,0.143456843475508,TRUE
115.700402908631,-32.20633,"CSMC",2024,-1.7834376127998,0.144297008698604,1.0432291949156,22.8425303344648,24.5655413290961,3.95979133814814,21.7625618907436,17.4583333333333,28.625,0.138784942739342,TRUE
115.722402908631,-32.20633,"CSMC",2024,-3.14522027970097,0.137512982379468,1.06210440761569,22.7585399069629,24.4998635031687,3.99554086169187,17.1163764599737,5.125,31.1564647096648,0.1967644007184,TRUE
115.744402908631,-32.20633,"CSMC",2024,-4.50270351612286,0.131179350386751,1.01836771456846,23.0192406671344,24.7626139212538,3.94799224447217,19.6286473000907,5.125,36.2916666666667,0.11086717725594,TRUE
115.766402908631,-32.20633,"CSMC",2024,-4.38341693171664,0.1313881463583,1.0169690186176,23.0270228384452,24.7700889567734,3.94617710315692,18.0683172090013,5.11238369801593,36.2916666666667,0.11129432597752,TRUE
115.456558124163,-32.18433,"CSMC",2024,-2.25264716549785,0.120511085006816,1,23.0641430974234,24.8102918517853,3.91812916448014,25.1660883853088,19.3333333333333,31.2916666666667,0.294052105613676,TRUE
115.478558124163,-32.18433,"CSMC",2024,-2.25275785948606,0.12051039276105,1,23.0641410436014,24.8103011894806,3.9181358160141,25.0482141293564,19.3333333333333,31.2916666666667,0.264090977542516,TRUE
115.500558124163,-32.18433,"CSMC",2024,-2.25284398240981,0.120509733493504,1,23.0641389537658,24.8103100005107,3.91814202173024,24.8320195051903,19.3333333333333,31.2916666666667,0.234146366566324,TRUE
115.522558124163,-32.18433,"CSMC",2024,-2.25286975845962,0.120509222451832,1,23.0641370461911,24.8103166547157,3.91814655514247,24.7716011024126,18.0833333333333,31.2916666666667,0.204225835087823,TRUE
115.544558124163,-32.18433,"CSMC",2024,-2.25275672396244,0.120509128062684,1,23.0641358635778,24.8103173762165,3.9181465926584,24.6916931917845,18.0833333333333,31.2916666666667,0.174342553895098,TRUE
115.566558124163,-32.18433,"CSMC",2024,-2.25232035796338,0.120510109314677,1,23.0641368034324,24.8103029350519,3.91813526512733,24.2415864209512,17.4583333333333,30.9583333333333,0.144521854330698,TRUE
115.588558124163,-32.18433,"CSMC",2024,-2.25107934629802,0.120513939151024,1,23.0641437957491,24.8102486029342,3.91809425567997,23.3848054189671,17.4583333333333,30.9583333333333,0.114819936901464,TRUE
115.610558124163,-32.18433,"CSMC",2024,-2.24757461887662,0.120526094764264,1,23.0641696730601,24.8100784089199,3.91796764373506,23.0732600320623,17.4583333333333,30.2541641687757,0.0853921163586653,TRUE
115.632558124163,-32.18433,"CSMC",2024,-2.23634518802251,0.120567049729104,1,23.0642670887843,24.8095112402876,3.91755091369137,22.5494028892052,17.4583333333333,29.25,0.0568557366728782,TRUE
115.654558124163,-32.18433,"CSMC",2024,-2.19295910005953,0.120724242979455,1,23.0647042149769,24.8073729826917,3.91601232562194,22.5422518475385,17.4583333333333,29.2624768168476,0.0335161672476016,TRUE
115.676558124163,-32.18433,"CSMC",2024,-2.64311507924252,0.120936557666967,1,23.0624303267433,24.802734066703,3.91117507471011,22.3655808837273,17.4583333333333,28.625,0.0297233015094609,TRUE
115.698558124163,-32.18433,"CSMC",2024,-3.43674998756124,0.127404780223665,1,23.0646007045425,24.7978695057074,3.90852239382219,22.2125847135956,16.75,28.6581657499557,0.0570766253391287,TRUE
115.720558124163,-32.18433,"CSMC",2024,-4.34586502865834,0.132164384234321,1.02266756748326,22.9793948657747,24.722139479574,3.9493922266619,16.0254420529048,5.125,33.1623158408496,0.119948056627104,TRUE
115.742558124163,-32.18433,"CSMC",2024,-5.01562948260564,0.128837099044532,1.00319911338784,23.1099498053098,24.8542312264437,3.9316575457854,20.5111059674122,6.13333333333333,36.2916666666667,0.0276659018967358,TRUE
115.764558124163,-32.18433,"CSMC",2024,-4.61906816491521,0.129557809827386,1.00420876965552,23.0966084739405,24.835335555114,3.92141920987129,19.2558880551111,5.125,35.6911268049569,0.0415375894266137,TRUE
115.454761401799,-32.16233,"CSMC",2024,-2.25416725313317,0.120505354490246,1,23.0641287307273,24.8103707614483,3.91818676531145,25.0521586097452,19.3333333333333,31.2916666666667,0.296411098274684,TRUE
115.476761401799,-32.16233,"CSMC",2024,-2.25463746874117,0.120503293947716,1,23.0641232781181,24.8103989600149,3.91820720085228,24.9907951478749,19.3333333333333,31.2916666666667,0.266436573132578,TRUE
115.498761401799,-32.16233,"CSMC",2024,-2.2552267774104,0.120500714463521,1,23.064116428219,24.8104342455979,3.91823275984231,24.9648948502559,19.2135401410916,31.2916666666667,0.236473961705364,TRUE
115.520761401799,-32.16233,"CSMC",2024,-2.25598693293417,0.120497392009137,1,23.0641075654448,24.8104796701194,3.91826564217131,24.7804899913015,18.0833333333333,31.2916666666667,0.206528017546075,TRUE
115.542761401799,-32.16233,"CSMC",2024,-2.25700471120131,0.120492952159227,1,23.0640956507518,24.8105403281106,3.91830951475449,24.6930334695623,18.0833333333333,31.2916666666667,0.176606382271133,TRUE
115.564761401799,-32.16233,"CSMC",2024,-2.25843750558065,0.120486718760532,1,23.0640787823991,24.8106254039726,3.91837097500455,24.650106386229,17.5416666666667,31.2916666666667,0.146722129160729,TRUE
115.586761401799,-32.16233,"CSMC",2024,-2.26060327694355,0.120477334606445,1,23.0640530679233,24.8107532871002,3.91846319311993,24.2297499378163,17.4583333333333,30.9583333333333,0.116899466916299,TRUE
115.608761401799,-32.16233,"CSMC",2024,-2.26425423592215,0.120461622169046,1,23.0640091049894,24.8109668544517,3.91861672493656,24.1255363961496,17.4583333333333,30.9583333333333,0.0871879402519303,TRUE
115.630761401799,-32.16233,"CSMC",2024,-2.27169295596012,0.120430052911933,1,23.0639169606497,24.8113936199526,3.91892152492682,24.1233645211496,19.3333333333333,30.9583333333333,0.0577000784657832,TRUE
115.652761401799,-32.16233,"CSMC",2024,-2.29481364194852,0.120336637166618,1,23.0636040521641,24.8126318488242,3.9197846813674,24.0830607017052,19.3333333333333,30.9583333333333,0.0286116681319742,TRUE
115.674761401799,-32.16233,"CSMC",2024,-2.87426005305265,0.120250910674105,1,23.0588969110323,24.8110663539844,3.91631907060575,22.1492029406056,16.75,29.25,0.0230735200781334,TRUE
115.696761401799,-32.16233,"CSMC",2024,-4.52079401846454,0.12026718584027,1,23.0589807835329,24.8108685709248,3.91619696784904,16.9450923859127,10.2083333333333,27.7916666666667,0.0259271366424484,TRUE
115.718761401799,-32.16233,"CSMC",2024,-4.68934391509332,0.122292420223456,1,23.0762888785337,24.8225553617298,3.91726453771775,13.09935003052,4.84584504045186,26.2916666666667,0.056594256051197,TRUE
115.740761401799,-32.16233,"CSMC",2024,-4.78210904488858,0.130323863111612,1,23.0568162249993,24.755061086707,3.83571274333497,16.7926607754695,5.125,28.2083333333333,0.11899098249699,TRUE
115.762761401799,-32.16233,"CSMC",2024,-4.53623001121377,0.129613906795147,1,23.1005835155192,24.8231472804004,3.88447262972947,14.0446405720965,4.16666666666667,29.8413050218013,0.0557028717284206,TRUE
115.453101160005,-32.14033,"CSMC",2024,-2.2555163823563,0.120500326503044,1,23.0641162697934,24.8104400855461,3.91823744378294,25.163273570494,19.3333333333333,31.2916666666667,0.298715386747385,TRUE
115.475101160005,-32.14033,"CSMC",2024,-2.25628120709975,0.120497162038751,1,23.0641081507416,24.8104835470291,3.91826907293017,25.1981986697003,19.3333333333333,31.2916666666667,0.268742874073103,TRUE
115.497101160005,-32.14033,"CSMC",2024,-2.25727166440098,0.120493076397419,1,23.0640976974985,24.8105396780609,3.91830993753094,25.1656132767569,19.3333333333333,31.2916666666667,0.238781935389777,TRUE
115.519101160005,-32.14033,"CSMC",2024,-2.25859652192354,0.120487627917635,1,23.0640838146429,24.8106145675955,3.91836448839839,24.9268493663014,18.1583169839475,31.2916666666667,0.208836697664548,TRUE
115.541101160005,-32.14033,"CSMC",2024,-2.2604419337189,0.120480060022363,1,23.0640646525484,24.8107186625796,3.91844037575802,24.882334511229,18.9150616465498,31.2916666666667,0.178913372630012,TRUE
115.563101160005,-32.14033,"CSMC",2024,-2.26314837619378,0.12046898436672,1,23.0640368926793,24.8108711797273,3.91855171085389,26.595281683848,18.0833333333333,34.125,0.149021596222745,TRUE
115.585101160005,-32.14033,"CSMC",2024,-2.8361120925559,0.120818714039021,1,23.0226969827674,24.7236803283551,3.85443338574254,27.7640346456608,18.0833333333333,34.125,0.153356266765892,TRUE
115.607101160005,-32.14033,"CSMC",2024,-2.8249624735207,0.120790127680441,1,23.0237571919968,24.7262628222337,3.85633861174596,27.623628742883,18.0833333333333,34.125,0.129749908339769,TRUE
115.629101160005,-32.14033,"CSMC",2024,-2.80666812439049,0.120745952784394,1,23.0254298249959,24.7302917779187,3.85932187807854,27.5444811734386,19.3039766698734,34.125,0.108428588534275,TRUE
115.651101160005,-32.14033,"CSMC",2024,-2.78026019851311,0.120693639919918,1,23.0275706577516,24.735241301423,3.86303728618626,27.5975402012164,19.3333333333333,34.125,0.0917190967489578,TRUE
115.673101160005,-32.14033,"CSMC",2024,-3.48174264315063,0.119704921372651,1,23.0605129134983,24.8204092009143,3.92468237815191,26.8468108242754,17.5416666666667,34.125,0.0372116981738711,TRUE
115.695101160005,-32.14033,"CSMC",2024,-4.56956309121893,0.120882753455164,1,23.0190921361283,24.7165247830652,3.84876269803481,18.5202212466931,10.2083333333333,31.2916666666667,0.102529613550489,TRUE
115.717101160005,-32.14033,"CSMC",2024,-4.48220913847287,0.130633066968972,1,22.9230765133627,24.5294375311258,3.67296040936634,12.6582617028201,5.125,26.2916666666667,0.125265224360587,TRUE
115.739101160005,-32.14033,"CSMC",2024,-4.00810447253366,0.136928667470699,1,22.881835993889,24.4413486023796,3.57204828882172,11.0321264896441,2.73333333333333,26.2916666666667,0.0667791400712642,TRUE
115.451716109384,-32.11833,"CSMC",2024,-2.87180147123974,0.120922375734392,1,23.0189781691075,24.7144556752382,3.84766799537419,25.2444741542299,18.0833333333333,31.2916666666667,0.319141918706618,TRUE
115.473716109384,-32.11833,"CSMC",2024,-2.87299150735893,0.120927079795767,1,23.0188190295231,24.714047784691,3.8473719567247,25.2366269320077,18.0791625671101,31.2916666666667,0.291085376464391,TRUE
115.495716109384,-32.11833,"CSMC",2024,-2.87488067918945,0.120934263523773,1,23.0185745089973,24.7134232177742,3.84691816325048,26.7085965022573,18.9150616465498,34.125,0.263542246529045,TRUE
115.517716109384,-32.11833,"CSMC",2024,-2.87794553519859,0.120945553006317,1,23.0181882287545,24.7124394518839,3.84620272102845,26.4771100352973,18.0833333333333,34.125,0.236751650313339,TRUE
115.539716109384,-32.11833,"CSMC",2024,-2.88309706467751,0.120964020655546,1,23.0175534211799,24.7108269272063,3.84502905082597,27.7207210155711,17.5416666666667,34.125,0.211130909467266,TRUE
115.561716109384,-32.11833,"CSMC",2024,-2.8922217112236,0.120995950223276,1,23.0164511665153,24.7080337148992,3.84299447032859,27.6618747746291,17.5416666666667,34.125,0.187475530221367,TRUE
115.583716109384,-32.11833,"CSMC",2024,-2.90965116245979,0.121055576917966,1,23.014384054889,24.7028078386602,3.83918506758385,27.7982046357402,17.5416666666667,34.125,0.167483679651958,TRUE
115.605716109384,-32.11833,"CSMC",2024,-2.94677221655475,0.121179776182906,1,23.0100590687856,24.6919011076033,3.83122826825675,27.335800617883,17.5416666666667,34.125,0.155337371432375,TRUE
115.627716109384,-32.11833,"CSMC",2024,-3.03908967669897,0.12148187928656,1,22.9994869311688,24.6653135496012,3.81181477462122,27.2884464512164,17.5416666666667,34.125,0.16321358906009,TRUE
115.649716109384,-32.11833,"CSMC",2024,-3.31326234968858,0.122362511348082,1,22.9685222654428,24.5876470820454,3.75505687643349,27.0787447352341,17.5416666666667,33.125,0.178700839404054,TRUE
115.671716109384,-32.11833,"CSMC",2024,-3.99563230530108,0.124306552081279,1,22.9000073502847,24.4160173885209,3.62957974941662,26.8760719048338,16.5416666666667,34.125,0.0230454362083346,TRUE
115.693716109384,-32.11833,"CSMC",2024,-4.25413792296234,0.125237779318527,1,22.9128274197994,24.4598230500819,3.65385824407367,22.3593414908989,11.7916666666667,31.6666666666667,0.0703507901629889,TRUE
115.715716109384,-32.11833,"CSMC",2024,-4.29638198889967,0.131830078804653,1,22.8852808235672,24.4383216143765,3.58618158872936,12.2153702368208,3.26666666666667,24.9832256429066,0.075241405126912,TRUE
115.737716109384,-32.11833,"CSMC",2024,-4.02103338443623,0.135983117524604,1,22.8645957443741,24.4077591117122,3.54185628082168,13.5898789502949,3.625,27.2913926739807,0.0365563088875365,TRUE
115.759716109384,-32.11833,"CSMC",2024,-4.78862512847672,0.12493483882384,1,22.9052731271922,24.467372458414,3.54539679099074,17.3673725383362,6.13333333333333,27.9832367387581,0.012755571127939,TRUE
115.453002743748,-32.09633,"CSMC",2024,-2.88461907966774,0.120964084817903,1,23.0175174748584,24.7107837301119,3.84498649047893,26.8120121876438,18.0791625671101,34.125,0.318879855416407,TRUE
115.475002743748,-32.09633,"CSMC",2024,-2.88862103153063,0.120977858735653,1,23.0170401012576,24.7095766892261,3.84410666210183,26.7743173118674,19.2997515145463,33.125,0.291256175656536,TRUE
115.497002743748,-32.09633,"CSMC",2024,-2.89431896038079,0.120997292834379,1,23.0163654678312,24.707872418346,3.8428640380122,27.8500369877933,18.1583169839475,34.125,0.264353169308152,TRUE
115.519002743748,-32.09633,"CSMC",2024,-2.90269120685163,0.121025592761121,1,23.0153814411897,24.7053888483692,3.8410526751211,27.8761028845324,18.0791625671101,34.125,0.238549324516193,TRUE
115.541002743748,-32.09633,"CSMC",2024,-2.91547345977865,0.121068409090866,1,23.013890075415,24.70162845569,3.83830922908745,27.5168633766822,17.5416666666667,34.125,0.214521892114141,TRUE
115.563002743748,-32.09633,"CSMC",2024,-2.93591607697412,0.121136250411018,1,23.0115226325019,24.6956652966463,3.83395727842049,27.5618790771653,17.5416666666667,34.125,0.193563868185696,TRUE
115.585002743748,-32.09633,"CSMC",2024,-2.97045111596394,0.121249763068611,1,23.0075533129926,24.6856786706377,3.82666632655968,27.5681351912957,17.5416666666667,34.125,0.178291210213402,TRUE
115.607002743748,-32.09633,"CSMC",2024,-3.03229330126671,0.121451075520642,1,23.0004982785999,24.6679502889966,3.81371826110531,27.3889464512164,17.5416666666667,34.125,0.17409968276658,TRUE
115.629002743748,-32.09633,"CSMC",2024,-3.14709241883032,0.121821501191285,1,22.9874882651514,24.6352975054048,3.78986076806936,27.2746319563061,17.5416666666667,33.2237052840293,0.191018537574079,TRUE
115.651002743748,-32.09633,"CSMC",2024,-3.34153513471948,0.122444988979301,1,22.9655523354221,24.5802952071017,3.74966140327935,26.9016584257103,17.4204860231876,34.125,0.180534088633182,TRUE
115.673002743748,-32.09633,"CSMC",2024,-3.98217658079829,0.123017307233592,1,22.9453825969031,24.5297689577063,3.71272231615956,26.9388756531085,17.5416666666667,33.125,0.135093758488815,TRUE
115.695002743748,-32.09633,"CSMC",2024,-4.39536105080406,0.126775060123659,1,22.9030703079829,24.4492256340766,3.62159173022029,21.1338281681332,10.2083333333333,31.2916666666667,0.065369880461928,TRUE
115.717002743748,-32.09633,"CSMC",2024,-4.45464499042511,0.128982848494718,1,22.8959528016334,24.4516907259745,3.59268682264827,14.074349867202,5.125,25.2823846638304,0.0850310712467849,TRUE
115.739002743748,-32.09633,"CSMC",2024,-4.56743547746476,0.12834502304194,1,22.8945151811691,24.4527176980483,3.5631402159332,14.6564779882939,5.125,26.2916666666667,0.0518506317138918,TRUE
115.455315087304,-32.07433,"CSMC",2024,-2.8967285280306,0.121003321101525,1,23.016142094028,24.7073280495401,3.84246249620558,27.9508605838078,19.0643625636648,34.125,0.317417051010215,TRUE
115.477315087304,-32.07433,"CSMC",2024,-2.90307897468689,0.121024607960948,1,23.0154006141736,24.7054584822058,3.84109852043762,27.9254178754745,18.1583169839475,34.125,0.290232775493435,TRUE
115.499315087304,-32.07433,"CSMC",2024,-2.91176544357633,0.121053563502512,1,23.0143909395458,24.7029141991455,3.83924194221633,27.7801342100155,17.9910658407974,33.125,0.263951996182539,TRUE
115.521315087304,-32.07433,"CSMC",2024,-2.92392828132053,0.121093875953974,1,23.012983661768,24.6993702289681,3.83665536585846,27.8798546206435,17.9910658407974,34.125,0.239046804517041,TRUE
115.543315087304,-32.07433,"CSMC",2024,-2.94139026539917,0.121151411240419,1,23.0109727087537,24.6943094381386,3.83296093550154,27.56696927946,17.5416666666667,34.125,0.216324556583303,TRUE
115.565315087304,-32.07433,"CSMC",2024,-2.96707936112645,0.121235541943594,1,23.0080283618359,24.6869050415189,3.82755439201808,27.5180891466097,17.5416666666667,34.125,0.197192140576245,TRUE
115.587315087304,-32.07433,"CSMC",2024,-3.00554390883663,0.121360745279424,1,23.0036405266361,24.6758790672484,3.81950146392768,27.4877592854986,17.5416666666667,33.125,0.184037937808255,TRUE
115.609315087304,-32.07433,"CSMC",2024,-3.06286508752628,0.12154624312701,1,22.9971305550022,24.6595331733047,3.80756011529601,27.2218745373965,17.5416666666667,33.2237052840293,0.180380824702568,TRUE
115.631315087304,-32.07433,"CSMC",2024,-3.14289909370326,0.121803926619131,1,22.9880756107287,24.6368133719516,3.79095856153803,27.2802599540631,17.5416666666667,33.2237052840293,0.189313174019205,TRUE
115.653315087304,-32.07433,"CSMC",2024,-3.23303178801466,0.122092898715632,1,22.9779101899571,24.6113226147836,3.77232865607987,27.1749427956781,17.5416666666667,33.125,0.182032460307265,TRUE
115.675315087304,-32.07433,"CSMC",2024,-3.80079079008626,0.126479679672223,1,22.9131546384262,24.4697790916611,3.63493148581248,26.5189465024011,17.0707942797643,32.8999173601719,0.0701739949564249,TRUE
115.697315087304,-32.07433,"CSMC",2024,-4.52804838472631,0.127228983043195,1,22.906054896618,24.464551123372,3.61763146905841,20.1262157738095,10.2083333333333,31.2916666666667,0.0839330712862879,TRUE
115.719315087304,-32.07433,"CSMC",2024,-4.55654625111825,0.127903993355297,1,22.9020470100958,24.4627765341035,3.59826889223058,14.6988546914865,5.125,26.2916666666667,0.0782776416025956,TRUE
115.741315087304,-32.07433,"CSMC",2024,-4.61034111776027,0.127734520674375,1,22.9003825044593,24.4622660497556,3.58036865208196,15.1212479535717,5.125,26.2916666666667,0.0503304861432296,TRUE
115.45762743086,-32.05233,"CSMC",2024,-2.90727685382368,0.12103733099897,1,23.0149486817905,24.7043312983008,3.84027329543081,27.8906887088078,18.0791625671101,34.125,0.31598908625298,TRUE
115.47962743086,-32.05233,"CSMC",2024,-2.91518963466525,0.121063553332471,1,23.0140332220011,24.7020259620892,3.83859072062494,27.8849682226967,18.0791625671101,34.125,0.289181432544197,TRUE
115.50162743086,-32.05233,"CSMC",2024,-2.9255980987348,0.121097902229948,1,23.0128330464783,24.6990050586541,3.83638555213313,27.8697650976967,18.0791625671101,34.125,0.26339246993242,TRUE
115.52362743086,-32.05233,"CSMC",2024,-2.9394640760595,0.121143464690695,1,23.0112396413826,24.6949963674999,3.83345886392165,27.8205872595324,17.9910658407974,34.125,0.239113230739561,TRUE
115.54562743086,-32.05233,"CSMC",2024,-2.95811276089596,0.121204473078847,1,23.0091040437311,24.6896264577402,3.82953770897082,27.55143802946,17.5416666666667,33.2237052840293,0.217119890921703,TRUE
115.56762743086,-32.05233,"CSMC",2024,-2.9832419208319,0.121286316531842,1,23.0062362699462,24.6824194921783,3.82427418974103,27.5572852516822,17.5416666666667,33.125,0.19860581241555,TRUE
115.58962743086,-32.05233,"CSMC",2024,-3.01662132572359,0.121394554288257,1,23.0024397952653,24.6728840076286,3.81730880662106,27.5064658827208,17.5416666666667,33.125,0.185227832555492,TRUE
115.61162743086,-32.05233,"CSMC",2024,-3.05891727792129,0.12153113353763,1,22.9976444550754,24.6608463819296,3.80851412427498,27.2585906454883,17.5416666666667,33.125,0.178707352481154,TRUE
115.63362743086,-32.05233,"CSMC",2024,-3.10687370029703,0.121685378858217,1,22.9922237127625,24.6472460014009,3.79857601573232,27.3162929401743,17.5416666666667,33.125,0.179466499569706,TRUE
115.65562743086,-32.05233,"CSMC",2024,-3.7502887394438,0.126486110812925,1,22.9193177924798,24.4865871593373,3.64322848620942,27.2090047537814,17.5416666666667,33.125,0.0920929740262011,TRUE
115.67762743086,-32.05233,"CSMC",2024,-3.82019384856649,0.126857175722333,1,22.9148232040317,24.4789601733398,3.63193327678046,26.6644072835433,17.4583333333333,32.5373124291829,0.0778733632968004,TRUE
115.69962743086,-32.05233,"CSMC",2024,-4.60144416712343,0.127247798691596,1,22.9084533065112,24.4731383834339,3.61746620772636,20.303166005291,10.2083333333333,31.2916666666667,0.0954315004652728,TRUE
115.72162743086,-32.05233,"CSMC",2024,-4.61117335172724,0.127547049201768,1,22.9057385819544,24.4705676552197,3.60482253268627,15.6475058007939,5.125,27.9583333333333,0.0767095112867766,TRUE
115.74362743086,-32.05233,"CSMC",2024,-4.63255065711217,0.127581892038343,1,22.9041592086486,24.4693046459064,3.593973254264,15.6176059576419,5.125,27.9583333333333,0.0537289771727085,TRUE
115.459939774416,-32.03033,"CSMC",2024,-2.915793332184,0.121064643918438,1,23.0139892305798,24.7019234898589,3.83851399328795,28.3275450896452,17.5416666666667,35.2916666666667,0.314537524676574,TRUE
115.481939774416,-32.03033,"CSMC",2024,-2.92443188146733,0.121093089167956,1,23.0129948894995,24.6994213041933,3.83668732808906,27.83669218103,18.0791625671101,34.125,0.288020404222675,TRUE
115.503939774416,-32.03033,"CSMC",2024,-2.93534209848503,0.121128893344006,1,23.011742432085,24.6962708153658,3.83438709717119,27.8499994726967,18.0791625671101,34.125,0.262567517403481,TRUE
115.525939774416,-32.03033,"CSMC",2024,-2.94915323785742,0.121174060874544,1,23.0101612741677,24.6922951281423,3.83148399304477,27.8522998199189,18.0791625671101,34.125,0.238635694167096,TRUE
115.547939774416,-32.03033,"CSMC",2024,-2.96656476331922,0.121230803105511,1,23.0081733983363,24.6872989227389,3.82783519231052,27.8044761484213,17.9910658407974,34.125,0.216890790031601,TRUE
115.569939774416,-32.03033,"CSMC",2024,-2.98817777089344,0.121300989311561,1,23.0057125846128,24.6811167912576,3.8233196557001,27.60162552946,17.5416666666667,33.2237052840293,0.198248413142591,TRUE
115.591939774416,-32.03033,"CSMC",2024,-3.01408110362099,0.121384813716758,1,23.0027712415127,24.673730755037,3.8179239958937,27.5506915016822,18.0284621006179,33.125,0.183801338002711,TRUE
115.613939774416,-32.03033,"CSMC",2024,-3.04307825316905,0.121478320807968,1,22.9994875000473,24.6654886056495,3.81190206490281,27.52526615446,18.0284621006179,33.125,0.174467811992015,TRUE
115.635939774416,-32.03033,"CSMC",2024,-3.21860007918167,0.12574320891389,1,22.9526771687865,24.5666821262664,3.72452194313095,28.2404635499339,19.9166666666667,31.2916666666667,0.18461453428506,TRUE
115.657939774416,-32.03033,"CSMC",2024,-3.77259620693829,0.126728432472155,1,22.9193766284164,24.4897914506066,3.63978269407878,28.3619956634604,18.0833333333333,31.4166666666667,0.093960265267144,TRUE
115.679939774416,-32.03033,"CSMC",2024,-3.83177504752012,0.126991604273638,1,22.9159716309421,24.4841030767629,3.63071075908129,27.7642118092938,17.5416666666667,31.2916666666667,0.0833608537947719,TRUE
115.701939774416,-32.03033,"CSMC",2024,-4.64630893661332,0.127209639014732,1,22.9103837303529,24.4789340961892,3.61926895113024,21.0641402792809,10.2083333333333,31.2916666666667,0.102434096564874,TRUE
115.723939774416,-32.03033,"CSMC",2024,-4.64767211437875,0.127391946322161,1,22.9084006841421,24.4765306387282,3.61071490243231,15.6669973457073,5.125,26.2916666666667,0.0772271125894019,TRUE
115.745939774416,-32.03033,"CSMC",2024,-4.65605377749635,0.127471180880547,1,22.907093629919,24.4751854696536,3.60358664417034,15.6635390159031,5.125,26.2916666666667,0.0579126039209322,TRUE
115.462252117972,-32.00833,"CSMC",2024,-2.9221633166968,0.121084937819666,1,23.0132754193132,24.7001334222073,3.83720575102222,28.585417764047,17.9910658407974,35.2916666666667,0.313037035495835,TRUE
115.572252117972,-32.00833,"CSMC",2024,-2.98650849455354,0.121294524626302,1,23.0059323135117,24.6816784902841,3.82372766621782,27.5479449739044,18.0833333333333,33.125,0.196907440554412,TRUE
115.594252117972,-32.00833,"CSMC",2024,-3.0057537358282,0.121356711156203,1,23.0037497040942,24.6761984513359,3.81972420731486,28.455267973243,20.9911488141867,31.441580327154,0.181413433916228,TRUE
115.616252117972,-32.00833,"CSMC",2024,-3.17615452344801,0.125717690448613,1,22.9563926263897,24.5764440141201,3.7312610184301,28.1437273633397,20.5038696243689,31.2916666666667,0.200050627874582,TRUE
115.638252117972,-32.00833,"CSMC",2024,-3.74271517386257,0.126681502295661,1,22.9222711438728,24.4969994157283,3.64454982052914,28.0857652135812,19.2047344029972,31.2916666666667,0.112470090354162,TRUE
115.660252117972,-32.00833,"CSMC",2024,-3.78563962412345,0.12685292610454,1,22.9196062512556,24.4921077748282,3.63796629910858,28.1873428101996,19.4281745528417,31.2916666666667,0.0961958736241349,TRUE
115.682252117972,-32.00833,"CSMC",2024,-3.83352776722189,0.127041023992266,1,22.9169952394975,24.4877249294554,3.63083652387182,27.461232567144,17.5416666666667,31.2916666666667,0.0884041267521305,TRUE
115.704252117972,-32.00833,"CSMC",2024,-4.67704176385051,0.127173066842313,1,22.9119558063436,24.4832804011762,3.62163869493168,20.077653472647,10.2083333333333,31.2916666666667,0.102004855901413,TRUE
115.726252117972,-32.00833,"CSMC",2024,-4.6750919711556,0.127303000980273,1,22.910449927949,24.4812344500319,3.61556794849957,15.5985774661078,5.125,27.9583333333333,0.0787631800032539,TRUE
115.748252117972,-32.00833,"CSMC",2024,-4.6779301651172,0.127384027929414,1,22.9093891981348,24.4799911577785,3.61053861036242,15.4272137926888,5.125,26.2916666666667,0.0623971251840138,TRUE
115.464564461528,-31.98633,"CSMC",2024,-2.92654169517276,0.121098752125319,1,23.0127886217975,24.6989139013544,3.83631419095621,28.5931608196026,17.9910658407974,35.2916666666667,0.311492033399856,TRUE
115.486564461528,-31.98633,"CSMC",2024,-2.93476087110356,0.121125630854717,1,23.011847742574,24.6965480684316,3.83458664247492,28.593308389047,17.9910658407974,35.2916666666667,0.285330790624099,TRUE
115.508564461528,-31.98633,"CSMC",2024,-2.94436066301203,0.121156946535595,1,23.0107509737469,24.6937910587998,3.83257326563222,28.342527728534,17.5416666666667,35.2916666666667,0.260204646768648,TRUE
115.530564461528,-31.98633,"CSMC",2024,-2.95543162185478,0.121192969456639,1,23.0094886552177,24.6906188605268,3.83025646176337,27.8207928754745,18.0791625671101,34.125,0.236471078101827,TRUE
115.552564461528,-31.98633,"CSMC",2024,-2.96793146436657,0.121233535387431,1,23.0080663369016,24.6870457073497,3.82764655941961,28.5097471399097,20.9911488141867,31.6666666666667,0.214604670715425,TRUE
115.574564461528,-31.98633,"CSMC",2024,-2.98157979857906,0.121277707886701,1,23.0065166550009,24.6831538637364,3.82480358178573,28.537924223243,20.9911488141867,31.6666666666667,0.195203943625861,TRUE
115.596564461528,-31.98633,"CSMC",2024,-2.99573668464132,0.121323391068975,1,23.0049129717949,24.6791278032249,3.82186223168905,28.5228895010208,20.5416666666667,31.6666666666667,0.178958037781181,TRUE
115.618564461528,-31.98633,"CSMC",2024,-5.24090196355735,0.127290713462504,1.66361499181292,22.8668512645581,24.3573267959711,3.49014588894365,17.047328269921,10.2083333333333,28.8229881500245,0.179373101371938,TRUE
115.640564461528,-31.98633,"CSMC",2024,-5.25300253250004,0.127307056179847,1.66664709295458,22.8668242400398,24.357706162934,3.48897649300199,16.9350765338099,10.2083333333333,28.625,0.169263738905404,TRUE
115.662564461528,-31.98633,"CSMC",2024,-5.27100718204635,0.127331474363233,1.6717475111178,22.8667525334084,24.358143682344,3.48724198820165,16.8859619504765,10.2083333333333,28.625,0.164755198837796,TRUE
115.684564461528,-31.98633,"CSMC",2024,-5.29344042771814,0.127359446706747,1.67800836445051,22.8666751298065,24.3587086593885,3.48509671619438,16.3657432004765,10.2083333333333,28.1666666666667,0.16439142016573,TRUE
115.706564461528,-31.98633,"CSMC",2024,-5.3175650071931,0.127384560586042,1.68408776309719,22.8666406079032,24.3594562123615,3.48281701088718,16.1304077590083,10.2083333333333,25.5128354711934,0.147830865002397,TRUE
115.728564461528,-31.98633,"CSMC",2024,-5.34040123343029,0.127401788935243,1.68889602555839,22.8666766454234,24.3603667009062,3.48069413336007,15.725633614418,5.125,23.7916666666667,0.13581870289053,TRUE
115.750564461528,-31.98633,"CSMC",2024,-5.35997668105774,0.127410680798339,1.6922493044013,22.8667649229464,24.3613117725365,3.47890673448624,15.6420774140212,5.04166666666667,23.7916666666667,0.129589227155516,TRUE
115.466876805085,-31.96433,"CSMC",2024,-5.15262142379957,0.121417778971095,2.43651723825051,23.0115092915727,24.544558463402,3.56071126451915,17.8228143954098,10.2083333333333,30.875,0.362049046626795,TRUE
115.488876805085,-31.96433,"CSMC",2024,-5.18115607041993,0.121426665314943,2.45035467426242,23.0109081281811,24.5422401718767,3.55759804879198,17.7951776200475,10.2083333333333,30.875,0.339339200842885,TRUE
115.510876805085,-31.96433,"CSMC",2024,-5.21710060233994,0.121435222472776,2.46841256181876,23.010238493045,24.5394931719062,3.55374480841459,17.7891924559061,10.2083333333333,30.875,0.318174748901814,TRUE
115.532876805085,-31.96433,"CSMC",2024,-6.42878084559262,0.124709895831048,3.15537793852125,22.9865547238561,24.4403116488405,3.42444652652147,16.7595078981128,10.2083333333333,28.6333228035644,0.311514372243069,TRUE
115.554876805085,-31.96433,"CSMC",2024,-6.45126587784718,0.12471283625366,3.17036687697793,22.9863675083758,24.4394697404556,3.42264361160762,16.6493284999647,10.2083333333333,28.625,0.283304156284079,TRUE
115.576876805085,-31.96433,"CSMC",2024,-6.48176393391818,0.124719952895859,3.19103172483162,22.9861629157357,24.4383842263369,3.42020475317706,16.5407260694091,10.2083333333333,28.1666666666667,0.255111108923271,TRUE
115.598876805085,-31.96433,"MMP",2024,-6.52162586733477,0.124732845078015,3.21822798128704,22.9859101362729,24.4369803912237,3.41702253711213,17.4938178244989,10.2083333333333,29.9122966033446,0.226909411809604,TRUE
115.620876805085,-31.96433,"MMP",2024,-6.57153985431808,0.12475341188956,3.25226076429264,22.9855580133574,24.4351774116283,3.41304190985509,17.5077761578322,10.2083333333333,29.9122966033446,0.198730854022898,TRUE
115.642876805085,-31.96433,"MMP",2024,-6.63085103814799,0.12478361146487,3.29243260714003,22.9850420559028,24.432915528798,3.40831459849763,17.4610796616201,10.2083333333333,29.9122966033446,0.17075306734975,TRUE
115.664876805085,-31.96433,"MMP",2024,-6.69688921540867,0.124824928868908,3.3366903329072,22.9843134112064,24.4302092297362,3.40305359414732,17.4231317449534,10.2083333333333,28.7476881284674,0.14345361367497,TRUE
115.686876805085,-31.96433,"MMP",2024,-6.76472837027593,0.124877557270705,3.38167031110493,22.9833902036218,24.4272152656786,3.3976538449955,16.7475976663426,10.2083333333333,28,0.117871148077039,TRUE
115.708876805085,-31.96433,"MMP",2024,-6.97602650443549,0.124701025000565,3.39471191184463,22.9846902236443,24.4393278008034,3.38052110907035,15.4810980334649,5.95833333333333,24.3333333333333,0.0953941459753629,TRUE
115.730876805085,-31.96433,"MMP",2024,-6.97340652232103,0.124751871838956,3.37895253652446,22.9821179734888,24.4367398760814,3.380667923037,14.4144855946357,5.04166666666667,32.5083386557612,0.0853778496825447,TRUE
115.752876805085,-31.96433,"MMP",2024,-6.96087775374736,0.124797586445998,3.35756711448361,22.9801322716751,24.4352742527951,3.3816285299412,14.4318002820768,5.04166666666667,30.2916666666667,0.0865350811364403,TRUE
115.469189148641,-31.94233,"MMP",2024,-6.1441666158148,0.121996333459951,3.26076582911059,23.0461583170206,24.4991339828079,3.41424811256393,17.6874494430381,10.2083333333333,29.9122966033446,0.374847761140299,TRUE
115.491189148641,-31.94233,"MMP",2024,-6.166071803487,0.12197523410802,3.277520228861,23.0466467256274,24.4991637257906,3.41255186115097,17.6703140263715,10.2083333333333,29.9122966033446,0.347673427613996,TRUE
115.513189148641,-31.94233,"MMP",2024,-6.96744260873024,0.124315825352317,4,23.0646421129637,24.4970972922177,3.35272371700563,16.6420965266994,9.20833333333333,28,0.331715266878919,TRUE
115.535189148641,-31.94233,"MMP",2024,-6.97751512767061,0.124316998636817,4,23.0634768247022,24.4957446810502,3.35232412279804,17.5453571811334,10.2083333333333,28.625,0.305766157297061,TRUE
115.557189148641,-31.94233,"MMP",2024,-6.99057196792666,0.124322086042312,4,23.0619233465138,24.4939222829171,3.35178494455723,17.5106592644667,10.2083333333333,28.625,0.277635186233838,TRUE
115.579189148641,-31.94233,"MMP",2024,-7.00744159405549,0.124332922603793,4,23.0598616327503,24.491478442098,3.35105849267526,17.4388525815663,10.2083333333333,28.625,0.249669422473118,TRUE
115.601189148641,-31.94233,"MMP",2024,-7.02904386112992,0.124351964666516,4,23.057151170696,24.4882321619683,3.35008633156966,17.4385232164869,10.2083333333333,28.6333228035644,0.221870486908082,TRUE
115.623189148641,-31.94233,"MMP",2024,-7.05620571160063,0.124382256637829,4,23.0536523982915,24.483997987438,3.34880659800754,17.4036573705273,10.2083333333333,28.625,0.194267600188914,TRUE
115.645189148641,-31.94233,"MMP",2024,-7.08924001016505,0.124427057628998,4,23.0492820169358,24.4786543797462,3.34717632262306,17.4623726483051,10.1040758248527,28.8229881500245,0.166993177198379,TRUE
115.667189148641,-31.94233,"MMP",2024,-7.12720256407559,0.12448885709742,4,23.044118286752,24.4722784779312,3.34521795658145,17.3878743844162,9.20833333333333,28.6333228035644,0.140462302849912,TRUE
115.689189148641,-31.94233,"MMP",2024,-7.16698667366232,0.124567700668742,4,23.0385396116289,24.4653289095531,3.34308514271738,16.8016485659638,9.20833333333333,28,0.115733363984956,TRUE
115.711189148641,-31.94233,"MMP",2024,-7.20300741619123,0.124659408472867,4,23.0332920933607,24.4587426505073,3.3410993734192,15.9635913870317,5.95833333333333,30.2916666666667,0.0950944483461487,TRUE
115.733189148641,-31.94233,"MMP",2024,-7.22864287891314,0.124755014754245,4,23.0293115290647,24.4537142292708,3.33966962963001,15.3232230507182,5.95833333333333,35.4166666666667,0.082516825256661,TRUE
115.471501492197,-31.92033,"MMP",2024,-6.94217435106257,0.124292310064045,4,23.0677531481974,24.5007650410822,3.35376613016336,17.342596268435,9.20833333333333,28.625,0.37849188238215,TRUE
115.493501492197,-31.92033,"MMP",2024,-6.94700735648214,0.124284832138309,4,23.0672826269589,24.5002547594373,3.35361092611536,16.6420965266994,9.20833333333333,28,0.352338051029043,TRUE
115.515501492197,-31.92033,"MMP",2024,-6.95360487323661,0.124278264510441,4,23.0666021714816,24.4994994295753,3.35338522190976,16.6369134458913,9.20833333333333,28,0.327004165905344,TRUE
115.537501492197,-31.92033,"MMP",2024,-6.96263645460443,0.124273482188264,4,23.0656247433141,24.4983937470329,3.35305774257876,16.636001987558,9.20833333333333,28,0.302766621104535,TRUE
115.559501492197,-31.92033,"MMP",2024,-6.97503966929598,0.124271884516025,4,23.0642251287348,24.4967843280872,3.35258195820968,17.3713699426774,9.20833333333333,28.6333228035644,0.275415978297836,TRUE
115.581501492197,-31.92033,"MMP",2024,-6.99210725604127,0.124275675969227,4,23.0622250613719,24.4944495962241,3.3518889083551,17.1046876510107,9.20833333333333,28.2121790821904,0.247585541470156,TRUE
115.603501492197,-31.92033,"MMP",2024,-7.01555233410851,0.124288238395375,4,23.0593786143364,24.4910784478478,3.3508787762526,16.8767794281572,9.20833333333333,28.1666666666667,0.219813279675531,TRUE
115.625501492197,-31.92033,"MMP",2024,-7.0474437004039,0.124314497642409,4,23.0553716250267,24.4862643580673,3.3494163486007,16.7456075531572,9.20833333333333,28.1666666666667,0.191975108410507,TRUE
115.647501492197,-31.92033,"MMP",2024,-7.08974019552359,0.124360915668289,4,23.0498737596829,24.4795644391184,3.34734750070827,16.7072347627531,9.20833333333333,28.1666666666667,0.163952134952615,TRUE
115.669501492197,-31.92033,"MMP",2024,-7.14291266722386,0.124434252696026,4,23.0427228091144,24.4707299122112,3.34457661128234,16.5764235253794,9.20415899376329,28.1666666666667,0.135856204437273,TRUE
115.691501492197,-31.92033,"MMP",2024,-7.20322910391037,0.124538073619899,4,23.0343203704408,24.4602216582,3.34125267603279,16.0923456483953,9.1328310686155,25.1223752497948,0.108630450039642,TRUE
115.713501492197,-31.92033,"MMP",2024,-7.26002574660108,0.124667660531006,4,23.0260700323847,24.4498032897026,3.33799525713953,14.4945761115086,5.95833333333333,27.1898307999402,0.0851364995668815,TRUE
115.735501492197,-31.92033,"MMP",2024,-7.2979642936254,0.124807194849128,4,23.0201314836089,24.4422525791991,3.33579324397383,14.0116832802457,5.25,35.3416580782222,0.0710728401664465,TRUE
115.473813835753,-31.89833,"MMP",2024,-6.92861963692105,0.124262818280672,4,23.0695838648938,24.502973922468,3.3543688531762,17.0958468997481,9.20833333333333,28.2121790821904,0.374089797163522,TRUE
115.495813835753,-31.89833,"MMP",2024,-6.93160223613713,0.124250029185646,4,23.0693819724892,24.5027967455974,3.3543080143662,16.4895294496792,9.20833333333333,28,0.347701905144442,TRUE
115.517813835753,-31.89833,"MMP",2024,-6.93609347390464,0.124236875351744,4,23.0690154902773,24.5024345354197,3.35419525800852,16.5024153398307,9.20833333333333,28,0.322073860804905,TRUE
115.539813835753,-31.89833,"MMP",2024,-6.94280791039427,0.12422392608231,4,23.0683971420803,24.5017844924667,3.35400105464338,16.4664533764469,9.20833333333333,28,0.297471682202141,TRUE
115.561813835753,-31.89833,"MMP",2024,-6.95284332429091,0.124212284229971,4,23.0673887937743,24.500681576286,3.35367689099393,16.2126573695025,9.20833333333333,26.4578704886574,0.273892869695612,TRUE
115.583813835753,-31.89833,"MMP",2024,-6.96790213881471,0.124204020893756,4,23.0657689585787,24.498856819855,3.35314137059888,16.0261556333913,9.20415899376329,24.9339170395286,0.246470503464099,TRUE
115.605813835753,-31.89833,"MMP",2024,-6.99062193355817,0.124202942502193,4,23.063180843222,24.4958686345531,3.35225598039687,15.8983431333913,9.16666666666666,24.9339170395286,0.219085741733948,TRUE
115.627813835753,-31.89833,"MMP",2024,-7.02498884185528,0.124215839229253,4,23.0590589898639,24.4910011873601,3.3507863385865,15.806259800058,9.1328310686155,24.5290176226684,0.19140750237676,TRUE
115.649813835753,-31.89833,"MMP",2024,-7.07653911032944,0.124254056563207,4,23.0525676387535,24.4831667421632,3.34835797016548,16.4825172753794,9.16666666666666,28.1666666666667,0.162842872840927,TRUE
115.671813835753,-31.89833,"MMP",2024,-7.15111008993414,0.124333752683552,4,23.0427264539292,24.4710368507113,3.34448434441355,16.3681683170461,8.83333333333333,28.1666666666667,0.132688356678369,TRUE
115.693813835753,-31.89833,"MMP",2024,-7.24874829340683,0.124469947600049,4,23.0292528723704,24.454115602576,3.3389419741257,15.9889723845064,8.83333333333333,24.8124246581689,0.10126304715632,TRUE
115.715813835753,-31.89833,"MMP",2024,-7.34995209701552,0.124661411731604,4,23.0146263729513,24.4354885469569,3.33282226654668,12.8226504444472,5.25,26.3698185309992,0.0728597272201955,TRUE
115.737813835753,-31.89833,"MMP",2024,-7.41184997897196,0.124880867489162,4,23.0048552844878,24.4229546912845,3.32902994991216,11.5994862230941,5.04166666666667,16.7916666666667,0.0572719248750275,TRUE
115.476126179309,-31.87633,"MMP",2024,-7.28628414877929,0.124645912837298,4,23.1035481685208,24.5253479973921,3.32253248020801,16.5578662552348,9.20833333333333,28.0166237194576,0.374253784864844,TRUE
115.498126179309,-31.87633,"MMP",2024,-6.9136599512494,0.124214398010347,4,23.071767888767,24.5056621614783,3.35509056593684,16.3920502830126,9.20833333333333,28,0.342978009989647,TRUE
115.520126179309,-31.87633,"MMP",2024,-6.91499305212757,0.124193515206619,4,23.0718448844097,24.5058448495137,3.35513241447762,16.2407872621792,9.20415899376329,28,0.31695681483894,TRUE
115.542126179309,-31.87633,"MMP",2024,-6.91782187212227,0.124170415530225,4,23.0717838114971,24.5058857316223,3.35513762806273,15.9439105260681,8.83333333333333,24.9339170395286,0.291821376488462,TRUE
115.564126179309,-31.87633,"MMP",2024,-6.92312775623157,0.124145283983612,4,23.0714743525088,24.5056600484589,3.35507243763092,15.8160980260681,8.83333333333333,24.9339170395286,0.267916586581578,TRUE
115.586126179309,-31.87633,"MMP",2024,-6.93262138409283,0.12411897952153,4,23.0707153480989,24.5049349907384,3.35487149920829,15.7240146927348,8.83333333333333,24.5290176226684,0.245792519898105,TRUE
115.608126179309,-31.87633,"MMP",2024,-6.94937670624032,0.124093960086489,4,23.0691274685152,24.5032603710379,3.35440254856759,15.7600776662196,8.83333333333333,24.5290176226684,0.220279492871607,TRUE
115.630126179309,-31.87633,"MMP",2024,-6.97907108259976,0.124076444378987,4,23.0659703120031,24.4997317810889,3.35338441775778,15.7626920917247,8.83333333333333,24.5290176226684,0.193814479158808,TRUE
115.652126179309,-31.87633,"MMP",2024,-7.03232419131593,0.124081289153837,4,23.0597648079121,24.4924809198965,3.35119605920664,15.7506521611691,8.83333333333333,24.5290176226684,0.165991744659756,TRUE
115.674126179309,-31.87633,"MMP",2024,-7.12818441197162,0.124140803038663,4,23.0476461583688,24.4777505306448,3.34649257824965,15.7611643139469,8.83333333333333,24.3499508625112,0.134193619869681,TRUE
115.696126179309,-31.87633,"MMP",2024,-7.292279440242,0.12430598555917,4,23.0253711782299,24.4497242547467,3.33701026222501,15.4045808002384,8.83333333333333,21.408111955545,0.0955437522749339,TRUE
115.718126179309,-31.87633,"MMP",2024,-7.51066875549511,0.124594030672031,4,22.9940738221162,24.4093891392066,3.32284388053943,11.023990642286,5.22884740575021,14.875,0.0613540743564678,TRUE
115.740126179309,-31.87633,"MMP",2024,-7.62955876743537,0.12496881986845,4,22.9752455902149,24.3849332891149,3.3149818932653,10.9168396006193,5.04166666666667,14.875,0.0556291335934799,TRUE
115.478438522865,-31.85433,"MMP",2024,-7.28498519821667,0.124745924217197,4,23.1054155635071,24.5271099528966,3.3224080703413,16.3509680281725,9.16666666666666,28.0166237194576,0.371229037833647,TRUE
115.500438522865,-31.85433,"MMP",2024,-7.27667999455712,0.124695745195719,4,23.1057822242935,24.527843390505,3.32299907844719,16.2395870306977,9.16666666666666,28,0.345652656757898,TRUE
115.522438522865,-31.85433,"MMP",2024,-7.26639051442637,0.124629572350187,4,23.1061747168641,24.5286989030839,3.32374219374952,15.9952421232903,8.83333333333333,26.4578704886574,0.319674888083959,TRUE
115.544438522865,-31.85433,"MMP",2024,-7.25348080490611,0.124540760560617,4,23.1065822653413,24.5297018922894,3.32469259535671,15.8431327482903,8.83333333333333,26.2541638024675,0.294072961801348,TRUE
115.566438522865,-31.85433,"MMP",2024,-6.8865476446993,0.124076377585021,4,23.0763176684651,24.5114791260773,3.35667860509619,15.6789313594014,8.83333333333333,24.5290176226684,0.261053659746937,TRUE
115.588438522865,-31.85433,"MMP",2024,-6.88612976133306,0.124027348369246,4,23.0769541641107,24.5124802053877,3.35698416594508,15.6601205955126,8.83333333333333,24.5290176226684,0.237433125288982,TRUE
115.610438522865,-31.85433,"MMP",2024,-6.88922528238176,0.123968072285675,4,23.0773600167579,24.5133138645869,3.35727894725328,15.6808810121792,8.83333333333333,24.5290176226684,0.215696409600384,TRUE
115.632438522865,-31.85433,"MMP",2024,-6.90035021428432,0.12389725544473,4,23.0770748049447,24.5134917127577,3.35744970916244,15.6684070538459,8.83333333333333,24.5290176226684,0.196995456719623,TRUE
115.654438522865,-31.85433,"MMP",2024,-6.9305599198296,0.123818572485704,4,23.0748294599388,24.5115627531265,3.35709677331733,15.6488237205126,8.83333333333333,24.5290176226684,0.177560402751227,TRUE
115.676438522865,-31.85433,"MMP",2024,-7.00972098495475,0.12376100646854,4,23.0666842450972,24.5026563562993,3.35464005154137,15.5898330323812,9.16666666666666,23.1301127558452,0.150770069541769,TRUE
115.698438522865,-31.85433,"MMP",2024,-7.23043175890146,0.123861913263833,4,23.0385754574676,24.4681160425236,3.34314450868445,15.4790981613495,9.16666666666666,21.7083333333333,0.105483692106644,TRUE
115.720438522865,-31.85433,"MMP",2024,-7.82733381757326,0.124268959664867,4,22.9536589266296,24.3570742764148,3.3012570226745,11.093532015843,5.25,14.875,0.0826770324215744,TRUE
115.742438522865,-31.85433,"MMP",2024,-8.13924454073819,0.124824038141973,4,22.9058028194184,24.2937407765909,3.27821140031159,11.5393191253568,5.04166666666667,18.7083333333333,0.135961063402462,TRUE
115.480425432354,-31.83233,"MMP",2024,-7.62601194260162,0.129714934904589,4,23.1945146275616,24.6303280709454,3.35594289079266,16.0613347421876,8.83333333333333,28,0.374752018772483,TRUE
115.502425432354,-31.83233,"MMP",2024,-7.6136469643975,0.129650456562972,4,23.1948247583951,24.6309207799798,3.35632939036224,15.8130343949654,8.83333333333333,26.4578704886574,0.348420842863081,TRUE
115.524425432354,-31.83233,"MMP",2024,-7.59749894443658,0.129565944777377,4,23.1952464890359,24.6317247155389,3.35685734369626,15.7423312699654,8.83333333333333,26.4578704886574,0.322544270009176,TRUE
115.546425432354,-31.83233,"MMP",2024,-7.57583175457575,0.129452072439826,4,23.195836119617,24.6328461204084,3.35759840089078,15.6556168602432,8.83333333333333,26.2541638024675,0.297152792995119,TRUE
115.568425432354,-31.83233,"MMP",2024,-7.23320205423246,0.124653307845416,4,23.1112933229853,24.5348927914047,3.32559542644603,15.6569420917247,8.83333333333333,24.9339170395286,0.265297451953117,TRUE
115.590425432354,-31.83233,"MMP",2024,-7.20616645040212,0.124526012632543,4,23.1130573469743,24.5377800545576,3.32742873110583,15.651359705361,8.83333333333333,24.9339170395286,0.240345998143553,TRUE
115.612425432354,-31.83233,"MMP",2024,-7.1669599535715,0.124327622257235,4,23.1154486181623,24.5418514920175,3.33014889856445,15.651359705361,8.83333333333333,24.9339170395286,0.215596135086716,TRUE
115.634425432354,-31.83233,"MMP",2024,-6.79349969072571,0.1237175577507,4,23.0910112134298,24.5301724069454,3.36208018789312,15.5471843581388,8.83333333333333,24.5290176226684,0.180405045128378,TRUE
115.656425432354,-31.83233,"MMP",2024,-6.76482017013054,0.123515365186661,4,23.0971352932046,24.5387236484913,3.36496570924649,15.6071172811186,8.83333333333333,24.5290176226684,0.156903453844739,TRUE
115.678425432354,-31.83233,"MMP",2024,-6.72910118703148,0.123162622347115,4,23.1070151347277,24.5534690988979,3.37058415731596,15.4975300020782,9.16666666666666,22.0227621704906,0.133317824989746,TRUE
115.700425432354,-31.83233,"MMP",2024,-6.67947233788981,0.122376341272086,4,23.1277051531058,24.5867019132055,3.38481585231741,15.2791153646323,9.1328310686155,21.2583193216144,0.108024950392251,TRUE
115.722425432354,-31.83233,"MMP",2024,-6.86309106379321,0.12251921481226,4,23.1112547311471,24.5726038532459,3.38539929178519,10.8137185726311,6.11563708206144,14.875,0.127404780115421,TRUE
115.744425432354,-31.83233,"MMP",2024,-7.39554949938109,0.132718895008561,4,22.9648925662193,24.3818296876629,3.35523360598079,11.5011169059905,5.95833333333333,14.875,0.0149460529630702,TRUE
115.481969404803,-31.81033,"MMP",2024,-7.75457611026343,0.118676950575815,4,23.1837194553557,24.6208491980889,3.34884003168168,15.9203996096119,8.83333333333333,24.9378797444006,0.376663105884428,TRUE
115.503969404803,-31.81033,"MMP",2024,-7.64992184955961,0.129855640110506,4,23.1933845386148,24.6281997953707,3.35451024471468,15.7296058911775,8.83333333333333,26.4578704886574,0.348313917893418,TRUE
115.525969404803,-31.81033,"MMP",2024,-7.64149384056372,0.129815395088274,4,23.1934859612771,24.6283981158323,3.35463469599829,15.6378263772886,8.83333333333333,26.2541638024675,0.323007578343171,TRUE
115.547969404803,-31.81033,"MMP",2024,-7.63017364732716,0.129761225392975,4,23.1936395650263,24.628694465318,3.35482763168825,15.5840676967331,8.83333333333333,26.2541638024675,0.298409608300179,TRUE
115.569969404803,-31.81033,"MMP",2024,-7.61436738058151,0.129685435591641,4,23.1938798269553,24.6291526482082,3.35513540877384,15.5463337952179,8.83333333333333,26.2541638024675,0.274613880817374,TRUE
115.591969404803,-31.81033,"MMP",2024,-7.59118339893285,0.129574071727904,4,23.1942719565431,24.6298928766417,3.35564627488789,15.5463337952179,8.83333333333333,26.2541638024675,0.251661523474571,TRUE
115.613969404803,-31.81033,"MMP",2024,-7.5549302478501,0.129399717487499,4,23.1949484735419,24.6311585460676,3.35654072526536,15.5363337952179,8.83333333333333,26.2541638024675,0.229417767375479,TRUE
115.635969404803,-31.81033,"MMP",2024,-7.4931999242632,0.129102859877452,4,23.1962018417232,24.6334849120859,3.35821980902187,15.4474283343594,8.83333333333333,24.9339170395286,0.207231497462313,TRUE
115.657969404803,-31.81033,"MMP",2024,-7.37535409857591,0.128538089611895,4,23.1987292038544,24.6381430974305,3.36164785321372,15.4811088899149,8.83333333333333,24.9339170395286,0.1829476483916,TRUE
115.679969404803,-31.81033,"MMP",2024,-7.11610135422685,0.127313328565919,4,23.2041315520771,24.6480294389521,3.36909027092309,15.2283738836018,8.83333333333333,21.8041359233085,0.150090695694265,TRUE
115.701969404803,-31.81033,"MMP",2024,-6.37416177439238,0.124514909766776,4,23.2002334835708,24.6547861008955,3.39312104018924,15.4620453302107,9.20833333333333,21.7166529370978,0.0820977084275605,TRUE
115.723969404803,-31.81033,"MMP",2024,-6.10724364869164,0.123439572348376,4,23.2001492361836,24.6521266050843,3.38949436285849,11.0379470215548,8.58333333333333,14.875,0.0578420295584297,TRUE
115.483500257867,-31.78833,"MMP",2024,-7.82774841843484,0.118409385803568,4,23.181860236427,24.6177890353689,3.34706272832357,15.8409299126422,8.83333333333333,24.9378797444006,0.371646009512706,TRUE
115.505500257867,-31.78833,"MMP",2024,-7.82510685151539,0.118462267643248,4,23.1817239024614,24.6174939162838,3.34683470939236,15.7262424126422,8.83333333333333,24.5290176226684,0.346102851256321,TRUE
115.527500257867,-31.78833,"MMP",2024,-7.8205511966606,0.118539415281115,4,23.1815598602953,24.6171265448944,3.3465413484816,15.7160253987533,8.83333333333333,24.5290176226684,0.321348370106854,TRUE
115.549500257867,-31.78833,"MMP",2024,-8.85982464175231,0.124775433984024,4,23.1558217925408,24.5642019992347,3.31977906520741,15.6085444959755,8.83333333333333,26.2541638024675,0.253080385110862,TRUE
115.571500257867,-31.78833,"MMP",2024,-8.84323853421414,0.124950771740649,4,23.1557977145107,24.5640035628562,3.31950371047105,15.6108740414301,8.83333333333333,26.2541638024675,0.226082574880049,TRUE
115.593500257867,-31.78833,"MMP",2024,-8.81776611654857,0.125240169548034,4,23.1557840770391,24.5637220298397,3.31910188115914,15.6192594580967,8.83333333333333,26.2541638024675,0.199892964513341,TRUE
115.615500257867,-31.78833,"MMP",2024,-7.70903397328798,0.130255721627994,4,23.1890619625012,24.6200749879441,3.34904209409263,15.4213696222381,8.83333333333333,24.9339170395286,0.238142756141998,TRUE
115.637500257867,-31.78833,"MMP",2024,-7.72718860783032,0.130398294400634,4,23.1873037120808,24.6167462706858,3.34686036915205,15.4391671285513,8.83333333333333,24.9339170395286,0.218703031762882,TRUE
115.659500257867,-31.78833,"MMP",2024,-7.76558320543813,0.13068403550596,4,23.1841285657389,24.6107091737087,3.3429534215899,15.4705536500159,8.83333333333333,24.9339170395286,0.1988954555147,TRUE
115.681500257867,-31.78833,"MMP",2024,-7.85532804136252,0.13131186982406,4,23.178013926625,24.5990213095311,3.33550525912414,15.1275738520361,8.83333333333333,21.8041359233085,0.175039849037224,TRUE
115.703500257867,-31.78833,"MMP",2024,-8.11551056974774,0.13288115109099,4,23.1687161995173,24.5807256445693,3.32483361768796,15.2582313421155,9.16666666666666,22.0227621704906,0.140405512057427,TRUE
115.725500257867,-31.78833,"MMP",2024,-9.38431443573386,0.139060270058397,4,23.178847188341,24.5931410043402,3.34610139367963,11.2387257282648,8.58333333333333,14.875,0.0897586093196652,TRUE
115.485006069101,-31.76633,"MMP",2024,-8.93031074600939,0.124172405658364,4,23.1554821490297,24.5642208683701,3.32009397622455,15.6557146348644,8.83333333333333,24.9339170395286,0.335087894645377,TRUE
115.507006069101,-31.76633,"MMP",2024,-8.93448465158018,0.124133356758252,4,23.1553638904987,24.5640645772224,3.31995316280104,15.6536833848644,8.83333333333333,24.9339170395286,0.306762687204617,TRUE
115.529006069101,-31.76633,"MMP",2024,-8.93977529963164,0.124092896418252,4,23.1552136869117,24.5638593269733,3.31976628184133,15.60033269042,8.83333333333333,24.9339170395286,0.27877633047008,TRUE
115.551006069101,-31.76633,"MMP",2024,-8.94663674120621,0.12405400220902,4,23.1550172357022,24.5635804586538,3.31950932837437,15.60033269042,8.83333333333333,24.9339170395286,0.251231412293375,TRUE
115.573006069101,-31.76633,"MMP",2024,-8.95577088825999,0.124023880224195,4,23.1547506094872,24.5631849775309,3.31913991445145,15.6041868570866,8.83333333333333,24.9339170395286,0.224269115628554,TRUE
115.595006069101,-31.76633,"MMP",2024,-8.96828725220837,0.124020040031666,4,23.1543708931848,24.5625921251348,3.31857726954866,15.5050991045614,8.83333333333333,24.5290176226684,0.198080170291552,TRUE
115.617006069101,-31.76633,"MMP",2024,-8.98594569761927,0.124087033753947,4,23.1537937192203,24.5616349174488,3.31765166767848,15.4859324378947,8.83333333333333,24.5290176226684,0.172900404036711,TRUE
115.639006069101,-31.76633,"MMP",2024,-9.01137525940769,0.124347362904758,4,23.1528306834008,24.5599211584618,3.3159575324912,15.5095111942078,8.83333333333333,24.5290176226684,0.148917419584623,TRUE
115.661006069101,-31.76633,"MMP",2024,-9.04743018782291,0.125170078367519,4,23.1509738900649,24.5563573060303,3.31234659346496,15.5424775767836,8.83333333333333,24.9339170395286,0.125749642805742,TRUE
115.683006069101,-31.76633,"MMP",2024,-9.09233582248442,0.127679749850917,4,23.1464225192719,24.5471796648234,3.3028489459762,15.1308884038038,8.83333333333333,21.8041359233085,0.100011686150759,TRUE
115.705006069101,-31.76633,"MMP",2024,-9.1062836526504,0.133419740459264,4,23.1318931511406,24.5193168113888,3.27386938351617,15.2072573837821,8.83333333333333,23.1301127558452,0.0581050843512635,TRUE
115.727006069101,-31.76633,"MMP",2024,-9.2615183379493,0.135946100184844,4,23.1373528215372,24.5266345442455,3.2814682879933,11.2938828703377,8.58333333333333,14.875,0.0703536500769986,TRUE
115.486476640131,-31.74433,"MMP",2024,-8.9763713145586,0.123765074929411,4,23.1550832815126,24.5639547826986,3.32001864102153,15.6528500515311,8.83333333333333,24.9339170395286,0.333396752756257,TRUE
115.508476640131,-31.74433,"MMP",2024,-8.99028466554572,0.123633099288628,4,23.154886494482,24.5637566939492,3.31987744672088,15.6508188015311,8.83333333333333,24.9339170395286,0.305161979244785,TRUE
115.530476640131,-31.74433,"MMP",2024,-9.00864704750439,0.123464221683402,4,23.1546335917097,24.5635024576994,3.31969774391537,15.6474854681977,8.83333333333333,24.9378797444006,0.277318561412162,TRUE
115.552476640131,-31.74433,"MMP",2024,-9.03355430868895,0.123241057361016,4,23.1543003418968,24.5631692142007,3.31946503875964,15.6549750515311,8.83333333333333,24.9378797444006,0.250015088966849,TRUE
115.574476640131,-31.74433,"MMP",2024,-9.06843982928541,0.122933827794136,4,23.1538484717657,24.5627227868493,3.3191590744381,15.6540531765311,8.83333333333333,24.9378797444006,0.223493593154378,TRUE
115.596476640131,-31.74433,"MMP",2024,-9.11916125110065,0.122487717873123,4,23.1532159983533,24.5621132162081,3.31875427579804,15.5719793128947,8.83333333333333,24.5290176226684,0.198185281995115,TRUE
115.618476640131,-31.74433,"MMP",2024,-9.19613105995767,0.12179247460171,4,23.1523019403629,24.5612761043666,3.31823158652976,15.5615105628947,8.83333333333333,24.5290176226684,0.174954348559957,TRUE
115.640476640131,-31.74433,"MMP",2024,-9.31850750387739,0.120601580918225,4,23.1509517544916,24.5601759880137,3.31764576821179,15.6115580692078,8.83333333333333,25.0958391244747,0.155783658133994,TRUE
115.662476640131,-31.74433,"MMP",2024,-9.52176192593945,0.118302639563309,4,23.1490070396398,24.5590699959465,3.31744570295545,15.634437646228,8.83333333333333,25.0958391244747,0.144904025830119,TRUE
115.684476640131,-31.74433,"MMP",2024,-9.85994431052876,0.113459752670209,4,23.1467554402682,24.5595814151619,3.31962949033386,15.3057339761813,8.83333333333333,21.7166529370978,0.101198630213085,TRUE
115.706476640131,-31.74433,"MMP",2024,-10.1874000255928,0.107892600993449,4,23.1457048306666,24.562562250361,3.32437919296927,15.4166396409423,8.83333333333333,23,0.0606204478087396,TRUE
115.483413994586,-31.72233,"MMP",2024,-9.01542878664288,0.123406356280723,4,23.1547819713744,24.5637990758414,3.32002745766611,15.6475115098644,8.83333333333333,24.9378797444006,0.337733204433841,TRUE
115.505413994586,-31.72233,"MMP",2024,-9.03651985296375,0.12319635268701,4,23.1545399361907,24.5635977678398,3.3199152016978,15.6997319959755,8.83333333333333,24.9378797444006,0.309562193875621,TRUE
115.527413994586,-31.72233,"MMP",2024,-9.06406428577087,0.122921389991724,4,23.1542340244235,24.5633519638528,3.31978605468842,15.6540531765311,8.83333333333333,24.9378797444006,0.281833349663401,TRUE
115.549413994586,-31.72233,"MMP",2024,-9.10089210896721,0.122549276151232,4,23.1538407053876,24.5630521758284,3.31964325816379,15.6806851209755,8.83333333333333,24.9378797444006,0.254743633755773,TRUE
115.571413994586,-31.72233,"MMP",2024,-9.15148452399418,0.122024753748619,4,23.1533262940694,24.5626923528527,3.31950159789911,15.6806851209755,8.83333333333333,24.9378797444006,0.228637857286806,TRUE
115.593413994586,-31.72233,"MMP",2024,-9.22320293589936,0.12124701355758,4,23.1526435967078,24.5622831986845,3.31940759423888,15.5771355628947,8.83333333333333,24.5290176226684,0.204174769985532,TRUE
115.615413994586,-31.72233,"MMP",2024,-9.32866146647519,0.120019025882911,4,23.1517316484389,24.5618933408221,3.31949509517523,15.5841772295614,8.83333333333333,25.0958391244747,0.182736025812864,TRUE
115.637413994586,-31.72233,"MMP",2024,-9.49050092007735,0.11792816829368,4,23.1505316522879,24.5617718042021,3.32013958884652,15.584593896228,8.83333333333333,25.0958391244747,0.164002927403273,TRUE
115.659413994586,-31.72233,"MMP",2024,-9.75022192970663,0.114084295103717,4,23.1490588931312,24.562673922598,3.32234975342316,15.59777453805,8.83333333333333,25.0958391244747,0.124588085210595,TRUE
115.681413994586,-31.72233,"MMP",2024,-10.1645817994384,0.106989180172688,4,23.1475951783757,24.566264258675,3.32818190161258,15.5137862859639,8.83333333333333,23.1287788160762,0.0705453728914209,TRUE
115.703413994586,-31.72233,"MMP",2024,-10.5896490345471,0.0988846834309084,4,23.146802308657,24.5717092923388,3.33605832727248,15.3256624275232,8.83333333333333,21.7166529370978,0.0144428891286541,TRUE
115.472111670553,-31.70033,"MMP",2024,-9.0386831791928,0.123194709250646,4,23.1546446497886,24.5637734840227,3.32010063285671,15.6456979050664,8.83333333333333,24.9378797444006,0.352811118518714,TRUE
115.494111670553,-31.70033,"MMP",2024,-9.06201898635355,0.122954989573721,4,23.1544021781723,24.5635974165255,3.32002475546579,15.6540792181977,8.83333333333333,24.9378797444006,0.324566667125151,TRUE
115.516111670553,-31.70033,"MMP",2024,-9.0916596919746,0.122646624956441,4,23.1541043787467,24.5633932181558,3.31994861010162,15.6823083848644,8.83333333333333,24.9378797444006,0.296744413477579,TRUE
115.538111670553,-31.70033,"MMP",2024,-9.1299419803992,0.122239931807447,4,23.153735008367,24.5631605264365,3.31988285278935,15.6806851209755,8.83333333333333,24.9378797444006,0.269527880444988,TRUE
115.560111670553,-31.70033,"MMP",2024,-9.18028273535772,0.121687952913535,4,23.1532731897942,24.5629061062712,3.31985092217329,15.6806851209755,8.83333333333333,24.9378797444006,0.243225890869207,TRUE
115.582111670553,-31.70033,"MMP",2024,-9.2477383921456,0.120914238025796,4,23.152693610497,24.5626541819238,3.3199028164201,15.6818413709755,8.83333333333333,24.9378797444006,0.218387981608754,TRUE
115.604111670553,-31.70033,"MMP",2024,-9.339794072794,0.119791990395782,4,23.1519698273943,24.5624685980284,3.32014268840347,15.600218896228,8.83333333333333,25.0958391244747,0.196039146989689,TRUE
115.626111670553,-31.70033,"MMP",2024,-9.46713531658292,0.11811410063532,4,23.1510857092042,24.5624949067781,3.32077777279838,15.5841772295614,8.83333333333333,25.0958391244747,0.175383758360203,TRUE
115.648111670553,-31.70033,"MMP",2024,-9.6425055572993,0.115583846258624,4,23.1500643036265,24.5630121459491,3.32216858465418,15.57418078805,8.83333333333333,25.0958391244747,0.142599013959448,TRUE
115.670111670553,-31.70033,"MMP",2024,-9.86830466876198,0.112013985014423,4,23.1490233917129,24.5643542683756,3.32468537573259,15.6139012261264,8.83333333333333,25.0958391244747,0.106253648497906,TRUE
115.692111670553,-31.70033,"MMP",2024,-10.0871584349335,0.108313950533501,4,23.14824259505,24.5662031656759,3.32771162519981,15.4582707962453,8.83333333333333,23.0083203410619,0.072467438332557,TRUE
115.460809346521,-31.67833,"MMP",2024,-9.05319930389785,0.123068420463962,4,23.1545773058111,24.563783154453,3.3201716261642,16.7197596384719,9.20833333333333,28.1666666666667,0.36798616373218,TRUE
115.482809346521,-31.67833,"MMP",2024,-9.07653350517327,0.12282503951488,4,23.1543486036744,24.5636322055337,3.32012171780469,15.6447760300664,8.83333333333333,24.9378797444006,0.339659642775879,TRUE
115.504809346521,-31.67833,"MMP",2024,-9.10532768564735,0.122520017546566,4,23.154075335758,24.5634639629198,3.32007903207317,15.6814403293089,8.83333333333333,24.9378797444006,0.31171912928684,TRUE
115.526809346521,-31.67833,"MMP",2024,-9.14122931164071,0.122131267928349,4,23.153747379295,24.5632811884601,3.32005429255701,15.6827163709755,8.83333333333333,24.9378797444006,0.284318878017417,TRUE
115.548809346521,-31.67833,"MMP",2024,-9.18643135374953,0.121627078276427,4,23.1533531434809,24.5630923278908,3.32006690898907,15.6827163709755,8.83333333333333,24.9378797444006,0.257703514374166,TRUE
115.570809346521,-31.67833,"MMP",2024,-9.24379293315191,0.1209621166976,4,23.1528807678172,24.5629166204253,3.32015104607907,15.6869976209755,8.83333333333333,24.9378797444006,0.232273366531966,TRUE
115.592809346521,-31.67833,"MMP",2024,-9.31683440581257,0.120073698182589,4,23.1523213507628,24.5627920950937,3.32036420007606,15.6841851209755,8.83333333333333,26.4578704886574,0.208694683527676,TRUE
115.614809346521,-31.67833,"MMP",2024,-9.40923986027891,0.118884026437437,4,23.151676072461,24.5627846163884,3.32079455265754,15.5782918128947,8.83333333333333,25.0958391244747,0.188054331927955,TRUE
115.636809346521,-31.67833,"MMP",2024,-9.52284690517027,0.117327660176324,4,23.1509696193699,24.5629858820915,3.32154921044566,15.5777528636193,8.83333333333333,25.0958391244747,0.162187889058788,TRUE
115.658809346521,-31.67833,"MMP",2024,-9.65189881619844,0.115451940575418,4,23.1502707417589,24.5634625561561,3.32267197101254,15.5841002956257,8.83333333333333,25.0958391244747,0.134362434130335,TRUE
115.680809346521,-31.67833,"MMP",2024,-9.77189252938811,0.113639643961696,4,23.1497120999784,24.5641044839353,3.32392634646226,15.2110354282015,8.83333333333333,21.7166529370978,0.110182921266846,TRUE
115.449507022489,-31.65633,"MMP",2024,-9.0612264737573,0.123007381652823,4,23.1545585174131,24.5638120864245,3.32023373199528,16.777433249583,9.20833333333333,28.1666666666667,0.383247024749355,TRUE
115.471507022489,-31.65633,"MMP",2024,-9.08330739182623,0.122775861236556,4,23.1543499403823,24.5636829087122,3.32020053509574,16.7385860273608,9.20833333333333,28.1666666666667,0.354835816647029,TRUE
115.493507022489,-31.65633,"MMP",2024,-9.1098221304047,0.12249354747406,4,23.1541068336741,24.5635429342352,3.32017659391378,15.6721371411775,8.83333333333333,24.9378797444006,0.326769394586717,TRUE
115.515507022489,-31.65633,"MMP",2024,-9.14182910010299,0.122145818799006,4,23.1538233486554,24.5633953215786,3.32017025816274,15.7006205692078,8.83333333333333,26.4578704886574,0.299171932593114,TRUE
115.537507022489,-31.65633,"MMP",2024,-9.18060068473355,0.121713702254037,4,23.1534936553002,24.5632468505489,3.32019477073429,15.68184831542,8.83333333333333,24.9378797444006,0.272229697052647,TRUE
115.559507022489,-31.65633,"MMP",2024,-9.22757563116228,0.121173511971903,4,23.1531131260167,24.5631100295557,3.32027030519512,15.6827163709755,8.83333333333333,24.9378797444006,0.246226918932821,TRUE
115.581507022489,-31.65633,"MMP",2024,-9.28416417302447,0.120498310960551,4,23.1526806488476,24.5630054328718,3.32042554796382,15.6890288709755,8.83333333333333,24.9378797444006,0.221598797969504,TRUE
115.603507022489,-31.65633,"MMP",2024,-9.35122259942744,0.119664457135312,4,23.152202681728,24.5629625312523,3.32069607925359,15.6841851209755,8.83333333333333,26.4578704886574,0.19899527054269,TRUE
115.625507022489,-31.65633,"MMP",2024,-9.42787538876303,0.118669788732047,4,23.1516994855387,24.5630143202388,3.32111295433783,15.5806355628947,8.83333333333333,25.0958391244747,0.179309751299984,TRUE
115.647507022489,-31.65633,"MMP",2024,-9.50933615914414,0.117572205143538,4,23.15121282192,24.5631775065081,3.32167092623282,15.5598709191749,8.83333333333333,25.0958391244747,0.155766425618162,TRUE
115.669507022489,-31.65633,"MMP",2024,-9.58412681652542,0.116545486570562,4,23.1508111516654,24.5634148453695,3.32227449234541,15.5820974547167,8.83333333333333,25.0958391244747,0.135001605173625,TRUE
115.438204698456,-31.63433,"MMP",2024,-9.06465544883742,0.122992868060359,4,23.1545720277125,24.5638510209968,3.32028579998431,16.7951125650592,9.20833333333333,28.1666666666667,0.398589988596148,TRUE
115.460204698456,-31.63433,"MMP",2024,-9.08490702760964,0.122780775440299,4,23.1543853285582,24.5637398528388,3.32026274463135,16.8038724856941,9.20833333333333,28.1666666666667,0.370098063398319,TRUE
115.482204698456,-31.63433,"MMP",2024,-9.10863738708397,0.122528755559161,4,23.1541724073746,24.5636216855961,3.32024845592973,16.7415547773608,9.20833333333333,28.1666666666667,0.341911884984739,TRUE
115.504204698456,-31.63433,"MMP",2024,-9.13648568138309,0.122227804357125,4,23.1539301308988,24.563499204226,3.32024878782427,16.7507908884719,9.20833333333333,28.1666666666667,0.314130724323295,TRUE
115.526204698456,-31.63433,"MMP",2024,-9.16913857117174,0.121867407544946,4,23.153655945292,24.5633772349816,3.32027210745314,15.6814452219856,8.83333333333333,26.4578704886574,0.286897001432301,TRUE
115.548204698456,-31.63433,"MMP",2024,-9.20724851710972,0.121436248477012,4,23.1533487733031,24.5632635370782,3.32032975531421,15.6622649820866,8.83333333333333,24.9378797444006,0.260417261196804,TRUE
115.570204698456,-31.63433,"MMP",2024,-9.25125636280437,0.12092429739912,4,23.1530104851635,24.5631693382616,3.32043577292423,15.6662337320866,8.83333333333333,24.9378797444006,0.234991368858978,TRUE
115.592204698456,-31.63433,"MMP",2024,-9.30104994809426,0.120327591201129,4,23.152648098917,24.5631087804748,3.32060467339519,15.6862163709755,8.83333333333333,26.4578704886574,0.211047674302061,TRUE
115.614204698456,-31.63433,"MMP",2024,-9.35538242547749,0.119657465025219,4,23.1522766608256,24.5630957604535,3.32084525619873,15.6838726209755,8.83333333333333,26.4578704886574,0.189170683708534,TRUE
115.636204698456,-31.63433,"MMP",2024,-9.41104902598817,0.118955112166095,4,23.1519221752007,24.5631364910512,3.32114865139571,15.6818413709755,8.83333333333333,26.4578704886574,0.170085835293586,TRUE
115.658204698456,-31.63433,"MMP",2024,-9.46211756054234,0.118307258008978,4,23.1516228207307,24.5632185500622,3.32147282356172,15.590843896228,8.83333333333333,25.0958391244747,0.153852438236038,TRUE
115.426902374424,-31.61233,"MMP",2024,-9.06494087496711,0.123009766898483,4,23.1546061606059,24.563894708537,3.32032893720894,17.0694111761703,9.20833333333333,28.625,0.414012959534505,TRUE
115.448902374424,-31.61233,"MMP",2024,-9.08319122658495,0.122819640234194,4,23.1544406724642,24.5637982832946,3.32031184986136,16.999714499583,9.20833333333333,28.2121790821904,0.385448433606837,TRUE
115.470902374424,-31.61233,"MMP",2024,-9.10412469325504,0.122598910431919,4,23.1542554513647,24.5636971192919,3.32030216975451,16.9003829023608,9.20833333333333,28.2121790821904,0.357155796077849,TRUE
115.492902374424,-31.61233,"MMP",2024,-9.12810803115485,0.12234232203815,4,23.1540489925915,24.5635933000817,3.32030381855822,16.8330912356941,9.20833333333333,28.1666666666667,0.329215371091254,TRUE
115.514902374424,-31.61233,"MMP",2024,-9.15548488617564,0.122044421057609,4,23.1538204963338,24.5634901613007,3.32032194260579,16.7837075551386,9.20833333333333,28.1666666666667,0.301738640796112,TRUE
115.536902374424,-31.61233,"MMP",2024,-9.18650494748636,0.121700358678963,4,23.1535704811146,24.5633925694709,3.3203628739465,15.6840768507735,8.83333333333333,26.2999885717127,0.274881775126447,TRUE
115.558902374424,-31.61233,"MMP",2024,-9.22120082493485,0.121307493083715,4,23.1533016729289,24.5633069675229,3.32043359095492,15.6791014719856,8.83333333333333,26.4578704886574,0.248864370618054,TRUE
115.580902374424,-31.61233,"MMP",2024,-9.2591918023723,0.120868232752127,4,23.1530201821571,24.5632408425175,3.32054020772897,15.6789136563291,8.83333333333333,24.9378797444006,0.223993727295972,TRUE
115.602902374424,-31.61233,"MMP",2024,-9.29940517200642,0.120394475971499,4,23.1527368513646,24.5632011473129,3.32068494302911,15.6789136563291,8.83333333333333,24.9378797444006,0.200692485153397,TRUE
115.624902374424,-31.61233,"MMP",2024,-9.3397518322793,0.119913317295372,4,23.152468396504,24.5631913703888,3.32086141402187,15.6949553229957,8.83333333333333,26.4578704886574,0.179522324449724,TRUE
115.646902374424,-31.61233,"MMP",2024,-9.37689736023238,0.119471859191324,4,23.152237572038,24.5632078480744,3.32104957093273,15.6977394139048,8.83333333333333,26.4578704886574,0.161189904621551,TRUE
115.415600050392,-31.59033,"MMP",2024,-9.06314435655385,0.123046823947171,4,23.1546528180484,24.5639401725936,3.32036484809343,17.1054268011703,9.20833333333333,28.2121790821904,0.429513247948473,TRUE
115.437600050392,-31.59033,"MMP",2024,-9.07943896769346,0.12287840651866,4,23.1545067646712,24.5638558688061,3.32035124028891,17.093749717837,9.20833333333333,28.625,0.400885981886252,TRUE
115.459600050392,-31.59033,"MMP",2024,-9.09778887707846,0.122686820577486,4,23.1543458999429,24.5637682293396,3.32034357094243,17.1078221384719,9.20833333333333,28.625,0.372502454388481,TRUE
115.481600050392,-31.59033,"MMP",2024,-9.11839266164017,0.122469156974816,4,23.154169655304,24.5636788300699,3.32034442620533,17.0793672773608,9.20833333333333,28.625,0.344428970254318,TRUE
115.503600050392,-31.59033,"MMP",2024,-9.14140245255223,0.122222824808162,4,23.1539781168893,24.5635899944866,3.32035696666893,16.9783256106941,9.20833333333333,28.2121790821904,0.316755372765659,TRUE
115.525600050392,-31.59033,"MMP",2024,-9.1668723220666,0.121946187029215,4,23.1537724263081,24.5635048848561,3.32038477897833,16.825886374583,9.20833333333333,28.1666666666667,0.289604608790113,TRUE
115.547600050392,-31.59033,"MMP",2024,-9.19468015739197,0.121639613137477,4,23.1535553084944,24.5634274452227,3.32043144176697,16.777370749583,9.20833333333333,28.1666666666667,0.263146193735199,TRUE
115.569600050392,-31.59033,"MMP",2024,-9.2244185648082,0.121307073670381,4,23.1533317037514,24.563362059125,3.32049963703723,15.6840768507735,8.83333333333333,26.2999885717127,0.237614835451329,TRUE
115.591600050392,-31.59033,"MMP",2024,-9.25525974692455,0.120958281018903,4,23.1531094116676,24.5633127773328,3.32058967486632,15.7159868886523,8.83333333333333,26.5333157247487,0.213335471889829,TRUE
115.613600050392,-31.59033,"MMP",2024,-9.28582124447198,0.120611036351136,4,23.1528995414312,24.5632820802051,3.3206975221758,15.7159868886523,8.83333333333333,26.5333157247487,0.190755403971165,TRUE
115.635600050392,-31.59033,"MMP",2024,-9.31409646920868,0.120292788264707,4,23.1527164241194,24.5632694616577,3.32081295160724,15.7262574063291,8.83333333333333,26.5333157247487,0.170481922389616,TRUE
115.404297726359,-31.56833,"MMP",2024,-9.06001577043226,0.123096065446096,4,23.1547065160208,24.5639857131431,3.32039514837576,17.240077842837,9.20833333333333,28.1666666666667,0.445087165683853,FALSE
115.426297726359,-31.56833,"MMP",2024,-9.07450323604788,0.122947741866815,4,23.1545777367489,24.5639114706074,3.32038359432894,17.1570049261703,9.20833333333333,28.2121790821904,0.416407179730883,TRUE
115.448297726359,-31.56833,"MMP",2024,-9.0905639473232,0.12278195964255,4,23.1544378268425,24.5638348087238,3.32037668728214,17.1438377634719,9.20833333333333,28.2121790821904,0.387947944523941,TRUE
115.470297726359,-31.56833,"MMP",2024,-9.10829595110581,0.122597222711941,4,23.1542867340451,24.5637569216132,3.32037613422475,17.1078221384719,9.20833333333333,28.625,0.359765389122467,TRUE
115.492297726359,-31.56833,"MMP",2024,-9.12774820913384,0.122392501427721,4,23.1541249560397,24.5636794665804,3.32038390080641,17.0793672773608,9.20833333333333,28.625,0.331933976274092,TRUE
115.514297726359,-31.56833,"MMP",2024,-9.14888547967533,0.122167679498144,4,23.1539537974416,24.5636045899245,3.32040207176484,17.0392804718053,9.20833333333333,28.2121790821904,0.304553939690296,TRUE
115.536297726359,-31.56833,"MMP",2024,-9.1715402644935,0.121924208983052,4,23.1537756826641,24.563534867132,3.32043255786218,16.9763898468052,9.20833333333333,28.2121790821904,0.277761632288889,TRUE
115.558297726359,-31.56833,"MMP",2024,-9.19535221016618,0.121665993795341,4,23.1535944997206,24.5634731025044,3.32047659215642,16.8342717912497,9.20833333333333,28.1666666666667,0.251744396014224,TRUE
115.580297726359,-31.56833,"MMP",2024,-9.21970087866333,0.121400444182274,4,23.1534159145334,24.563421942887,3.32053399525257,16.777370749583,9.20833333333333,28.1666666666667,0.226761982310342,TRUE
115.602297726359,-31.56833,"MMP",2024,-9.24364771916242,0.121139485856079,4,23.1532475460456,24.5633833148036,3.32060229559115,16.777370749583,9.20833333333333,28.1666666666667,0.203177200123299,TRUE
115.624297726359,-31.56833,"MMP",2024,-9.26591667399185,0.120900066527569,4,23.1530988416427,24.5633578135835,3.32067598473387,15.7094865729957,8.83333333333333,26.2999885717127,0.18149820534238,TRUE
115.392995402327,-31.54633,"MMP",2024,-9.05607376003059,0.123152028001475,4,23.1547636087831,24.5640303562497,3.32042115410918,17.2575083983926,9.20833333333333,28.625,0.460730271064933,FALSE
115.414995402327,-31.54633,"MMP",2024,-9.06894129946571,0.12302165570601,4,23.1546499301754,24.5639645521492,3.32041085911483,17.2575083983926,9.20833333333333,28.625,0.432006902083657,FALSE
115.436995402327,-31.54633,"MMP",2024,-9.08301657833163,0.122878128555352,4,23.1545278592792,24.563896956836,3.32040416742071,17.2138955511703,9.20833333333333,28.1666666666667,0.403485593822377,TRUE
115.458995402327,-31.54633,"MMP",2024,-9.09833907219341,0.122720778105504,4,23.1543976131986,24.5638284876076,3.32040221799299,17.1438377634719,9.20833333333333,28.2121790821904,0.375214486235717,TRUE
115.480995402327,-31.54633,"MMP",2024,-9.11490434894526,0.122549396756854,4,23.1542598501966,24.5637603612965,3.32040625908745,17.1185773468052,9.20833333333333,28.2121790821904,0.347256815258065,TRUE
115.502995402327,-31.54633,"MMP",2024,-9.13264083162407,0.12236453722017,4,23.1541158336893,24.5636940987416,3.32041754262251,17.1078221384719,9.20833333333333,28.625,0.319696640622785,TRUE
115.524995402327,-31.54633,"MMP",2024,-9.1513804334357,0.122167912895989,4,23.1539676189283,24.5636314808142,3.32043713753188,17.0939158884719,9.20833333333333,28.625,0.292647103088197,TRUE
115.546995402327,-31.54633,"MMP",2024,-9.17082447425412,0.121962890645397,4,23.153818243019,24.5635744333126,3.32046564452222,16.992292624583,9.20833333333333,28.2121790821904,0.266262490169647,TRUE
115.568995402327,-31.54633,"MMP",2024,-9.19050925742727,0.121755023978277,4,23.1536718810167,24.5635248262539,3.32050281773707,16.9078221384719,9.20833333333333,28.2121790821904,0.240756073198033,TRUE
115.590995402327,-31.54633,"MMP",2024,-9.20978015783412,0.121552502603021,4,23.1535339090265,24.5634841987297,3.32054714788844,16.8342717912497,9.20833333333333,28.1666666666667,0.216426564481887,TRUE
115.612995402327,-31.54633,"MMP",2024,-9.22778828232102,0.121366301851348,4,23.1534107961649,24.5634534669275,3.32059553646734,16.8342717912497,9.20833333333333,28.1666666666667,0.193696604682568,TRUE
115.381693078295,-31.52433,"MMP",2024,-9.0516717679288,0.123211062331857,4,23.1548217145666,24.564073551156,3.32044386758185,17.1691053725989,9.20833333333333,28.2121790821904,0.476437739066085,FALSE
115.403693078295,-31.52433,"MMP",2024,-9.06311134270679,0.123096414241082,4,23.1547211225385,24.5640148930541,3.32043439793349,17.2406854817259,9.20833333333333,28.2121790821904,0.447679285257806,FALSE
115.425693078295,-31.52433,"MMP",2024,-9.07548266366347,0.122971828918629,4,23.1546141753934,24.56395489194,3.32042772102351,17.2565865233926,9.20833333333333,28.625,0.419107647995904,TRUE
115.447693078295,-31.52433,"MMP",2024,-9.08879202087002,0.122837109698997,4,23.154501217646,24.5638942651066,3.32042460978589,17.2511276940275,9.20833333333333,28.1666666666667,0.390764999013751,TRUE
115.469693078295,-31.52433,"MMP",2024,-9.10300906819358,0.122692461047111,4,23.1543829400437,24.5638339319435,3.3204258776707,17.2007283884719,9.20833333333333,28.1666666666667,0.362706134193054,TRUE
115.491693078295,-31.52433,"MMP",2024,-9.11805158530398,0.122538685347902,4,23.1542604844833,24.5637750122937,3.32043230467882,17.1438377634719,9.20833333333333,28.2121790821904,0.335003140281347,TRUE
115.513693078295,-31.52433,"MMP",2024,-9.13376744253162,0.122377427336079,4,23.1541355565825,24.5637187971332,3.32044452056458,17.1185773468052,9.20833333333333,28.2121790821904,0.307752130376296,TRUE
115.535693078295,-31.52433,"MMP",2024,-9.14991508987953,0.12221145282794,4,23.1540105323847,24.5636666817745,3.32046284105277,17.094323874583,9.20833333333333,28.625,0.281083123356127,TRUE
115.557693078295,-31.52433,"MMP",2024,-9.16614544656184,0.122044925323352,4,23.1538885366167,24.5636200568525,3.32048706581152,17.094323874583,9.20833333333333,28.625,0.255174740218028,TRUE
115.579693078295,-31.52433,"MMP",2024,-9.18199011837481,0.12188361096829,4,23.1537734600461,24.5635801643484,3.32051626966638,16.992292624583,9.20833333333333,28.2121790821904,0.23027621861161,TRUE
115.601693078295,-31.52433,"MMP",2024,-9.19686294721475,0.121734905440672,4,23.1536698762238,24.5635479450253,3.32054864908841,17.0030217912497,9.20833333333333,28.2121790821904,0.206740052921475,TRUE
115.370390754263,-31.50233,"MMP",2024,-9.04704772261321,0.123270786746806,4,23.1548793088693,24.5641150004278,3.32046402855318,17.1032894003767,9.20833333333333,28.1666666666667,0.492204671197844,FALSE
115.392390754263,-31.50233,"MMP",2024,-9.0572397410806,0.123169765553922,4,23.1547900140263,24.5640624453506,3.32045515155868,17.2358417317259,9.20833333333333,28.2121790821904,0.463418310911244,FALSE
115.414390754262,-31.50233,"MMP",2024,-9.06815493020178,0.123061208058902,4,23.1546958841785,24.5640088769183,3.32044844940236,17.2475083983926,9.20833333333333,28.2121790821904,0.434806242048181,FALSE
115.436390754263,-31.50233,"MMP",2024,-9.07978152192441,0.122945177127888,4,23.1545973115232,24.5639548662594,3.32044445756892,17.2565865233926,9.20833333333333,28.625,0.406405960001954,TRUE
115.458390754262,-31.50233,"MMP",2024,-9.09207816998238,0.122822065750551,4,23.1544949574325,24.5639011261852,3.32044372164671,17.268558249583,9.20833333333333,28.625,0.378265732224175,TRUE
115.480390754263,-31.50233,"MMP",2024,-9.10496395053795,0.122692725658716,4,23.1543898200126,24.5638485083914,3.32044674710907,17.2532283884719,9.20833333333333,28.1666666666667,0.350448474800888,TRUE
115.502390754263,-31.50233,"MMP",2024,-9.11830716929176,0.122558617524825,4,23.1542833027962,24.563797984457,3.3204539261999,17.2007283884719,9.20833333333333,28.1666666666667,0.323037326892485,TRUE
115.524390754262,-31.50233,"MMP",2024,-9.1319139789076,0.122421971252106,4,23.1541772755053,24.5637506061579,3.32046544194659,17.2314315134719,9.20833333333333,28.2121790821904,0.296143799325608,TRUE
115.546390754263,-31.50233,"MMP",2024,-9.14551862409533,0.122285932728422,4,23.1540741131774,24.5637074434619,3.32048115628441,17.1335339440275,9.20833333333333,28.2121790821904,0.269919859275555,TRUE
115.568390754262,-31.50233,"MMP",2024,-9.15877809449444,0.122154657924519,4,23.1539766953895,24.5636695042996,3.32050050004546,17.1050790829164,9.20833333333333,28.2121790821904,0.244576008047329,TRUE
115.35908843023,-31.48033,"MMP",2024,-9.0423597682777,0.123329686934985,4,23.1549354434497,24.5641545617714,3.32048217634233,17.10621648371,9.20833333333333,28.1666666666667,0.508026306464398,FALSE
115.38108843023,-31.48033,"MMP",2024,-9.05146640152585,0.123240413405267,4,23.1548558923404,24.5641072573995,3.32047376862978,17.1598519003767,9.20833333333333,28.2121790821904,0.479218152850423,FALSE
115.40308843023,-31.48033,"MMP",2024,-9.06113798493868,0.123145398258808,4,23.1547726459285,24.5640591874528,3.32046706805365,17.2382549261703,9.20833333333333,28.2121790821904,0.450573901676855,FALSE
115.42508843023,-31.48033,"MMP",2024,-9.07135359980436,0.123044839003218,4,23.1546861006905,24.5640108143066,3.32046245414947,17.2358417317259,9.20833333333333,28.2121790821904,0.422127303295997,TRUE
115.44708843023,-31.48033,"MMP",2024,-9.0820688164772,0.12293919756669,4,23.1545968618444,24.5639627029742,3.32046030409139,17.2753811662497,9.20833333333333,28.625,0.393921443508965,TRUE
115.46908843023,-31.48033,"MMP",2024,-9.09320909459135,0.122829284518274,4,23.1545057872178,24.5639155185765,3.32046095893794,17.268558249583,9.20833333333333,28.625,0.366012008504656,TRUE
115.49108843023,-31.48033,"MMP",2024,-9.10466274734392,0.122716352297327,4,23.1544140296624,24.5638700140241,3.3204646774411,17.2959193606941,9.20833333333333,28.625,0.338471948583885,TRUE
115.51308843023,-31.48033,"MMP",2024,-9.11627417784803,0.122602188927239,4,23.1543230720262,24.5638270057141,3.32047157847126,17.2181589440275,9.20833333333333,28.625,0.311398246440519,TRUE
115.53508843023,-31.48033,"MMP",2024,-9.12783852532098,0.122489197278221,4,23.1542347462798,24.5637873366195,3.32048157685116,17.201136374583,9.20833333333333,28.1666666666667,0.284921879527159,TRUE
115.55708843023,-31.48033,"MMP",2024,-9.13909932212117,0.122380437519331,4,23.1541512262528,24.5637518289589,3.32049432263125,17.201136374583,9.20833333333333,28.1666666666667,0.259222624541002,TRUE
115.347786106198,-31.45833,"MMP",2024,-9.03771133128404,0.123386833807662,4,23.1549895547879,24.5641921893004,3.32049870386711,17.1532447575195,9.20833333333333,28.1666666666667,0.523898145991338,FALSE
115.369786106198,-31.45833,"MMP",2024,-9.0458748282869,0.123307669445682,4,23.1549184158747,24.5641494313706,3.32049070000969,17.0978032892656,9.20833333333333,28.1666666666667,0.495073358584649,FALSE
115.391786106198,-31.45833,"MMP",2024,-9.05448259641084,0.123224110272437,4,23.1548444410254,24.5641060969235,3.3204840494051,17.239609092837,9.20833333333333,28.2121790821904,0.466403766150596,FALSE
115.413786106198,-31.45833,"MMP",2024,-9.06350974135446,0.123136415942091,4,23.1547680085546,24.5640625657892,3.32047902752471,17.239609092837,9.20833333333333,28.2121790821904,0.437920058642178,FALSE
115.435786106198,-31.45833,"MMP",2024,-9.07291279824758,0.123045055209928,4,23.1546896588975,24.564019294197,3.32047590319965,17.2382549261703,9.20833333333333,28.2121790821904,0.409661115416929,TRUE
115.457786106198,-31.45833,"MMP",2024,-9.08262533886612,0.122950761395063,4,23.1546101233541,24.5639768127885,3.32047491592078,17.2468915829164,9.20833333333333,28.2121790821904,0.381676784181383,TRUE
115.479786106198,-31.45833,"MMP",2024,-9.09255348923024,0.122854590913062,4,23.1545303505618,24.5639357185096,3.32047624625555,17.2753811662497,9.20833333333333,28.625,0.354031817635169,TRUE
115.501786106198,-31.45833,"MMP",2024,-9.10257184238323,0.12275797890411,4,23.1544515267471,24.5638966592257,3.32047998047234,17.2959193606941,9.20833333333333,28.625,0.326811534632095,TRUE
115.523786106198,-31.45833,"MMP",2024,-9.11252048152215,0.122662782558707,4,23.1543750845327,24.5638603107706,3.32048607249006,17.2959193606941,9.20833333333333,28.625,0.300130072897231,TRUE
115.545786106198,-31.45833,"MMP",2024,-9.1222040568057,0.122571299102567,4,23.154302694057,24.5638273475688,3.32049430889616,17.2710669301386,9.20833333333333,28.625,0.274142540702669,TRUE
115.336483782166,-31.43633,"MMP",2024,-9.03316847509827,0.123441688836168,4,23.1550413344676,24.5642278972398,3.320513899409,16.8104982297418,9.20833333333333,24.8371375540628,0.539816015326791,FALSE
115.358483782166,-31.43633,"MMP",2024,-9.04051191178775,0.123371226744074,4,23.1549774739814,24.5641890983069,3.32050626368295,17.2288628130751,9.20833333333333,28.1666666666667,0.510978927236619,FALSE
115.380483782166,-31.43633,"MMP",2024,-9.04820698538538,0.123297385762022,4,23.1549114295101,24.5641498685923,3.32049971244158,17.3219808686306,9.20833333333333,28.1666666666667,0.482289657571472,FALSE
115.402483782166,-31.43633,"MMP",2024,-9.05622777385723,0.123220446377135,4,23.1548435507076,24.5641105240439,3.32049445044273,17.2984354817259,9.20833333333333,28.625,0.453776349698761,FALSE
115.424483782166,-31.43633,"MMP",2024,-9.06453370225874,0.123140853612429,4,23.1547743136304,24.5640714387544,3.32049067509117,17.239609092837,9.20833333333333,28.2121790821904,0.425474401387977,TRUE
115.446483782166,-31.43633,"MMP",2024,-9.07306659063866,0.12305925382987,4,23.1547043397419,24.5640330434616,3.32048856107534,17.2515808190275,9.20833333333333,28.2121790821904,0.39742885044919,TRUE
115.468483782166,-31.43633,"MMP",2024,-9.08174776039962,0.12297653190447,4,23.1546344125864,24.5639958200872,3.32048824111676,17.2506589440275,9.20833333333333,28.2121790821904,0.369697723517779,TRUE
115.490483782166,-31.43633,"MMP",2024,-9.09047552777745,0.122893844678615,4,23.1545654895165,24.5639602916614,3.32048978370702,17.248245749583,9.20833333333333,28.2121790821904,0.342356803953883,TRUE
115.512483782166,-31.43633,"MMP",2024,-9.09912353861746,0.122812644751069,4,23.1544987051754,24.563927007459,3.32049316982313,17.2767353329164,9.20833333333333,28.625,0.315506509232126,TRUE
115.534483782166,-31.43633,"MMP",2024,-9.10754051334156,0.122734686832839,4,23.1544353629469,24.5638965239339,3.32049827196634,17.3045044301386,9.20833333333333,28.625,0.289281912776389,TRUE
115.325181458133,-31.41433,"MMP",2024,-9.02877183823865,0.123493971433612,4,23.1550906417741,24.5642617368802,3.32052797713161,16.7417209479957,9.20833333333333,24.5,0.555776086050202,FALSE
115.347181458133,-31.41433,"MMP",2024,-9.0354009194369,0.123431013572178,4,23.1550330971061,24.5642264029881,3.32052068830299,16.8445959479957,9.20833333333333,25.352351992005,0.526930326956761,FALSE
115.369181458133,-31.41433,"MMP",2024,-9.0423100444339,0.123365447587971,4,23.1549738661143,24.5641907514302,3.32051427854176,17.1547313646624,9.20833333333333,28.1666666666667,0.498226070913856,FALSE
115.391181458133,-31.41433,"MMP",2024,-9.04947388797324,0.123297551942426,4,23.1549132659738,24.56415504783,3.32050890360705,17.2183667813291,9.20833333333333,28.1666666666667,0.469689308202209,FALSE
115.413181458133,-31.41433,"MMP",2024,-9.0568555394186,0.123227734510475,4,23.1548517129361,24.5641196028732,3.32050471260496,17.3062559182338,9.20833333333333,28.1666666666667,0.441352506831743,FALSE
115.435181458133,-31.41433,"MMP",2024,-9.06440449887983,0.123156557207132,4,23.1547897349987,24.5640847711768,3.32050183749016,17.2972970888687,9.20833333333333,28.1666666666667,0.413256675510606,TRUE
115.457181458133,-31.41433,"MMP",2024,-9.07205478583997,0.123084759854629,4,23.1547279824813,24.5640509475103,3.32050038032474,17.3796016523608,9.20833333333333,28.625,0.385454232316445,TRUE
115.479181458133,-31.41433,"MMP",2024,-9.07972338304418,0.1230132805101,4,23.1546672347581,24.5640185599731,3.32050039893611,17.3099315134719,9.20833333333333,28.625,0.358013047307921,TRUE
115.501181458133,-31.41433,"MMP",2024,-9.08730930792468,0.122943268453762,4,23.154608401031,24.563988060006,3.32050189224063,17.2506589440275,9.20833333333333,28.2121790821904,0.331022210696105,TRUE
115.523181458133,-31.41433,"MMP",2024,-9.09469366250787,0.122876085109072,4,23.1545525127925,24.5639599095289,3.32050478721937,17.2506589440275,9.20833333333333,28.2121790821904,0.304600347359797,TRUE
115.313879134101,-31.39233,"MMP",2024,-9.02454482477089,0.123543569281441,4,23.1551374448644,24.5642937816485,3.32054109874975,16.7443771979957,9.20833333333333,24.5290176226684,0.571774872729092,FALSE
115.335879134101,-31.39233,"MMP",2024,-9.0305500218185,0.123487099536785,4,23.1550853991083,24.5642614945722,3.32053414209441,16.7443771979957,9.20833333333333,24.5290176226684,0.542923479408068,FALSE
115.357879134101,-31.39233,"MMP",2024,-9.0367795456853,0.123428609964021,4,23.1550320492129,24.5642289780224,3.3205279062583,16.8472521979957,9.20833333333333,25.352351992005,0.514208126835126,FALSE
115.379879134101,-31.39233,"MMP",2024,-9.04320951050234,0.123368364996902,4,23.1549776796845,24.5641964573531,3.32052251235333,16.8998042813291,9.20833333333333,26.4578704886574,0.485652959367901,FALSE
115.401879134101,-31.39233,"MMP",2024,-9.04980683473191,0.123306731090541,4,23.1549226531591,24.5641641933677,3.32051807597588,17.2832385571227,9.20833333333333,28.1666666666667,0.457287944461624,FALSE
115.423879134101,-31.39233,"MMP",2024,-9.05652786740231,0.12324419334033,4,23.1548674189128,24.5641324814525,3.32051469994994,17.2974989737894,9.20833333333333,28.1666666666667,0.429150668043379,TRUE
115.445879134101,-31.39233,"MMP",2024,-9.06331713772572,0.123181370955589,4,23.1548125195978,24.5641016488864,3.32051246574721,17.2978705015672,9.20833333333333,28.1666666666667,0.401288807654075,TRUE
115.467879134101,-31.39233,"MMP",2024,-9.07010637983246,0.123119029697713,4,23.154758595024,24.5640720500736,3.32051142403714,17.2358665333132,9.20833333333333,28.1666666666667,0.373763582248986,TRUE
115.489879134101,-31.39233,"MMP",2024,-9.07681402345503,0.123058088823272,4,23.1547063816048,24.5640440596036,3.32051158517626,17.3508417317259,9.20833333333333,28.625,0.346654621586365,TRUE
115.511879134101,-31.39233,"MMP",2024,-9.08334537178358,0.122999619592971,4,23.1546567059772,24.5640180632823,3.32051291083984,17.3016658884719,9.20833333333333,28.625,0.320066908712656,TRUE
115.302576810069,-31.37033,"MMP",2024,-9.02049922130319,0.123590477987958,4,23.1551817812175,24.5643241173153,3.32055338869667,16.8298838944243,9.20833333333333,24.8371375540628,0.587327445808757,FALSE
115.324576810069,-31.37033,"MMP",2024,-9.02595789184899,0.123539635624252,4,23.1551345403614,24.5642945208027,3.32054675197909,16.771238061091,9.20833333333333,24.5290176226684,0.558954727996584,FALSE
115.346576810069,-31.37033,"MMP",2024,-9.03159722835135,0.123487225148839,4,23.1550862905614,24.5642647637635,3.32054071307803,16.7408563646624,9.20833333333333,24.5290176226684,0.530231510021856,FALSE
115.368576810069,-31.37033,"MMP",2024,-9.03739516931912,0.123433491293437,4,23.1550372853313,24.564235038888,3.32053536809856,16.7512209479957,9.20833333333333,24.5290176226684,0.501662104597835,FALSE
115.390576810069,-31.37033,"MMP",2024,-9.04332231806329,0.123378759532849,4,23.1549878401957,24.5642055671055,3.32053080878737,16.8998042813291,9.20833333333333,26.4578704886574,0.473274318844646,FALSE
115.412576810069,-31.37033,"MMP",2024,-9.04934099192307,0.123323447391536,4,23.1549383384428,24.564176596904,3.32052711745334,16.9782073071227,9.20833333333333,26.5333157247487,0.44510279599358,FALSE
115.434576810069,-31.37033,"MMP",2024,-9.05540438726057,0.123268074559051,4,23.1548892354183,24.5641484023611,3.32052436108958,17.288384390456,9.20833333333333,28.1666666666667,0.417191160134895,TRUE
115.456576810069,-31.37033,"MMP",2024,-9.06145596438392,0.123213270522637,4,23.154841060555,24.5641212797142,3.32052258501099,17.3094706999799,9.20833333333333,28.1666666666667,0.389594978219266,TRUE
115.478576810069,-31.37033,"MMP",2024,-9.06742917886389,0.123159778103377,4,23.154794416223,24.5640955423965,3.32052180652902,17.3580679222021,9.20833333333333,28.1666666666667,0.362385896973948,TRUE
115.500576810069,-31.37033,"MMP",2024,-9.07324770155953,0.123108451032248,4,23.1547499724375,24.5640715146009,3.32052200940603,17.3098422277576,9.20833333333333,28.1666666666667,0.335657477702792,TRUE
115.291274486036,-31.34833,"MMP",2024,-9.01663905128238,0.123634760640888,4,23.1552237310904,24.5643528355384,3.3205649446789,16.8148838944243,9.20833333333333,24.8371375540628,0.578316612526975,FALSE
115.313274486036,-31.34833,"MMP",2024,-9.02161738245384,0.123588816150939,4,23.1551807042914,24.5643256244878,3.32055861625986,16.8466720888687,9.20833333333333,24.8371375540628,0.575020799521699,FALSE
115.335274486036,-31.34833,"MMP",2024,-9.02674193629218,0.123541652412066,4,23.155136897783,24.5642983068804,3.32055278913725,16.805769311091,9.20833333333333,24.7916666666667,0.546292404886595,FALSE
115.357274486036,-31.34833,"MMP",2024,-9.03199259729118,0.123493492409824,4,23.1550925366237,24.5642710486016,3.32054754099684,16.8141547277576,9.20833333333333,24.5290176226684,0.517712212789178,FALSE
115.379274486036,-31.34833,"MMP",2024,-9.03734336613582,0.123444623345979,4,23.1550478954166,24.5642440382733,3.32054294618393,16.7986688646624,9.20833333333333,24.7916666666667,0.489306144237532,FALSE
115.401274486036,-31.34833,"MMP",2024,-9.04276169580316,0.123395404388723,4,23.1550033022169,24.5642174867066,3.32053907210144,16.8926448071227,9.20833333333333,24.8371375540628,0.461106286310128,FALSE
115.423274486036,-31.34833,"MMP",2024,-9.04820792909022,0.123346273328595,4,23.1549591412581,24.564191625422,3.32053597511459,16.9728635571227,9.20833333333333,26.5333157247487,0.433152762290121,FALSE
115.445274486036,-31.34833,"MMP",2024,-9.05363490973748,0.123297751250949,4,23.1549158539435,24.5641667041171,3.32053369617802,16.978009390456,9.20833333333333,26.5333157247487,0.405496289591891,TRUE
115.467274486036,-31.34833,"MMP",2024,-9.05898785219853,0.123250444151471,4,23.1548739374841,24.5641429870232,3.32053225652572,16.9899811166465,9.20833333333333,26.5333157247487,0.378201715996047,TRUE
115.489274486036,-31.34833,"MMP",2024,-9.06420456337023,0.12320504029065,4,23.1548339405516,24.5641207481745,3.32053165389002,17.3094706999799,9.20833333333333,28.1666666666667,0.351352955062311,TRUE
115.279972162004,-31.32633,"MMP",2024,-9.01296322168211,0.123676520807562,4,23.1552633997568,24.5643800296188,3.32057584501893,16.8290232793449,9.20833333333333,24.7916666666667,0.569659225686211,FALSE
115.301972162004,-31.32633,"MMP",2024,-9.01751793929547,0.123634854849544,4,23.1552240826218,24.5643549414554,3.32056981307853,16.8239711960116,9.20833333333333,24.8371375540628,0.582804651105673,FALSE
115.323972162004,-31.32633,"MMP",2024,-9.02219153245845,0.123592240556951,4,23.1551841646692,24.5643297889805,3.32056420594975,16.855759390456,9.20833333333333,24.8371375540628,0.562387434368924,FALSE
115.345972162004,-31.32633,"MMP",2024,-9.02696580608656,0.123548879151368,4,23.1551438453388,24.5643047158614,3.32055908748014,16.8575823071227,9.20833333333333,24.8371375540628,0.533799324274278,FALSE
115.367972162004,-31.32633,"MMP",2024,-9.03181781770533,0.123505023205451,4,23.1551033639177,24.5642798842413,3.32055451901329,16.8355163349005,9.20833333333333,24.7916666666667,0.505378693538181,FALSE
115.389972162004,-31.32633,"MMP",2024,-9.03671941006932,0.123460981990783,4,23.1550630022021,24.5642554742898,3.3205505568009,16.8592663349005,9.20833333333333,24.7916666666667,0.477155388851777,FALSE
115.411972162004,-31.32633,"MMP",2024,-9.04163682956693,0.123417125876924,4,23.1550230862119,24.5642316830635,3.32054724910207,16.8940064142656,9.20833333333333,24.8371375540628,0.44916648335983,FALSE
115.433972162004,-31.32633,"MMP",2024,-9.04653048091711,0.123373889164163,4,23.15498398657,24.5642087225933,3.32054463311875,16.9071834975989,9.20833333333333,24.8371375540628,0.421458497681642,TRUE
115.455972162004,-31.32633,"MMP",2024,-9.05135487617905,0.12333177062598,4,23.1549461171261,24.5641868171501,3.32054273199123,16.9107177237894,9.20833333333333,24.8371375540628,0.394090440375158,TRUE
115.268669837972,-31.30433,"MMP",2024,-9.00946734084875,0.123715884613024,4,23.1553009056864,24.5644057917443,3.32058615378084,16.8001777932338,9.20833333333333,24.7916666666667,0.561371352350576,FALSE
115.290669837972,-31.30433,"MMP",2024,-9.01364717794975,0.123677970072205,4,23.1552648662634,24.564382599475,3.32058040610245,16.7947524460116,9.20833333333333,24.5290176226684,0.573878507949925,FALSE
115.312669837972,-31.30433,"MMP",2024,-9.01792404411857,0.123639318660847,4,23.155228366249,24.5643593759194,3.32057502202501,16.832321890456,9.20833333333333,24.7916666666667,0.578513604320908,FALSE
115.334669837972,-31.30433,"MMP",2024,-9.02228156122536,0.123600110895224,4,23.1551915822943,24.5643362461681,3.32057005480076,16.8272698071227,9.20833333333333,24.8371375540628,0.549919967995292,FALSE
115.356669837972,-31.30433,"MMP",2024,-9.02669949770762,0.123560568590894,4,23.1551547233072,24.564313350449,3.32056555583984,16.887478140456,9.20833333333333,24.8371375540628,0.52148787413256,FALSE
115.378669837972,-31.30433,"MMP",2024,-9.03115343711059,0.123520958573624,4,23.1551180322684,24.5642908437496,3.3205615728264,16.926853140456,9.20833333333333,25.2995765282878,0.493245190264968,FALSE
115.400669837972,-31.30433,"MMP",2024,-9.03561451780182,0.123481595592409,4,23.1550817872884,24.5642688949228,3.32055814763125,16.9941624162497,9.20833333333333,25.8036793302705,0.465226311344681,FALSE
115.422669837972,-31.30433,"MMP",2024,-9.04004927957082,0.123442844001727,4,23.1550463016342,24.5642476852118,3.32055531412396,16.9406554718052,9.20833333333333,24.8371375540628,0.437474098095221,FALSE
115.444669837972,-31.30433,"MMP",2024,-9.04441965724231,0.123405117718172,4,23.155011922432,24.564227406159,3.32055309603384,16.9404297773608,9.20833333333333,24.8371375540628,0.410042505678906,TRUE
115.257367513939,-31.28233,"MMP",2024,-8.83614531139469,0.115507940451825,3.74773952484107,23.2331095823693,24.6190653505593,3.27561748635025,16.9493358656113,10.1309743619505,24.5,0.497068332398658,FALSE
115.279367513939,-31.28233,"MMP",2024,-8.88130931372491,0.115797611024701,3.7573948265903,23.2297697381571,24.6164723547673,3.27695316167218,16.9694487128335,9.45833333333333,24.5,0.514519142513006,FALSE
115.301367513939,-31.28233,"MMP",2024,-8.92632444599001,0.116084519923284,3.76700953248104,23.2264440388316,24.6138916384956,3.27828494224786,16.9170702406113,9.45833333333333,24.5,0.533130273881238,FALSE
115.323367513939,-31.28233,"MMP",2024,-9.01790951425013,0.123647598002607,4,23.1552360798987,24.5643658237775,3.32058048380281,16.797321890456,9.20833333333333,24.5290176226684,0.566071091016545,FALSE
115.345367513939,-31.28233,"MMP",2024,-9.02194762994171,0.123611789402073,4,23.1552023921528,24.5643446545488,3.32057608385956,16.8124520987894,9.20833333333333,24.5290176226684,0.537630126143841,FALSE
115.367367513939,-31.28233,"MMP",2024,-9.02601143988739,0.123575996748551,4,23.1551689038235,24.564323845262,3.3205721276465,16.8844573071227,9.20833333333333,24.7916666666667,0.509371466526781,FALSE
115.389367513939,-31.28233,"MMP",2024,-9.03007615161028,0.12354048875816,4,23.1551358533785,24.5643035414778,3.32056865186215,16.926853140456,9.20833333333333,25.2995765282878,0.481327139164832,FALSE
115.411367513939,-31.28233,"MMP",2024,-9.03411331716132,0.123505573030128,4,23.1551035072601,24.5642838990564,3.32056568737074,17.007651999583,9.20833333333333,25.8036793302705,0.453536790913743,FALSE
115.433367513939,-31.28233,"MMP",2024,-9.03809085096933,0.123471595698618,4,23.1550721587086,24.5642650825301,3.32056325764901,16.9941624162497,9.20833333333333,25.8036793302705,0.426049972978365,TRUE
115.246065189907,-31.26033,"JBMP",2024,-8.69913137484716,0.114544169905417,3.71806573111367,23.2433704591078,24.6270860551344,3.27157978833381,16.2317008694933,10.2083333333333,27.8874757159041,0.474532451206453,FALSE
115.268065189907,-31.26033,"JBMP",2024,-8.74587627671315,0.114850704617425,3.72808725560267,23.2399047725645,24.6243915071508,3.27296172261067,16.2266592028266,10.2083333333333,27.8874757159041,0.491822446111204,FALSE
115.290065189907,-31.26033,"MMP",2024,-8.79280763737025,0.115157137135274,3.7381421787405,23.2364276519246,24.6216890505092,3.27434958783073,16.944830657278,9.45833333333333,24.5,0.510374602273071,FALSE
115.312065189907,-31.26033,"MMP",2024,-8.8396534885373,0.115461625419536,3.74817182530218,23.2329594152712,24.6189945430992,3.27573538700305,16.9679903795002,9.45833333333333,24.5,0.530030638240524,FALSE
115.334065189907,-31.26033,"MMP",2024,-8.88614487560901,0.115762400615124,3.75811839173838,23.2295200855562,24.6163235825859,3.27711120794274,16.9856292683891,9.45833333333333,24.5,0.550646526019686,FALSE
115.356065189907,-31.26033,"MMP",2024,-8.9320207745804,0.116057806534064,3.76792603391091,23.2261290144464,24.6136912091082,3.27846936708334,16.9494660739447,10.1442072972453,24.5,0.534968605197657,FALSE
115.378065189907,-31.26033,"MMP",2024,-9.02496651700035,0.123594484424835,4,23.1551858043817,24.5643358693976,3.32057875465936,16.895446890456,9.20833333333333,24.7916666666667,0.497464598385236,FALSE
115.400065189907,-31.26033,"MMP",2024,-9.02865699479602,0.123562872781958,4,23.1551562021939,24.5643176338731,3.32057572198599,17.0105165829164,9.20833333333333,25.2995765282878,0.469641244823338,FALSE
115.422065189907,-31.26033,"MMP",2024,-9.03229235968184,0.123532119407637,4,23.1551275016602,24.5643001351954,3.32057315781453,17.005464499583,9.20833333333333,25.8036793302705,0.442106193275894,FALSE
115.234762865875,-31.23833,"JBMP",2024,-7.1623729558399,0.100874773471229,3.68964269858596,23.3249887197743,24.6895437764244,3.23052447215984,16.5927484968735,10.2083333333333,27.8874757159041,0.333100715462518,TRUE
115.256762865875,-31.23833,"JBMP",2024,-7.2233890031947,0.101179657974621,3.69688976110207,23.3205609967503,24.6859271968264,3.23182755562937,16.3257646742725,10.2083333333333,27.8874757159041,0.354381569505761,TRUE
115.278762865875,-31.23833,"JBMP",2024,-8.64894886886548,0.11414776192711,3.70700025750415,23.2471955035141,24.6301038145215,3.27010884211831,16.1957998278266,10.2083333333333,26.4460121804094,0.486623344166599,FALSE
115.300762865875,-31.23833,"JBMP",2024,-8.69782915836026,0.114472258254041,3.71749437743661,23.2435673836088,24.6272811236595,3.27155419903937,16.23600816116,10.2083333333333,27.8874757159041,0.50629415979161,FALSE
115.322762865875,-31.23833,"JBMP",2024,-8.74669820942486,0.114795655258753,3.72798070270956,23.2399421309985,24.6244614873441,3.27299964161891,16.2536470500489,10.2083333333333,27.8874757159041,0.527007048386948,FALSE
115.344762865875,-31.23833,"MMP",2024,-8.79526466084379,0.115116025140379,3.73839659216555,23.2363414355063,24.6216618023969,3.27443659087202,16.9874521850558,9.45833333333333,24.5,0.548616950770084,FALSE
115.366762865875,-31.23833,"MMP",2024,-8.84324631993349,0.115431556158682,3.74868161106726,23.2327862292564,24.6188983433003,3.27585673291204,17.0071917683891,10.2083333333333,24.5,0.527025885637713,FALSE
115.388762865875,-31.23833,"MMP",2024,-8.89037522776598,0.115740590417761,3.75877863935024,23.2292963031084,24.6161864606692,3.27725216736027,17.0567230183891,10.2083333333333,24.5290176226684,0.498660493268907,FALSE
115.410762865875,-31.23833,"MMP",2024,-8.93640209221308,0.116041655483364,3.76863483592863,23.2258899725993,24.613540319354,3.27861553719111,17.0696399330716,9.57076639506058,24.5290176226684,0.470618157295706,FALSE
115.223460541842,-31.21633,"JBMP",2024,-6.97894291979959,0.0999106523478961,3.66648922679344,23.3385476140662,24.7006675370931,3.22662670486398,16.6911061357624,10.2083333333333,28,0.306757449275723,TRUE
115.245460541842,-31.21633,"JBMP",2024,-7.03688273050439,0.100202881904848,3.67345740757331,23.334328377167,24.6972185748524,3.22786334541245,16.663460302429,10.2083333333333,27.8874757159041,0.327604360566438,TRUE
115.267460541842,-31.21633,"JBMP",2024,-7.09689730149573,0.100505210362895,3.68074329255993,23.3299545362212,24.6936446657223,3.22914793463054,16.6079932885402,10.2083333333333,27.8874757159041,0.350089569999809,TRUE
115.289460541842,-31.21633,"JBMP",2024,-7.15874547801557,0.100816333584574,3.68830574217888,23.3254447729866,24.6899610414306,3.23047493229268,16.3678566881614,10.2083333333333,27.4621706976196,0.373913397026193,TRUE
115.311460541842,-31.21633,"JBMP",2024,-7.22215234164388,0.101134795630071,3.69609959112164,23.3208201657299,24.6861848671076,3.23183804771992,16.3360684937169,10.2083333333333,27.8874757159041,0.398827830157238,TRUE
115.333460541842,-31.21633,"JBMP",2024,-8.64773273311902,0.114087800146518,3.70649249031406,23.2473726023187,24.6302775679278,3.27008582082832,16.2226748278266,10.2083333333333,26.4460121804094,0.524135512403219,FALSE
115.355460541842,-31.21633,"JBMP",2024,-8.69859306418635,0.114429169475253,3.71742465655373,23.243594252564,24.6273364739342,3.27159031568896,16.2837685778266,10.2083333333333,27.8874757159041,0.546698323441747,FALSE
115.377460541842,-31.21633,"JBMP",2024,-8.74890436601355,0.114766202766699,3.72823483623569,23.2398583281645,24.6244290504743,3.2730790123805,16.32655503616,10.2083333333333,28,0.518461256683088,FALSE
115.399460541842,-31.21633,"MMP",2024,-8.79837743838118,0.115097072333392,3.7388612430781,23.2361862254976,24.6215719103467,3.27454337977766,17.1380427108494,10.1309743619505,24.7916666666667,0.490534218618668,FALSE
115.21215821781,-31.19433,"JBMP",2024,-5.88669843088345,0.0955100816091025,3.44707142317582,23.4367263753131,24.79840920218,3.26702204331597,17.0118100311147,10.2083333333333,28,0.22191922960014,TRUE
115.23415821781,-31.19433,"JBMP",2024,-5.93215113405105,0.0955213398051621,3.4525978093715,23.4339684333281,24.796276465037,3.26772439084057,16.6804395630411,10.2083333333333,28,0.243419780369846,TRUE
115.25615821781,-31.19433,"JBMP",2024,-5.98016889270679,0.095535637730642,3.45849086733887,23.4310508385238,24.7940268814957,3.2684971900731,16.6539667621152,10.2083333333333,28,0.266758690268695,TRUE
115.27815821781,-31.19433,"JBMP",2024,-6.96923366481356,0.0998252754676479,3.6642773901373,23.3394443509886,24.7014378359082,3.2264346083396,16.6996929413179,10.2083333333333,28,0.34705394689796,TRUE
115.30015821781,-31.19433,"JBMP",2024,-7.0302009329034,0.100134651972919,3.67192384317927,23.3349769244209,24.6977875734589,3.22774671418818,16.6711616913179,10.2083333333333,27.8874757159041,0.371893417810961,TRUE
115.32215821781,-31.19433,"JBMP",2024,-7.09284439721328,0.100452201558062,3.67981903663777,23.3303850943397,24.6940366493371,3.2290971792797,16.4607146427068,10.2083333333333,27.8874757159041,0.397699764001199,TRUE
115.34415821781,-31.19433,"JBMP",2024,-7.15686012458949,0.100776342482125,3.68791230192755,23.3256921242892,24.6902039589635,3.23047896884742,16.3540198826058,10.2083333333333,27.4621706976196,0.424286739109498,TRUE
115.36615821781,-31.19433,"JBMP",2024,-7.22191756479902,0.101105385468869,3.69615079971491,23.3209230586934,24.686309829723,3.2318844807227,16.3797664103836,10.2083333333333,27.8874757159041,0.451503239485357,FALSE
115.38815821781,-31.19433,"JBMP",2024,-8.64944852153674,0.114064244496183,3.706680967154,23.2473123064172,24.6302579392136,3.27014964705132,16.2617199667155,10.2083333333333,27.8874757159041,0.510041529894886,FALSE
115.200855893778,-31.17233,"JBMP",2024,-5.7526480805784,0.0954261327457655,3.42988458304788,23.4449283806215,24.8046176802701,3.26432093326465,16.725465191348,10.2083333333333,28,0.203872519662644,TRUE
115.222855893778,-31.17233,"JBMP",2024,-5.79266538400457,0.0954358178412186,3.43480829416625,23.4424967303057,24.8027379194291,3.26494126283397,16.7216631080147,10.2083333333333,28,0.224548233450299,TRUE
115.244855893778,-31.17233,"JBMP",2024,-5.83516201649415,0.0954489635332759,3.44010634123314,23.4399093989632,24.8007457611941,3.26563700241908,16.7261075524591,10.2083333333333,28,0.247306234113525,TRUE
115.266855893778,-31.17233,"JBMP",2024,-5.88013442239463,0.0954653510051659,3.44576819617344,23.4371672810483,24.7986411944009,3.26640490903375,16.430103914893,10.2083333333333,28,0.27163754293617,TRUE
115.288855893778,-31.17233,"JBMP",2024,-5.92755006331464,0.0954847291165563,3.45177904878288,23.4342730829418,24.796425536159,3.26724095531801,16.7656561635702,10.2083333333333,28,0.297168553470764,TRUE
115.310855893778,-31.17233,"JBMP",2024,-5.97734427978264,0.0955068206349542,3.45811982398215,23.4312314869952,24.7941015828061,3.26814038927916,16.6431247482263,10.2083333333333,28,0.323626578582887,TRUE
115.332855893778,-31.17233,"JBMP",2024,-6.96355323806782,0.099769791865859,3.66341292755573,23.3399572718971,24.7018925007029,3.22635080107451,16.7234429413179,10.2083333333333,28,0.397812114518212,TRUE
115.354855893778,-31.17233,"JBMP",2024,-7.02695291642381,0.100093839261833,3.67165054200181,23.3352843610823,24.6980748977079,3.22772408618871,16.718616552429,10.2083333333333,28,0.425114432238762,TRUE
115.376855893778,-31.17233,"JBMP",2024,-7.09151638667972,0.100423592888743,3.68004449585142,23.3305261018801,24.6941879785279,3.22912321975454,16.5328948826058,10.2083333333333,28,0.452960226653699,FALSE
115.189553569745,-31.15033,"JBMP",2024,-5.6307168779794,0.0953387448112621,3.41382441391497,23.4524180657924,24.810253567316,3.26170914047781,16.6534513024591,10.2083333333333,28,0.187017512647273,TRUE
115.211553569745,-31.15033,"JBMP",2024,-5.66568497312122,0.0953466322215463,3.41818072299618,23.4502900778018,24.8086083140631,3.26224897777509,16.6708731774591,10.2083333333333,28,0.206728970180973,TRUE
115.233553569745,-31.15033,"JBMP",2024,-5.70301829372725,0.0953584626563371,3.42291928716152,23.4480118563991,24.8068564855224,3.26286978889398,16.6969408857924,10.2083333333333,28,0.228824407987118,TRUE
115.255553569745,-31.15033,"JBMP",2024,-5.74274343304484,0.0953740056448384,3.42803175608933,23.4455825632201,24.8049966567299,3.26356847064177,16.7255259552369,10.2083333333333,28,0.252692324954174,TRUE
115.277553569745,-31.15033,"JBMP",2024,-5.78486265518097,0.0953929914063735,3.43350561274745,23.4430029193123,24.8030285079975,3.26434108265304,16.7348749135702,10.2083333333333,28,0.277888615710139,TRUE
115.299553569745,-31.15033,"JBMP",2024,-5.82935048310557,0.0954151184025977,3.43932425616918,23.4402753793421,24.800952988899,3.26518292586875,16.7379044274591,10.2083333333333,28,0.304094486852764,TRUE
115.321553569745,-31.15033,"JBMP",2024,-5.87615073920808,0.0954400611646529,3.44546713416784,23.4374042786112,24.7987724614999,3.26608862941816,16.4621959287819,10.2083333333333,28,0.331080339883775,TRUE
115.343553569745,-31.15033,"JBMP",2024,-5.92517420858115,0.0954674780851307,3.4519099212943,23.4343959442097,24.7964908148052,3.26705224268167,16.4640188454485,10.2083333333333,28,0.358678879906308,TRUE
115.365553569745,-31.15033,"JBMP",2024,-5.97629708160052,0.095497018913319,3.45862474066176,23.431258762141,24.7941135430136,3.26806733006065,16.6897219704485,10.2083333333333,28,0.386766191090573,TRUE
115.387553569745,-31.15033,"JBMP",2024,-6.96237425682229,0.0997478431131264,3.66402462680596,23.3400429334851,24.7019952140237,3.22638645001436,16.7856998857624,10.2083333333333,28,0.455575328751127,FALSE
115.178251245713,-31.12833,"JBMP",2024,-5.52055396729878,0.0952476002309102,3.39882799011555,23.4592180266048,24.8153333998595,3.2591771314423,16.6632950524591,10.2083333333333,28,0.171379094375702,TRUE
115.200251245713,-31.12833,"JBMP",2024,-5.55087605465453,0.0952534122590182,3.40265143839185,23.457370226923,24.8139033445057,3.25963741529387,16.6549096357924,10.2083333333333,28,0.189941295047464,TRUE
115.222251245713,-31.12833,"JBMP",2024,-5.58342493788546,0.0952637258527431,3.40686664095349,23.4553788166716,24.8123737244444,3.26018511884582,16.6534513024591,10.2083333333333,28,0.211263088956396,TRUE
115.244251245713,-31.12833,"JBMP",2024,-5.61825250500434,0.0952782967676441,3.41146674514942,23.4532415249708,24.8107419292252,3.26081718662377,16.6626440107924,10.2083333333333,28,0.234605107996673,TRUE
115.266251245713,-31.12833,"JBMP",2024,-5.65539085775303,0.0952968321684281,3.41644068233919,23.4509574044554,24.8090062352834,3.2615296347474,16.6795624135702,10.2083333333333,28,0.259433960086923,TRUE
115.288251245713,-31.12833,"JBMP",2024,-5.69484865799355,0.0953189999464396,3.42177335283051,23.4485270115721,24.8071659814685,3.26231765599248,16.7002394969036,10.2083333333333,28,0.285372527573403,TRUE
115.310251245713,-31.12833,"JBMP",2024,-5.7366078110644,0.0953444384096396,3.42744585556568,23.4459525661211,24.8052217292598,3.26317573354776,16.6955519969036,10.2083333333333,28,0.312154239359525,TRUE
115.332251245713,-31.12833,"JBMP",2024,-5.78062065554593,0.0953727659048978,3.43343574682587,23.4432380821221,24.8031753997093,3.26409775795442,16.7389547746813,10.2083333333333,28,0.339588707888217,TRUE
115.354251245713,-31.12833,"JBMP",2024,-5.82680781519,0.0954035900050218,3.4397173176785,23.4403894624556,24.8010303797536,3.26507714289301,16.484635164893,10.2083333333333,28,0.367537774202901,TRUE
115.376251245713,-31.12833,"JBMP",2024,-5.87505684769942,0.0954365159783235,3.44626188576208,23.4374145504718,24.7987915914887,3.26610693680822,16.5326125954485,10.2083333333333,28,0.39589925349388,TRUE
115.166948921681,-31.10633,"JBMP",2024,-5.42172404688989,0.0951523302169777,3.38481901436954,23.4653561815875,24.8198776985935,3.25671349363075,16.3736596357924,10.2083333333333,28,0.157008671489163,TRUE
115.188948921681,-31.10633,"JBMP",2024,-5.44781209115097,0.0951557168895748,3.38814143534823,23.4637648161959,24.8186430682873,3.25709418425974,16.3881388024591,10.2083333333333,28,0.174179719010128,TRUE
115.210948921681,-31.10633,"JBMP",2024,-5.4759668256644,0.0951642577022323,3.39186811568774,23.4620374050849,24.8173169537756,3.25756993942498,16.3881388024591,10.2083333333333,28,0.194579098250721,TRUE
115.232948921681,-31.10633,"JBMP",2024,-5.50626122604238,0.095177692969952,3.39599311348497,23.4601705049371,24.8158957572908,3.25813767364374,16.6406561635702,10.2083333333333,28,0.217309780443543,TRUE
115.254948921681,-31.10633,"JBMP",2024,-5.53875300632917,0.0951957019664763,3.40050599880355,23.4581617755525,24.8143765498507,3.25879322952272,16.6635988719036,10.2083333333333,28,0.241724992737252,TRUE
115.276948921681,-31.10633,"JBMP",2024,-5.57348070567595,0.0952179145852973,3.40539218364861,23.4560101644093,24.8127572591596,3.25953151903968,16.6714894969036,10.2083333333333,28,0.267373363737548,TRUE
115.298948921681,-31.10633,"JBMP",2024,-5.61046001365252,0.0952439235581998,3.41063330089385,23.4537160753867,24.8110368468064,3.2603466755611,16.6797967885702,10.2083333333333,28,0.293941553679359,TRUE
115.320948921681,-31.10633,"JBMP",2024,-5.64968051300255,0.0952732965965128,3.41620760038473,23.4512815142691,24.8092154664163,3.26123220772623,16.704605816348,10.2083333333333,28,0.321210156506851,TRUE
115.342948921681,-31.10633,"JBMP",2024,-5.69110300121356,0.0953055879262611,3.42209033858727,23.4487102040495,24.8072945951833,3.2621811480695,16.7296318580147,10.2083333333333,28,0.349023135624707,TRUE
115.364948921681,-31.10633,"JBMP",2024,-5.73465752815897,0.0953403488171518,3.42825414783023,23.446007663704,24.8052771322763,3.26318619134158,16.7469756080147,10.2083333333333,28,0.377267399980678,TRUE
115.155646597648,-31.08433,"JBMP",2024,-4.60369364623561,0.10111272307625,3.26262143747443,23.560275009953,24.9396535960943,3.26831060045515,20.7712396660053,11.7916666666667,29.1749896589714,0.198702637476453,TRUE
115.177646597648,-31.08433,"JBMP",2024,-4.60332461304437,0.101126241856619,3.26274352404718,23.5604264190199,24.9399078859079,3.26833591277975,20.7825677910053,11.7916666666667,29.1749896589714,0.21025343595113,TRUE
115.199646597648,-31.08433,"JBMP",2024,-4.60230147760557,0.101156190750399,3.26294825491468,23.5606852816389,24.9403455876818,3.26847101448149,20.8043386243386,11.7916666666667,29.1749896589714,0.225369769648005,TRUE
115.221646597648,-31.08433,"JBMP",2024,-5.40629243939233,0.0950715557588288,3.38151446050919,23.4664009532438,24.820480495802,3.25551384770608,16.3878523441258,10.2083333333333,28,0.200747267062695,TRUE
115.243646597648,-31.08433,"JBMP",2024,-5.43448079811359,0.0950889332480809,3.38560544522805,23.4646470025972,24.8191613476887,3.25611551304755,16.3881388024591,10.2083333333333,28,0.224685633104329,TRUE
115.265646597648,-31.08433,"JBMP",2024,-5.46479050710984,0.095111187176089,3.39008664489659,23.4627550387604,24.8177481096229,3.25680827294334,16.4099322052369,10.2083333333333,28,0.250011264494981,TRUE
115.287646597648,-31.08433,"JBMP",2024,-5.49726766130947,0.0951378531662057,3.39493902066564,23.4607239064079,24.8162383012993,3.2575856792217,16.4192811635702,10.2083333333333,28,0.276351214136571,TRUE
115.309646597648,-31.08433,"JBMP",2024,-5.53193568162481,0.0951684349661931,3.40014019813877,23.4585538686179,24.8146304674348,3.25844059831399,16.6542985246813,10.2083333333333,28,0.303449440451395,TRUE
115.331646597648,-31.08433,"JBMP",2024,-5.56879209648634,0.0952024192439633,3.40566504174923,23.4562467386521,24.8129243348656,3.25936540835754,16.699058941348,10.2083333333333,28,0.331127487192781,TRUE
115.353646597648,-31.08433,"JBMP",2024,-5.60780600038275,0.0952392889846529,3.41148616769423,23.4538059799076,24.8111209385452,3.26035217836518,16.7312203996813,10.2083333333333,28,0.359258573925261,TRUE
115.144344273616,-31.06233,"JBMP",2024,-4.61437555784004,0.100818363954403,3.26155159158374,23.5582732062684,24.936243198485,3.2664704826875,20.7601285548942,11.7916666666667,29.1666666666667,0.188132103272347,TRUE
115.166344273616,-31.06233,"JBMP",2024,-4.61425367211853,0.100825847147906,3.26164854562076,23.5583889623657,24.9364363865877,3.26645171591258,20.7601285548942,11.7916666666667,29.1666666666667,0.197913114684362,TRUE
115.188344273616,-31.06233,"JBMP",2024,-4.61336457035147,0.100851967990036,3.2618523818236,23.5586260517628,24.9368367552226,3.2665594275326,20.7586702215609,11.7916666666667,29.1666666666667,0.211691356537837,TRUE
115.210344273616,-31.06233,"JBMP",2024,-4.61174616617304,0.10089597918742,3.26215461571471,23.5589795691065,24.9374359186173,3.26678817123455,20.7586702215609,11.7916666666667,29.1666666666667,0.228740743706181,TRUE
115.232344273616,-31.06233,"JBMP",2024,-4.60944919458678,0.100956918584024,3.26254345154154,23.5594432944182,24.9382232342255,3.2671307404535,20.7664045965609,11.7916666666667,29.1666666666667,0.248382921310529,TRUE
115.254344273616,-31.06233,"JBMP",2024,-4.60653442563705,0.101033647924103,3.26300463942085,23.560009925388,24.9391862026541,3.26757851738174,20.7664045965609,11.7916666666667,29.1666666666667,0.27004662056776,TRUE
115.276344273616,-31.06233,"JBMP",2024,-4.60306965994058,0.101124894705555,3.26352240168833,23.5606713295079,24.9403109016396,3.26812184841512,20.8086615410053,11.7916666666667,29.1749896589714,0.293277947202938,TRUE
115.298344273616,-31.06233,"JBMP",2024,-5.4268850450922,0.0950574041778568,3.38512953336083,23.4650883729538,24.8194437343204,3.25570464949957,16.4098801219036,10.2083333333333,28,0.286215886372656,TRUE
115.320344273616,-31.06233,"JBMP",2024,-5.45938828415058,0.0950933547862427,3.39034337760901,23.463031155423,24.8179422359548,3.25661267736315,16.428183941348,10.2083333333333,28,0.31375864911504,TRUE
115.342344273616,-31.06233,"JBMP",2024,-5.49403551077114,0.0951326682094855,3.39586711069367,23.460840062502,24.816344691973,3.25758894787685,16.4468506080147,10.2083333333333,28,0.341780319756878,TRUE
115.133041949584,-31.04033,"JBMP",2024,-4.62598383069217,0.100507002981394,3.2602603860175,23.5561632415064,24.9326475689873,3.26449977148074,20.8153195271164,11.7916666666667,29.1666666666667,0.17838749082384,TRUE
115.155041949584,-31.04033,"JBMP",2024,-4.62620057318027,0.10050671159465,3.26031262386745,23.5562327743566,24.9327615257942,3.26442332324634,20.8033403604497,11.7916666666667,29.1666666666667,0.186131801469473,TRUE
115.177041949584,-31.04033,"JBMP",2024,-4.62551163505591,0.100527653531565,3.26050315842753,23.5564398696721,24.9331104704194,3.26449337022294,20.774468832672,11.7916666666667,28.9040393153253,0.198350980585448,TRUE
115.199041949584,-31.04033,"JBMP",2024,-4.62395739953742,0.100569045535239,3.26082275359451,23.5567793971418,24.9336856307086,3.26470415721293,20.7604410548942,11.7916666666667,28.9040393153253,0.214275422791256,TRUE
115.221041949584,-31.04033,"JBMP",2024,-4.62159592454649,0.100629823401682,3.26125733619244,23.5572445135675,24.9344752920651,3.26504756980985,20.7689132771164,11.7916666666667,29.1666666666667,0.233140587533958,TRUE
115.243041949584,-31.04033,"JBMP",2024,-4.61849928478417,0.100708690862588,3.26178915500707,23.5578269538941,24.93546529889,3.26551358447545,20.7586702215609,11.7916666666667,29.1666666666667,0.254285634749465,TRUE
115.265041949584,-31.04033,"JBMP",2024,-4.61474950047965,0.100804173765163,3.26239808072499,23.5585173561062,24.9366396142232,3.26609076631532,20.7586702215609,11.7916666666667,29.1666666666667,0.277181824950583,TRUE
115.287041949584,-31.04033,"JBMP",2024,-4.61043442869606,0.100914675498444,3.26306290811831,23.559305595512,24.9379808953108,3.26676677340002,20.7664045965609,11.7916666666667,29.1666666666667,0.301422905497029,TRUE
115.309041949584,-31.04033,"JBMP",2024,-4.60564393526364,0.101038530151318,3.2637625442401,23.5601811069393,24.9394710480468,3.26752883259192,20.7707275132275,11.7916666666667,29.1666666666667,0.32670238797883,TRUE
115.331041949584,-31.04033,"JBMP",2024,-4.60046657834412,0.101174050705505,3.26447700055651,23.5611331782138,24.9410917316279,3.26836416087689,20.8086615410053,11.7916666666667,29.1749896589714,0.352790220481024,TRUE
115.121739625551,-31.01833,"JBMP",2024,-4.63861234312228,0.100177825317342,3.25871060400275,23.5539406716541,24.9288589628798,3.26238871807853,20.7676285548942,11.7916666666667,29.1666666666667,0.169614777160847,TRUE
115.143739625551,-31.01833,"JBMP",2024,-4.63929208431492,0.100167530846657,3.25868904105851,23.5539504799316,24.9288705163374,3.26223670833396,20.7774983465609,11.7916666666667,29.1666666666667,0.175022501914531,TRUE
115.165739625551,-31.01833,"JBMP",2024,-4.63889573363325,0.100181533730954,3.25884658357943,23.5541168965232,24.929149710517,3.26225532010199,20.7944080687831,11.7916666666667,29.1666666666667,0.185418943645175,TRUE
115.187739625551,-31.01833,"JBMP",2024,-4.63746440449708,0.100219038173825,3.25917381352866,23.5544347147934,24.9296876422433,3.26243869614306,20.7830799437831,11.7916666666667,29.1666666666667,0.200021838711305,TRUE
115.209739625551,-31.01833,"JBMP",2024,-4.63506388897228,0.100278876903689,3.25965418489225,23.5548964709562,24.9304715281574,3.26277777795485,20.7911007771164,11.7916666666667,29.1666666666667,0.21797993808021,TRUE
115.231739625551,-31.01833,"JBMP",2024,-4.63177985617518,0.1003595728731,3.26026558579703,23.5554928086208,24.931485333355,3.26326088690053,20.8013785548942,11.7916666666667,29.1666666666667,0.238528155311397,TRUE
115.253739625551,-31.01833,"JBMP",2024,-4.62771227887824,0.100459410044,3.26098217806696,23.5562129013069,24.9327104997624,3.26387439086599,20.774468832672,11.7916666666667,28.9040393153253,0.261046616281333,TRUE
115.275739625551,-31.01833,"JBMP",2024,-4.62296968506214,0.100576507111095,3.26177628858901,23.5570448957236,24.9341267099591,3.26460339252494,20.7604410548942,11.7916666666667,28.9040393153253,0.285059765051862,TRUE
115.297739625551,-31.01833,"JBMP",2024,-4.61766375189866,0.10070888872904,3.26262015775302,23.5579763424943,24.9357126289242,3.26543238366101,20.7586702215609,11.7916666666667,29.1666666666667,0.310211902777785,TRUE
115.319739625551,-31.01833,"JBMP",2024,-4.61190462252557,0.100854550051867,3.26348740490218,23.5589945883644,24.9374465789388,3.26634582400982,20.7586702215609,11.7916666666667,29.1666666666667,0.336239172356372,TRUE
115.110437301519,-30.99633,"JBMP",2024,-4.65235511018988,0.0998302244285361,3.25686138297904,23.5516024740891,24.9248720435775,3.26012842993216,19.7117214781746,11.75,28.625,0.161979326896813,TRUE
115.132437301519,-30.99633,"JBMP",2024,-4.65366813053132,0.0998070543565431,3.25672295897938,23.5515352161195,24.9247514091422,3.25987718538499,19.7117214781746,11.75,28.625,0.164723976034082,TRUE
115.154437301519,-30.99633,"JBMP",2024,-4.65369443774879,0.0998118101056038,3.2568166932598,23.5516469826332,24.9249368711159,3.25982576052747,19.9482029596561,11.75,28.625,0.17298568911291,TRUE
115.176437301519,-30.99633,"JBMP",2024,-4.65247229718308,0.099843726953084,3.25713423665578,23.5519327654246,24.9254198680699,3.25996860244508,19.9482029596561,11.75,28.625,0.186024681398044,TRUE
115.198437301519,-30.99633,"JBMP",2024,-4.65007488369181,0.0999015432371579,3.25765664039131,23.5523845464768,24.9261866605693,3.26029575842673,19.9651126818783,11.75,28.625,0.202913555968925,TRUE
115.220437301519,-30.99633,"JBMP",2024,-4.6466040192523,0.0999835779378238,3.25835643870545,23.5529917519413,24.9272191147654,3.26079362345044,20.7885747354497,11.7916666666667,29.1666666666667,0.222768372385159,TRUE
115.242437301519,-30.99633,"JBMP",2024,-4.64218247391348,0.100087823947691,3.25920027004857,23.5537418061737,24.9284956583199,3.26144584136621,20.7765955687831,11.7916666666667,29.1666666666667,0.244857891483495,TRUE
115.264437301519,-30.99633,"JBMP",2024,-4.63694579313731,0.100212047540984,3.26015166435878,23.5546207282993,24.9299923091874,3.26223425876878,20.7652674437831,11.7916666666667,29.1666666666667,0.268620392581365,TRUE
115.286437301519,-30.99633,"JBMP",2024,-4.63103451375023,0.100353885437422,3.2611736629255,23.5556137183302,24.9316836857395,3.26313984135089,20.8054150132275,11.7916666666667,29.1666666666667,0.293639261027499,TRUE
115.308437301519,-30.99633,"JBMP",2024,-4.62458741246037,0.100510932767313,3.26223102563276,23.5567056911342,24.9335439262807,3.26414348451751,20.7975070271164,11.7916666666667,29.1666666666667,0.319609386491591,TRUE
115.099134977487,-30.97433,"JBMP",2024,-4.66729725627911,0.0994639675871556,3.25467029846325,23.5491480684966,24.9206856331652,3.25771217054965,19.7511398809524,11.75,28.625,0.155661642141945,TRUE
115.121134977487,-30.97433,"JBMP",2024,-4.66947835078584,0.0994241972895345,3.25435134921486,23.5489813422655,24.9203943051274,3.25733011798722,19.7511398809524,11.75,28.625,0.155404529281161,TRUE
115.143134977487,-30.97433,"JBMP",2024,-4.67011183732525,0.0994166577530071,3.25433339936806,23.549020062488,24.9204544322062,3.25718331086885,19.7511398809524,11.75,28.625,0.161168282514113,TRUE
115.165134977487,-30.97433,"JBMP",2024,-4.66922623192841,0.099440693039905,3.25461169386422,23.5492599069375,24.9208586346905,3.25726725660531,19.7422075892857,11.75,28.625,0.172343841136278,TRUE
115.187134977487,-30.97433,"JBMP",2024,-4.66690006969653,0.0994949744656098,3.25516557504824,23.5496924911224,24.9215925386067,3.25757133700676,19.7566867559524,11.75,28.625,0.187958782001258,TRUE
115.209134977487,-30.97433,"JBMP",2024,-4.66325388510264,0.0995775969373419,3.25596118998049,23.5503059243872,24.9226357366081,3.25807975716678,19.751165922619,11.75,28.625,0.206998996954417,TRUE
115.231134977487,-30.97433,"JBMP",2024,-4.65843950687895,0.0996862026877968,3.25695523998262,23.5510855408651,24.9239630503109,3.25877277273325,19.7375548115079,11.75,28.625,0.228597071629246,TRUE
115.253134977487,-30.97433,"JBMP",2024,-4.6526282445095,0.0998181175160315,3.25809914980163,23.5520147149571,24.9255459377818,3.259628033403,19.7300634920635,11.75,28.625,0.252082891926133,TRUE
115.275134977487,-30.97433,"JBMP",2024,-4.6459994393703,0.0999704855673234,3.25934307190996,23.5530756748763,24.927353896734,3.26062189236863,20.7787049437831,11.7916666666667,29.1666666666667,0.276963375768187,TRUE
115.297134977487,-30.97433,"JBMP",2024,-4.63873050443672,0.100140391637324,3.26063928439904,23.5542502451482,24.9293557441149,3.26173056620332,20.7765955687831,11.7916666666667,29.1666666666667,0.30288242096446,TRUE
115.087832653454,-30.95233,"JBMP",2024,-4.6834984015079,0.0990794551155833,3.25209799959537,23.5465808964466,24.9163054264285,3.2551375547934,19.7205658594877,11.75,28.625,0.150848742018795,TRUE
115.109832653454,-30.95233,"JBMP",2024,-4.68687345767529,0.0990182279781407,3.25150446771394,23.5462856060616,24.9157933511836,3.25458229192983,19.7278696789322,11.75,28.625,0.147263969169378,TRUE
115.131832653454,-30.95233,"JBMP",2024,-4.68837817569872,0.0989943368547998,3.25130068823172,23.5462268734122,24.9156861785463,3.25430524700985,19.7108175955988,11.75,28.625,0.150118587510141,TRUE
115.153832653454,-30.95233,"JBMP",2024,-4.68801843986267,0.0990073699406374,3.25149038852073,23.5464019094551,24.915979171749,3.25430435571112,19.7193280122655,11.75,28.625,0.159061150308723,TRUE
115.175832653454,-30.95233,"JBMP",2024,-4.68587265867914,0.0990559940295798,3.25205325057466,23.5468023778848,24.9166580348254,3.25456891895682,19.7193280122655,11.75,28.625,0.173140461269073,TRUE
115.197832653454,-30.95233,"JBMP",2024,-4.68208192163444,0.09913807064776,3.25294823997518,23.5474150507263,24.9177000469289,3.2550807698219,19.7040415539322,11.75,28.625,0.191211150438621,TRUE
115.219832653454,-30.95233,"JBMP",2024,-4.67683509163689,0.0992508206993368,3.25411895903328,23.5482227741485,24.9190757319541,3.25581595064005,19.7040415539322,11.75,28.625,0.21224010809182,TRUE
115.241832653454,-30.95233,"JBMP",2024,-4.67035144284777,0.0993910139780771,3.25549997514376,23.5492056010676,24.920750815098,3.25674663668669,19.7546294642857,11.75,28.625,0.235419138578203,TRUE
115.263832653454,-30.95233,"JBMP",2024,-4.66286342625706,0.099555160260625,3.25702307529719,23.5503419455966,24.9226882156811,3.25784304938351,19.751165922619,11.75,28.625,0.260157603951974,TRUE
115.285832653454,-30.95233,"JBMP",2024,-4.65460159096444,0.0997396832453154,3.25862262663513,23.5516096407761,24.9248498714128,3.25907515674988,19.7354975198413,11.75,28.625,0.286035427958589,TRUE
115.076530329422,-30.93033,"JBMP",2024,-4.70096310665456,0.0986781246140558,3.24911747026992,23.5439108590685,24.9117481873431,3.25241020364255,19.7646990440115,11.75,28.625,0.147721016837994,TRUE
115.098530329422,-30.93033,"JBMP",2024,-4.70598679404015,0.0985890788330133,3.24811059283111,23.5434490497175,24.9109500119705,3.25162445263938,19.716799738456,11.75,28.625,0.140531575825306,TRUE
115.120530329422,-30.93033,"JBMP",2024,-4.70874395296558,0.0985433962721025,3.24760624157816,23.5432602303147,24.910619375224,3.25116878487996,19.716799738456,11.75,28.625,0.140032831711369,TRUE
115.142530329422,-30.93033,"JBMP",2024,-4.70919421319878,0.0985411421337073,3.24762586902801,23.543344600957,24.9107566970866,3.25104600311922,19.716799738456,11.75,28.625,0.146290532301925,TRUE
115.164530329422,-30.93033,"JBMP",2024,-4.70740337136376,0.0985811065528791,3.24815438100089,23.5436947094482,24.9113491990921,3.25124660654826,19.7676712662338,11.75,28.625,0.158495645767058,TRUE
115.186530329422,-30.93033,"JBMP",2024,-4.70353246625074,0.0986609354103138,3.24914371624772,23.5442961577628,24.9123721290904,3.25175012395242,19.7603848079004,11.75,28.625,0.17539454727888,TRUE
115.208530329422,-30.93033,"JBMP",2024,-4.6978171946076,0.0987773484152328,3.25052038579339,23.5451288679616,24.9137909522053,3.25252739498648,19.7468952245671,11.75,28.625,0.195755697356279,TRUE
115.230530329422,-30.93033,"JBMP",2024,-4.69054199413345,0.0989264066963274,3.2521952073801,23.5461686792818,24.9155641123637,3.25354336876126,19.7947545995671,11.75,28.625,0.218592681601543,TRUE
115.252530329422,-30.93033,"JBMP",2024,-4.68201343804844,0.099103790043998,3.25407330735486,23.5473890268591,24.9176459325497,3.25475996812822,19.7040415539322,11.75,28.625,0.243188019533858,TRUE
115.274530329422,-30.93033,"JBMP",2024,-4.67253673530281,0.0993050507506866,3.25606281412512,23.548762490862,24.9199892887105,3.25613865219697,19.7511398809524,11.75,28.625,0.26903995771356,TRUE
115.06522800539,-30.90833,"JBMP",2024,-4.71958959791695,0.0982630772319606,3.24573144094634,23.5411580591637,24.9070482031755,3.24954975177223,19.7732771690115,11.75,28.625,0.146436338681163,TRUE
115.08722800539,-30.90833,"JBMP",2024,-4.72689774292023,0.0981378589868999,3.24410730337576,23.5404801200304,24.9058784210075,3.248455872648,19.7331782106782,11.75,28.625,0.135457497265886,TRUE
115.10922800539,-30.90833,"JBMP",2024,-4.7314621292752,0.098063037299084,3.24312482690251,23.5401172625174,24.9052486000651,3.24775382623044,19.7326521690115,11.75,28.625,0.131161150689105,TRUE
115.13122800539,-30.90833,"JBMP",2024,-4.73315331319706,0.0980395519472799,3.24284039257515,23.540075159807,24.9051686101723,3.2474555903531,19.725377863456,11.75,28.625,0.134193192022168,TRUE
115.15322800539,-30.90833,"JBMP",2024,-4.73199802223776,0.0980665654789623,3.24325484342807,23.5403488612406,24.9056299801232,3.24755548643394,19.725377863456,11.75,28.625,0.144081872431861,TRUE
115.17522800539,-30.90833,"JBMP",2024,-4.72817019615523,0.0981415867861532,3.24431589510097,23.5409233804087,24.9066069218825,3.24803143036216,19.725377863456,11.75,28.625,0.159538441941903,TRUE
115.19722800539,-30.90833,"JBMP",2024,-4.72196339466296,0.0982607540845482,3.24592835283332,23.5417753076842,24.9080591255138,3.24884796971292,19.725377863456,11.75,28.625,0.179102881950887,TRUE
115.21922800539,-30.90833,"JBMP",2024,-4.71375162840131,0.0984192175966369,3.24796922997078,23.5428750899786,24.9099357050607,3.24996041058216,19.7762493912338,11.75,28.625,0.201555804802358,TRUE
115.24122800539,-30.90833,"JBMP",2024,-4.70394716331107,0.0986115519986912,3.25030415041379,23.5441895376054,24.9121795332375,3.25131922053158,19.7718379329004,11.75,28.625,0.226011058992093,TRUE
115.26322800539,-30.90833,"JBMP",2024,-4.69296267921791,0.0988321379663937,3.25280189332485,23.5456841664073,24.9147312873017,3.25287401291801,19.7381712662338,11.75,28.625,0.251860414526318,TRUE
115.053925681357,-30.88633,"JBMP",2024,-4.73908298331014,0.0978400363762871,3.24200367132185,23.5383584767296,24.9022670915373,3.2465995664802,19.7153691829004,11.75,28.625,0.147115575089451,TRUE
115.075925681357,-30.88633,"JBMP",2024,-4.74956212815596,0.0976676946246511,3.23946538885799,23.5373997267174,24.9006141033095,3.24509242574536,19.7081295995671,11.75,28.625,0.132295859178706,TRUE
115.097925681357,-30.88633,"JBMP",2024,-4.7567457453411,0.0975537566404055,3.2377304532899,23.536803325194,24.8995824667317,3.24404847629354,19.6552910579004,11.75,28.625,0.123813626290383,TRUE
115.119925681357,-30.88633,"JBMP",2024,-4.76033861387057,0.0975007096539917,3.23692170830099,23.5365846180399,24.899198767409,3.24349640909512,19.6552910579004,11.75,28.625,0.122999741455265,TRUE
115.141925681357,-30.88633,"JBMP",2024,-4.76027422212015,0.0975085621522165,3.23707850365829,23.536744223396,24.8994641390764,3.24343958536147,19.6552910579004,11.75,28.625,0.129992120878797,TRUE
115.163925681357,-30.88633,"JBMP",2024,-4.75671685725229,0.0975748961159923,3.23815375543295,23.5372680351618,24.9003542831664,3.24385644319226,19.6552910579004,11.75,28.625,0.143634461942445,TRUE
115.185925681357,-30.88633,"JBMP",2024,-4.7500274891061,0.097695213728259,3.24002645774158,23.538129122002,24.901822767516,3.24470430390822,19.6480167523449,11.75,28.625,0.162227901621007,TRUE
115.207925681357,-30.88633,"JBMP",2024,-4.74070429048529,0.0978634883584694,3.24252518820138,23.5392909966789,24.9038066914264,3.24592550234477,19.6833032106782,11.75,28.625,0.184245373295883,TRUE
115.229925681357,-30.88633,"JBMP",2024,-4.72931380286049,0.0980727947200798,3.2454557205008,23.5407114661412,24.9062333487565,3.24745434695548,19.725377863456,11.75,28.625,0.208570298862387,TRUE
115.251925681357,-30.88633,"JBMP",2024,-4.7164277114451,0.0983159020706194,3.24862623075396,23.5423463038053,24.9090265765286,3.24922353932353,19.725377863456,11.75,28.625,0.234452090739297,TRUE
115.042623357325,-30.86433,"JBMP",2024,-4.75881311898853,0.0974187809119179,3.2381125957439,23.5355723568754,24.8975083234816,3.24364207328404,19.7238848079004,11.75,28.625,0.149834921089558,TRUE
115.064623357325,-30.86433,"JBMP",2024,-4.7736840066789,0.0971850919104921,3.23423629338687,23.5342493938398,24.8952280621223,3.24158060832193,19.6995792523449,11.75,28.625,0.131281103158609,TRUE
115.086623357325,-30.86433,"JBMP",2024,-4.78467605483648,0.0970184753266584,3.23132763592129,23.5333388281961,24.8936553949913,3.2400597676882,19.7409334190115,11.75,28.625,0.118356521624968,TRUE
115.108623357325,-30.86433,"JBMP",2024,-4.79119352107411,0.0969240863568508,3.22963241622557,23.5328726518271,24.8928457019935,3.23913792856442,19.6666365440115,11.75,28.625,0.113040204410056,TRUE
115.130623357325,-30.86433,"JBMP",2024,-4.79296798945074,0.0969036661739446,3.22927489512038,23.532862793909,24.8928196521022,3.23883767870886,19.6666365440115,11.75,28.625,0.116382397235545,TRUE
115.152623357325,-30.86433,"JBMP",2024,-4.79009559304197,0.0969553582923418,3.23023841176748,23.5332993745042,24.89356020472,3.23914335127146,19.6666365440115,11.75,28.625,0.127684048916538,TRUE
115.174623357325,-30.86433,"JBMP",2024,-4.78300415665102,0.0970740694325855,3.23237635357912,23.5341524595017,24.8950156738683,3.24000502890177,19.6420618912338,11.75,28.625,0.145060330077799,TRUE
115.196623357325,-30.86433,"JBMP",2024,-4.77236403683335,0.0972522568409348,3.23544802336825,23.5353766859862,24.8971077541289,3.24134758338711,19.6420618912338,11.75,28.625,0.16657694694068,TRUE
115.218623357325,-30.86433,"JBMP",2024,-4.75897266687785,0.0974809171916906,3.23916632574767,23.5369173417335,24.8997420515357,3.24308199182437,19.6552910579004,11.75,28.625,0.190792067420008,TRUE
115.240623357325,-30.86433,"JBMP",2024,-4.74364444657015,0.0977505450274078,3.24324321979007,23.5387163662202,24.9028184660385,3.24511610603701,19.6760636273449,11.75,28.625,0.216758751938414,TRUE
115.031321033293,-30.84233,"JBMP",2024,-4.77759395816474,0.09701518983756,3.23443759993135,23.532895963752,24.8929376234262,3.24082183306729,19.722252863456,11.75,28.625,0.153564223350776,TRUE
115.053321033293,-30.84233,"JBMP",2024,-4.79848779806973,0.0967020975627614,3.22864123585187,23.5311040910641,24.8898490026211,3.23802126012458,19.7400219606782,11.75,28.625,0.132604205262981,TRUE
115.075321033293,-30.84233,"JBMP",2024,-4.81501352237532,0.0964645022086953,3.22392247285397,23.5297710878906,24.8875480906485,3.23583401174744,19.7414282106782,11.75,28.625,0.11519088102163,TRUE
115.097321033293,-30.84233,"JBMP",2024,-4.82604731927097,0.0963120293985712,3.22074690267353,23.5289567224042,24.88613836656,3.23436971605223,19.741393488456,11.75,28.625,0.104778086911101,TRUE
115.119321033293,-30.84233,"JBMP",2024,-4.83090527080587,0.096249785281514,3.21941690724703,23.5286948075756,24.8856783414698,3.23368971540087,19.717643488456,11.75,28.625,0.103522861459869,TRUE
115.141321033293,-30.84233,"JBMP",2024,-4.82947505090678,0.09627754689596,3.22000831927831,23.5289869834481,24.8861708320727,3.23379675685256,19.7261539051227,11.75,28.625,0.111717317945706,TRUE
115.163321033293,-30.84233,"JBMP",2024,-4.82221597437056,0.0963899369065156,3.2223646990683,23.529802782862,24.8875631268567,3.2346367033597,19.7261539051227,11.75,28.625,0.12750924613491,TRUE
115.185321033293,-30.84233,"JBMP",2024,-4.81003282185866,0.0965775012863441,3.22614839517196,23.5310857938652,24.8897577013058,3.23611129265856,19.6520011273449,11.75,28.625,0.148436531304527,TRUE
115.207321033293,-30.84233,"JBMP",2024,-4.79407755874319,0.0968282978680533,3.23092464180301,23.5327634854213,24.8926292547108,3.23809699857283,19.6666365440115,11.75,28.625,0.17257961806575,TRUE
115.02001870926,-30.82033,"JBMP",2024,-4.79337350259573,0.0966538965786024,3.2316832669334,23.5304762981704,24.8888086018144,3.23837732971964,19.7106556412338,11.75,28.625,0.158134859517365,TRUE
115.04201870926,-30.82033,"JBMP",2024,-4.82233514986018,0.0962395597726331,3.22322767123407,23.5280913748474,24.8846965708264,3.23460781393887,19.7435636273449,11.75,28.625,0.136399133268123,TRUE
115.06401870926,-30.82033,"JBMP",2024,-4.84682563544877,0.0959068758591711,3.21577256556765,23.5261944899525,24.8814224738665,3.23149434394581,19.7828518217893,11.75,28.625,0.114710004772224,TRUE
115.08601870926,-30.82033,"JBMP",2024,-4.8648400444347,0.0956726313504127,3.2101547683242,23.5248894633468,24.8791661708082,3.2292310528214,19.7834420995671,11.75,28.625,0.0988317102855863,TRUE
115.10801870926,-30.82033,"JBMP",2024,-4.87487372494147,0.0955482036341464,3.20703496208171,23.5242507845534,24.8780566002115,3.22795426559245,19.7430601551227,11.75,28.625,0.0918895088425994,TRUE
115.13001870926,-30.82033,"JBMP",2024,-4.87628287919667,0.0955372781673475,3.20672768869308,23.5243070922657,24.8781432170409,3.22771315995394,19.7712719606782,11.75,28.625,0.0958409686670863,TRUE
115.15201870926,-30.82033,"JBMP",2024,-4.8694200300816,0.0956352127441469,3.20912991953786,23.5250349133426,24.8793852463829,3.22846104167731,19.7712719606782,11.75,28.625,0.109462719628747,TRUE
115.17401870926,-30.82033,"JBMP",2024,-4.8554881385791,0.0958303095283903,3.21377803636888,23.5263652944281,24.8816632691383,3.23007079335719,19.7712719606782,11.75,28.625,0.129669540827797,TRUE
115.008716385228,-30.79833,"JBMP",2024,-4.80288397441382,0.0963710706266391,3.23102024235232,23.528525009436,24.8854871721327,3.23667703993298,19.7801209190115,11.75,28.625,0.164345473438784,TRUE
115.030716385228,-30.79833,"JBMP",2024,-4.84214521880789,0.0958315497725577,3.21911429173426,23.5254166384198,24.8801253674515,3.23168223410045,19.7367545995671,11.75,29.1666666666667,0.142747783609565,TRUE
115.052716385228,-30.79833,"JBMP",2024,-4.87779641573632,0.095373765849391,3.20768018904336,23.5227830118768,24.8755781761137,3.22730656890396,19.8862493912338,11.75,28.625,0.117246051710112,TRUE
115.074716385228,-30.79833,"JBMP",2024,-4.90650425269857,0.0950250515065454,3.19811530214753,23.5207912358071,24.8721353822459,3.22387179370881,18.6984311041967,11.75,28.625,0.0959445872567764,TRUE
115.096716385228,-30.79833,"JBMP",2024,-4.92523232551972,0.0948078542118521,3.19175946161933,23.519587215936,24.8700497495412,3.22165169677687,18.7034195301227,11.75,28.625,0.0823079524664109,TRUE
115.118716385228,-30.79833,"JBMP",2024,-4.93209060931941,0.0947344122106704,3.18949639976564,23.5192582948804,24.8694723129552,3.22080216743242,18.6772736967893,11.75,28.625,0.0803619056067323,TRUE
115.140716385228,-30.79833,"JBMP",2024,-4.92690024415746,0.0948036094080877,3.19147513040779,23.5198082395318,24.8704092057097,3.22131884869222,18.4787285579004,11.75,28.625,0.0908027423678709,TRUE
115.162716385228,-30.79833,"JBMP",2024,-4.91116132963485,0.0950016872035969,3.19710671969617,23.521158133273,24.8727234194352,3.22304542006063,18.516002863456,11.75,28.625,0.110068139146244,TRUE
115.184716385228,-30.79833,"JBMP",2024,-4.88747271539794,0.0953063421203597,3.20532041050073,23.5231716224401,24.8761787052812,3.22572628277324,19.7377893217893,11.75,28.625,0.134307214692921,TRUE
114.997414061196,-30.77633,"JBMP",2024,-4.80146738239397,0.0962157416323105,3.23414538763177,23.5273202494184,24.8834553407255,3.2362412435597,19.3630167523449,11.75,28.625,0.171885100680543,TRUE
115.019414061196,-30.77633,"JBMP",2024,-4.85270661098725,0.0955299526410244,3.21828902524747,23.523386911581,24.8766668168059,3.22980016328055,19.6840670995671,11.75,29.1666666666667,0.151703570381296,TRUE
115.041414061196,-30.77633,"JBMP",2024,-4.90308308037546,0.0949141820332876,3.20149986935053,23.5198360673296,24.8705325017298,3.22378270458274,18.7341920995671,11.75,28.625,0.123032810026583,TRUE
115.063414061196,-30.77633,"JBMP",2024,-4.94766853269861,0.0944088572826952,3.18582706295539,23.5169079885956,24.8654696658474,3.21867070072792,18.6102910579004,11.75,28.625,0.0968615190719019,TRUE
115.085414061196,-30.77633,"JBMP",2024,-4.98086676679089,0.0940540943930591,3.17375578438839,23.5148606510667,24.8619257511593,3.21496562374097,18.6497302940115,11.75,28.625,0.076090680405473,TRUE
115.107414061196,-30.77633,"JBMP",2024,-4.9980738840145,0.093879443479666,3.16743127423548,23.5139000684808,24.8602574785841,3.21305047863867,18.6143136273449,11.75,28.625,0.0661039004089325,TRUE
115.129414061196,-30.77633,"JBMP",2024,-4.99739608286124,0.0938943224595658,3.16782094100121,23.5141081827449,24.8606060636394,3.21305751727935,18.6288361967893,11.75,28.625,0.0714804987036811,TRUE
115.151414061196,-30.77633,"JBMP",2024,-4.98030454655805,0.0940851101864718,3.17436697765589,23.5154140577201,24.8628477259068,3.21482646558438,18.630268488456,11.75,28.625,0.0893650256573027,TRUE
115.173414061196,-30.77633,"JBMP",2024,-4.95079908588335,0.0944208428388301,3.18535530595897,23.5176272306395,24.866651897568,3.21798100613126,18.7379143217893,11.75,28.625,0.113884046228164,TRUE
114.986111737163,-30.75433,"JBMP",2024,-4.78358529372212,0.0962464874568743,3.24302384588646,23.527174799304,24.8832567823732,3.23770716648038,19.1725728039322,11.75,28.625,0.180471288205315,TRUE
115.008111737163,-30.75433,"JBMP",2024,-4.84638786346187,0.095405584908691,3.22372934260255,23.5224073894219,24.8750243211522,3.22976192115162,19.6778570301227,11.75,29.1666666666667,0.159788879521147,TRUE
115.030111737163,-30.75433,"JBMP",2024,-4.91388033809778,0.0946057244346331,3.20080511705441,23.5178213552376,24.8670959737075,3.22180435049739,18.6681052940115,11.75,28.625,0.132215994528978,TRUE
115.052111737163,-30.75433,"JBMP",2024,-4.98026241352387,0.0938981476982849,3.17654099260402,23.5136997758037,24.8599645432165,3.21443840769157,18.6693448773449,11.75,28.625,0.102136657557891,TRUE
115.074111737163,-30.75433,"JBMP",2024,-5.03663826228024,0.0933456695004785,3.15487894851407,23.5104358625623,24.8543132102748,3.2084663794563,16.7004681412338,10.2083333333333,28,0.0748965634137665,TRUE
115.096111737163,-30.75433,"JBMP",2024,-5.07319412660679,0.0930086621902947,3.14042478055929,23.5084459548657,24.8508639714617,3.20469817172023,16.6729855023449,10.2083333333333,28,0.0551061726879231,TRUE
115.118111737163,-30.75433,"JBMP",2024,-5.08331210523465,0.0929229668695869,3.13643919835861,23.5080073275242,24.8500963517187,3.2036336143001,16.6517181412338,10.2083333333333,28,0.0518340085124824,TRUE
115.140111737163,-30.75433,"JBMP",2024,-5.06686643819909,0.093083838837605,3.1431662241247,23.5091253848886,24.8520178807815,3.20522707274823,16.6116139745671,10.2083333333333,28,0.0672683190822016,TRUE
115.162111737163,-30.75433,"JBMP",2024,-5.02984025050367,0.0934496179235777,3.15795361408505,23.5115434658415,24.856182104754,3.20893805370988,16.7105723079004,10.2083333333333,28,0.0923405544522972,TRUE
114.974809413131,-30.73233,"JBMP",2024,-4.74469819065611,0.096520132285195,3.25898121712163,23.5283492068351,24.8853469247861,3.24168277638235,19.7481873872655,11.75,28.625,0.19000440121809,TRUE
114.996809413131,-30.73233,"JBMP",2024,-4.81452714827187,0.0955385890589031,3.23873174148426,23.5229000983146,24.8759338448068,3.23250675309196,19.7349495400433,11.75,28.625,0.167379642166296,TRUE
115.018809413131,-30.73233,"JBMP",2024,-4.89701999253689,0.0945531118313483,3.21110701913385,23.5173496978898,24.8663311217392,3.22265284519439,19.7976295995671,11.75,28.625,0.144921748424236,TRUE
115.040809413131,-30.73233,"JBMP",2024,-4.98833557622807,0.0936144846186419,3.17714373407425,23.5119207682413,24.8569288001688,3.21266086570025,18.6544750856782,11.75,28.625,0.112046209281002,TRUE
115.062809413131,-30.73233,"JBMP",2024,-5.0780203923415,0.0928018077687376,3.14127850980733,23.5070676464639,24.8485187312121,3.2035339696991,16.6626469606782,10.2083333333333,28,0.0799963137385675,TRUE
115.084809413131,-30.73233,"JBMP",2024,-5.14887497727423,0.0922165850493248,3.11162388834464,23.50347678486,24.8422937234096,3.19668589524719,16.7320971921597,10.2083333333333,28,0.0511856363621807,TRUE
115.106809413131,-30.73233,"JBMP",2024,-5.18328105049717,0.0919494911376004,3.09689859319552,23.5018359829664,24.8394459150584,3.19344343865148,16.7334476836821,10.2083333333333,28,0.0339958225148927,TRUE
115.128809413131,-30.73233,"JBMP",2024,-5.17388193689613,0.0920312794361056,3.1009976196231,23.5024392372879,24.8404819185332,3.19428256879014,16.7422410864598,10.2083333333333,28,0.0436706634138337,TRUE
115.150809413131,-30.73233,"JBMP",2024,-5.12814850485758,0.0924143819970786,3.1205524927265,23.5050045677458,24.8449091059582,3.1985397226264,16.6791226551227,10.2083333333333,28,0.0696597984873205,TRUE
114.963507089099,-30.71033,"JBMP",2024,-4.68447856141208,0.09707450991947,3.28114598578536,23.5309301159547,24.8898814987423,3.24849440647464,19.7092064844877,11.75,28.625,0.196140030324263,TRUE
114.985507089099,-30.71033,"JBMP",2024,-4.75198373175015,0.0959931519633737,3.26468458319747,23.5251107928332,24.8798299490968,3.2387647795728,19.7426057900433,11.75,28.625,0.175817167962066,TRUE
115.007507089099,-30.71033,"JBMP",2024,-4.8391150264581,0.0948601828647614,3.23789182035664,23.5189569504775,24.8691771897865,3.22767898774579,19.8468205717893,11.75,28.625,0.154967845912921,TRUE
115.029507089099,-30.71033,"JBMP",2024,-4.94805743877576,0.0937123169873086,3.19838022790359,23.5125084312567,24.8579972670905,3.21544888407725,18.6487980023449,11.75,28.625,0.126805489137486,TRUE
115.051507089099,-30.71033,"JBMP",2024,-5.07373460344779,0.0926206007515106,3.14735461291831,23.5060456412077,24.8467839376268,3.20284002024526,16.7618483495671,10.2083333333333,28,0.0916901980192676,TRUE
115.073507089099,-30.71033,"JBMP",2024,-5.19616640835919,0.091708634628384,3.09396566782353,23.5003314366999,24.8368678468343,3.19158271001738,16.7624407392376,10.2083333333333,28,0.0573183425563769,TRUE
115.095507089099,-30.71033,"JBMP",2024,-5.28013925257377,0.0911423000291316,3.05587499616837,23.4966243772222,24.8304354834081,3.18427515818636,16.6588521975709,10.2083333333333,28,0.0266507071205678,TRUE
115.117507089099,-30.71033,"JBMP",2024,-5.29570433195185,0.0910452448354655,3.048699072558,23.4959996767349,24.8293485684038,3.18294612263418,16.6027966420154,10.2083333333333,28,0.0195282469836237,TRUE
115.139507089099,-30.71033,"JBMP",2024,-5.24432787665096,0.0913989863362454,3.07218209321209,23.4984432279149,24.8335752305848,3.18733642285067,16.7916733781265,10.2083333333333,28,0.0466144762847796,TRUE
114.952204765066,-30.68833,"JBMP",2024,-4.6092415049793,0.097917561411946,3.30528510048595,23.5347738276994,24.896615878845,3.25798624627053,20.5263236607143,11.7916666666667,28.625,0.197527682459801,TRUE
114.974204765066,-30.68833,"JBMP",2024,-4.66342339698749,0.0967909979342201,3.29787795169363,23.528911926973,24.8865019954924,3.24860043466238,19.7192735615079,11.75,28.625,0.185832857192519,TRUE
114.996204765066,-30.68833,"JBMP",2024,-4.73797079728389,0.0955757232073875,3.28087474157182,23.5226808073355,24.8757161920161,3.23747031287625,19.74953808171,11.75,28.625,0.161436031829963,TRUE
115.018204765066,-30.68833,"JBMP",2024,-4.84116939595747,0.0942969341055999,3.24841655355804,23.5159711378292,24.8640727726451,3.22447174058161,19.8036799467893,11.75,28.625,0.142457635958371,TRUE
115.040204765066,-30.68833,"JBMP",2024,-4.98014852621983,0.0930062984070588,3.19456105379058,23.5087319167691,24.8514928133511,3.20976413714069,18.6242181412338,11.75,28.625,0.110376413055507,TRUE
115.062204765066,-30.68833,"JBMP",2024,-5.14931968284682,0.0918018291149098,3.11999468697277,23.5012815289564,24.8385424171597,3.19438252880409,16.8054876142376,10.2083333333333,28,0.0728189881133111,TRUE
115.084204765066,-30.68833,"JBMP",2024,-5.30922539156332,0.0908660979839426,3.04433415420733,23.4949118161275,24.8274756500577,3.1813087338774,16.4417459227694,10.2083333333333,28,0.0368715941987335,TRUE
115.106204765066,-30.68833,"JBMP",2024,-5.38887679923651,0.0904436106921108,3.00546837237236,23.4918568110094,24.8221715656386,3.17513523181325,15.8004697157588,10.2083333333333,25.5128354711934,0.00546382966956784,TRUE
115.128204765066,-30.68833,"JBMP",2024,-5.35213594433647,0.0906430049113205,3.02338921930667,23.4933261780356,24.8247187235098,3.17797580557542,16.3650237005471,10.2083333333333,28,0.0260401014212619,TRUE
114.941679423544,-30.66633,"JBMP",2024,-4.53140699354543,0.098995768690812,3.32495223904068,23.5394156401398,24.9047463081235,3.26931074941899,20.466800719246,11.7916666666667,29.1666666666667,0.199156545759063,TRUE
114.963679423544,-30.66633,"JBMP",2024,-4.5659608125158,0.0978747480801449,3.32887379039359,23.5336603141928,24.8948432008291,3.26101425595286,20.5943141121032,11.7916666666667,28.625,0.184474862970615,TRUE
114.985679423544,-30.66633,"JBMP",2024,-4.61453674901824,0.096631264055159,3.32828345802763,23.5276671152194,24.8844839306272,3.25088002561262,20.5506882440476,11.7916666666667,29.1666666666667,0.169784850471026,TRUE
115.007679423544,-30.66633,"JBMP",2024,-4.68536997850139,0.0952854566570572,3.31759589399452,23.5213580671364,24.8735328035574,3.23870801409286,19.9325612599206,11.75,28.625,0.145177965850722,TRUE
115.029679423544,-30.66633,"JBMP",2024,-4.79110527779868,0.093898094064361,3.28724785494218,23.5146186271767,24.8617999317638,3.22448910579574,19.9419733495671,11.75,28.625,0.127049402562722,TRUE
115.051679423544,-30.66633,"JBMP",2024,-4.94582505805685,0.092573263535806,3.22545456527802,23.5073567839784,24.8491444615724,3.20855110530811,18.6196348079004,11.75,28.625,0.0982173160872944,TRUE
115.073679423544,-30.66633,"JBMP",2024,-5.14328440648825,0.0914515719446785,3.13199786962426,23.4999515945792,24.8362476333878,3.19234531942586,16.8110431697932,10.2083333333333,28,0.0589153495473594,TRUE
115.095679423544,-30.66633,"JBMP",2024,-5.3104734110274,0.0907331477267437,3.0467453804026,23.4943590537696,24.8265196466324,3.18037441187574,16.463412589436,10.2083333333333,28,0.0225720735620563,TRUE
115.117679423544,-30.66633,"JBMP",2024,-5.33939403711276,0.090628895453663,3.03151743864579,23.4934707658735,24.8249737447579,3.17843720463378,16.3684091172138,10.2083333333333,28,0.0138366512738306,TRUE
114.931547895075,-30.64433,"JBMP",2024,-4.46009351155633,0.10030313575348,3.33491745763046,23.5447720148216,24.9141177329825,3.28195704952785,20.387147715019,11.7916666666667,28.6499055676044,0.201774384857474,TRUE
114.953547895075,-30.64433,"JBMP",2024,-4.47526536009211,0.0992462507432574,3.3479743614862,23.5390858941966,24.9043829809447,3.27536265067393,20.460785094246,11.7916666666667,28.9040393153253,0.183310900697924,TRUE
114.975547895075,-30.64433,"JBMP",2024,-4.49565523967421,0.0980277579256372,3.36320283030699,23.5332962485391,24.8944151755072,3.26692102788283,20.5383002232143,11.7916666666667,28.9040393153253,0.169960016317747,TRUE
114.997547895075,-30.64433,"JBMP",2024,-4.52453137511311,0.0966304186747672,3.37929486295201,23.5273985998794,24.8841956253787,3.25627372157581,20.5785345982143,11.7916666666667,29.1666666666667,0.152879529576607,TRUE
115.019547895075,-30.64433,"JBMP",2024,-4.56773393890606,0.0950946805777169,3.39162634663102,23.5214265443631,24.8737830922217,3.24346610652186,20.7491300843254,11.7916666666667,29.3282494979059,0.126244902316158,TRUE
115.041547895075,-30.64433,"JBMP",2024,-4.63593662958906,0.093572631354414,3.38929526657559,23.5155112035156,24.8634257108192,3.22931242918185,20.7480233134921,11.7916666666667,30.0416666666667,0.105100803809072,TRUE
115.063547895075,-30.64433,"JBMP",2024,-4.74452763880571,0.0923222568897911,3.35536904613778,23.5098756958406,24.8535501844003,3.21534927482449,20.0969970238095,11.75,28.625,0.0960469733503355,TRUE
115.085547895075,-30.64433,"JBMP",2024,-4.8902448213061,0.0915605903974715,3.28556379015763,23.5049845539572,24.8449987440291,3.20355659500975,19.8686226551227,11.75,28.625,0.069740619516109,TRUE
115.107547895075,-30.64433,"JBMP",2024,-5.00060701467969,0.0913167839818447,3.22392031752033,23.5022725830091,24.8402661192447,3.19713073788481,16.6306469606782,10.2083333333333,28,0.0487503260545968,TRUE
114.921416366606,-30.62233,"JBMP",2024,-4.40124640952484,0.101814914570357,3.33283109941119,23.5509395303376,24.9248706875519,3.29524814265827,20.2833562963682,11.7916666666667,28.625,0.206150964628572,TRUE
114.943416366606,-30.62233,"JBMP",2024,-4.40215432668848,0.100899628865468,3.34919550063384,23.5451985880637,24.9151172163439,3.29095638279141,20.3992174074793,11.7916666666667,28.625,0.184089117099726,TRUE
114.965416366606,-30.62233,"JBMP",2024,-4.40199484688273,0.0998135587392636,3.37183236327267,23.5394325728548,24.9052674841394,3.28501626755457,20.4880524553571,11.7916666666667,28.9040393153253,0.166022656005199,TRUE
114.987416366606,-30.62233,"JBMP",2024,-4.40011677067974,0.0984644833451466,3.40415608960433,23.5336214659238,24.8952589761821,3.27654769595279,20.5438245287698,11.7916666666667,29.1666666666667,0.154050067063402,TRUE
115.009416366606,-30.62233,"JBMP",2024,-4.39498779563147,0.0967480513560156,3.45040014174588,23.5277066276094,24.8849630925738,3.2646320596223,21.6807816220238,11.7916666666667,30.0416666666667,0.136251655330373,TRUE
115.031416366606,-30.62233,"JBMP",2024,-4.38398484773804,0.0946518313897582,3.51266839919926,23.5217642999286,24.8745056456541,3.24922693947779,21.2028562963682,11.7916666666667,30.0416666666667,0.104864464638553,TRUE
115.053416366606,-30.62233,"JBMP",2024,-4.36790116366687,0.0924724590813912,3.58193313150459,23.5163626408128,24.8649189479308,3.23279562873759,21.1623824027346,11.7916666666667,30.0416666666667,0.0751669855828018,TRUE
115.075416366606,-30.62233,"JBMP",2024,-4.36785838475726,0.0909226463607005,3.62479010695394,23.5125784573962,24.8581760455317,3.22040665336403,21.1032799721791,11.7916666666667,29.4081698593141,0.0550535025807451,TRUE
115.097416366606,-30.62233,"JBMP",2024,-4.42658579929803,0.0906076315826183,3.59778954400713,23.5109670044799,24.8553190164055,3.2152564442202,20.1539089404331,11.7916666666667,29.1666666666667,0.0587203347195832,TRUE
114.911284838137,-30.60033,"JBMP",2024,-4.35637686645681,0.103455783762933,3.32077791122902,23.5580968964916,24.9372716144134,3.30817666141602,21.3866631782695,11.7916666666667,30.0416666666667,0.21269452343415,TRUE
114.933284838137,-30.60033,"JBMP",2024,-4.34930039384457,0.102744690632982,3.33439865929168,23.5521541223863,24.9272675948769,3.30659081585199,22.1234260391506,11.7916666666667,30.0416666666667,0.187423149051402,TRUE
114.955284838137,-30.60033,"JBMP",2024,-4.33856850512805,0.101932317835279,3.35360099648849,23.5462499157467,24.9172995919994,3.30415402653466,22.1212045933259,11.7916666666667,30.0416666666667,0.164728407231528,TRUE
114.977284838137,-30.60033,"JBMP",2024,-4.32269732060519,0.100906864297738,3.38305666811043,23.5404159005079,24.9073849834102,3.29979011543654,22.1317273892196,11.7916666666667,30.0416666666667,0.146453826340011,TRUE
114.999284838137,-30.60033,"JBMP",2024,-4.29895317887588,0.0994231637855478,3.4320943635603,23.5344640411595,24.8971374336975,3.29133527876885,22.1981091072148,11.7916666666667,30.0416666666667,0.136045946809464,TRUE
115.021284838137,-30.60033,"JBMP",2024,-4.26124612790886,0.0970477495189987,3.51741223277854,23.5278466545331,24.8855218498701,3.27522491120729,21.8135915016822,11.7916666666667,30.0416666666667,0.122303833205495,TRUE
115.043284838137,-30.60033,"JBMP",2024,-4.19846669259063,0.0933952835791931,3.65694083006346,23.5200015726506,24.8715038964683,3.24868325184007,21.6543266962129,11.7916666666667,30.0416666666667,0.0822842193724126,TRUE
115.065284838137,-30.60033,"JBMP",2024,-4.1127156441046,0.089286387251416,3.82520837749391,23.5122709032185,24.8575616196165,3.21873185174979,23.7430124978433,15.5,30.7083333333333,0.0400191182220516,TRUE
115.087284838137,-30.60033,"JBMP",2024,-4.07156924301989,0.0874601371642488,3.90211680989761,23.5089932894856,24.8516306159479,3.20545463437188,25.7991443506297,15.3455968829744,31.4166666666667,0.0160978497193146,TRUE
114.901154007091,-30.57833,"JBMP",2024,-4.32338332041742,0.105145030521947,3.30352549114209,23.5666020697987,24.9518863085451,3.31973056704766,22.1001612444646,11.7916666666667,30.0416666666667,0.22172461526738,TRUE
114.923154007091,-30.57833,"JBMP",2024,-4.31323173341454,0.104632823856703,3.31140931200502,23.5603094657676,24.9413780358532,3.32064497990752,22.0977098555757,11.7916666666667,30.0416666666667,0.193910068539122,TRUE
114.945154007091,-30.57833,"JBMP",2024,-4.29917134538223,0.104137768113925,3.32099431865363,23.5540308488864,24.9309051686671,3.32194538414832,22.1792420113728,11.7916666666667,30.0416666666667,0.167314132243569,TRUE
114.967154007091,-30.57833,"JBMP",2024,-4.28026757712185,0.103641631494139,3.33399507624964,23.5480029213204,24.920852758656,3.32329273542128,22.2204766128221,11.7916666666667,30.0416666666667,0.142769452598256,TRUE
114.989154007091,-30.57833,"JBMP",2024,-4.25563876641336,0.10302080514984,3.35538391403494,23.5423617388274,24.9114050797456,3.32336486928017,22.1016805142196,11.7916666666667,30.0416666666667,0.122173082517482,TRUE
115.011154007091,-30.57833,"JBMP",2024,-4.22369834668692,0.101838651617899,3.39989224932249,23.5367723063808,24.9018682888219,3.31811978012507,22.1544166253307,11.7916666666667,30.0416666666667,0.110535840302651,TRUE
115.033154007091,-30.57833,"JBMP",2024,-4.17755476932826,0.0988960449627657,3.50766491541947,23.5295787102632,24.8891301851854,3.29724866345986,21.8389472067662,11.7916666666667,30.0416666666667,0.119812083644289,TRUE
115.055154007091,-30.57833,"JBMP",2024,-4.09871758924921,0.0925384300612395,3.73796158977675,23.5179608747689,24.8680310978926,3.24751294042587,24.1288983566252,15.5,30.25,0.065523358584692,TRUE
115.077154007091,-30.57833,"JBMP",2024,-4.01224324763337,0.0862579504105812,3.97166035623324,23.5070121041692,24.8480717529231,3.1984102448804,26.012105307324,15.5,33.125,0.0127618209649421,TRUE
114.891026647994,-30.55633,"JBMP",2024,-4.29870015300885,0.106850320156542,3.2854586020882,23.5769788263108,24.9695720393232,3.32932678756272,21.2605344454509,11.7916666666667,29.1666666666667,0.23346450354966,TRUE
114.913026647994,-30.55633,"JBMP",2024,-4.28845492152252,0.106466895008502,3.28817955462009,23.570309755431,24.9584872570287,3.33188288638969,22.0537549944646,11.7916666666667,30.0416666666667,0.203893269377914,TRUE
114.935026647994,-30.55633,"JBMP",2024,-4.27505485199237,0.106174351831866,3.28909227669187,23.563401491006,24.9470444862824,3.33575158314285,22.1924364558172,11.7916666666667,30.0416666666667,0.174649831288545,TRUE
114.957026647994,-30.55633,"JBMP",2024,-4.25803900754863,0.106058878628404,3.28646211017599,23.5566241106763,24.9358821973477,3.3415082848171,22.2136189739332,11.7916666666667,30.0416666666667,0.145853890761571,TRUE
114.979026647994,-30.55633,"JBMP",2024,-4.23765221040016,0.106234053278507,3.27763996085254,23.5505176873015,24.9259265140992,3.34981633982396,22.0981805142196,11.7916666666667,29.3282494979059,0.117569754129969,TRUE
115.001026647994,-30.55633,"JBMP",2024,-4.21568626003566,0.10679647397787,3.25994830815585,23.5457432643063,24.918294337342,3.36097191757793,22.0843156828704,11.7916666666667,29.1666666666667,0.0899814188269222,TRUE
115.023026647994,-30.55633,"JBMP",2024,-4.19567967204951,0.10754939411945,3.23885238396003,23.5426780950793,24.9135349685616,3.37244577741144,22.3671681134259,11.7916666666667,30.0416666666667,0.0654242593476618,TRUE
115.045026647994,-30.55633,"JBMP",2024,-4.17567662261742,0.106698137895261,3.27090735257003,23.539371877242,24.9078451626491,3.36786579508194,22.3912105241402,11.7916666666667,30.0416666666667,0.0610433763486929,TRUE
115.067026647994,-30.55633,"JBMP",2024,-4.13007566732287,0.099938396583087,3.49895474986987,23.5291488648987,24.8888508048679,3.3109202417024,24.7123916639545,16.7041622483163,30.25,0.106971121503897,TRUE
115.089026647994,-30.55633,"JBMP",2024,-4.09044724490336,0.0934827332879532,3.71537634197558,23.519753320683,24.8713091073206,3.2559884562084,24.1647368982919,15.5,30.25,0.0579917711610407,TRUE
114.880899288898,-30.53433,"JBMP",2024,-3.92012952414355,0.11345440072735,3.41852797187668,23.6227510228634,25.0872319447378,3.38891656581782,25.0664537922575,17.7916666666667,30.7083333333333,0.275099256246373,TRUE
114.902899288898,-30.53433,"JBMP",2024,-4.26972123341754,0.108287960778232,3.26845638882401,23.5830351893324,24.9800663572345,3.34024926638982,21.3531655218398,11.7916666666667,29.4410172397401,0.217580435411183,TRUE
114.924899288898,-30.53433,"JBMP",2024,-4.2586560165006,0.108044018347649,3.26512417727881,23.5755942632274,24.9677592107877,3.34494441267444,21.3105498440016,11.7916666666667,29.1666666666667,0.186812880731897,TRUE
114.946899288898,-30.53433,"JBMP",2024,-4.2453144941811,0.10798489290798,3.25592560192825,23.5677441092736,24.9548440183549,3.35200346232602,21.2152069997987,11.7916666666667,29.1666666666667,0.155825262062812,TRUE
114.968899288898,-30.53433,"JBMP",2024,-4.23001095462129,0.108291735505955,3.23592772703653,23.5600328612796,24.9422825339221,3.36276384571408,21.3540729669887,11.7916666666667,29.1666666666667,0.124402443219047,TRUE
114.990899288898,-30.53433,"JBMP",2024,-4.2143479678447,0.109247291114979,3.19692689793823,23.5533717726876,24.9316656675734,3.37920030656407,21.270029224537,11.7916666666667,29.1749896589714,0.0918545889142585,TRUE
115.012899288898,-30.53433,"JBMP",2024,-4.20219952928149,0.111190680136342,3.12844711009256,23.5490551125598,24.9252295005304,3.40339251233939,22.3208052662037,11.7916666666667,30.0416666666667,0.0569271987228308,TRUE
115.034899288898,-30.53433,"JBMP",2024,-4.19872998562092,0.113915494686453,3.03694092344756,23.5481255694237,24.9246123900993,3.4320356618267,22.779622974537,11.7916666666667,30.0416666666667,0.020377713766378,TRUE
115.056899288898,-30.53433,"JBMP",2024,-4.19809409894827,0.11424593121406,3.02590953497754,23.5479887104614,24.9244982062323,3.43554273806614,22.7725108713624,11.7916666666667,30.0416666666667,0.0128921687741198,TRUE
115.078899288898,-30.53433,"JBMP",2024,-4.17928515899636,0.10815736563434,3.22704215967525,23.5423235944908,24.9131819115044,3.37986255096854,21.8524171213624,11.7916666666667,30.25,0.0649900211015203,TRUE
114.870807256583,-30.51233,"JBMP",2024,-3.88078041050649,0.115405278577672,3.42217332218779,23.6397961416032,25.1239907498315,3.39823369140518,24.8022305950094,17.5,30.7083333333333,0.296171368338175,TRUE
114.892807256583,-30.51233,"JBMP",2024,-3.90662187758448,0.114744800362887,3.40495276990189,23.6309367344841,25.1044241488425,3.39650624612798,24.519254964402,15.5,30.7083333333333,0.269807344595486,TRUE
114.914807256583,-30.51233,"JBMP",2024,-3.9377366526986,0.114010827402688,3.38229993629847,23.6202867799056,25.0810479777857,3.39507017604272,24.6312122301888,17.4451061291978,30.7083333333333,0.233744234583598,TRUE
114.936807256583,-30.51233,"JBMP",2024,-3.97463105297288,0.113258869201546,3.3519558057368,23.6077956822703,25.0538139969072,3.39450856172625,24.7141431200266,17.4451061291978,30.25,0.195675009351356,TRUE
114.958807256583,-30.51233,"JBMP",2024,-4.01736595735277,0.112608585394973,3.31065582240176,23.5937443060286,25.0233752441578,3.39582700076513,24.9544101630304,18.1583169839475,30.25,0.155914701015715,TRUE
114.980807256583,-30.51233,"JBMP",2024,-4.06507889109733,0.112267697488836,3.25426659057596,23.578998616272,24.9915917450939,3.40052311692148,24.7750331715512,18.1583169839475,30.25,0.115354795398675,TRUE
115.002807256583,-30.51233,"JBMP",2024,-4.20503886157257,0.11126913462759,3.14346804217872,23.557091061193,24.9384748223678,3.39696916050392,21.5432757523148,11.7916666666667,30.0416666666667,0.0719978389166393,TRUE
115.024807256583,-30.51233,"JBMP",2024,-4.20011544362357,0.112791803481285,3.08187658503103,23.5514991374384,24.929787727147,3.41760053632653,22.4465083912037,11.7916666666667,30.0416666666667,0.0378699367158232,TRUE
115.046807256583,-30.51233,"JBMP",2024,-4.19884876072531,0.113739770954991,3.04578950260972,23.5493890361557,24.9266328972321,3.42913775326992,22.6665837880291,11.7916666666667,30.0416666666667,0.0116124118761583,TRUE
114.860725560776,-30.49033,"JBMP",2024,-3.77155817691648,0.112341441284319,3.64260859835136,23.6093203735702,25.141043111921,3.42630765267041,23.9898832649541,15.5,30.6333234683697,0.307805992382752,TRUE
114.882725560776,-30.49033,"JBMP",2024,-3.85534672156199,0.116979222573816,3.41714297927351,23.6520324513401,25.1501091153321,3.40642875640379,24.448759774616,15.5,30.7083333333333,0.298496323300637,TRUE
114.904725560776,-30.49033,"JBMP",2024,-3.8808645875924,0.116434347730141,3.39807677322538,23.6439234428022,25.1318752145706,3.40524966486304,24.4666880656788,15.5,30.7083333333333,0.272709544150688,TRUE
114.926725560776,-30.49033,"JBMP",2024,-3.91236305252285,0.115791546631079,3.37330312017244,23.6337783330232,25.1092755977935,3.40424916430684,24.4183031226146,15.5,30.2872990257348,0.237371312157413,TRUE
114.948725560776,-30.49033,"JBMP",2024,-3.95031251766284,0.115081722431861,3.34112544521714,23.6214294435504,25.0820591008989,3.4038651110152,24.6273363567416,16.9583333333333,30.25,0.199295281177686,TRUE
114.970725560776,-30.49033,"JBMP",2024,-3.99415437444689,0.114383326295579,3.30001545639321,23.6071371435856,25.0509044182575,3.40475905585501,24.8383913084324,17.5,30.25,0.158780040137869,TRUE
114.992725560776,-30.49033,"JBMP",2024,-4.04108938073777,0.113824129173784,3.25037366533552,23.5920154126199,25.0182734137906,3.40757230816401,25.2626666903573,18.1666666666667,30.25,0.117353863824417,TRUE
115.014725560776,-30.49033,"JBMP",2024,-4.08428632620659,0.113508633592341,3.19901914971325,23.5784205981388,24.9891719537685,3.41199133995591,24.8069351474436,19.0643625636648,30.25,0.078610498305473,TRUE
115.036725560776,-30.49033,"JBMP",2024,-4.11209332129235,0.113321710193813,3.16529616279001,23.5695993939177,24.9703932332102,3.41507931546433,24.8623636326058,18.1583169839475,30.25,0.0502373313667794,TRUE
115.058725560776,-30.49033,"JBMP",2024,-4.11338863665001,0.112821708300736,3.17611810437052,23.5676492015634,24.9662866589689,3.41144301544014,24.7323001405423,18.0833333333333,30.25,0.0480691002735893,TRUE
114.850643864969,-30.46833,"JBMP",2024,-4.09965641119541,0.120895229065273,3.70350983704999,23.6637455747718,25.3068736397279,3.50226608325426,23.8555015657023,15.5,30.7083333333333,0.264458368594733,TRUE
114.872643864969,-30.46833,"JBMP",2024,-4.10164339547466,0.120739579099287,3.68485602524466,23.6606916398084,25.2967660634041,3.50068974933565,23.1520750377089,15.5,30.7083333333333,0.247235273525522,TRUE
114.894643864969,-30.46833,"JBMP",2024,-3.73562813262673,0.126217788809759,3.44169023532519,23.7084907868675,25.3128544456419,3.48332439323017,23.7514111054711,15.5,30.7083333333333,0.214415274900939,TRUE
114.916643864969,-30.46833,"JBMP",2024,-3.75986667893297,0.125804990601089,3.41667232333342,23.7020518237677,25.29531076309,3.48108541934269,24.5296172282282,15.5,30.7083333333333,0.206453693153237,TRUE
114.938643864969,-30.46833,"JBMP",2024,-3.79132278788551,0.125236332681358,3.3846278572027,23.6933301956963,25.2720468076148,3.47820906306673,24.5591712741219,15.5,30.7083333333333,0.208048646306861,TRUE
114.960643864969,-30.46833,"JBMP",2024,-3.89979607965697,0.117583122674948,3.35027281276867,23.6453611252705,25.1318212365883,3.41377082657422,24.3168461811895,15.5,30.25,0.223643893731985,TRUE
114.982643864969,-30.46833,"JBMP",2024,-3.93785372002606,0.11689196340631,3.31826957229702,23.6334115897105,25.1051286647543,3.41318006273682,24.6073842238051,16.9583333333333,30.7083333333333,0.187980454454017,TRUE
115.004643864969,-30.46833,"JBMP",2024,-3.97587916897051,0.116168000891322,3.28613696316613,23.620898992343,25.0776492257048,3.41279520619458,25.8205191767899,18.0165177242882,30.7083333333333,0.152997103733985,TRUE
115.026643864969,-30.46833,"JBMP",2024,-4.00632251140805,0.115493703422264,3.26224301367301,23.6103233438916,25.0546972185722,3.41201636325,26.1419726630304,19.3333333333333,30.2955336136815,0.12436005335427,TRUE
115.048643864969,-30.46833,"JBMP",2024,-4.02120424476087,0.114890968179288,3.2575716768413,23.6043539872098,25.0417514925277,3.40947888534385,26.1663466709669,19.8830918486221,30.25,0.10991771048086,TRUE
114.840562169162,-30.44633,"JBMP",2024,-4.09210269347661,0.121345849600937,3.75754338224714,23.6725916178644,25.3361491392839,3.50682935131171,24.2240797284439,15.5,30.7208112137696,0.261213377359996,TRUE
114.862562169162,-30.44633,"JBMP",2024,-4.09223673093747,0.121286092600761,3.75039209056783,23.6714207866557,25.3322732910875,3.50622403983448,24.013409589555,15.5,30.7083333333333,0.238118786800549,TRUE
114.884562169162,-30.44633,"JBMP",2024,-4.09273519050444,0.12120114084295,3.74022086758475,23.6697555453545,25.3267611342225,3.50536357611304,23.459666048751,15.5,30.7083333333333,0.217659741555901,TRUE
114.906562169162,-30.44633,"JBMP",2024,-3.68833733946991,0.1272735966856,3.48733287895547,23.7238326480571,25.3508726881056,3.48747503324692,23.8559511151042,15.5,30.7208112137696,0.180910323477105,TRUE
114.928562169162,-30.44633,"JBMP",2024,-3.70406602520622,0.127146364245115,3.46948639211933,23.7212215771642,25.3416761412371,3.48591809343745,23.6251449017674,15.5,30.8333333333333,0.166155019746773,TRUE
114.950562169162,-30.44633,"JBMP",2024,-3.72489527252182,0.126956661522602,3.44618517123509,23.717530862699,25.3291991175189,3.48388169183721,23.6152595605838,15.5,30.7083333333333,0.158600790326302,TRUE
114.972562169162,-30.44633,"JBMP",2024,-3.75094002102274,0.126680828826434,3.41757085033616,23.7124885681804,25.31302491071,3.48137251873367,25.3466989009335,15.5,30.7083333333333,0.160174988063512,TRUE
114.994562169162,-30.44633,"JBMP",2024,-3.78068306249172,0.126312999720556,3.38555424046854,23.706143697494,25.2937518449822,3.47855215275565,25.4541944474311,15.5,30.7083333333333,0.170925331462582,TRUE
115.016562169162,-30.44633,"JBMP",2024,-3.81018031774909,0.125899287511015,3.35439981031625,23.6993074909474,25.2738900797135,3.47579529414152,25.6765740518997,15.5,30.7208112137696,0.187948145852997,TRUE
115.038562169162,-30.44633,"JBMP",2024,-3.83364467596898,0.125552880156983,3.32986407341779,23.6936784324857,25.2578384680619,3.47362035843027,25.9389051530902,15.5,30.8333333333333,0.206291838913869,TRUE
114.830480473355,-30.42433,"JBMP",2024,-4.02201475156083,0.129176665614081,3.77172282530857,23.7662238914877,25.4967779131329,3.50998416504361,25.3186989683651,15.5,30.9583333333333,0.245305454029587,TRUE
114.852480473355,-30.42433,"JBMP",2024,-4.0207717174199,0.129213685188024,3.77026265932918,23.7665688330733,25.4969636468391,3.5098717885316,25.2757302183651,15.5,30.9583333333333,0.2167484871593,TRUE
114.874480473355,-30.42433,"JBMP",2024,-4.01917010569523,0.129280382203373,3.76763519920583,23.7671895758338,25.4972987505949,3.50967053925963,25.1398725794762,15.5,30.9583333333333,0.188705387366858,TRUE
114.896480473355,-30.42433,"JBMP",2024,-4.01713296054691,0.129391488430902,3.76326154047104,23.7682229073547,25.4978574485491,3.50933650009606,25.0647423711429,15.5,30.9583333333333,0.161483170872143,TRUE
114.918480473355,-30.42433,"JBMP",2024,-4.01460439815814,0.129567070838596,3.7563534081974,23.7698550907277,25.4987408864649,3.50880995419269,24.4871529236791,15.5,30.875,0.135647509013649,TRUE
114.940480473355,-30.42433,"JBMP",2024,-4.01159279226607,0.129830990973337,3.74597391633667,23.7723075109947,25.5000694010995,3.50802005893769,24.4480054297177,15.5,30.875,0.112279344340252,TRUE
114.962480473355,-30.42433,"JBMP",2024,-4.0082306587883,0.130203100158818,3.73134439421409,23.7757641778271,25.5019432149679,3.50690815992507,25.499471915225,15.5,31.4166666666667,0.0934156887207895,TRUE
114.984480473355,-30.42433,"JBMP",2024,-4.00482590402504,0.130680679994487,3.71257341011711,23.7801994625638,25.5043488838206,3.50548300888319,25.513378165225,15.5,31.4166666666667,0.0823248773357081,TRUE
115.006480473355,-30.42433,"JBMP",2024,-3.68987532344523,0.129337663781638,3.46240071147607,23.7467415214678,25.3824940918067,3.48585353594918,25.7565237710111,15.5,31.4166666666667,0.104802514687091,TRUE
115.028480473355,-30.42433,"JBMP",2024,-3.71044347477307,0.129447808284251,3.43654967401547,23.7464339829431,25.375002583867,3.48368439872991,25.9501715257322,15.5,31.4166666666667,0.116291830909599,TRUE
115.050480473355,-30.42433,"JBMP",2024,-3.72845391327668,0.129394666352753,3.41561815532542,23.744497294579,25.3661121587732,3.48189459762698,25.9005108114465,15.5,31.4166666666667,0.134409262128123,TRUE
114.820398777549,-30.40233,"JBMP",2024,-4.02376549911334,0.129008499058816,3.77833549769287,23.7646614644047,25.4959312549143,3.51048710209023,25.5303631117398,15.5,31.4166666666667,0.257606251384075,TRUE
114.842398777549,-30.40233,"JBMP",2024,-4.02274084874695,0.129006352064692,3.77841449286391,23.7646427230891,25.4959196613716,3.51049150757237,25.3704512005079,15.5,30.9583333333333,0.228714000383958,TRUE
114.864398777549,-30.40233,"JBMP",2024,-4.02133142092673,0.129024007865173,3.77771380613769,23.7648081892282,25.4960076243297,3.51043631996103,25.396718561619,15.5,30.9583333333333,0.200186579870724,TRUE
114.886398777549,-30.40233,"JBMP",2024,-4.01939595856493,0.129076046007207,3.77566014055231,23.7652933201478,25.496268546909,3.51027793695578,25.2890094842381,15.5,31.0789706214989,0.172236048060566,TRUE
114.908398777549,-30.40233,"JBMP",2024,-4.01676610911919,0.129186828041308,3.77129592402114,23.7663243740963,25.4968251351826,3.50994364013042,25.1948341370159,15.5,31.4166666666667,0.145261696785234,TRUE
114.930398777549,-30.40233,"JBMP",2024,-4.01328605350885,0.129395503311065,3.76308299287058,23.7682648028059,25.4978746759255,3.50931681786438,24.9482027209531,15.5,31.4166666666667,0.12006736440765,TRUE
114.952398777549,-30.40233,"JBMP",2024,-4.00891298383156,0.129758568078708,3.74880275672514,23.7716388515119,25.499702035756,3.50822960696568,25.7954383036825,15.5,31.4166666666667,0.09833548049571,TRUE
114.974398777549,-30.40233,"JBMP",2024,-4.0038772845524,0.130336025831322,3.72610067709358,23.7770029146324,25.5026100225219,3.50650438409836,26.0009591370159,15.5,31.4166666666667,0.0833508102318082,TRUE
114.996398777549,-30.40233,"JBMP",2024,-3.99881925082095,0.131133153861797,3.69477355433449,23.7844050645256,25.5066258287397,3.50412696827986,26.6404059969192,15.5,32.8999173601719,0.079466005513756,TRUE
115.018398777549,-30.40233,"JBMP",2024,-3.9947902402406,0.132004107664784,3.6605539667069,23.7924907877128,25.5110148412935,3.50153266806068,27.0842943682098,17.4579049121545,33.4166666666667,0.0876259347863791,TRUE
115.040398777549,-30.40233,"JBMP",2024,-3.9929361450748,0.132666154715377,3.63454923090116,23.798635527163,25.5143521103526,3.49956321628025,27.0427188096349,17.4579049121545,33.4166666666667,0.103412973496763,TRUE
114.810317081742,-30.38033,"JBMP",2024,-4.02567151426763,0.12885931200929,3.78420367796916,23.7632749699051,25.4951804150144,3.51093395377228,25.4308452977301,15.5,31.4166666666667,0.270226720773061,TRUE
114.832317081742,-30.38033,"JBMP",2024,-4.02499670787241,0.128816938599955,3.78586416381728,23.7628825533825,25.4949662527427,3.51105855374822,25.5514342168123,15.5,31.4166666666667,0.241076515427324,TRUE
114.854317081742,-30.38033,"JBMP",2024,-4.02398994753504,0.128779657294327,3.78732292976497,23.7625377778134,25.4947775125497,3.51116737255927,25.3838261250248,15.5,31.4166666666667,0.212173960952126,TRUE
114.876317081742,-30.38033,"JBMP",2024,-4.02247753342697,0.128756262972261,3.7882336529694,23.762322464672,25.4946584028434,3.51123392569429,25.3165605000248,15.5,31.4166666666667,0.183649881031992,TRUE
114.898317081742,-30.38033,"JBMP",2024,-4.02019404656782,0.128764627141287,3.7878930464581,23.762402777373,25.4946988221527,3.5112045639762,25.3047896666915,15.5,31.4166666666667,0.155747929016362,TRUE
114.920317081742,-30.38033,"JBMP",2024,-4.01676053116111,0.128841307429999,3.78486336078452,23.7631184208984,25.4950827925858,3.51096987087925,25.1495824656045,15.5,31.4166666666667,0.128968641474158,TRUE
114.942317081742,-30.38033,"JBMP",2024,-4.01173368008943,0.129060676231248,3.77622154293856,23.765160067674,25.4961849590113,3.51030795124569,26.3857800048558,15.5,31.6666666666667,0.10445527338929,TRUE
114.964317081742,-30.38033,"JBMP",2024,-4.00487055438889,0.129565203313315,3.75637196857061,23.7698499319474,25.498723558103,3.50879516786179,26.6223221675542,15.5,32.875,0.0850003097926962,TRUE
114.986317081742,-30.38033,"JBMP",2024,-3.9966379993181,0.130567889047986,3.71695476435267,23.7791634875746,25.5037732468347,3.50580035012949,27.1075127623609,17.5,33.125,0.0765225719570093,TRUE
115.008317081742,-30.38033,"JBMP",2024,-3.98847471350708,0.132137683222954,3.65527266896342,23.7937382344971,25.511683183809,3.50112248422281,27.2610162541892,15.5,35,0.084400589921982,TRUE
115.030317081742,-30.38033,"JBMP",2024,-3.98306121642676,0.133678998312022,3.59472564052038,23.8080450047322,25.5194519353999,3.49653543662355,27.584164612775,17.4579049121545,35,0.102671153613295,TRUE
114.800235385935,-30.35833,"JBMP",2024,-4.02757048808301,0.128741703585734,3.78883173959073,23.7621815106482,25.4945887963156,3.51128696484446,25.707841593667,15.5,31.4166666666667,0.283136025861823,TRUE
114.822235385935,-30.35833,"JBMP",2024,-4.02732317029213,0.128665683096732,3.79181575983226,23.761476378913,25.4942052993061,3.51151236362173,25.668466593667,15.5,31.4166666666667,0.253800610569861,TRUE
114.844235385935,-30.35833,"JBMP",2024,-4.02687376127339,0.128580251969412,3.79516828206379,23.7606841566022,25.4937742000051,3.51176533343918,25.6604283992226,15.5,31.4166666666667,0.224631004936342,TRUE
114.866235385935,-30.35833,"JBMP",2024,-4.02608166453268,0.128485809190871,3.79887288316711,23.7598087137868,25.4932974011392,3.51204440852387,25.5153776799765,15.5,31.4166666666667,0.195700235500047,TRUE
114.888235385935,-30.35833,"JBMP",2024,-4.02469133642403,0.128385972094232,3.80278610726015,23.758883928777,25.4927929392573,3.5123383196117,25.258220977078,15.5,31.4166666666667,0.167135058141241,TRUE
114.910235385935,-30.35833,"JBMP",2024,-4.02222683261387,0.128293348267929,3.806410158144,23.7580273909878,25.4923239945903,3.51260860429332,25.3843806993002,15.5,31.4166666666667,0.139178969530195,TRUE
114.932235385935,-30.35833,"JBMP",2024,-4.01781047952046,0.128246200830758,3.80823725149628,23.7575953112049,25.4920827466043,3.51273964235701,25.4279449354113,15.5,31.4166666666667,0.112369740440263,TRUE
114.954235385935,-30.35833,"JBMP",2024,-4.01002421926932,0.128359613981992,3.80373918426464,23.7586575627958,25.4926481921873,3.51238619491881,26.6568339321332,15.5,32.8999173601719,0.0881404810996323,TRUE
114.976235385935,-30.35833,"JBMP",2024,-3.99773392253072,0.128984252645026,3.77913866409324,23.7644695764676,25.4957874802808,3.51050383578326,27.1648803542347,17.5,33.125,0.0711288090455464,TRUE
114.998235385935,-30.35833,"JBMP",2024,-3.98281575552511,0.131052597809405,3.69783863368424,23.783679409186,25.5062054444865,3.50432981428493,27.7673217038723,17.5,35,0.0748483868647153,TRUE
115.020235385935,-30.35833,"JBMP",2024,-3.96742737209413,0.135194568604587,3.53512862801504,23.8221264289985,25.5270820690242,3.49200224679276,27.7932773176577,15.5,35,0.108620735482218,TRUE
115.042235385935,-30.35833,"JBMP",2024,-3.96263025589002,0.137409108295653,3.44815488679861,23.8426778897551,25.538246899317,3.48541883328211,27.9509716542691,15.5,35,0.10029703474425,TRUE
114.790153690128,-30.33633,"JBMP",2024,-4.02929704417133,0.128662106458488,3.7919662000837,23.7614409713388,25.4941887075877,3.51152669809516,25.6726068412515,15.5,31.4166666666667,0.296299276084022,TRUE
114.812153690128,-30.33633,"JBMP",2024,-4.02947186037289,0.128564068570648,3.79581701622691,23.760531049488,25.493694508815,3.5118183247012,25.6299939940293,15.5,31.4166666666667,0.266841334050144,TRUE
114.834153690128,-30.33633,"JBMP",2024,-4.02960721672298,0.128446853757287,3.80042072271626,23.7594432196905,25.4931035895429,3.51216686293097,25.6520935562274,15.5,31.4166666666667,0.237499843767497,TRUE
114.856153690128,-30.33633,"JBMP",2024,-4.02964790888424,0.128304569949163,3.80600842600148,23.758122868435,25.4923862011905,3.51258971801672,25.7060918201163,15.5,31.4166666666667,0.208315920759364,TRUE
114.878153690128,-30.33633,"JBMP",2024,-4.02947548905257,0.128128950316582,3.81290416192887,23.7564934187048,25.4915005739236,3.51311122986007,25.9414992778457,15.5,31.4166666666667,0.179353529302666,TRUE
114.900153690128,-30.33633,"JBMP",2024,-4.02881986576716,0.127908490569296,3.82155829229575,23.7544484316933,25.490388497196,3.51376505759346,25.8260757961342,15.5,31.4166666666667,0.150718818161182,TRUE
114.922153690128,-30.33633,"JBMP",2024,-4.0270104860498,0.127628384047253,3.83254862771382,23.7518513213498,25.4889747864786,3.514593843018,25.4434263611791,15.5,31.4166666666667,0.122604060365284,TRUE
114.944153690128,-30.33633,"JBMP",2024,-4.02219557562705,0.127277099850059,3.84631723289112,23.748597477603,25.4871997476953,3.51562785620981,25.354594391933,15.5,31.4166666666667,0.0954038497128104,TRUE
114.966153690128,-30.33633,"JBMP",2024,-4.00883262193562,0.126897487498126,3.86114501842359,23.7450926016145,25.4852741796818,3.51672626765961,25.2164930181408,15.5,31.4166666666667,0.0701197250581286,TRUE
114.988153690128,-30.33633,"JBMP",2024,-3.97606401037694,0.126989038174462,3.85732416674887,23.7459922707043,25.4857032006481,3.51637046698962,26.8043942862567,15.5,33.125,0.0512900512361612,TRUE
115.010153690128,-30.33633,"JBMP",2024,-3.95537057116636,0.1321902828351,3.65298652871496,23.7942753287736,25.5119165437838,3.50088431502793,27.6356174209421,15.5,35,0.0818028252908835,TRUE
115.032153690128,-30.33633,"JBMP",2024,-3.91152035215105,0.146582168845673,3.08770474206751,23.927847809928,25.584466713387,3.45807933887037,32.1847532655423,23.75,36.9583333333333,0.0194510499587632,TRUE
114.780116317306,-30.31433,"JBMP",2024,-4.03072962613138,0.128619930031059,3.79362962565786,23.7610480108203,25.4939770804469,3.51165467580402,25.7862255761549,15.5,31.4166666666667,0.309620291624982,TRUE
114.802116317306,-30.31433,"JBMP",2024,-4.03124710471303,0.128512356618435,3.79785663971872,23.76004921927,25.4934350529038,3.51197528089017,25.7420189789327,15.5,31.4166666666667,0.280088849739748,TRUE
114.824116317306,-30.31433,"JBMP",2024,-4.0318629058173,0.128381968918422,3.80298009647171,23.7588386089302,25.492778067652,3.51236387019864,25.7579431939085,15.5,31.4166666666667,0.250648590227324,TRUE
114.846116317306,-30.31433,"JBMP",2024,-4.03260560186727,0.128220764705628,3.8093144141251,23.7573418863118,25.4919658007434,3.51284428450552,26.0375698653198,15.5,33.125,0.221327535028815,TRUE
114.868116317306,-30.31433,"JBMP",2024,-4.03351370725971,0.128016590571298,3.8173371056842,23.7554462203055,25.4909370084778,3.51345272807169,25.9447358202888,15.5,31.4166666666667,0.192167004704955,TRUE
114.890116317306,-30.31433,"JBMP",2024,-4.03463661419663,0.127750147918146,3.82780639638383,23.7529724502078,25.4895944372946,3.51424668076868,25.8372766566415,15.5,31.4166666666667,0.163231540067223,TRUE
114.912116317306,-30.31433,"JBMP",2024,-4.03602393685402,0.127389144189679,3.84199096298018,23.7496207999656,25.4877753416342,3.5153222983437,25.5580553617829,15.5,31.4166666666667,0.134631264597357,TRUE
114.934116317306,-30.31433,"JBMP",2024,-4.03764838239304,0.126876298249889,3.86214097088092,23.7448595739033,25.4851910061755,3.51685005567459,25.1758635268968,15.5,31.4166666666667,0.106583463695656,TRUE
114.956116317306,-30.31433,"JBMP",2024,-4.03889432676613,0.126105065519893,3.89244067018268,23.7377000521142,25.4813042498196,3.51914662409144,24.3866993260111,15.5,31.4166666666667,0.0796291912124438,TRUE
114.978116317306,-30.31433,"JBMP",2024,-4.03354965797601,0.124893790192069,3.94001385584854,23.7264587685825,25.4751977125634,3.52274811669968,22.4670019215512,15.5,30.837497547844,0.055464874700859,TRUE
115.000116317306,-30.31433,"JBMP",2024,-3.57905828789311,0.123313007514018,3.99761175901565,23.712785374959,25.4665801259039,3.52578223321309,23.2524411693083,15.5,30.7208112137696,0.0142969537237843,TRUE
114.770164701801,-30.29233,"JBMP",2024,-4.03181541259305,0.128609586703868,3.7940411862194,23.7609508364262,25.4939257043877,3.51168740593668,25.7259153837809,15.5,31.4166666666667,0.323008325754999,TRUE
114.792164701801,-30.29233,"JBMP",2024,-4.03256040219106,0.128502584318411,3.79824690442124,23.7599570929352,25.493386719045,3.5120067332007,25.8975975999644,15.5,31.4166666666667,0.293438580626092,TRUE
114.814164701801,-30.29233,"JBMP",2024,-4.03348462746536,0.128373864261876,3.80330640098472,23.7587616177258,25.4927383630705,3.5123909346807,26.2327094982564,15.5,33.125,0.263949504137125,TRUE
114.836164701801,-30.29233,"JBMP",2024,-4.0346608146497,0.128216420357927,3.80949519496682,23.757299312083,25.4919453659243,3.51286097162274,26.0190622091777,15.5,31.4166666666667,0.234565623537931,TRUE
114.858164701801,-30.29233,"JBMP",2024,-4.03620699514393,0.128020100508592,3.81721259251826,23.7554758303261,25.4909566304196,3.5134472444906,25.9859372091777,15.5,31.4166666666667,0.205323838589572,TRUE
114.880164701801,-30.29233,"JBMP",2024,-4.03832832817083,0.127769849677756,3.82705091572635,23.7531512245371,25.489696406875,3.51419489934915,25.9782896397332,15.5,31.4166666666667,0.176284079090415,TRUE
114.902164701801,-30.29233,"JBMP",2024,-4.04141573592572,0.127442987331934,3.83990295884773,23.7501145606759,25.4880506436839,3.51517211848627,25.7756906813999,15.5,31.4166666666667,0.147555358867032,TRUE
114.924164701801,-30.29233,"JBMP",2024,-4.04631561499222,0.127005745054665,3.85709940037135,23.7460514689814,25.4858497379557,3.5164809444841,25.5462982663723,15.5,31.4166666666667,0.11937145541237,TRUE
114.946164701801,-30.29233,"JBMP",2024,-4.05522407214501,0.126413521402703,3.88040324584675,23.7405455199252,25.4828704634469,3.51825817534221,24.4761072689891,15.5,31.4166666666667,0.0923575350471225,TRUE
114.968164701801,-30.29233,"JBMP",2024,-4.07530926603261,0.125644825806849,3.91069103005665,23.7333900515285,25.4790091696698,3.52057976931163,23.9351252770981,15.5,31.4166666666667,0.068649820934314,TRUE
114.990164701801,-30.29233,"JBMP",2024,-4.12798225709991,0.124926701704908,3.93908773442127,23.726682777271,25.4754165680703,3.52278631456374,22.8468125722154,15.5,30.875,0.0557481967086358,TRUE
115.012164701801,-30.29233,"JBMP",2024,-4.14240436782581,0.125532876247669,3.91527860824053,23.7323087231221,25.4784723342826,3.52098343467116,23.0924916127175,15.5,31.3791642555044,0.0569895906001353,TRUE
115.034164701801,-30.29233,"JBMP",2024,-4.06840584840255,0.128730851378538,3.78943647752655,23.7620411332788,25.494559870274,3.5113855029704,25.0978760624817,15.5,31.4166666666667,0.076290496629092,TRUE
114.760223590161,-30.27033,"JBMP",2024,-4.09481910379172,0.125683557155398,4,23.6536193904189,25.373241023134,3.45841376961781,25.2212251088786,15.5,31.4166666666667,0.351993389203571,TRUE
114.782223590161,-30.27033,"JBMP",2024,-4.03341934079759,0.128524000997521,3.79741006662958,23.7601548939208,25.4934953116382,3.51194465429845,26.4361036170452,15.5,31.4166666666667,0.306949748369497,TRUE
114.804223590161,-30.27033,"JBMP",2024,-4.03448407320819,0.128406048213865,3.80204739215169,23.7590591855317,25.4929013414333,3.51229710743867,26.5856882335911,15.5,31.4166666666667,0.277443060152775,TRUE
114.826223590161,-30.27033,"JBMP",2024,-4.0358316685855,0.128265114447421,3.80758861507894,23.7577499096533,25.4921917042473,3.51271837741104,26.5784955252577,15.5,31.4166666666667,0.248038690107634,TRUE
114.848223590161,-30.27033,"JBMP",2024,-4.03758305771702,0.128094836844116,3.81428421931192,23.7561678865079,25.4913344062315,3.51322759861249,26.3983302172867,15.5,31.4166666666667,0.218774174928837,TRUE
114.870223590161,-30.27033,"JBMP",2024,-4.03993363823688,0.127887022560165,3.82245692311112,23.7542368728276,25.4902882799471,3.5138494805727,26.3470628561756,15.5,31.4166666666667,0.189711253731247,TRUE
114.892223590161,-30.27033,"JBMP",2024,-4.04321405972529,0.127631830236401,3.83249483438188,23.7518651832122,25.4890039400908,3.51461387333941,26.2058245129216,15.5,31.4166666666667,0.160961149736269,TRUE
114.914223590161,-30.27033,"JBMP",2024,-4.04800788670394,0.127319913309301,3.84476777284524,23.7489654698165,25.4874346612183,3.51554958086893,25.8773226258444,15.5,31.4166666666667,0.132747906653027,TRUE
114.936223590161,-30.27033,"JBMP",2024,-4.05535185875066,0.126951155240857,3.85928482975172,23.7455356481245,25.4855805078371,3.51665862549877,24.9414703031218,15.5,31.4166666666667,0.105583173154647,TRUE
114.958223590161,-30.27033,"JBMP",2024,-4.06679805168664,0.126562929093768,3.87458346460818,23.7419213832,25.4836306580611,3.51783185220345,24.889325296508,15.5,31.4166666666667,0.0807759924633991,TRUE
114.980223590161,-30.27033,"JBMP",2024,-4.08228636832967,0.126302428147258,3.88487655611462,23.739490054597,25.4823262980247,3.51862935943521,24.6211480298586,15.5,31.4166666666667,0.0617355506997117,TRUE
115.002223590161,-30.27033,"JBMP",2024,-4.0910835890022,0.126518379830267,3.87642131464896,23.7414883533254,25.483418801333,3.51799704092348,24.5702333203607,15.5,31.4166666666667,0.0550440760094245,TRUE
115.024223590161,-30.27033,"JBMP",2024,-4.07793366913982,0.127547344282458,3.83595473582476,23.75104962674,25.4885984773692,3.51491767708184,24.9118533420711,15.5,31.4166666666667,0.0653226103234604,TRUE
114.750282478522,-30.24833,"JBMP",2024,-4.09905164006226,0.125984157560383,4,23.6460020906632,25.3609998325743,3.44946789663247,26.0631191701565,15.5,33.4166666666667,0.369112226120079,TRUE
114.772282478522,-30.24833,"JBMP",2024,-4.09884604881637,0.125942795835848,4,23.6470515703293,25.3626868891875,3.45070099775226,25.3424163075501,15.5,31.4166666666667,0.340628028751013,TRUE
114.794282478522,-30.24833,"JBMP",2024,-4.09860192980885,0.125889904687197,4,23.6483936369319,25.3648443026913,3.45227789854552,25.6812330777365,15.5,31.4166666666667,0.312255934590778,TRUE
114.816282478522,-30.24833,"JBMP",2024,-4.098320394293,0.125821806832385,4,23.6501216505868,25.3676221721703,3.4543083173383,25.6748997444031,15.5,31.4166666666667,0.283977675205517,TRUE
114.838282478522,-30.24833,"JBMP",2024,-4.09801546715282,0.125733750308616,4,23.6523562935641,25.3712145380229,3.45693409785361,25.6160071568427,15.5,31.4166666666667,0.255758365114662,TRUE
114.860282478522,-30.24833,"JBMP",2024,-4.09773153075308,0.125619951641451,4,23.6552445252448,25.3758577210916,3.46032800257624,25.5616581985094,15.5,31.4166666666667,0.227547236742268,TRUE
114.882282478522,-30.24833,"JBMP",2024,-4.09757869768092,0.125474284401372,4,23.6589422008377,25.3818024159017,3.46467332822992,25.53484864235,15.5,31.4166666666667,0.199298412822413,TRUE
114.904282478522,-30.24833,"JBMP",2024,-4.09779553278722,0.125292487067257,4,23.6635581824908,25.3892238982081,3.47009829397855,25.4894250312389,15.5,31.4166666666667,0.171048336235814,TRUE
114.926282478522,-30.24833,"JBMP",2024,-4.0517052419734,0.127419252244821,3.84088273514849,23.7498837161798,25.4879378568683,3.51526035139392,25.2935369223419,15.5,31.4166666666667,0.119101249639408,TRUE
114.948282478522,-30.24833,"JBMP",2024,-4.05797201178736,0.127219318522897,3.84876284554217,23.7480220794381,25.4869339033438,3.51586508259364,25.1720493231356,15.5,31.4166666666667,0.0936417997152963,TRUE
114.970282478522,-30.24833,"JBMP",2024,-4.06469329898106,0.127116936134746,3.85281208320067,23.747065663795,25.4864218161142,3.51617994342059,25.1872464957546,15.5,31.4166666666667,0.0722035755352919,TRUE
114.992282478522,-30.24833,"JBMP",2024,-4.06889508365301,0.12723428950157,3.84821874663273,23.7481512663443,25.4870157177065,3.51583686310172,25.1872464957546,15.5,31.4166666666667,0.0595832648863931,TRUE
115.014282478522,-30.24833,"JBMP",2024,-4.06659708978219,0.127680175675,3.83069544932618,23.7522917705664,25.4892620259588,3.51450702700113,25.1269097475466,15.5,31.4166666666667,0.0617903804666794,TRUE
114.740341366883,-30.22633,"JBMP",2024,-4.36811045521624,0.131609382722555,4,23.5001438624792,25.1253449976213,3.27676781591025,23.5450322061192,11.7916666666667,35.25,0.362156275473802,TRUE
114.762341366883,-30.22633,"JBMP",2024,-4.09897755254553,0.129149348034889,4,23.569033083366,25.2385370645105,3.3604442855154,25.4840335148195,15.5,32.8999173601719,0.390150574043983,TRUE
114.784341366883,-30.22633,"JBMP",2024,-4.0995569702573,0.129151933268494,4,23.568963678614,25.2384240519866,3.36036112782954,24.9115496539868,15.4874571807746,31.4166666666667,0.366479421087272,TRUE
114.806341366883,-30.22633,"JBMP",2024,-4.1003798659075,0.12915314688157,4,23.5689291992874,25.2383672292914,3.36031905825118,24.2171166614057,14.2916666666667,31.4166666666667,0.343841052396052,TRUE
114.828341366883,-30.22633,"JBMP",2024,-4.10155030866142,0.129151955368078,4,23.5689562215857,25.2384094518056,3.36034945196099,24.2739308975168,15.0833333333333,31.4166666666667,0.322484951998626,TRUE
114.850341366883,-30.22633,"JBMP",2024,-4.10321906084601,0.129146670343121,4,23.5690882175675,25.2386208411846,3.36050365426955,24.3055432163574,15.0833333333333,31.4166666666667,0.302738458111723,TRUE
114.872341366883,-30.22633,"JBMP",2024,-4.10559988453745,0.129134574455452,4,23.5693952332655,25.2391144136852,3.36086443078616,24.256921869739,15.002356409281,31.4166666666667,0.28503260019514,TRUE
114.894341366883,-30.22633,"JBMP",2024,-4.10897880656529,0.129111460489841,4,23.5699858408463,25.2400653911102,3.36156011967859,24.258562494739,15.002356409281,31.4166666666667,0.269928858716808,TRUE
114.916341366883,-30.22633,"JBMP",2024,-4.11085025291142,0.126282117864621,4,23.6384769552374,25.3489163366807,3.44064095213483,24.7377286112941,15.002356409281,31.4166666666667,0.187218970010293,TRUE
114.938341366883,-30.22633,"JBMP",2024,-4.11298135496254,0.126236399913144,4,23.6396438933506,25.3507948342793,3.44201498983391,24.7765455755798,15.002356409281,31.4166666666667,0.168428706159981,TRUE
114.960341366883,-30.22633,"JBMP",2024,-4.11515415336153,0.126163138646588,4,23.6415096553522,25.3537966887521,3.44421010441687,24.7940716172465,15.0833333333333,31.4166666666667,0.152287275969823,TRUE
114.982341366883,-30.22633,"JBMP",2024,-4.11682177921294,0.126067078978657,4,23.6439521250527,25.3577249435979,3.44708208585394,24.8418247551864,15.0833333333333,31.4166666666667,0.139960400422336,TRUE
114.730400255244,-30.20433,"JBMP",2024,-4.33226038982247,0.131872222668207,4,23.4937843442539,25.1152392548833,3.26942642432478,23.3549404564211,11.7916666666667,33.125,0.371426887919667,TRUE
114.752400255244,-30.20433,"JBMP",2024,-4.32662381560336,0.131911349794677,4,23.4928376476882,25.1137348843311,3.26833356320614,21.0257720247245,11.7916666666667,30.7083333333333,0.342270205739541,TRUE
114.774400255244,-30.20433,"JBMP",2024,-4.31979880597447,0.131958321051153,4,23.4917011592413,25.1119289205045,3.26702160742183,20.1683444453594,11.7916666666667,30.7083333333333,0.313181247243872,TRUE
114.796400255244,-30.20433,"JBMP",2024,-4.31146230307268,0.132015130865638,4,23.4903266229253,25.1097446810855,3.26543485053447,20.3713265774333,11.7916666666667,30.7083333333333,0.284159084277147,TRUE
114.818400255244,-30.20433,"JBMP",2024,-4.30119934765693,0.132084256300688,4,23.4886541052152,25.1070869272896,3.26350410562446,19.9352558441885,11.7916666666667,30.7083333333333,0.255199829606934,TRUE
114.840400255244,-30.20433,"JBMP",2024,-4.28849178603511,0.13216862941659,4,23.4866126637327,25.1038429264541,3.26114747721477,19.8748997904446,11.7916666666667,30.7083333333333,0.226298588608784,TRUE
114.862400255244,-30.20433,"JBMP",2024,-4.27273277120458,0.132271358738284,4,23.4841270864664,25.0998931611545,3.25827814098815,19.8543407626668,11.7916666666667,30.7083333333333,0.197459176518464,TRUE
114.884400255244,-30.20433,"JBMP",2024,-4.25331325257904,0.132394849907741,4,23.4811391679411,25.0951451386047,3.25482890487574,19.8851393737779,11.7916666666667,30.7083333333333,0.168726084169679,TRUE
114.906400255244,-30.20433,"JBMP",2024,-4.22987571802038,0.132538689813945,4,23.4776589035438,25.089614742211,3.25081130749555,19.6866632156516,11.7916666666667,30.7083333333333,0.14027556701335,TRUE
114.928400255244,-30.20433,"JBMP",2024,-4.20289065670628,0.132695517190799,4,23.4738644020694,25.083584999963,3.24643095662482,19.7049430767627,11.7916666666667,30.7083333333333,0.112656861789775,TRUE
114.950400255244,-30.20433,"JBMP",2024,-4.17468297280675,0.132845175733617,4,23.4702433534184,25.0778308870236,3.24225083870472,19.8835179559898,11.7916666666667,30.7083333333333,0.0874030994669063,TRUE
114.972400255244,-30.20433,"JBMP",2024,-4.15060936528653,0.132951815226974,4,23.4676631679757,25.0737307823652,3.23927228733853,19.9110268522113,11.7916666666667,30.7083333333333,0.068399381964973,TRUE
114.994400255244,-30.20433,"JBMP",2024,-4.13881146953674,0.132974602669897,4,23.4671118166268,25.0728546444735,3.23863581048449,24.2474971501048,11.7916666666667,31.4166666666667,0.0627823935354178,TRUE
114.720459143604,-30.18233,"JBMP",2024,-4.3040667816013,0.132080521869921,4,23.4887444612699,25.107230509714,3.26360841213898,23.6124578175322,11.7916666666667,35.0249222168847,0.381938695789379,TRUE
114.742459143604,-30.18233,"JBMP",2024,-4.29489739971809,0.132146231547286,4,23.4871545891911,25.1047040859118,3.26177307287466,22.111487978419,11.7916666666667,31.4166666666667,0.352246084172814,TRUE
114.764459143604,-30.18233,"JBMP",2024,-4.28394299203965,0.132224428428704,4,23.4852625841867,25.1016975506435,3.25958895308331,20.7579745046872,11.7916666666667,30.7083333333333,0.322495061955951,TRUE
114.786459143604,-30.18233,"JBMP",2024,-4.27077995068966,0.132317961382345,4,23.4829995167452,25.0981013698397,3.2569764809299,20.7709181943007,11.7916666666667,30.7083333333333,0.292651299944769,TRUE
114.808459143604,-30.18233,"JBMP",2024,-4.25489165714696,0.132430221463146,4,23.4802833389281,25.0937851632848,3.25384094074201,20.3103380055734,11.7916666666667,30.7083333333333,0.262669496894722,TRUE
114.830459143604,-30.18233,"JBMP",2024,-4.23567229752372,0.132565015969037,4,23.4770219316304,25.0886025469376,3.25007599074989,20.1607396403215,11.7916666666667,30.7083333333333,0.232494343288766,TRUE
114.852459143604,-30.18233,"JBMP",2024,-4.2124641656728,0.13272611056398,4,23.4731241830976,25.0824087375114,3.24557645206356,19.9813654943587,11.7916666666667,30.7083333333333,0.202068332298044,TRUE
114.874459143604,-30.18233,"JBMP",2024,-4.1846629910688,0.132916096764308,4,23.4685273905494,25.0751040956711,3.24026994095093,19.7490021045405,11.7916666666667,30.7083333333333,0.171355329337143,TRUE
114.896459143604,-30.18233,"JBMP",2024,-4.15193732562543,0.133134066186044,4,23.4632535327017,25.0667235472147,3.23418182951625,19.8538356643231,11.7916666666667,30.7083333333333,0.140396072674974,TRUE
114.918459143604,-30.18233,"JBMP",2024,-4.11458622546229,0.133371609538947,4,23.4575060757148,25.0575904148531,3.22754699793516,23.9783153868198,13.6541184659472,31.4166666666667,0.109423610666999,TRUE
114.940459143604,-30.18233,"JBMP",2024,-4.0739637146629,0.133607556110523,4,23.4517972534944,25.0485186759805,3.22095676610838,25.0186827198943,15.5,32.2080996378287,0.0791106346646559,TRUE
114.962459143604,-30.18233,"JBMP",2024,-4.03291756612616,0.133804529553051,4,23.4470314018103,25.0409453867246,3.21545509409294,26.3807848539092,16.9583333333333,33.125,0.051350012655266,TRUE
114.984459143604,-30.18233,"JBMP",2024,-3.9976349012862,0.133914539880628,4,23.4443696576775,25.0367156793023,3.21238239183994,25.4975794967663,16.9186290369097,33.125,0.0330389794843492,TRUE
114.710518031965,-30.16033,"JBMP",2024,-4.28257411119537,0.13224054112437,4,23.484872731033,25.1010780452757,3.25913890882507,24.3929594781602,11.7916666666667,39.625,0.393378670644997,TRUE
114.732518031965,-30.16033,"JBMP",2024,-4.27140817985553,0.132321838692329,4,23.4829057036703,25.0979522939559,3.25686818365105,23.6537946230878,11.7916666666667,35.0249222168847,0.363399883251971,TRUE
114.754518031965,-30.16033,"JBMP",2024,-4.2583062156477,0.132417115588857,4,23.480600440829,25.0942890615549,3.25420700136871,21.2214120046871,11.7916666666667,30.7083333333333,0.33332342373764,TRUE
114.776518031965,-30.16033,"JBMP",2024,-4.24289042969626,0.132529070096753,4,23.4778916564713,25.0899846037513,3.25107999614815,21.0749658133483,11.7916666666667,30.7083333333333,0.303115640289111,TRUE
114.798518031965,-30.16033,"JBMP",2024,-4.22473540256396,0.132660715702159,4,23.4747064380876,25.0849230571986,3.24740299820407,20.5113036001841,11.7916666666667,30.7083333333333,0.272737293273453,TRUE
114.820518031965,-30.16033,"JBMP",2024,-4.20339553777182,0.132815151326817,4,23.4709698060197,25.0789852736988,3.24308945144638,20.0544781041523,11.7916666666667,30.7083333333333,0.24214774109725,TRUE
114.842518031965,-30.16033,"JBMP",2024,-4.17846931889196,0.132995024570107,4,23.4666177005355,25.0720694576206,3.23806540568552,20.0567203293939,11.7916666666667,30.7083333333333,0.211315599970625,TRUE
114.864518031965,-30.16033,"JBMP",2024,-4.14972225279223,0.133201466977253,4,23.4616227434431,25.064132103001,3.23229925569281,24.1481015647874,15.002356409281,31.4166666666667,0.180240816910522,TRUE
114.886518031965,-30.16033,"JBMP",2024,-4.11728032530551,0.133432241863683,4,23.4560390522254,25.0552592065055,3.22585347438218,24.2302527231097,13.6541184659472,31.5570325260012,0.148994137685391,TRUE
114.908518031965,-30.16033,"JBMP",2024,-4.08183769604544,0.133679001112246,4,23.4500686129355,25.0457717388453,3.21896123330164,25.0321486211429,15.5,31.9415816323708,0.117779391962892,TRUE
114.930518031965,-30.16033,"JBMP",2024,-4.04458536976801,0.13392420173464,4,23.4441358852327,25.0363441976739,3.21211252626235,26.2505799927981,16.9186290369097,33.125,0.0870346979373456,TRUE
114.952518031965,-30.16033,"JBMP",2024,-4.00593201204359,0.134139564526247,4,23.4389250958496,25.0280638696518,3.20609722070367,25.4680534550997,16.9583333333333,33.125,0.0577434930481483,TRUE
114.974518031965,-30.16033,"JBMP",2024,-3.96040664732827,0.13428854787277,4,23.4353203838447,25.0223357168458,3.20193596171459,27.8022734861882,20.0416666666667,36.9583333333333,0.0336393588675178,TRUE
114.996518031965,-30.16033,"JBMP",2024,-3.89153519098691,0.134333778469598,4,23.4342260113582,25.0205966783815,3.2006726243549,27.9194944359812,20.0416666666667,39.1747218190818,0.0314840429428588,TRUE
114.700576920326,-30.13833,"JBMP",2024,-4.26665127382371,0.13235993981623,4,23.4819838316495,25.0964873714335,3.25580397984554,24.8341091611312,11.7916666666667,41.0121878766583,0.405500694318143,TRUE
114.722576920326,-30.13833,"JBMP",2024,-4.25457919871999,0.13244883265408,4,23.4798330336762,25.0930695950816,3.25332111092626,24.8282584666868,11.7916666666667,41.0121878766583,0.375384118158023,TRUE
114.744576920326,-30.13833,"JBMP",2024,-4.24066694007247,0.132551364752825,4,23.4773522282985,25.0891274126644,3.25045728334064,21.9251754406775,11.7916666666667,31.4166666666667,0.345168668877652,TRUE
114.766576920326,-30.13833,"JBMP",2024,-4.22463288692173,0.132669695767966,4,23.4744891617827,25.0845777891512,3.24715217567636,21.0081081744594,11.7916666666667,30.7083333333333,0.31482966090171,TRUE
114.788576920326,-30.13833,"JBMP",2024,-4.20619333971895,0.132806061052919,4,23.4711897488537,25.0793347790573,3.24334335220007,21.0457393640729,11.7916666666667,30.7083333333333,0.284341694547837,TRUE
114.810576920326,-30.13833,"JBMP",2024,-4.18510395895664,0.132962507144593,4,23.4674044727276,25.0733196965671,3.23897365101885,21.0395240862952,11.7916666666667,30.7083333333333,0.253683511769474,TRUE
114.832576920326,-30.13833,"JBMP",2024,-4.16123665317738,0.133140394203145,4,23.4631004237821,25.0664802458676,3.23400508145238,21.02286526987,11.7916666666667,30.7083333333333,0.222847266448925,TRUE
114.854576920326,-30.13833,"JBMP",2024,-4.13471019304472,0.133339550629507,4,23.4582817539259,25.0588230246471,3.22844243644021,23.9442810290731,13.8582486985162,31.4166666666667,0.191854077711824,TRUE
114.876576920326,-30.13833,"JBMP",2024,-4.10609242247438,0.133556983861534,4,23.4530208694039,25.0504630917606,3.22236930133876,24.0184774360779,13.8582486985162,31.4166666666667,0.160776631225161,TRUE
114.898576920326,-30.13833,"JBMP",2024,-4.07667739450595,0.13378518991549,4,23.4474993321214,25.0416889624447,3.21599527017656,24.843388357403,15.5,31.9415816323708,0.129766069346047,TRUE
114.920576920326,-30.13833,"JBMP",2024,-4.04879901824898,0.134010473504389,4,23.4420485050567,25.0330271968715,3.20970286648661,26.2337638049099,16.4583333333333,33.125,0.0990764928059278,TRUE
114.942576920326,-30.13833,"JBMP",2024,-4.02606423824924,0.134212330486855,4,23.437164494159,25.0252661439249,3.20406479214877,25.6435011561003,16.9289512807937,33.154055090681,0.0690999022857535,TRUE
114.964576920326,-30.13833,"JBMP",2024,-4.01343094834362,0.134365616555096,4,23.4334556760712,25.0193725588874,3.19978335369101,28.958895035696,20.0416666666667,44.875,0.0406431351190963,TRUE
114.986576920326,-30.13833,"JBMP",2024,-4.0829107670479,0.13444791016271,4,23.4314645491283,25.0162085115602,3.19748480809903,26.8612618544398,19.9583333333333,44.625,0.0128719073446206,TRUE
114.69557284237,-30.11633,"JBMP",2024,-4.25258007885262,0.132465769094934,4,23.4794232496762,25.0924184181316,3.25284805861277,25.1543964497786,11.7916666666667,43.3162189553594,0.411359473653956,TRUE
114.71757284237,-30.11633,"JBMP",2024,-4.23997196724383,0.132559458577868,4,23.4771563949454,25.0888162190463,3.25023121443425,24.8366311159276,11.7916666666667,41.0121878766583,0.381172740542752,TRUE
114.73957284237,-30.11633,"JBMP",2024,-4.22568727234079,0.132665889110239,4,23.4745812653978,25.0847241485776,3.24725849956458,22.5952844706119,11.7916666666667,31.8358505335973,0.350896519761011,TRUE
114.76157284237,-30.11633,"JBMP",2024,-4.20954326343158,0.132786618930487,4,23.4716601588275,25.0800822951439,3.24388639079213,22.663192456723,11.7916666666667,31.8358505335973,0.320514856506274,TRUE
114.78357284237,-30.11633,"JBMP",2024,-4.19139197104263,0.132923073249675,4,23.4683585916793,25.0748358618372,3.24007508049758,22.6483757296699,11.7916666666667,31.8358505335973,0.290014174901452,TRUE
114.80557284237,-30.11633,"JBMP",2024,-4.17116855517446,0.133076267965338,4,23.4646519839038,25.0689457891488,3.23579619361181,22.018958804204,11.7916666666667,31.4166666666667,0.25938775686852,TRUE
114.82757284237,-30.11633,"JBMP",2024,-4.14897091759998,0.133246364870892,4,23.4605364208441,25.0624058564008,3.23104521107739,24.3567713316524,13.7083333333333,31.811715291449,0.228642834068236,TRUE
114.84957284237,-30.11633,"JBMP",2024,-4.12518507059602,0.133432012421879,4,23.4560446036622,25.0552680281473,3.22585988292911,24.2979398099133,13.8582486985162,31.5570325260012,0.197810513484161,TRUE
114.87157284237,-30.11633,"JBMP",2024,-4.10067644962209,0.133629467857824,4,23.4512670899534,25.0476762070756,3.22034474833893,24.3707073219906,13.8582486985162,31.811715291449,0.16695730943162,TRUE
114.89357284237,-30.11633,"JBMP",2024,-4.07708522358735,0.133831609723758,4,23.4463761861857,25.0399042008509,3.21469871691112,25.4037224595855,15.5,31.4291450292587,0.13619401701726,TRUE
114.91557284237,-30.11633,"JBMP",2024,-4.05734865233776,0.134027162100186,4,23.4416447177675,25.0323855491365,3.20923673674194,24.8751269734744,15.5,31.5416666666667,0.105672714753667,TRUE
114.93757284237,-30.11633,"JBMP",2024,-4.04701516737936,0.134200731036618,4,23.437445147524,25.0257121227875,3.20438877679331,25.9578535866559,16.4583333333333,33.125,0.0755522341884641,TRUE
114.95957284237,-30.11633,"JBMP",2024,-4.0596725776396,0.134334498449035,4,23.4342085911661,25.0205689964135,3.20065251458441,24.1944056376393,15.5,31.9415816323708,0.0458305818736707,TRUE
114.98157284237,-30.11633,"JBMP",2024,-4.15312918651301,0.134413431666639,4,23.4322987702114,25.0175341502884,3.19844782816171,19.5231908823614,11.7916666666667,29.387069591959,0.0151440347786173,TRUE
114.69557284237,-30.09433,"JBMP",2024,-4.23928176787192,0.132566100948878,4,23.4769956801067,25.0885608313334,3.25004568614054,25.0341164722078,11.7916666666667,43.3162189553594,0.410717492137792,TRUE
114.71757284237,-30.09433,"JBMP",2024,-4.22635154307469,0.132662984505601,4,23.4746515434756,25.084835825618,3.24733962817689,25.0102102222078,11.7916666666667,43.3162189553594,0.380499253930583,TRUE
114.73957284237,-30.09433,"JBMP",2024,-4.2119463311674,0.13277138956828,4,23.4720286393728,25.0806678378632,3.24431176263309,22.6585126969749,11.7916666666667,31.4166666666667,0.350205321202528,TRUE
114.76157284237,-30.09433,"JBMP",2024,-4.19597906215549,0.132892261936193,4,23.4691040838044,25.0760205037176,3.2409356723569,22.6358660678341,11.7916666666667,31.8358505335973,0.319827474880395,TRUE
114.78357284237,-30.09433,"JBMP",2024,-4.1784252209324,0.133026243388684,4,23.4658623486608,25.0708691478719,3.23719343178734,22.6648253824477,11.7916666666667,31.8358505335973,0.28936177584876,TRUE
114.80557284237,-30.09433,"JBMP",2024,-4.15937155249176,0.13317340476229,4,23.4623017200235,25.0652110467832,3.23308306238662,22.6372732991143,11.7916666666667,31.8358505335973,0.258812320217793,TRUE
114.82757284237,-30.09433,"JBMP",2024,-4.13908833060308,0.133332869039092,4,23.458443417694,25.0590799202786,3.2286290601725,25.7579481238367,13.8582486985162,35,0.228196342304253,TRUE
114.84957284237,-30.09433,"JBMP",2024,-4.11813269280506,0.133502323679015,4,23.4543433945097,25.0525646815367,3.22389601678155,25.7487780604309,14.2494801062542,35,0.197550280842598,TRUE
114.87157284237,-30.09433,"JBMP",2024,-4.09749221226505,0.133677467564015,4,23.4501057177519,25.0458307011307,3.21900406689015,25.7393790460244,15.375,33.125,0.166935571903439,TRUE
114.89357284237,-30.09433,"JBMP",2024,-4.07878394345077,0.133851522111184,4,23.4458943979612,25.0391386038861,3.2141425433313,25.0405401592922,15.375,33.125,0.136442104514594,TRUE
114.91557284237,-30.09433,"JBMP",2024,-4.06454233198293,0.134015053866262,4,23.4419376813584,25.0328510898546,3.20957493224118,25.2927421520458,15.375,33.125,0.106188619099093,TRUE
114.93757284237,-30.09433,"JBMP",2024,-4.05862368112286,0.134156464656289,4,23.4385161904043,25.0274140887898,3.2056251825887,25.4028502007001,15.5,33.125,0.0763335588359418,TRUE
114.95957284237,-30.09433,"JBMP",2024,-4.06604001124256,0.134263476172846,4,23.4359270037106,25.0232996804808,3.2026362402297,25.5142414511314,15.5,33.125,0.0472287969109728,TRUE
114.98157284237,-30.09433,"JBMP",2024,-4.08450207301562,0.134325151506121,4,23.4344347442101,25.0209283702532,3.20091358436926,24.8357171455758,15.5,31.7176866794694,0.0215915815198046,TRUE
