world_cfg,world_id,realisation,stationary,range_km,n,n_time,rep,GLM,v_BASE,v_COORD,v_EDF,v_LAG,v_TEMP,v_COORD+EDF,v_COORD+LAG,v_COORD+TEMP,v_EDF+LAG,v_EDF+TEMP,v_LAG+TEMP,v_COORD+EDF+LAG,v_COORD+EDF+TEMP,v_COORD+LAG+TEMP,v_EDF+LAG+TEMP,v_COORD+EDF+LAG+TEMP,v_NN0,v_NN0+TEMP,v_COORD+EDF+LAG+NN0,v_COORD+EDF+LAG+NN0+TEMP
stat_r30,0,0,True,30,30,1,0,0.709353587932225,0.6791623352480103,0.7420175431940451,0.7402562049943471,0.7149060240232492,0.6869835494616395,0.7380528723945093,0.7349162297308578,0.7270589730554144,0.7346373748947181,0.7514103984399305,0.7112790141817603,0.7293059360037636,0.7497059693904651,0.7230127324738786,0.7380168299326954,0.7334612524565783,0.7145124024008073,0.7208169877607388,0.7360667430513927,0.7442673515999058
stat_r30,0,0,True,30,30,3,0,0.5601909112293135,0.6006343473279258,0.6383774442480025,0.6544239276419125,0.5822394130010852,0.6492309676831906,0.6411403834917937,0.6265744864897677,0.6457206215996782,0.6682898420960778,0.6659357002481241,0.6398864852150028,0.6701223167335666,0.6556484228577499,0.6466359104325854,0.6853464629066159,0.6649113355439377,0.6011816236559956,0.6623504237834721,0.6522471526455168,0.6682794087518686
stat_r30,0,0,True,30,30,5,0,0.5803719653589513,0.6097496569021816,0.6651668165254839,0.6699559888315745,0.6635398230088495,0.6292574889972078,0.6853570583502911,0.6978761061946904,0.6084861104538355,0.6843585253892386,0.6455444607448773,0.6640064360418344,0.6718877478585962,0.6341630779423596,0.6553944441815343,0.6233760825327717,0.6163418673986086,0.6389664473995551,0.6077459656428944,0.6637717098102315,0.6893313141829539
stat_r30,0,0,True,30,50,1,0,0.6951617224880383,0.6323789473684209,0.761711004784689,0.8108066985645933,0.6643990430622009,0.6438889952153111,0.8205167464114832,0.753621052631579,0.7589712918660286,0.8054545454545454,0.8032277511961723,0.66973014354067,0.798888038277512,0.8135148325358852,0.7417578947368422,0.810135885167464,0.8199071770334928,0.657952153110048,0.6503779904306219,0.8141215311004784,0.8059770334928229
stat_r30,0,0,True,30,50,3,0,0.7012238805411786,0.6525997407460751,0.7099358224952349,0.665389413985122,0.691827328655789,0.6887447134458513,0.6725432136637668,0.7181389832981363,0.7154304718758124,0.6721775272113741,0.6826533685240297,0.7029578515967685,0.6789459999887768,0.6825663893934094,0.7202152593193929,0.679516508264888,0.6771138266889383,0.6523556380246573,0.6787355666082441,0.6736561724319178,0.6885969424497438
stat_r30,0,0,True,30,50,5,0,0.690259351892127,0.6993481249611633,0.730046642950351,0.764655051885913,0.7233366215124591,0.7637375333996148,0.7644220313179644,0.7343322795625428,0.7710951578325981,0.7559828030820853,0.7748370797862423,0.7707485397377741,0.7576692894426149,0.7732874930093829,0.7698018936804821,0.7745924081898964,0.7832025181756042,0.6993723979369912,0.7643511542285466,0.7581304759833468,0.7740156822842231
stat_r30,0,0,True,30,100,1,0,0.6933769858308287,0.7142588787339753,0.7817694596086611,0.8002965328467154,0.7737791740783905,0.7116050343495063,0.7957795344415137,0.7853472137029995,0.792188362571306,0.7910181408329754,0.788214784088818,0.7772879224682575,0.7961485232779244,0.7952102373796233,0.7829262635711219,0.7933758357357542,0.7824441820523829,0.7745334447647672,0.7733268033490768,0.8001144344599155,0.7992700729927008
stat_r30,0,0,True,30,100,3,0,0.7316660334346505,0.7089086246200608,0.8045089285714286,0.8358672112462007,0.7826766717325226,0.7741080927051671,0.8416821808510638,0.8095535714285713,0.7957959726443768,0.8325759878419453,0.8239570668693009,0.7796590045592705,0.8359042553191489,0.830150075987842,0.8019452887537993,0.8177564589665653,0.8183577127659575,0.7264523176291795,0.7682418313069908,0.8338763297872341,0.8249781534954408
stat_r30,0,0,True,30,100,5,0,0.6893481246538026,0.6486637731525393,0.7456919773273946,0.812425543861779,0.7411582150255333,0.7813740145232153,0.8163646055437099,0.7692390867219571,0.788405140034449,0.809459628648825,0.8160629870474774,0.7916413737110077,0.8056865519884057,0.8207276403948737,0.7953328805894271,0.81561340476064,0.8161142052826867,0.7096476185417597,0.7871351174984255,0.8117521189173603,0.8154806167434309
stat_r30,0,0,True,30,200,1,0,0.7067209313331124,0.7314807628602527,0.825376934361838,0.8541025034309782,0.8209606738914392,0.7304831763759405,0.8552960106005394,0.8299228621456628,0.82651554588046,0.8485097723723439,0.8512356253845061,0.8167299228621456,0.8462713548814537,0.8560257441673371,0.8342160806398182,0.8445733756092945,0.8478983483980882,0.8003483034404429,0.7992532298518764,0.8453532724433298,0.8416601202025461
stat_r30,0,0,True,30,200,3,0,0.7244233717974913,0.7030567643896879,0.8024674855974229,0.8556820720615783,0.8234521884088136,0.819963489920583,0.8551264008737978,0.8367663374012537,0.8344558145929566,0.8634356901302486,0.858003097246277,0.8383111414937434,0.8586055517471181,0.8553698650540108,0.8493281343387608,0.8604110057266594,0.8606850222745857,0.7984278897288668,0.8278841912501839,0.8551798675172955,0.8516434309545133
stat_r30,0,0,True,30,200,5,0,0.7226060591961909,0.7189150208202479,0.7928123618768464,0.83943304564946,0.8096314001907553,0.8303847674878452,0.8380915548111445,0.8271589860500461,0.8352699653383582,0.8387002659718831,0.8520327851055746,0.843298555377207,0.8336192724932344,0.8492577213266027,0.848935918611053,0.8483717945735532,0.846393483301153,0.7569168198137421,0.8372056280580951,0.8388427509091896,0.8516285931405619
stat_r30,0,0,True,30,500,1,0,0.7037723395124805,0.7383118670030462,0.8609942057265356,0.8906467994865785,0.8573773551864616,0.7404440672682242,0.8939259233601012,0.865515509447687,0.8650594341202078,0.8835093168299493,0.8918389457539772,0.8563353096597525,0.8829281575518954,0.8911827361055786,0.8668529455345991,0.8772406865376955,0.8835987999638218,0.8058177507596445,0.8061804942163106,0.8764488089121354,0.8728030928450057
stat_r30,0,0,True,30,500,3,0,0.7536631944444445,0.758467399691358,0.8735976080246913,0.8889033564814814,0.8762268518518518,0.8487538580246914,0.8876765046296297,0.8791550925925927,0.8712519290123457,0.8868904320987654,0.8877671682098764,0.883659336419753,0.8881163194444445,0.8886284722222222,0.8845524691358023,0.8883516589506173,0.8903279320987655,0.8268219521604938,0.8579947916666666,0.8791763117283952,0.8860850694444443
stat_r30,0,0,True,30,500,5,0,0.7248244598765432,0.7510233410493826,0.8628009259259259,0.8739062499999999,0.8628144290123456,0.8611795910493827,0.8783217592592594,0.8681577932098765,0.877042824074074,0.8750106095679012,0.8837663966049383,0.8785358796296296,0.8783092206790123,0.886333912037037,0.8846990740740741,0.8795283564814814,0.8836988811728396,0.809032600308642,0.8724411651234568,0.8703761574074074,0.8843740354938272
stat_r30,0,1,True,30,30,1,0,0.5108776111147264,0.5596174025509207,0.5532045129172902,0.5791336549098719,0.5586870404112709,0.5514281821435543,0.5701726914817465,0.5581471253335069,0.5565609341445954,0.5718371754408798,0.5774518855339364,0.5731712029023232,0.5570927149085703,0.5783690294136787,0.5744269375935446,0.5854194458905446,0.5611751236415696,0.5661431557883777,0.563102956009631,0.5815180256393571,0.5833411287173814
stat_r30,0,1,True,30,30,3,0,0.5760319641476878,0.5989959478767343,0.6343837103083205,0.6860785362387865,0.5896210210726025,0.6621054254729428,0.6834952100623825,0.6076516032822978,0.6745418914593109,0.6692210398107448,0.6882197593710231,0.6477248772261303,0.6831409420601027,0.6934879099944566,0.6635859339012031,0.6873726391892631,0.6957120884440314,0.6403613728812236,0.6585168760393812,0.6738304276200217,0.6722776992684317
stat_r30,0,1,True,30,30,5,0,0.5743775262813339,0.5322162807132746,0.6480373334080748,0.6763416943777665,0.6283886454227136,0.7076750904406215,0.6932176040392474,0.6805138749026525,0.7172276621174418,0.6916170002342347,0.7133597865060791,0.7145579871030774,0.6961195117507742,0.7043547634729999,0.7190635016286319,0.7130404665474807,0.7108622840085765,0.6350633334601271,0.7147241536019091,0.7030114174402752,0.7094278467023958
stat_r30,0,1,True,30,50,1,0,0.5388007089876965,0.5926494423109167,0.6345978810210062,0.67543253838354,0.6348423939512492,0.5938111282325608,0.6700901803607213,0.6448913763782544,0.6304870697570439,0.6729325184233008,0.6792798744900159,0.6272874434127218,0.6679903631965125,0.6763137829443747,0.6413174955488667,0.6675562279938363,0.6781092064607303,0.6545601162484331,0.65790046227914,0.6698776038132042,0.6646659853571686
stat_r30,0,1,True,30,50,3,0,0.5619979521209043,0.5974072104394209,0.6538409639319279,0.7202829327533655,0.7104552959105919,0.6575755651511302,0.7191766414782829,0.6910192961010921,0.6537467059309119,0.7141561626873254,0.7241663623952248,0.6752484442468885,0.7126946675768351,0.7122680260985522,0.6830688817627636,0.7128792148209296,0.7144101631953264,0.664939595504191,0.6598268430911862,0.7339721710693422,0.7163270732791466
stat_r30,0,1,True,30,50,5,0,0.4726394471475918,0.6334130565937208,0.7042384567770649,0.7122587734762477,0.6707527286118359,0.6862958261837043,0.7231546121962878,0.701548041589294,0.7016058262620564,0.7193467002013649,0.7080375541608882,0.6791961466437879,0.7298360874096013,0.7106280704228662,0.6918284637504016,0.6988987612533201,0.7107230723424925,0.6327901574093661,0.6989359785001843,0.7224220200738077,0.7153585783795219
stat_r30,0,1,True,30,100,1,0,0.5723694271617261,0.6319129755877689,0.6847799840632319,0.7334142915784645,0.6931669094743279,0.6252706433463994,0.7368441174813468,0.6947485129707583,0.6729380800218929,0.7366781094807672,0.7383623361048286,0.6868515626886454,0.7401833935657312,0.7424491512463679,0.6983342857832759,0.7469997826804357,0.748044123920445,0.6269095950612117,0.6345882196698351,0.7423012532094881,0.74448853438076
stat_r30,0,1,True,30,100,3,0,0.5898670545956448,0.652653908665468,0.6996631762207902,0.7214626151092326,0.6886703302951229,0.7344865986091805,0.7310879721757679,0.6865529281906603,0.7423464736432452,0.7224615191575877,0.7397457941140142,0.7341091912896351,0.7164220217661095,0.7368128000878331,0.7347248063459325,0.7375725161206841,0.7346032517806765,0.6913837418808414,0.7378656194675519,0.7231614381865626,0.7405094312618735
stat_r30,0,1,True,30,100,5,0,0.6078859627739465,0.6475133483789287,0.7172089896122482,0.7422779922779923,0.7212744458161974,0.7698849562393351,0.7461714332895594,0.7267494436537207,0.7834004356407616,0.7448798449307614,0.7834004356407614,0.7889147512365435,0.7369474872020697,0.7745057757786882,0.7823349243919508,0.7819387979774944,0.7791138170466072,0.6903549607215593,0.7650016906636052,0.745164898678137,0.7747102281216334
stat_r30,0,1,True,30,200,1,0,0.5801523365456012,0.6963748213558592,0.7445189183147171,0.8077938746017933,0.7687237023848494,0.6939616284361552,0.8073278030163913,0.7714692332872918,0.7448732125605793,0.7942328880869307,0.801543325695215,0.770314533449369,0.788150005189662,0.808486494902155,0.7705770105948949,0.7949734129613809,0.7935602280257726,0.7556806840773179,0.7611917061214064,0.7934244983991888,0.7952817986570752
stat_r30,0,1,True,30,200,3,0,0.611516191704871,0.7297978052695034,0.7987095015396903,0.8548765176123666,0.8206510470661413,0.7818180247425532,0.8519104061556891,0.8261618709731917,0.7869372067485274,0.843219411615638,0.836425192557268,0.817816442816443,0.838297970373442,0.8339399943173528,0.8169160504066164,0.829238371691202,0.8303557029972123,0.7785754601792337,0.7960841569332134,0.8402341020265548,0.8310621942697415
stat_r30,0,1,True,30,200,5,0,0.5905533751962322,0.7025000000000001,0.7543926609105182,0.7838569466248038,0.7639746860282575,0.7879650706436421,0.7850902668759812,0.7668367346938775,0.7979071821036108,0.7858261381475666,0.8153090659340659,0.7973724489795919,0.7776246075353218,0.8085331632653061,0.8061803375196233,0.8114158163265306,0.8126059654631084,0.7487186028257458,0.791298076923077,0.7845359105180535,0.812350863422292
stat_r30,0,1,True,30,500,1,0,0.5761199962588851,0.7048883900735753,0.7893313926300037,0.8322187928669409,0.8295357120588602,0.700259734692605,0.8322441233320862,0.8304359178201772,0.7856204794862203,0.8323688271604939,0.8331832990397803,0.8278531846240179,0.8374281004489338,0.8313867845117845,0.8293213773537847,0.8379074307893751,0.837893791308143,0.7708947109988776,0.7736537832023943,0.8343485004364634,0.8328978441825663
stat_r30,0,1,True,30,500,3,0,0.581788097798583,0.7124250774924089,0.8305753020622471,0.8718914078314777,0.8499385200531376,0.829088712993421,0.8750593054149797,0.8566993373608298,0.8415369195976722,0.8740718702555668,0.869654605263158,0.8662850692687247,0.8703208027580973,0.8656218370445343,0.8656346865511133,0.8700479978491903,0.8712627704326922,0.7872398469129553,0.8387248545040487,0.8697415865384617,0.8710947384235831
stat_r30,0,1,True,30,500,5,0,0.6328034555166109,0.7423392601936941,0.8382302453512603,0.865032854553729,0.8488690528467294,0.847182412634033,0.8680508427212993,0.8537962378941151,0.8573641306517417,0.8644729698440705,0.871630711622448,0.8657115026866482,0.8635967153430366,0.8718682384689698,0.8694939680157128,0.8720878011002084,0.8723862066763008,0.7997029916406518,0.8508790489345225,0.8643811527437344,0.873485017844454
stat_r30,0,2,True,30,30,1,0,0.47293983860243,0.6004342848939127,0.6360630251465876,0.6932416656591912,0.4935065057728344,0.605104878196216,0.7117417487759172,0.5403663936408147,0.6399288974188478,0.7170234389167623,0.7155707852263797,0.4871537432751012,0.686505432811461,0.7237568382397389,0.5479101810433415,0.7111986565314634,0.6877134588647766,0.5696376488545004,0.5667814559027988,0.6905687073082271,0.7030853306534486
stat_r30,0,2,True,30,30,3,0,0.4170239781769954,0.5291645315891006,0.5474250964552688,0.6517088784060766,0.5821546449240416,0.6225481146009164,0.6406683295153123,0.6254022109356161,0.6321606733783458,0.6362204605739088,0.6646276675910296,0.6444332876175548,0.642036977031589,0.6651316086930311,0.6477461116469737,0.6629802040631783,0.6625535025319509,0.5490687921991801,0.6279991560163973,0.6448957830962141,0.6692347254039064
stat_r30,0,2,True,30,30,5,0,0.5279296093854153,0.491699698256195,0.5720852243175089,0.6803890936607513,0.5928467753595296,0.6762121857930681,0.6821832206410037,0.61141800811535,0.6884659510187374,0.6770796757615417,0.7012069752202054,0.6797525588137544,0.6788597201124359,0.7001226127596132,0.6857461258686635,0.6973286190949188,0.6900469608747002,0.5965570787744733,0.6753062033043482,0.6706702017195829,0.6998606758535482
stat_r30,0,2,True,30,50,1,0,0.5822604767917268,0.6071005817099567,0.6645284692159692,0.7489074149230399,0.6444373045935545,0.6111364763708513,0.750053548881674,0.6600519705988457,0.6723118461399711,0.7428714225589226,0.7503513558201058,0.6352541411135161,0.7433035714285714,0.7603687545093796,0.6755670544733045,0.7601329515392015,0.7554788961038962,0.6270245235088986,0.6172429277898027,0.7464206800144301,0.7456456304112554
stat_r30,0,2,True,30,50,3,0,0.570032035832672,0.6074924545232074,0.6922576363191422,0.6823020563741666,0.699813309701963,0.7183080705084945,0.6770090990663631,0.7102685225696891,0.7323775111420923,0.6864465068335694,0.7133608703067876,0.7375508902550258,0.6824893028498542,0.7057143545743758,0.7377501872464758,0.7065884804485016,0.7119574487018814,0.7092887229419573,0.7363875520026103,0.6754777566018287,0.7112464682719191
stat_r30,0,2,True,30,50,5,0,0.5246605616903661,0.5169996113194296,0.6628918961039936,0.7105606576400143,0.5097583233033718,0.684478689226413,0.7080680322435882,0.5936720174399283,0.6989312223158979,0.6523599670278705,0.704452551866324,0.6845566131088624,0.6792568502603409,0.7106085385798326,0.689261150156505,0.6948040730719472,0.7014642179164844,0.5720410987455194,0.6977304434526101,0.6642851375685119,0.7081159131834065
stat_r30,0,2,True,30,100,1,0,0.5703978829100701,0.5883708621570175,0.6824430103533126,0.7329253911509356,0.677511490784159,0.595195691536283,0.7334230929941037,0.6972171410000465,0.6850624448674497,0.7287998514322857,0.731071080365848,0.6739393658015692,0.7332011699707507,0.7388588142439297,0.6984483959329588,0.7255025767212963,0.7278991596638654,0.6641933237383351,0.6600640698268258,0.7265453363665908,0.7287952086912113
stat_r30,0,2,True,30,100,3,0,0.5317865047556379,0.5781390201591194,0.7168441930370282,0.7532022043428844,0.7308522013519172,0.6941156457498356,0.7697459921038463,0.7512664877071246,0.7196145764790334,0.7657025782137943,0.752866655201292,0.7219531390201591,0.771371395884429,0.7532638930430102,0.7340039331219717,0.7495681790991207,0.7524843721959682,0.6515569854040797,0.6980450290123825,0.7643519695519531,0.7549565935873662
stat_r30,0,2,True,30,100,5,0,0.5019993245399128,0.5720997665744284,0.6571293692658197,0.7046485461747874,0.6430949133377242,0.7210723022180094,0.7121345844894212,0.6912018524772777,0.7296498989608737,0.7125059009462039,0.7511965159694064,0.7211646648542444,0.7148336259705074,0.7532135666718291,0.7428148399700708,0.7565218283696968,0.7611586192998725,0.611938850337077,0.7188369398299408,0.7105438946431538,0.7612864342611269
stat_r30,0,2,True,30,200,1,0,0.5824921875591135,0.6370686132822845,0.7548775735655753,0.8176977323113475,0.7896457729587398,0.6396478537541331,0.8197009707856328,0.7935652348272183,0.7603595236113528,0.8185886910661996,0.8204254659090049,0.7884795817222934,0.8186530065601804,0.8188327116168914,0.7934139042531458,0.8201918493352804,0.8185101883308994,0.7579807961501501,0.7590107898699313,0.8193793933157285,0.8206742155401366
stat_r30,0,2,True,30,200,3,0,0.60485751536599,0.6095436766623208,0.7461668839634942,0.785340845595083,0.7725516856025332,0.7911072825479606,0.7816064444030545,0.774542745390203,0.8098351648351647,0.7946805736636244,0.8221605513130936,0.819695474017508,0.7918373998882473,0.8250568075991804,0.8181393183088098,0.8197289998137455,0.8241516111007637,0.699192587073943,0.7998351648351649,0.787409200968523,0.8205699385360403
stat_r30,0,2,True,30,200,5,0,0.5789350735471426,0.6298632671208102,0.7422440167591029,0.7915643085362913,0.7811605151314204,0.7708810585965759,0.7980543163732818,0.7836171102604292,0.7814110727634433,0.7911978915481069,0.7975645044610562,0.7845807210031349,0.7938899731733783,0.799105528092597,0.7871512915963348,0.7910104442970822,0.7926192880395467,0.7270080404509284,0.7799972118398842,0.7903962955148299,0.7983453776826621
stat_r30,0,2,True,30,500,1,0,0.600808812388821,0.6934518743535019,0.8311426439036983,0.8745489711210581,0.8409432278797105,0.6835240950897006,0.8749735789199997,0.8474993967576425,0.8321508536113174,0.8663158820151473,0.8785079244534811,0.837591257942691,0.8662794068958551,0.8751830770410635,0.8492567492999583,0.8652188226579699,0.8661671757595709,0.819777370835991,0.8206733494073262,0.8630854958091023,0.866251349111784
stat_r30,0,2,True,30,500,3,0,0.6216833648829586,0.6768872062422088,0.8071609954291519,0.8586425966111085,0.838468073318251,0.833177893716238,0.8581181033288702,0.8471111316311926,0.8501352786370563,0.8630001385105499,0.8623445219077519,0.861964079597396,0.8668184126690983,0.8644905120273327,0.86329378087631,0.8680326884897733,0.8701094233344107,0.8007294888960709,0.8468082552287732,0.8599353617433861,0.8673899995382982
stat_r30,0,2,True,30,500,5,0,0.5541163063491121,0.6833591940369423,0.827963525271723,0.8662469561085705,0.851051627368296,0.8271877041634494,0.865437726435826,0.8513764328562097,0.8341153412128051,0.8638396834352914,0.854747913820752,0.855562711587575,0.8670404095147591,0.8601962938765814,0.8555070306467898,0.8583857352853833,0.8599967705054344,0.7663850448417175,0.8299355585911979,0.8654071019183941,0.861358169507632
stat_r80,1,0,True,80,30,1,0,0.6724211695651847,0.6231413581127233,0.6984365265820505,0.6962373056917037,0.5663284645234897,0.6190900629742773,0.7160997230332735,0.6286187691868886,0.6792299349240781,0.7059846204655142,0.6998842219036396,0.5507612832041071,0.6562591477831403,0.6937838233417648,0.5869236427504522,0.6771207845138821,0.6415532654301991,0.6561606331954754,0.6656790188322362,0.6680152219111455,0.6708730831875943
stat_r80,1,0,True,80,30,3,0,0.6118577383039228,0.5861375908705581,0.608983455483397,0.63886523796539,0.6098831180635551,0.7080938097649562,0.6591540203787487,0.618288934521259,0.7039414495882884,0.6508159104863557,0.7041250920531041,0.7148607563472587,0.6647282184269446,0.7081670812534434,0.709862527847803,0.698239258307039,0.7235197768094811,0.5788030221242795,0.7048151425269574,0.6570402770589753,0.6920037618880672
stat_r80,1,0,True,80,30,5,0,0.6336617454458864,0.5911604060007145,0.6593809530896536,0.758233867127039,0.6910030211929992,0.7115569933920703,0.7511069026074533,0.726723419454697,0.7330057893796882,0.7511692240147636,0.7666900449458269,0.7550694279080843,0.7459872455054174,0.7478196809143947,0.749425154780331,0.7587901089415408,0.7705595532206215,0.670824837778307,0.7117634911894273,0.7432757992022859,0.7506390269674962
stat_r80,1,0,True,80,50,1,0,0.6408700607902735,0.6314656155015198,0.6787091565349543,0.7252156155015198,0.7311968085106383,0.6367572188449848,0.7345497720364742,0.7186122720364742,0.6883491641337385,0.742424962006079,0.7328951367781156,0.7241299392097265,0.7388563829787234,0.7375816869300913,0.7293199088145896,0.7408871580547114,0.7359147036474164,0.7402488601823708,0.7373394756838905,0.7508681610942249,0.7493560030395138
stat_r80,1,0,True,80,50,3,0,0.5830200501253132,0.5706341747225205,0.6547199471894022,0.7691830021482277,0.7439329350161117,0.7727438014679555,0.7557780239288698,0.7390332229382981,0.786185142916816,0.7761460944026733,0.809344790547798,0.8173083378088076,0.7647942400644469,0.8126314670605084,0.8108319533953933,0.814467343955126,0.8104394169948681,0.7254799946294308,0.8038632667979475,0.7770691609977324,0.8090641410072801
stat_r80,1,0,True,80,50,5,0,0.6302748975162767,0.658956210815047,0.7295173845551,0.7931090999517723,0.740625753556788,0.8070536683144443,0.7790816403424162,0.7510757023149265,0.8051980347238967,0.7821881782011091,0.8093463648420546,0.8121213377140101,0.7776404629852904,0.8076810043404871,0.8064046675307451,0.8043182571738606,0.7997149671449241,0.6952239570774055,0.8105803140824692,0.7700107005063902,0.8026519547263081
stat_r80,1,0,True,80,100,1,0,0.6545656050812082,0.6191391050127611,0.7124136676549293,0.8220020665380238,0.7648394119930465,0.6175385694381154,0.8172885970982204,0.782382482058437,0.7045938277647448,0.8229725142941798,0.828184803256954,0.7641933844529581,0.8195586009800115,0.8219111163618429,0.7775508711526669,0.8170935699163071,0.8161390618817498,0.7162645168670383,0.721424298511605,0.8063417588826443,0.8145591541821141
stat_r80,1,0,True,80,100,3,0,0.6438661165223665,0.6742424242424242,0.7696082852332852,0.8385576373857624,0.8064687049062049,0.8184570782227032,0.8323422092953343,0.811078606000481,0.8267590337902838,0.8320951328763828,0.8504746121933623,0.8424244303150554,0.8306464947089947,0.8532892165704666,0.8426066844035593,0.856132944023569,0.8543273133116884,0.782948532948533,0.8328739402958153,0.8325357368326118,0.8465862118205869
stat_r80,1,0,True,80,100,5,0,0.6925394110200145,0.7079967446346758,0.791694297082228,0.8456263564022184,0.8246887810465396,0.8311985697492164,0.8434231447431879,0.8327763292741741,0.8405134735953702,0.8488195532915361,0.8621414953580903,0.8491577119001689,0.8471918706293706,0.8636099891487822,0.8528256495659513,0.861509449602122,0.8637550488304799,0.7984452239570774,0.8373513609235592,0.847674146973716,0.8628338256571014
stat_r80,1,0,True,80,200,1,0,0.6567801677743417,0.6871145205104987,0.8097484903536397,0.8812101469496696,0.8449577526818647,0.6852589036389075,0.8843756110247372,0.8548736756780358,0.8119761797641897,0.8798461973617019,0.8775729480484226,0.8451276531524604,0.8786189274819232,0.8837349248926021,0.859786551855712,0.8784243487306821,0.8795604988050016,0.8045983230159137,0.808079858916168,0.8810687214182797,0.8783047539860168
stat_r80,1,0,True,80,200,3,0,0.6462458749692301,0.6991360339367647,0.8093472318105346,0.8726371879274253,0.8309491596319816,0.8210870277383449,0.8730156820575274,0.8445027660610144,0.8470439515897678,0.8658659371940352,0.8789957042304354,0.8528740567722687,0.8709214712594324,0.8776316447004343,0.8616442007110878,0.8741807776805065,0.8719098128998943,0.7931469427113503,0.8323280257783192,0.866448022298764,0.8764545187016819
stat_r80,1,0,True,80,200,5,0,0.6684701104709866,0.6996486532636456,0.7834642454118905,0.8592339416166775,0.817229167904021,0.8243999450614719,0.8572136514818554,0.8258225930985329,0.8324393448951714,0.8476541619647207,0.8523805458217021,0.8309805042465997,0.8513912811070856,0.855285234899329,0.842731966799311,0.8497421972441647,0.8537419448238998,0.7936371532933422,0.829559712240898,0.8527164874977727,0.8534032191007899
stat_r80,1,0,True,80,500,1,0,0.6804144187770975,0.7448954305733159,0.8586137362762084,0.8992327539894522,0.8881288731168803,0.736948683802332,0.9017325459099128,0.8915489440909196,0.8609007195768797,0.8995959473672264,0.8986548603597128,0.8862930440901629,0.8988894227495253,0.8973704421122722,0.8912377705979828,0.897777143030092,0.8977828179266197,0.8453089413669691,0.8434456836737011,0.8994881243331996,0.901711737955978
stat_r80,1,0,True,80,500,3,0,0.677407493384094,0.7440196852221551,0.8667589024560101,0.8977733413807512,0.8863391986628906,0.8552894749059845,0.8981066901898881,0.888783137564418,0.8763034495566182,0.8954296856864292,0.8961381679743721,0.8918557036074097,0.8937415850318027,0.8977789126700404,0.893954222573007,0.8947388458145688,0.8956933933794512,0.8184632527043966,0.8618023120850551,0.893372951390501,0.8959524583313989
stat_r80,1,0,True,80,500,5,0,0.6806234038130309,0.7275809972085289,0.8586557878481914,0.898328458157629,0.8778898408267506,0.8696175090574331,0.9020702173783928,0.8822310981766348,0.8820631273385995,0.8997102735047812,0.9020869216606284,0.8894733325414267,0.8958033274930214,0.9046797974698582,0.8937793252954801,0.8960065629268872,0.9001121042941141,0.8296395215893568,0.8737787313654451,0.8971109015857932,0.9017834605333492
stat_r80,1,1,True,80,30,1,0,0.7572131520618705,0.7405148986706803,0.7738788943945198,0.8043255007181119,0.7434667115446769,0.7311727503781801,0.8083023681437524,0.7675392379790361,0.7847787048741727,0.8026856046770027,0.8136733862562369,0.7466164593927316,0.8073480729548155,0.8081618056259432,0.7673910258003935,0.8096802633013258,0.8100235418312141,0.7180363703124313,0.6993109568004529,0.8012885853673463,0.8091113197768594
stat_r80,1,1,True,80,30,3,0,0.7328577670512827,0.676785576989793,0.767589482784163,0.8514511710069591,0.7645853140781496,0.834587883186219,0.8608096628467592,0.7922651094496295,0.8542106181048984,0.8419492216727706,0.87231439131829,0.8394645003647382,0.8505735486883484,0.866128841707313,0.8507676382395797,0.851983745234492,0.8624795830918935,0.7475335624902723,0.8399361285979233,0.8571622794927043,0.8622142336088092
stat_r80,1,1,True,80,30,5,0,0.7497510052697691,0.7195083654796679,0.8135651957395886,0.8515043741313058,0.8572414728595744,0.8485313027255632,0.8393082777740615,0.8552253588125552,0.8479153194936859,0.8572712035736318,0.8457877152689515,0.8727674091912501,0.8519354694851384,0.8418465374867141,0.8695304776982482,0.8575267018975629,0.8559807047665767,0.8482163429735173,0.8556211489434448,0.8541132442898447,0.8543752462074758
stat_r80,1,1,True,80,50,1,0,0.712186133960047,0.6839106933019976,0.7432470035252644,0.8667196239717979,0.7652860164512338,0.6832864864864865,0.8539995299647475,0.7823633372502938,0.7476023501762633,0.8616300822561691,0.8632611045828437,0.7550524089306698,0.8562444183313748,0.86089776733255,0.7852258519388954,0.8586716803760281,0.8612286721504112,0.7400235017626322,0.7264432432432432,0.8561269095182139,0.8493574618096357
stat_r80,1,1,True,80,50,3,0,0.630778455234098,0.6086852743316191,0.6541395593966671,0.7721547630186503,0.7359454334712645,0.762719809964273,0.7634664334502599,0.7221739537246201,0.7659440395194876,0.7694671094213955,0.7926277136708478,0.7747545785587303,0.7742542835374295,0.7967112285679915,0.7774431869174762,0.796878311828922,0.8060020126372232,0.675460338252901,0.7605544109026124,0.7685371717291303,0.7948074341548738
stat_r80,1,1,True,80,50,5,0,0.7623370538790134,0.7407193054981396,0.7990841027054337,0.84712783060034,0.8340994901474439,0.8706177943135364,0.8385439345918883,0.8277874236369482,0.8748334940976528,0.8427458545771898,0.8717449818565981,0.8730090487345552,0.8458600891093658,0.865576225253778,0.8604767810389969,0.8582646640025723,0.8527270221854761,0.8167874695696109,0.8788066694226264,0.8366652886867851,0.860169950852051
stat_r80,1,1,True,80,100,1,0,0.7463399611040666,0.7246886519308237,0.831926223197261,0.8770082449493268,0.8357283672262789,0.7227219929318143,0.8714780264591203,0.8428431292405787,0.8250034694564264,0.8681254859615336,0.8744199354015729,0.8347968419391696,0.8694277202914724,0.8702832026980014,0.8431891243472194,0.871368714818286,0.8704676066834087,0.8305498470587565,0.8344689070166667,0.8685855453890449,0.8675542138211738
stat_r80,1,1,True,80,100,3,0,0.7870936567660352,0.7333553083779233,0.8369560942354837,0.8651550083436497,0.8659790725157742,0.8309179513015531,0.86521587672,0.8589567347580903,0.843455900393116,0.8727036234476222,0.8783091326911875,0.8783896662352815,0.8717587589593567,0.879756863611761,0.8811128237495295,0.8855693253349166,0.8833490342529764,0.8302652550197681,0.8450796813868251,0.8740108888843108,0.8829060997604595
stat_r80,1,1,True,80,100,5,0,0.7895861858554589,0.7377310542921776,0.8348640835218478,0.890382225562567,0.8669921642457434,0.8651485667936659,0.8935661983569473,0.8761896877604477,0.8754167162757471,0.8907459221335873,0.8892697419335636,0.8749655837004406,0.893328074770806,0.8846588879628527,0.8771747380640551,0.8871154676151922,0.8904808236099536,0.8559547639599953,0.8691613212882485,0.8919895597690201,0.8898352854506488
stat_r80,1,1,True,80,200,1,0,0.7537410105757931,0.7687135135135136,0.8672235017626322,0.8995064629847238,0.8809090481786135,0.7720535840188014,0.9001814336075206,0.8904000000000001,0.8632676850763807,0.90311821386604,0.8999802585193889,0.8852070505287897,0.9038148061104584,0.90197508813161,0.8939703877790833,0.90450669800235,0.9045734430082256,0.8655642773207992,0.8656253819036427,0.9055981198589894,0.9041052878965924
stat_r80,1,1,True,80,200,3,0,0.7731988230348887,0.7592153565924059,0.8848134136658727,0.9097744150203166,0.9043715846994536,0.8901022838727758,0.9068749708093968,0.9074485077763764,0.8958647424221194,0.9078866003456166,0.9096539162112932,0.907340152258185,0.910055578908038,0.91391807949185,0.911065340245668,0.9124711596842744,0.9124459390033162,0.8724786324786324,0.8949567979076175,0.9119228433982532,0.9140264350100415
stat_r80,1,1,True,80,200,5,0,0.7988150423583402,0.802827351968406,0.896570337846486,0.9254040597969544,0.9153148540784394,0.9031425121176202,0.9266645148963718,0.918868985013662,0.9115845005759694,0.9274389667050646,0.9252575168199804,0.919745460413919,0.9250581070728318,0.9218647686568686,0.9202685631924852,0.9231892203728128,0.9254244645152674,0.8609613219289507,0.9056161204694568,0.9265179719193976,0.9243226097263728
stat_r80,1,1,True,80,500,1,0,0.7359757913444449,0.7773312839233392,0.8861386233728805,0.9212575051635524,0.9090225274989194,0.776166962870455,0.9212392526057926,0.9121033671165762,0.8890984197127625,0.9209894807627648,0.9184658244872472,0.9081358374561695,0.9219837648302032,0.9180373697103608,0.9138844324895526,0.9193736490705604,0.9225303809020606,0.8582352658629137,0.8561275757721313,0.9220135453191796,0.9218771314664488
stat_r80,1,1,True,80,500,3,0,0.7723513990180658,0.7995404928738261,0.9109175842509176,0.9323609323609324,0.92674007340674,0.905340578673912,0.9327660994327662,0.9299223032556366,0.92002288002288,0.9323056389723056,0.931343724677058,0.9275380142046808,0.9314238047571382,0.9309156775823444,0.9315000715000716,0.9332084465417798,0.932930072930073,0.8760322226988894,0.9105219505219508,0.930268363601697,0.931685018351685
stat_r80,1,1,True,80,500,5,0,0.7778626855974188,0.805292525896885,0.9138720919071772,0.9366901455246196,0.9327234736896508,0.9008165917262868,0.9369790166936156,0.9333427470263804,0.9156643852304692,0.9390038836098376,0.9322472515707948,0.9271334012595892,0.9402036680178086,0.9325038208518838,0.9293733064581626,0.9334562650895962,0.9341309130913092,0.8708127524161813,0.908628111133261,0.9379369983978264,0.9331018672337033
stat_r80,1,2,True,80,30,1,0,0.5298199055011684,0.5491591350452466,0.6596912557258356,0.7841001634461511,0.6545562750223528,0.5385408302153275,0.7698285239161015,0.6952877772272623,0.6707983803454579,0.7682263340034436,0.7855419445346151,0.6540940318425754,0.7741813929560594,0.7895265376941755,0.6945645137714297,0.7790648450298892,0.7862300888987601,0.6251017979076614,0.6364832311083016,0.7899897300385931,0.7730006321436504
stat_r80,1,2,True,80,30,3,0,0.5210660690793141,0.5167718390676449,0.5951763774611456,0.6928919437197583,0.6595823949576709,0.7282798552114225,0.7264411963639336,0.6903239532930482,0.7425106473119718,0.7382498643536172,0.7699771816769609,0.7560316186144,0.7470668792412721,0.7693045242714116,0.7705346325655377,0.7721874744501676,0.7783231505637687,0.5677767372027859,0.7335570569566157,0.740009550991891,0.7850831716725757
stat_r80,1,2,True,80,30,5,0,0.5700557554327367,0.611447187787369,0.7366796581631984,0.7361758552943313,0.7387267084816804,0.7902869054330176,0.767854567656605,0.7501296964634537,0.8062868604840628,0.740296176154954,0.7638344455078201,0.7906661622395068,0.7348264502124775,0.7726818981194481,0.7904807478007787,0.7621273216603396,0.7605878199569615,0.6889541689219181,0.7989835917586091,0.7523537332916308,0.7674341076415094
stat_r80,1,2,True,80,50,1,0,0.4632191843072645,0.5107641970796568,0.6522389877999966,0.7454784184278258,0.6503110430432522,0.5087685712130969,0.7627825444616547,0.6838025567989543,0.6653836261991642,0.7475687978481275,0.7357777816452697,0.6530898360376772,0.7552148295112844,0.7549286351040645,0.6814114798764723,0.7413489038560829,0.7509489858469132,0.5403012002761389,0.5423654741255117,0.7565114062007499,0.7395514869539827
stat_r80,1,2,True,80,50,3,0,0.5082091028772763,0.5745049806329856,0.722187026763768,0.7440158208341894,0.7320664870747057,0.7129867436781347,0.7552945384258308,0.7311666248126079,0.7453056868251033,0.7458783264464383,0.7590452328227139,0.745569177149206,0.7269422185695044,0.7485179858304988,0.7508342274882238,0.7427012228994969,0.7575242182803309,0.6685386845649841,0.7169847575128034,0.7601914632939906,0.7453132966539583
stat_r80,1,2,True,80,50,5,0,0.519772346861419,0.5613426881534801,0.7301666679176455,0.8244732753379519,0.806540805680445,0.7947040434139714,0.8223312867318677,0.808281230062524,0.8231522416290746,0.8261517762649272,0.846005749498983,0.821727063927523,0.8354984650489007,0.8432651674935637,0.8297855571985079,0.8399306832596507,0.8364742285838668,0.6929619302103897,0.7943400085566956,0.8337298936417747,0.8407938586944284
stat_r80,1,2,True,80,100,1,0,0.5200218562173132,0.5899636554713842,0.7478852967438424,0.8220926756921929,0.7617129715126674,0.5965938189551281,0.8257633017357416,0.7729199944407531,0.7419757411218637,0.8271997578300659,0.8264962846334418,0.7579642875501427,0.8244943845894631,0.8256566860415305,0.7779280762911447,0.8176804994183733,0.8263078033168905,0.6843509103266819,0.6966269459744008,0.8304686711686413,0.8248808664809777
stat_r80,1,2,True,80,100,3,0,0.5363357562818754,0.5727072825888462,0.7574029832200929,0.802803616914327,0.7558592242422874,0.7430648510554981,0.802184230690305,0.7590032211848915,0.7857234299312275,0.7842756852313097,0.8185113645134994,0.7789581886059291,0.7860641864860844,0.8157053001764026,0.7888052999881394,0.8088393379909672,0.804599648700701,0.6651709148278049,0.754598801515896,0.7919681232597412,0.8123589201970739
stat_r80,1,2,True,80,100,5,0,0.5005165869325967,0.5440933150656215,0.7450999109074711,0.8110583294027806,0.7302115386055149,0.7552940802132231,0.8187706354019271,0.7603439046485337,0.78130591679207,0.7907748055312235,0.806647687711969,0.777409054496178,0.8086691148395213,0.8150880818153912,0.7922581212706541,0.810007374465632,0.8063688056360383,0.6870503260487089,0.762217468125089,0.8033160763350777,0.808972328908654
stat_r80,1,2,True,80,200,1,0,0.4942249146829697,0.5691830474725249,0.7946089612136024,0.8506390864219793,0.8235927725588971,0.5614829337164846,0.854465164370764,0.834445635930795,0.7973089886454975,0.852047129146676,0.8538580178825262,0.8171923167674102,0.8509306702014807,0.8496741743095508,0.8325925442794907,0.8492444718976541,0.8518658484416575,0.7316518029277312,0.7302293728454932,0.8521334532919234,0.8502985856268379
stat_r80,1,2,True,80,200,3,0,0.5201588993387325,0.6022769066794768,0.82638445833865,0.8587394636302909,0.8400413948915026,0.7988200767100256,0.8601055325792432,0.8455009795164716,0.8264323082812302,0.8506181086700343,0.8573086565237299,0.8418972220762746,0.8513874606879884,0.8620908360792319,0.8478906619429704,0.8541683867626418,0.8557136584377274,0.7468015597204811,0.8067941289058689,0.8551948149426926,0.8574531445856384
stat_r80,1,2,True,80,200,5,0,0.5419090438267944,0.6411732805920632,0.8324079216987292,0.8691669981760728,0.8430887794699352,0.8387137935434478,0.8708417461663752,0.8465602458924107,0.8533887141688371,0.8619782479790437,0.8701052323443093,0.8568564276546398,0.8669640243490532,0.8733186843705198,0.8661974870336038,0.8719441713140533,0.8743967154298239,0.7733826719407936,0.8330796973631867,0.864382003918066,0.8694569125340579
stat_r80,1,2,True,80,500,1,0,0.4844125837512993,0.6635806099143327,0.8603041604382763,0.8842249732526994,0.8683150718193475,0.6677311839379615,0.8834424724370016,0.8686404024615104,0.861611173921951,0.877339914560396,0.8849572043190251,0.8648587894285563,0.8764312651283492,0.8843691430999553,0.8715465630667202,0.876711068450326,0.8777411240695354,0.7767909309578189,0.7792057758993542,0.8770857203560236,0.8779099545485587
stat_r80,1,2,True,80,500,3,0,0.5712253039513678,0.6686455167173252,0.8624848024316109,0.887686170212766,0.8805718085106383,0.8331449468085106,0.8858615121580545,0.8794899316109422,0.8660362841945288,0.8893531534954408,0.8871675531914893,0.885570858662614,0.8875047492401216,0.8883111702127661,0.883106952887538,0.8884308510638297,0.8897397416413373,0.7989969604863224,0.8469319908814589,0.8862575987841945,0.8886977583586626
stat_r80,1,2,True,80,500,5,0,0.5705745643828088,0.6820986712053793,0.8641315132688654,0.8982710786820434,0.8760685309988475,0.8762545698781113,0.9000246143747948,0.8821076392334053,0.8921976248082369,0.8978827821494263,0.9005617420108227,0.8955434624983781,0.8981451446714648,0.9039142580197066,0.8968495508353624,0.9014232451286436,0.9036337686325092,0.8133677044137961,0.8777734103693302,0.8983474023248181,0.9042185985452714
stat_r200,2,0,True,200,30,1,0,0.705244059679499,0.6395533247375209,0.7625815067231535,0.8546684472278505,0.7340882298765887,0.6526551851169645,0.856715785595874,0.7746279241112544,0.7834370970712838,0.8581193589979739,0.8513501565665869,0.7141674341499356,0.8162645054337815,0.8690329710812306,0.7909937373365261,0.83548535641923,0.8067056548167251,0.7096196352919506,0.7114422545588506,0.8336673420519434,0.8174608583532879
stat_r200,2,0,True,200,30,3,0,0.7254474690896715,0.7368700471331641,0.8493773538834917,0.8882834871142221,0.8349728817823291,0.8468523629475616,0.8899140948138722,0.8938569652753627,0.8862163242051366,0.8972125209953459,0.9063885045394342,0.8894229702032572,0.8891038779421231,0.9093287778673907,0.89733830808959,0.9051778037573344,0.9146275592124248,0.7538272573233986,0.8359717792954443,0.8995099852755108,0.8999169435215947
stat_r200,2,0,True,200,30,5,0,0.6617521704814522,0.6783601838525465,0.8688704210966155,0.907078323041924,0.8532596685082873,0.8795970100747481,0.9085695714749986,0.8793110172245694,0.8999712150053392,0.9065601931380288,0.9066734760202424,0.8799006453410094,0.9165225869353264,0.9074896699011096,0.8988894563350203,0.908360648126654,0.9135159478155904,0.8401857096429732,0.8744639955429686,0.9085556432517758,0.9152616184595386
stat_r200,2,0,True,200,50,1,0,0.7066715542521994,0.6937958211143695,0.8446517595307916,0.9258669354838708,0.9066193181818182,0.6953042521994134,0.9254783724340176,0.910998900293255,0.8584723240469209,0.92445931085044,0.9254893695014664,0.907581561583578,0.9260465542521994,0.9246939149560116,0.9092503665689148,0.9246929985337244,0.9279563782991204,0.8102538489736071,0.8162353372434019,0.9269464809384164,0.9268108504398824
stat_r200,2,0,True,200,50,3,0,0.8092254413347986,0.8020080943255755,0.897847857280135,0.9107506376753722,0.902721619014388,0.876487831455915,0.9029334000085834,0.9040660084973624,0.8877728662831595,0.9084126501359316,0.9058059712910804,0.8939051855556033,0.9128106043501868,0.9037823898972068,0.9040697403210488,0.9000626946379291,0.9101031662658068,0.8607339377643763,0.8808596629043663,0.9079312448804044,0.9022887274667822
stat_r200,2,0,True,200,50,5,0,0.6173002158230843,0.6564809750473037,0.8662414262062441,0.9248203938032168,0.9107484700212868,0.8492472061258278,0.9289114238410596,0.9173552802743614,0.9023594563032168,0.9337351067289498,0.9338043992431412,0.917895761885052,0.9309652539616842,0.9332888629375592,0.9269675378429516,0.9361584969252604,0.9325774597918638,0.839598916449858,0.8807789956835383,0.9354203006740776,0.935120957012772
stat_r200,2,0,True,200,100,1,0,0.7092624324827714,0.7461920283106723,0.9181393183088098,0.9258260383684112,0.9230191842056248,0.7517237846898864,0.9312749115291488,0.9261016949152544,0.9191683739988824,0.9249525051219968,0.9273188675731048,0.921715403240827,0.9250344570683554,0.9262330042838518,0.9313019184205624,0.928170981560812,0.9270981560812068,0.8272099087353324,0.8236468616129634,0.9262115850251444,0.930787856211585
stat_r200,2,0,True,200,100,3,0,0.8284470031106365,0.7767584381819026,0.8997325781141186,0.94096940433632,0.9052778680532988,0.8958521751241934,0.9336106597335064,0.9049463763405916,0.914300571057152,0.9374669204698454,0.9432768466502622,0.9088704210966154,0.9363489484191466,0.9399758577464136,0.918724174752774,0.9363628766423696,0.9356014671061794,0.8443632480616556,0.8955346116347093,0.9416286735688748,0.9316486373554946
stat_r200,2,0,True,200,100,5,0,0.6292359259513174,0.6313889779302908,0.8722491611064686,0.9215988912338172,0.8982173396652579,0.8778495050018622,0.9196181575285484,0.908001497130808,0.9063329744913368,0.9225438624121964,0.925055447573555,0.9129348025473458,0.9193318868480392,0.924435657653618,0.9190409839558716,0.9242197965903216,0.9251267836330992,0.8254249127754545,0.8943976179314768,0.9217656508535312,0.921017085449482
stat_r200,2,0,True,200,200,1,0,0.7422263262385151,0.7945426843344569,0.9403490465857148,0.950792742047186,0.9430712405928252,0.7978207673484464,0.9522628006833188,0.9474490973729168,0.9410720716561244,0.951320928944088,0.954676577866014,0.9449937670252552,0.9498979638949168,0.9507641165335426,0.9467297659171708,0.9499182787755668,0.951290456623113,0.9030259938131956,0.9099284362158918,0.9497603767486956,0.9502876402419318
stat_r200,2,0,True,200,200,3,0,0.8354863588161573,0.824159800962558,0.9451024850017428,0.9576229708785382,0.9515365334559396,0.92673657201759,0.956205644832368,0.9558255901044872,0.9445351837981742,0.9590032184146712,0.958132800391549,0.9557199163508812,0.958639849016307,0.958445186838612,0.9574663141736312,0.9591274314232956,0.9586333602770506,0.9049464586315062,0.9315261885516392,0.9591663638588348,0.9597438616526632
stat_r200,2,0,True,200,200,5,0,0.7190474335501797,0.7629769371033833,0.9399618988259868,0.9550066686329396,0.9330984935752962,0.9298754755690596,0.9561576802432245,0.9395306172798285,0.9413911565950832,0.9547154376533832,0.9526193165903344,0.9344359301119848,0.9536145103516844,0.9511297721534956,0.9430031293417996,0.9528530433637364,0.951595370725907,0.8953738793635954,0.9284925921597652,0.9528808679796176,0.9521954549417446
stat_r200,2,0,True,200,500,1,0,0.74188366071379,0.796351649734684,0.9405875265362326,0.9454681574461548,0.946313985404378,0.7951199243381906,0.9439726891961672,0.9471200205811968,0.9381990342384496,0.9458670106737196,0.9446362106907472,0.9465703249497038,0.945531085565585,0.945390422710388,0.9476336250853694,0.9464111538240864,0.9452534615092756,0.8966766549632703,0.9005744967138566,0.9452340278253338,0.9443548849803536
stat_r200,2,0,True,200,500,3,0,0.8264074074074074,0.8479907407407407,0.944239814814815,0.9588527777777778,0.9473555555555556,0.9304537037037036,0.9601638888888888,0.9520898148148148,0.9473009259259256,0.9597398148148149,0.9582425925925926,0.9486833333333332,0.9581694444444444,0.9584407407407408,0.9538296296296296,0.956301851851852,0.9581064814814816,0.907876851851852,0.9336805555555556,0.9587111111111112,0.956675925925926
stat_r200,2,0,True,200,500,5,0,0.7208773330801777,0.8115228612539764,0.9516035359881164,0.9575619998548076,0.9576076050921506,0.9417797955768504,0.9581669672889456,0.9591274694305302,0.9484279223184584,0.9603215820736052,0.9565503081611038,0.9573283893533178,0.9609656397111792,0.9561407917441492,0.9578449384701584,0.95876076609353,0.9569979840623656,0.9130959627265604,0.9445561307399776,0.95951185643099,0.956937487318952
stat_r200,2,1,True,200,30,1,0,0.6968831303216652,0.6608380883396406,0.7462018463221382,0.801236732793283,0.7381944033822138,0.6676010377246925,0.8035067555581834,0.7618785847327342,0.729965224396878,0.8043493525307474,0.8070397498817408,0.7363096469962157,0.8006814687795649,0.8079322374645224,0.7568636545056764,0.8057934085264902,0.8010528766556291,0.6650085737937559,0.6390275765728477,0.7925345169110689,0.8004532654328287
stat_r200,2,1,True,200,30,3,0,0.6877636513843297,0.660426155679517,0.7700027781636339,0.8129583056126217,0.8054225367558359,0.7626333335770319,0.8160170272186927,0.8109541895438694,0.8079137453301262,0.8202391048464334,0.8228125616861992,0.8146480505333343,0.8180385068101566,0.8289373158552723,0.8118333321148405,0.8195591858518361,0.827714558308537,0.7322855513558169,0.778021984047492,0.815057464121479,0.8190931123474752
stat_r200,2,1,True,200,30,5,0,0.640560478221728,0.5969174066007705,0.7308180176332295,0.7818840566369466,0.7225021585886052,0.7336927605816868,0.7668982048275061,0.7415658558228503,0.7597173307510048,0.7842433157393789,0.7947711527875709,0.759808460930927,0.7778283033769715,0.7818094955806465,0.7780252918467025,0.7850045749191334,0.7770725672384241,0.6825567630560091,0.7447250353934891,0.7811448896220214,0.7835713457258104
stat_r200,2,1,True,200,50,1,0,0.7243415304651719,0.7047205388329614,0.8002016357164189,0.8516465680191285,0.8040831696318431,0.6854519923352458,0.8482862819078781,0.8131938763585369,0.8022513824196656,0.8502627571226379,0.8534950500008348,0.8154495252193044,0.8423921007770488,0.852366298083255,0.819313436878004,0.8386496899410303,0.8469479178839936,0.8061459011558345,0.8076883123628477,0.8380162161861354,0.8538076131858999
stat_r200,2,1,True,200,50,3,0,0.587712285872168,0.5738717995947689,0.676538036470805,0.7579498986922085,0.710902560324185,0.7775934794621479,0.7555295634555167,0.7198581690919137,0.7903886535273532,0.7632261926689998,0.790183275004605,0.7894906981027813,0.7573779701602505,0.8023954687787807,0.7847651501197274,0.7974277030760729,0.7951841959845275,0.6920657579664764,0.7969285319580033,0.7596739731073863,0.7915039602136674
stat_r200,2,1,True,200,50,5,0,0.6320122706010025,0.6189980250140072,0.7811823483532786,0.8083621390903896,0.7955517209927423,0.7817379876735557,0.8111515043213289,0.8023050189959774,0.8006753298003234,0.8121892561506573,0.8173733617016524,0.8095609053291116,0.8195251843289236,0.8177195892178051,0.8121939097463046,0.8223406096954873,0.8169889747011927,0.7789030172052738,0.7989209242413243,0.8105446754489325,0.8217654252734918
stat_r200,2,1,True,200,100,1,0,0.7107521268225968,0.7221059036330617,0.8234571804619083,0.8611940353379754,0.8477263034830627,0.7198090455217241,0.8616342894537541,0.8526720391761825,0.8232880640583524,0.8609899927206418,0.8634688347879794,0.8495709590370659,0.8592547113624165,0.8632151601826458,0.8604284159675297,0.8665809442577628,0.8624339159270886,0.805938926919655,0.8007312446232013,0.8638989786839801,0.8602841155579739
stat_r200,2,1,True,200,100,3,0,0.6730355498250139,0.6260582059311108,0.7687419414256768,0.8251851169644501,0.8128283293424203,0.7861282004052313,0.8267959108491434,0.8119791858537484,0.809722785043286,0.8330337078651686,0.8262847669920795,0.813398415914533,0.831433965739547,0.8255037760176828,0.8285089335052496,0.8298084361760913,0.8173963897587033,0.7523881009393995,0.7982317185485357,0.8270979922637686,0.8247172591637502
stat_r200,2,1,True,200,100,5,0,0.6556549513832619,0.6588752676814447,0.7964870427711541,0.8856439547401319,0.8370398773006135,0.8507576470077556,0.883148910464174,0.8519821087510129,0.8616719961801136,0.8803002734691515,0.8850045939923603,0.8518555026623453,0.8762615392406528,0.8839537634564186,0.8681207677393217,0.8801383985414979,0.8800624348882972,0.7269676394837365,0.861885417872439,0.8825484358722073,0.8788271211945827
stat_r200,2,1,True,200,200,1,0,0.741379657142857,0.7446610285714286,0.8717357714285714,0.8842779428571429,0.8712960000000001,0.7405458285714285,0.8856447999999999,0.8775168000000001,0.8765174857142858,0.8857225142857142,0.8891593142857144,0.8729837714285713,0.8833682285714287,0.8877558857142858,0.8744548571428572,0.8846857142857143,0.8837202285714285,0.8529078857142858,0.8501915428571428,0.8821869714285714,0.879658057142857
stat_r200,2,1,True,200,200,3,0,0.6678319936684924,0.687042363172469,0.8659471156773071,0.8939813781360055,0.8647101472001711,0.8452202837002422,0.8967615593366676,0.8703839675602482,0.8671453424124297,0.8915249672078827,0.8919843335774678,0.8633763243680023,0.8934924942486961,0.8948715157798806,0.8740515191374981,0.8883619806992331,0.8895906473745091,0.8162045637772092,0.8478759378730045,0.8918312114542728,0.8870844256352263
stat_r200,2,1,True,200,200,5,0,0.6412767481128869,0.6348897358859569,0.8532050478117121,0.8882372827752422,0.870051383277079,0.883331606622572,0.8902157297897593,0.875813144449352,0.8999425641473048,0.8874929795575621,0.9047400936786028,0.9010658349373566,0.8853136888176393,0.9051672273932666,0.902022796217231,0.9038167578188192,0.9030224708685718,0.8333333333333331,0.8923459455922528,0.8875838590713203,0.9023617768035492
stat_r200,2,1,True,200,500,1,0,0.7381231601368978,0.7797622883064331,0.8942006226308454,0.9173596549203852,0.9063890540687324,0.7734881134948148,0.9191251870930208,0.9090695700680622,0.899161234141968,0.9173495293448384,0.9201386651545808,0.9059886335811952,0.9177849290933562,0.9198100442027396,0.9100581944441888,0.9158398980814796,0.916005589317702,0.8471581191467269,0.8481835637975697,0.917374383030272,0.9159798151254008
stat_r200,2,1,True,200,500,3,0,0.6695871486590613,0.7125707623574459,0.8645654692507472,0.9025899983710702,0.8836742799306698,0.847429676904521,0.900812817664188,0.8927111797661296,0.8679825612999227,0.9056758136870368,0.8978679322291997,0.8859081100570858,0.9006069136173039,0.8974176887133468,0.8892199622600759,0.8986448768327747,0.8977864857395433,0.8296569547066004,0.8554425472801448,0.9021736146318162,0.8994895409895475
stat_r200,2,1,True,200,500,5,0,0.6497482739959658,0.6811725712494829,0.8835154543185179,0.909969005723282,0.9018104593384608,0.8901844168575339,0.908789182432568,0.9061206863565052,0.9064131367629292,0.912646612403906,0.9121938153571996,0.907457212045677,0.9152003148624936,0.9139321187075332,0.9090123922443244,0.9143885599960644,0.914909686576982,0.8353631760296351,0.8921532185032736,0.9122985873096566,0.9172620446747604
stat_r200,2,2,True,200,30,1,0,0.5550133226052836,0.5760107591455653,0.6721200919658181,0.6976409951432253,0.647811924849234,0.5700199596143344,0.7235476805451092,0.6641158396156559,0.6593902503017263,0.6994659296962913,0.7082543791627068,0.641118554667382,0.706472201329734,0.7127875632362173,0.6622899333189516,0.7077208919051812,0.7057968395009903,0.5702891326021934,0.5714863207648012,0.6938978386477993,0.7065761778990512
stat_r200,2,2,True,200,30,3,0,0.6179284296159993,0.6182364050167062,0.7493651639145804,0.8074039998063048,0.7342637160428067,0.7474824463706358,0.8193917970074088,0.7959033460849353,0.7781192194082611,0.8039281390731683,0.8091714686940099,0.7573986731877391,0.8149861992155344,0.8117873226478136,0.7818420415476249,0.8013694252094329,0.8050961212532081,0.7248365696576438,0.7612532080770907,0.8195758074669508,0.8070873081206721
stat_r200,2,2,True,200,30,5,0,0.5581921478909762,0.6055421931968742,0.6526456491659997,0.7228893616271764,0.7069774997015486,0.77410166134673,0.7237954795869042,0.7287233522058981,0.7688988220466524,0.7495689579252052,0.7849545277520642,0.7842998917746798,0.758493143446497,0.7822449806349089,0.7830278039262502,0.7800168698419284,0.7865495302081723,0.6768114041697082,0.7789316810543063,0.7693998289531108,0.7963279716461404
stat_r200,2,2,True,200,50,1,0,0.6138978218346982,0.6073666412492126,0.7398907114481904,0.7567471639386781,0.6995812945739913,0.6186289786278867,0.7635143173073361,0.738687445272841,0.7324312412363413,0.7557749950757746,0.7641647051022776,0.718093456923266,0.7531393156009214,0.7662367801611245,0.7321367628044487,0.7578597463585108,0.7544946964629435,0.678341793900201,0.6692207632646932,0.7638360983752981,0.7620126723235129
stat_r200,2,2,True,200,50,3,0,0.5630874962050234,0.5707664015500908,0.7321616766351272,0.790589811865852,0.6990965538712628,0.7563325346962373,0.8096700835958394,0.7703289882060832,0.790844099464159,0.7899449075766102,0.802532627129296,0.7805643057561816,0.7832705832758045,0.815789422796158,0.8033854091129714,0.8010156033964314,0.8089014195629347,0.5985543314943409,0.7713509729642973,0.7941691757020949,0.8122168270708969
stat_r200,2,2,True,200,50,5,0,0.5285452914655828,0.5252889255778512,0.73109184499619,0.7655833280416561,0.7338332645415291,0.7704043767462535,0.7894464773304547,0.7757532702565406,0.7980408226441452,0.7800385366395733,0.8000857251714504,0.7934182118364237,0.7870543084836169,0.7987036052197104,0.8023578390906781,0.7881199199898399,0.7896022510795021,0.6525302816230633,0.7863706899288799,0.7847226631953264,0.7997384588519176
stat_r200,2,2,True,200,100,1,0,0.5853777862862601,0.5778226406848556,0.7390255080434164,0.8361411325176793,0.7887160119969601,0.5896049550307368,0.8352506424871067,0.793904252500817,0.7442069804362917,0.830221936027815,0.8409339219656141,0.7834378523043484,0.832552099951463,0.8397591712738165,0.7912443848850678,0.8359100498713091,0.8264830381470072,0.7521121340627424,0.7489117844414664,0.825555806942535,0.8277834823284623
stat_r200,2,2,True,200,100,3,0,0.5695156584322116,0.643659793814433,0.7713256175841277,0.8183330091421903,0.7856973351488037,0.7954512740711923,0.8243863061661155,0.7894903715230498,0.8077212604551645,0.823792063800817,0.8270404590546587,0.8167195098229918,0.8256846916942229,0.8276424820073914,0.8216203073332038,0.8246878039291967,0.8276434545808208,0.7215016533748297,0.8098103481812877,0.8228214355183816,0.8264471892627894
stat_r200,2,2,True,200,100,5,0,0.5923913884932186,0.6087943967919738,0.76643590914721,0.7800413776552919,0.7386259831547657,0.7367719235771351,0.7757671703722053,0.7746949897813834,0.7861144872112465,0.7828514971821391,0.791847943890506,0.7613614371090605,0.785710000309655,0.7916157026072955,0.785710000309655,0.7793707809500217,0.7797559144113457,0.668977789991949,0.7400813618628846,0.7901893540595776,0.7885675357651576
stat_r200,2,2,True,200,200,1,0,0.6173293891029169,0.6388841114780164,0.8085443037974683,0.8564158717054976,0.8416393398764753,0.6500584755090809,0.855231073809087,0.8464435042499847,0.8072171390570536,0.8556887497706843,0.8578949581116615,0.8454756008071913,0.8594743701461505,0.8558760242768911,0.8529990674493976,0.858828464196172,0.8575691386901485,0.7823287393750382,0.780803789824497,0.8544953525347031,0.8582972161071362
stat_r200,2,2,True,200,200,3,0,0.579004084808403,0.6142491733125852,0.8021474421318812,0.8541567788368021,0.8244660571873176,0.8090634117875899,0.861297412954678,0.8368391363547949,0.8314909550671075,0.8559822991635869,0.8632697918692862,0.8286500680801401,0.8545069052713481,0.8601604746158336,0.8384438825131297,0.8498210464890098,0.8506224469947481,0.748851390780004,0.8131851779809376,0.8526590157556895,0.8520122544252091
stat_r200,2,2,True,200,200,5,0,0.5521882584657377,0.6435191647087104,0.7966400694783695,0.8432171354130319,0.8002235171873667,0.8010910275199479,0.8438403858530873,0.8129851272865439,0.8229697350361739,0.8343152193298751,0.8453233923434218,0.8273014709873527,0.8328283356983894,0.844104031451369,0.8304904195842154,0.8420346073619156,0.8395600220221617,0.7255904885973278,0.8118297392234863,0.8320412760446955,0.8441796357038174
stat_r200,2,2,True,200,500,1,0,0.6437976864385923,0.6828246138936747,0.8488734078882599,0.8808810069529904,0.885069914472065,0.685973264828944,0.880472403396505,0.8838710235663304,0.8451161780088603,0.8842084820329806,0.8819414533595864,0.8858159764952006,0.8827644289933547,0.8833980048609402,0.8841440668840758,0.8837114278242677,0.8813761383214374,0.7834872246492739,0.7857359863401427,0.8837027750430715,0.8819981771474279
stat_r200,2,2,True,200,500,3,0,0.6217960591264697,0.7185410862512436,0.8843583334447223,0.9031232157894636,0.8851269164450029,0.8568392429887091,0.9032673847746094,0.8944721219192234,0.878521876450044,0.9015020307776914,0.8981546369901335,0.8901623285487051,0.9016051450187228,0.8971951016916464,0.8930991748951194,0.8962327021086863,0.8965687781535295,0.8090543851240521,0.8672108170657888,0.8995762768502801,0.8980858941627792
stat_r200,2,2,True,200,500,5,0,0.5932823457678426,0.7478576007873601,0.8740184958994942,0.8907596964272761,0.8779523545315346,0.8641902211312807,0.8891775265214417,0.881257854483501,0.8780690077030305,0.8891157689600615,0.8918448650058131,0.884233000496021,0.8917860482806892,0.8925820346273666,0.8862376705439958,0.8913704100898131,0.8898598005328795,0.8055479856251924,0.86471172942738,0.8880090342489789,0.890819493431152
nonstat_r30,3,0,False,30,30,1,0,0.6856330385814592,0.6350742912800341,0.6884309733902313,0.7088440489540632,0.672654688756575,0.6348279909167411,0.7109338702183676,0.6931461326178183,0.7107734017998586,0.7055703066252932,0.7022769722221703,0.6546309133078698,0.7097536809775885,0.677599355140867,0.6885774474699169,0.6797190309946617,0.7004437138362961,0.6405302175093435,0.6404938322284026,0.680650121004383,0.6965542205992935
nonstat_r30,3,0,False,30,30,3,0,0.6052771353332874,0.6233611453299515,0.7001569200434605,0.722025088570369,0.6539558946585685,0.6797042001271015,0.7245689823865638,0.683054126233043,0.6925420115211367,0.7155889440324724,0.7165375461954344,0.6923183725043284,0.7238430874111733,0.7185754567361003,0.698932496426435,0.7155311706197969,0.7204204786247692,0.6212971435706579,0.6820263185849613,0.7190068936726931,0.7232234209687669
nonstat_r30,3,0,False,30,30,5,0,0.5829937089316845,0.577916348420625,0.6521060599876782,0.5966000633576852,0.5697488431391984,0.6103162248148342,0.5809083470835058,0.6373481893500783,0.6397542265989556,0.5658200836088226,0.6000546119924826,0.5915664313103575,0.5689481263810906,0.61345204153621,0.6168725791436606,0.6073708698466005,0.5887853010170269,0.6313000569441772,0.6237466936422701,0.5627513171985019,0.5930998427718794
nonstat_r30,3,0,False,30,50,1,0,0.6809139063148388,0.6685287032151582,0.7379729651069998,0.7479969806842657,0.7317090115684106,0.6756122657824027,0.7554373031952547,0.743346896470142,0.7286756132046244,0.7546308379540005,0.7485696742781713,0.7252638615320774,0.7488954524373277,0.7539952419489608,0.7493583015222383,0.7496756301037796,0.7481171524547899,0.7067123444573588,0.7041821653826439,0.7523588404175218,0.7528301390800474
nonstat_r30,3,0,False,30,50,3,0,0.595320116997075,0.6026732903105992,0.6832155624680811,0.7196360090997724,0.639411300431775,0.7149663401272112,0.7070235386972469,0.6807224105111658,0.7395180834764844,0.7134890199173591,0.7458619248804494,0.735362830214959,0.7249315195691536,0.7449398765030875,0.7321091972700682,0.7438209759041738,0.7448544500673198,0.6271321788383861,0.7254515065694787,0.7128083940758624,0.743833047030967
nonstat_r30,3,0,False,30,50,5,0,0.5292167458768144,0.5050236850367904,0.6329199584219857,0.7286400751992606,0.6499568033293615,0.7110601028529304,0.7229386997314591,0.6851645276351432,0.7225213594372537,0.7218729218306028,0.7484354614438022,0.7152413065481473,0.7283621733678386,0.7508010398403965,0.7267854461348244,0.7447983602816851,0.7440953174028951,0.6237238455372867,0.7055274186722728,0.7360634669277318,0.7473472563776034
nonstat_r30,3,0,False,30,100,1,0,0.7237271207088325,0.6669554558455217,0.7783905615120952,0.7934876779080061,0.7492840172214195,0.6628127813802862,0.8001679769372205,0.7836937523172494,0.7789315683144044,0.7924198515447068,0.786905743751939,0.7589436369276866,0.7973730903973184,0.7931036765762971,0.781939263474096,0.7910616596424058,0.7965152352055447,0.7168037469450141,0.71319640438556,0.7957897942660846,0.7948383032816035
nonstat_r30,3,0,False,30,100,3,0,0.621732903687791,0.6231454752953813,0.7647168516529419,0.8336885741138562,0.778001551497792,0.7657303601265069,0.8291030776345626,0.8090389664637785,0.7988386143931258,0.8370694220670725,0.8274648675259578,0.7867697517603534,0.8267683718224131,0.8326359052392887,0.8067844462346342,0.8302946726936388,0.8316438417472252,0.7145663638262322,0.7678235767991407,0.8327785609857978,0.8340326262083781
nonstat_r30,3,0,False,30,100,5,0,0.6332580479213004,0.6256485478075116,0.7522628652952099,0.8029868100723083,0.7524521944008308,0.7652586828431494,0.7988885042809415,0.7820458635415253,0.7792221824864841,0.806233134888382,0.8061116965226555,0.7857110072882143,0.7963832403580806,0.8114922767111814,0.8027850502678336,0.8098045702898646,0.8186982572160206,0.7006037494812574,0.7710838995676029,0.8060791854641145,0.8082975871057319
nonstat_r30,3,0,False,30,200,1,0,0.71073900324806,0.6976586513223185,0.8099736408138887,0.8391598078988519,0.8000244856619756,0.701567082366428,0.8341921864768657,0.8136483450845962,0.8015993589208501,0.8390123374346816,0.8377593022328326,0.799682242886637,0.8407152039266099,0.8432676486901097,0.8192707724669861,0.8325533166014643,0.840270937559707,0.7612527384059464,0.7613334297920018,0.836843872370342,0.8394111569289786
nonstat_r30,3,0,False,30,200,3,0,0.6360370753962532,0.6840331948031517,0.8053110935893426,0.8524531828542212,0.8051734374151355,0.8134740110761717,0.8516281822455374,0.8211312528210152,0.829793290993915,0.8378915943581571,0.8492908365936933,0.8276844358625237,0.8398393824013606,0.8531124341919208,0.8364213889601622,0.846420658539646,0.8468729573977551,0.7548259258080043,0.8173517948679531,0.840119376932571,0.8437190390662603
nonstat_r30,3,0,False,30,200,5,0,0.5693897297670882,0.6338109828675866,0.7757245375169903,0.8078689305104401,0.7869736832000983,0.8043700708795051,0.8109492708549312,0.7937679022584682,0.8160588537947028,0.8138942643659626,0.8217088641616945,0.8179325915174971,0.8178826763732423,0.8285597177106612,0.8210935640180924,0.8267109375599941,0.8241470269772155,0.7600511822209937,0.8097321092604112,0.8118640618640619,0.8263701707097935
nonstat_r30,3,0,False,30,500,1,0,0.7080659026592926,0.7568064891307809,0.8691657661268423,0.8891371486255921,0.8828611508056164,0.7519613663733122,0.8884292025868123,0.8822459119862007,0.8704730315635306,0.8910278140386824,0.8886942141330751,0.881078175596838,0.8903741813203381,0.8884975624556364,0.886683684840403,0.8863915166339227,0.8889994924513849,0.8414444346638847,0.8430944358812522,0.8891427672449475,0.8917198406559552
nonstat_r30,3,0,False,30,500,3,0,0.6364943069362814,0.7252701665399869,0.8500161798902778,0.8854670720419022,0.8586112762546941,0.8399761816964051,0.8866579872216495,0.8701629653599837,0.8615565807000247,0.885792551230048,0.8767120581572986,0.8753170129664888,0.8809790338724122,0.8756867046455098,0.8744337038402781,0.8766480911492237,0.8800787923028875,0.8045469254445707,0.8437050819906533,0.876365883760658,0.877812666972705
nonstat_r30,3,0,False,30,500,5,0,0.6156414813391613,0.7071079302560163,0.8596032470339594,0.8882376675152506,0.8662884864786974,0.8499389980306452,0.8898669484605409,0.875486814928671,0.8659090254094817,0.892694173591431,0.8850079254527116,0.8761102838753062,0.8912234017003698,0.887871655699121,0.8790892934338825,0.8856602142273884,0.8873663480474567,0.7961054805706327,0.8515077573370479,0.8897113213891158,0.8869234833565494
nonstat_r30,3,1,False,30,30,1,0,0.5810721665947427,0.5986295171847404,0.6795657571304459,0.7121776970033402,0.6409274189715581,0.6058212726156279,0.6973493352901701,0.6738169153585707,0.6740279343521812,0.699996578070374,0.7006077727230385,0.6362317710957208,0.6945376497807113,0.6931508177461271,0.6789184421095055,0.7031000781340598,0.7020715981742105,0.6432258150370993,0.6492987895874482,0.6961858792172906,0.7041561236381195
nonstat_r30,3,1,False,30,30,3,0,0.6719076707447711,0.6287018489911035,0.6723907800592334,0.7432436303087125,0.6662650303327726,0.7011023676175454,0.7489282802263167,0.6823976352467389,0.7258316449967633,0.7317530757641434,0.7572872170803012,0.7117174058748383,0.7375876232358394,0.7521496454970583,0.7218512443406512,0.7424731377854499,0.7379447040334853,0.6527771147489646,0.7152166067394705,0.7443368322159443,0.7472097095424592
nonstat_r30,3,1,False,30,30,5,0,0.6223422528584551,0.6127157377465441,0.6525754101911113,0.6971568546911524,0.5941936580010605,0.720330692078476,0.6746224822816855,0.6047219587605769,0.7224609973039784,0.6741174449780061,0.7194587792473545,0.7131873548367823,0.6608417786274934,0.7196884265240736,0.7128606209064906,0.7159207175450519,0.702000918589107,0.610253097437659,0.7302101926049843,0.6449531743601616,0.7286708090305525
nonstat_r30,3,1,False,30,50,1,0,0.5335016415756846,0.5170564181141746,0.616185917238731,0.738538912092529,0.6529317382071751,0.5199327400721266,0.736604571317766,0.6763044680895557,0.643560403711653,0.7253388185597859,0.7373488410114463,0.6360711305104948,0.734202566827434,0.7368336504955144,0.6818327855077478,0.733635096831103,0.7322482647965187,0.5976209984810433,0.5967788235786161,0.7255916611377156,0.7204074377541496
nonstat_r30,3,1,False,30,50,3,0,0.6676664780230145,0.6672307111865686,0.6916430862101491,0.7334361441237502,0.7171288436144124,0.7195378230522542,0.7395500848896435,0.7288719109601961,0.7545972458026786,0.7304923599320883,0.7636445953593661,0.748228636106395,0.7444925485757404,0.7607347670250897,0.7610865874363327,0.7663073005093377,0.7560592341067723,0.6859658554989625,0.7361658177702319,0.7367789096396907,0.7588388983210713
nonstat_r30,3,1,False,30,50,5,0,0.684754714590023,0.6438604567081455,0.6905730563439867,0.7497768268978101,0.7275415176516412,0.7683025239526706,0.749583006416576,0.7442697161089047,0.7730837397661854,0.7425691277519247,0.7862952146841379,0.7728824646510579,0.751446664889979,0.8018474446446842,0.7760814344206538,0.7933016387148958,0.7834633856338022,0.7385026249629598,0.7699164521906372,0.7630302341314141,0.7881868280346417
nonstat_r30,3,1,False,30,100,1,0,0.6600884815329747,0.6361263071994196,0.7001327978601222,0.7804896708577646,0.7204123345221544,0.6343591322613794,0.7846625083116726,0.7255410143263011,0.7044614791754821,0.7813151710693345,0.7873099649398537,0.7277804433899535,0.7787640542827783,0.7860622695399868,0.7381416989058818,0.7778856616091399,0.7812632231155171,0.673747015353926,0.6700294308771082,0.7753203771988151,0.7806861285740192
nonstat_r30,3,1,False,30,100,3,0,0.6591774316109422,0.6570706686930091,0.764134688449848,0.8023166793313069,0.7792410714285714,0.7488839285714286,0.7975066489361702,0.8028932370820668,0.7498641717325227,0.8170231762917933,0.7797321428571428,0.7465188069908815,0.8115909954407295,0.7818911474164134,0.7629549772036474,0.8008368161094225,0.7967952127659573,0.7432674772036474,0.7630585106382978,0.8185020896656535,0.7997910334346505
nonstat_r30,3,1,False,30,100,5,0,0.6667498603091824,0.6485975041907246,0.7054712236915628,0.7487828273421493,0.7140640715216987,0.7722425032594524,0.7385462842242505,0.7297625256099832,0.7661724715962004,0.7637800335257963,0.7757794747625255,0.7785593220338983,0.7474939467312349,0.7734950642577761,0.7814583721363383,0.7854889178617992,0.7725302663438257,0.6699050102439933,0.7712218290184392,0.7641869994412367,0.783002421307506
nonstat_r30,3,1,False,30,200,1,0,0.6434957871128084,0.6631025716796993,0.8001284324422622,0.852210818633691,0.8045752636843062,0.666919553555192,0.851837644723283,0.8182017942656241,0.7934435048796752,0.851042992665333,0.8502038249378676,0.8056142783536401,0.8526076710917136,0.8564237058253017,0.8222697687458325,0.8461718418500334,0.8523737270412803,0.7731803509729042,0.7740545629508394,0.8524229784203189,0.854716008971328
nonstat_r30,3,1,False,30,200,3,0,0.671134928229665,0.7038842105263159,0.815754066985646,0.8646602870813398,0.8336344497607656,0.8335358851674641,0.8689875598086125,0.834154066985646,0.8500277511961722,0.8510765550239234,0.8644708133971293,0.8512344497607656,0.857311004784689,0.8663196172248805,0.8537454545454546,0.8597913875598087,0.8624382775119617,0.8047674641148325,0.8403090909090909,0.8647406698564593,0.8661014354066986
nonstat_r30,3,1,False,30,200,5,0,0.6895221901416836,0.6991429411239434,0.7915228003333731,0.8411352914037387,0.8205050452434814,0.8255121517442553,0.8440234700559591,0.8279417564591022,0.8438690617930705,0.8385968567686628,0.855780822121681,0.843780695618526,0.8346464236813906,0.8558915123824264,0.8529028753423028,0.8481162191927611,0.8516220308965353,0.78548599535659,0.8323451824621977,0.8334334816644838,0.8545706706155494
nonstat_r30,3,1,False,30,500,1,0,0.6719111228870881,0.7359184297978657,0.8714368080965648,0.8929936876202347,0.8789125838960613,0.7303402863428314,0.8950779111490098,0.8811824656532278,0.8726179302932654,0.8891555069589183,0.8935814498508204,0.8811386167249142,0.888082607649119,0.8958093485915164,0.8824699448249869,0.8884044774420586,0.8915634661924763,0.8157626634772013,0.8177339993394673,0.8855309732036399,0.8823542582907127
nonstat_r30,3,1,False,30,500,3,0,0.6594079794079795,0.7108661041994375,0.8515715715715715,0.8959635826302492,0.8777482244148912,0.8513837647170983,0.8976223842890511,0.8846513179846514,0.8767758234424902,0.8978149578149579,0.8920396587063255,0.8923599790266457,0.8953124553124556,0.8954001620668288,0.8926755326755327,0.8918547118547119,0.8938109538109539,0.831971971971972,0.8736202869536203,0.892083512083512,0.894286667620001
nonstat_r30,3,1,False,30,500,5,0,0.696800709915464,0.7392723366493859,0.8675447200037364,0.9081406753537902,0.8879790761757975,0.8691793937695578,0.903988603988604,0.8995525664378123,0.8816748400354958,0.9034524309934144,0.9011003689692212,0.8939853346410722,0.9025547615711552,0.8977133249264396,0.8980262481901827,0.9017626453692028,0.9013086731119518,0.8277801130260147,0.8718798748306945,0.902355798421372,0.8990957918826772
nonstat_r30,3,2,False,30,30,1,0,0.5467570514740326,0.6133745709217407,0.6786530206341528,0.6747212431174695,0.6726152079925665,0.6114096420700195,0.6755630812234585,0.6870666021609418,0.6740339499773462,0.6787413320432188,0.6734896829236452,0.6665198009537633,0.6839411462052971,0.6773753849225547,0.6766285775719738,0.6806870627625345,0.6792260848864623,0.6344531603965566,0.6377370009445481,0.6835831010359312,0.6747433209697361
nonstat_r30,3,2,False,30,30,3,0,0.6623106388422724,0.6882473792340515,0.7297431536487533,0.7365688096868627,0.7137081298304497,0.7570561254054379,0.7378914216479406,0.7382479436488287,0.770322694741912,0.7562941654563105,0.7799779501960401,0.7636644817543516,0.732043143865564,0.7704308742408621,0.7676840556588225,0.7716086197424764,0.7661507288476155,0.6596268465770124,0.7554136784039857,0.753702560937982,0.7763177203663428
nonstat_r30,3,2,False,30,30,5,0,0.558715879028379,0.6098306352212602,0.6635364057239057,0.6516588879870131,0.6505061778499279,0.7088105759980761,0.6386991191678691,0.6703699945887446,0.7084629779942281,0.6635833784271286,0.6907608450577202,0.7224035368566618,0.6650216825998077,0.6894954004329004,0.7124124428811929,0.6807021103896106,0.6772392827080327,0.6209190115440116,0.719166178150553,0.6400660248316499,0.6847859172077922
nonstat_r30,3,2,False,30,50,1,0,0.5109534984333416,0.6106549624582583,0.6573559901037385,0.6882668244874415,0.6296936541440128,0.6148942107619035,0.6961759676667185,0.6318352845549773,0.6458219010036726,0.6882874260917446,0.6944154669353615,0.6377545000458853,0.694251590537496,0.6999404426348328,0.6454819745326713,0.679171216187617,0.6925866063351808,0.6346408484864378,0.631362384092565,0.6744188006495124,0.6706852280878529
nonstat_r30,3,2,False,30,50,3,0,0.7059151785714286,0.7061021299302549,0.7704819775132274,0.769193985990861,0.7529940401034151,0.789532227032227,0.7793231797138047,0.7767500150312651,0.789095380892256,0.772413495069745,0.7900912022005773,0.7892447540885039,0.7699117288961039,0.7879201238576238,0.7875236742424243,0.7932581018518517,0.7902058155964405,0.7247108360389611,0.7815168049543051,0.7689065130471381,0.7888492439273689
nonstat_r30,3,2,False,30,50,5,0,0.6323051948051949,0.692306246993747,0.7221837046055797,0.7084103685666185,0.6927872474747476,0.7164323668229918,0.7178650342712843,0.699452674062049,0.7258851536195287,0.7084075502044251,0.7285851446007696,0.7253910007816257,0.690831304112554,0.7314138407888409,0.7344933712121213,0.7196631493506495,0.7192385161135161,0.6975108225108225,0.7169537638287639,0.7020859638047139,0.7281614508177007
nonstat_r30,3,2,False,30,100,1,0,0.5688128128051319,0.6314582450109438,0.7084747290860576,0.7350587291934831,0.7035293147205688,0.6273175635105919,0.7404923545582027,0.7251563905764727,0.7063156662977109,0.736811109341999,0.7365952989788812,0.7054437924307153,0.7385327964610937,0.7451011047572277,0.7199337797890237,0.7322618268874774,0.7371189987933803,0.7192268809551672,0.7140857985271183,0.7425238494430174,0.734967609262389
nonstat_r30,3,2,False,30,100,3,0,0.6897403735719034,0.6950957353563441,0.7709813062926918,0.8042534984585625,0.7697836698301397,0.8019403977513149,0.809022320618993,0.7809562579338694,0.8155762633742368,0.7956546953394186,0.826101863325878,0.8116933899534545,0.8001921129782991,0.8255417699329021,0.8158898401136432,0.8185542978903463,0.8229179260110016,0.7625449585927583,0.8046917502871304,0.7959333252735297,0.8149850012089705
nonstat_r30,3,2,False,30,100,5,0,0.5787170475839285,0.6563240794394986,0.7561859859573604,0.8039693409893062,0.7389845049329851,0.7641583446843416,0.801296837019589,0.7536828064207824,0.7771615204581542,0.7958079033119858,0.798268751740279,0.7542425177414379,0.7975058510998563,0.8048488873503361,0.770859829471482,0.7890791384772842,0.7887715324237475,0.7322877236023209,0.7610615889404806,0.7965115404008098,0.7830944604571007
nonstat_r30,3,2,False,30,200,1,0,0.6428617368209988,0.6623559522098047,0.7690430611148524,0.8119462246805034,0.7810360091101005,0.6684252540462012,0.8071027004940944,0.7903598641051446,0.7601580647846188,0.8057095133965391,0.8123264427478605,0.7820064164163407,0.8102229477682523,0.8136922011788652,0.7895218710512177,0.8055373748685316,0.8087635535445403,0.7288657395146829,0.7282244762070504,0.8055515621098508,0.8047069483433085
nonstat_r30,3,2,False,30,200,3,0,0.719891965950183,0.7144097807125905,0.8036604676234755,0.8382362299635395,0.8025299657854742,0.814115737933203,0.8353201341628672,0.8185722360727415,0.8271333542962813,0.8305538710329492,0.838485164970914,0.8413207780248411,0.833498042210393,0.8385665835635514,0.8402857324678631,0.8446916949292126,0.8440422178798973,0.767491895574572,0.8254413449228489,0.8341512626432781,0.8418420441868997
nonstat_r30,3,2,False,30,200,5,0,0.5999727223131479,0.6895856064739043,0.7848406149602958,0.8119080363096319,0.778115907437716,0.7957924168030551,0.8098659983633387,0.7938848730072136,0.806814307146754,0.8090495620415833,0.8083297341940958,0.8054087485603444,0.8104996362975087,0.8152486058071164,0.8150137146147785,0.8159902179184094,0.8128779096199309,0.745403520337031,0.7971231511790022,0.8052988800994121,0.8129498924046796
nonstat_r30,3,2,False,30,500,1,0,0.6488485116566575,0.7056809782783344,0.8338938131721269,0.8596106697214236,0.8545257092952698,0.7056403364013225,0.8612713157193328,0.8584821487643925,0.8348049473451402,0.8604017685832619,0.8610236838175388,0.8537119265950992,0.8624244108345573,0.860715561680192,0.8578885883280309,0.8652910809037997,0.8605889102495033,0.8015079081531385,0.8044662587356406,0.8615832184964017,0.8600170884915437
nonstat_r30,3,2,False,30,500,3,0,0.7013779903242363,0.7544056965086096,0.854745886132826,0.8775845424949834,0.8657353450719752,0.8476678667183003,0.8795319242763096,0.8714366711815289,0.8681718884044625,0.87979781322552,0.8868044965805015,0.879102981476712,0.8833294113941288,0.8865562100355938,0.8794735584094097,0.8851600614416555,0.8872167634181275,0.8156231529056012,0.8522463447217801,0.8810392459500572,0.8854917277964198
nonstat_r30,3,2,False,30,500,5,0,0.6317580805451707,0.7359112204817568,0.8381420661587242,0.8778732667644694,0.8592929818749704,0.8312573943495338,0.8756992096919218,0.8643140409824428,0.8479854242581989,0.8718584070796461,0.8639051630306185,0.8511040651175997,0.8719246604514694,0.8681794519899674,0.8552827599261749,0.8626397236287918,0.8655927310586342,0.7979253229851876,0.8348312905210356,0.8689792248355497,0.8672755667029483
nonstat_r80,4,0,False,80,30,1,0,0.625188249118684,0.5701809635722679,0.7766383078730905,0.8025757931844888,0.7299177438307873,0.5655783783783783,0.8209870740305523,0.8133678025851938,0.7666462984723855,0.7998683901292598,0.7941480611045828,0.7519012925969448,0.8166599294947121,0.8084333725029378,0.8062467685076381,0.8051450058754406,0.8066886016451236,0.7359764982373679,0.724689071680376,0.8090406580493537,0.8007971797884842
nonstat_r80,4,0,False,80,30,3,0,0.6251926773930965,0.6495955939659502,0.77291778520584,0.8494941797475613,0.7456533327175354,0.7816765482987621,0.849696238436951,0.7789208526491819,0.8049700664484434,0.851839022728716,0.8423018525895264,0.7699022998127589,0.8418640587625157,0.8423105122476432,0.8065855737793249,0.8411145172433035,0.8442974226933078,0.69502127389344,0.7744207169812046,0.8432890536148301,0.8402812656956303
nonstat_r80,4,0,False,80,30,5,0,0.4111919778785807,0.5722286087118623,0.6907710262225814,0.7817801217920836,0.7119758979059219,0.7907455881439136,0.7814237945069284,0.7270911654135339,0.797465318772137,0.7764002594295656,0.8137854967998508,0.809376553470453,0.7733797303175294,0.8085891381345928,0.8061744624992233,0.8076988053812216,0.806916244640527,0.6535188047598335,0.8007246939663206,0.788168769030013,0.8085299120735722
nonstat_r80,4,0,False,80,50,1,0,0.601066028708134,0.6074842105263158,0.7249617224880383,0.8169406698564594,0.7416794258373205,0.6065722488038277,0.8196555023923446,0.7394631578947368,0.7305473684210527,0.791442105263158,0.8061942583732058,0.7537406698564593,0.7986784688995214,0.819374162679426,0.7536,0.7860105263157895,0.793560765550239,0.7149244019138756,0.7128641148325359,0.7931205741626793,0.7892985645933015
nonstat_r80,4,0,False,80,50,3,0,0.6581830119565969,0.6459835587194077,0.8169506070449466,0.843499704348761,0.832534691025257,0.8010190368680935,0.8465666060005683,0.8474929158891422,0.8443751391864599,0.8446583116394438,0.8559679314396295,0.8387856029365464,0.8494232881025335,0.8581018038565209,0.8541873046590027,0.8551980863301619,0.8563970096988964,0.7738296818485497,0.810523072315525,0.8454627133872418,0.8539386888443492
nonstat_r80,4,0,False,80,50,5,0,0.5376283301337744,0.6569611272564478,0.8197658757559432,0.8350677977676437,0.7997044518131255,0.8318571732086897,0.8306924326005964,0.8023545212422889,0.8452782478052038,0.8398927452215283,0.8437568765223198,0.8379616280569697,0.8324262647110154,0.8461091213985992,0.8467104614193901,0.8416559803929007,0.8449842171956689,0.7298721820485776,0.8339267693054807,0.8401374545675284,0.8437056582871105
nonstat_r80,4,0,False,80,100,1,0,0.6427856503187063,0.6950946711719509,0.8680783934497786,0.9172558529812388,0.8912146958556906,0.6844592153882046,0.9114903560328416,0.8912372724467758,0.8699936409268443,0.9164807233539782,0.9124837260405928,0.8920707249343397,0.9142663360450328,0.9128957488278988,0.8887011687148652,0.9151863321317568,0.913510960934972,0.8398002724241992,0.8371729216366522,0.912850595645728,0.9117264695479412
nonstat_r80,4,0,False,80,100,3,0,0.6296046340531426,0.6789412549736796,0.8605373570156212,0.9029578779473746,0.8916626585731694,0.8611333430921698,0.9004788800404547,0.902309612390427,0.871951393390733,0.9040890157960072,0.9066240953273552,0.8815270931278149,0.9058845783137112,0.9071678019235048,0.8930865615120367,0.9089243924649107,0.9080147295059684,0.8316486666831425,0.8618605031377194,0.9091715318267972,0.9038266678580053
nonstat_r80,4,0,False,80,100,5,0,0.6320998544014668,0.6859886448551334,0.8407313822616305,0.890200217242256,0.8667311203383432,0.8460661433336671,0.8924727869408131,0.8770780531396127,0.8526238550485714,0.8893528183716075,0.8945970618370065,0.8713898882203852,0.894264842961582,0.88910630233651,0.8793477339783837,0.8921251608131948,0.8954820158848771,0.8263111571616759,0.8491870748561348,0.8960703803280206,0.898127248495867
nonstat_r80,4,0,False,80,200,1,0,0.6447412569119161,0.7109525316995589,0.904144969679507,0.9225391493580472,0.9071760711692772,0.7192240835135755,0.9211875700195816,0.9116999759255852,0.9073703725468264,0.9219988967473002,0.919852103478279,0.906043436309904,0.9212814033677644,0.9217344573115134,0.9116042469542074,0.9218026997465552,0.9214785481801068,0.8593580282485768,0.8601361815703722,0.925639441094457,0.9264943671556742
nonstat_r80,4,0,False,80,200,3,0,0.6567158220520551,0.728305441438427,0.8765757510660261,0.8924934270435098,0.8664553941967877,0.8495206446915415,0.8885040274210628,0.8773428336238805,0.8697594573580042,0.88831106861159,0.8941369038000528,0.8768979827724854,0.8856894903035821,0.8940513555593999,0.8830688625315815,0.8938450892458256,0.8903224028029407,0.8288683488619233,0.8570213243247866,0.8889403234483925,0.8893500044675193
nonstat_r80,4,0,False,80,200,5,0,0.65561078169391,0.7134623463670003,0.8786953927844525,0.9152009146522768,0.8801274144383847,0.8806693382391024,0.9145870540638532,0.896688222125454,0.8925043785524784,0.9133286398575844,0.9083573282485216,0.9008001289107236,0.9125382943499888,0.9096406805411948,0.90299180304283,0.9074125584366504,0.9099869362793528,0.8391646892043023,0.8849721173010853,0.9103466202178824,0.9072053804880578
nonstat_r80,4,0,False,80,500,1,0,0.6659654146303388,0.7468581687612208,0.9206722119520002,0.9438287599642838,0.9398973062402546,0.7439129102086431,0.9426340930336164,0.9423713615014536,0.9205113364848424,0.9444675022037085,0.9436926345689964,0.93894918810245,0.943998202764012,0.9431052963249952,0.9428282859052148,0.9454851109279184,0.9451367060700504,0.873984057146012,0.8722163308589608,0.9464598829892756,0.9441876360064048
nonstat_r80,4,0,False,80,500,3,0,0.6514827875473809,0.7607412772634063,0.8938416547567265,0.9200652069222643,0.908402527496427,0.8825945286770646,0.919908888957932,0.9146999083452432,0.8982302087864289,0.9193234247809609,0.9183758078046356,0.9066820589697384,0.9198370409494812,0.9177835471944324,0.9080685313490336,0.917320418815634,0.9189311734915802,0.8528232383645062,0.8884744143416392,0.9183660986143044,0.9169864226682408
nonstat_r80,4,0,False,80,500,5,0,0.6445993628825754,0.768364757346665,0.901905064931106,0.9281823481892452,0.9170823298987928,0.8997006843677601,0.9308916214486036,0.922150309413486,0.9087925634069016,0.928541488842824,0.923067689915864,0.9179892314961592,0.9283033319107424,0.9233001310815756,0.9204327216193148,0.9243499268381904,0.9245032999024508,0.8602256965613949,0.9028424506157786,0.9240346070601146,0.9262027877697842
nonstat_r80,4,1,False,80,30,1,0,0.5740546381459463,0.5228325171257568,0.5812681730153196,0.76808722682296,0.444479327710232,0.5620050049374017,0.759089473751458,0.49839739787062,0.5880655424114598,0.7215360156536628,0.7462330636167337,0.4589337767564281,0.709536577842109,0.7710469299582556,0.5045312753828997,0.7328299799765998,0.7283379482677113,0.5121089550413519,0.521040997774975,0.7227023741510133,0.7069985160415362
nonstat_r80,4,1,False,80,30,3,0,0.6330039122547555,0.6348207065371809,0.6808570897778685,0.7359710697139027,0.6349172379627134,0.7151157284297798,0.7344447803819002,0.6589453668558439,0.7121842693846031,0.711673381368342,0.7432154799979601,0.708338493818346,0.7174734629647169,0.7394452903592426,0.7094640866670067,0.7364528161677388,0.7276183693838746,0.6783336126066399,0.7226743211837303,0.7254482336570476,0.7301846482249146
nonstat_r80,4,1,False,80,30,5,0,0.597695876403081,0.5543427994287785,0.6761897979267327,0.702318367135532,0.6941496052505013,0.7276515179542579,0.7083515231337265,0.707280483022442,0.7248805022604681,0.7112067051920472,0.720771148880125,0.7230482652479855,0.7024534032808233,0.7219864741877484,0.7198758407387403,0.7181027976529607,0.7224026814848796,0.6367610933118261,0.7213584636216325,0.7093837172306121,0.7275211063344901
nonstat_r80,4,1,False,80,50,1,0,0.6051154222491896,0.6192751238586689,0.7173188948472242,0.8299296114691579,0.7879297244406543,0.6021963845476859,0.8291278782677461,0.8101176907897253,0.7501936003469318,0.8342343721244654,0.8280209398135241,0.7900825602985362,0.8335647426891952,0.8273631541641839,0.8016694271798487,0.833582052837862,0.8337296446317585,0.75795765755424,0.7600257647896999,0.8306411496854108,0.8333451771192634
nonstat_r80,4,1,False,80,50,3,0,0.5730153771390886,0.6007835636159022,0.6355990726582154,0.7203395868615619,0.675343596938822,0.7491144032109848,0.7177837335189478,0.677534067387567,0.7403031947253326,0.712941496717948,0.7589605587435213,0.7540050532454221,0.7151584574264988,0.7575711902895843,0.7503356955337424,0.7549413469109617,0.7493994018682026,0.6746786000719804,0.744562645810611,0.7166638349492391,0.7568404245018461
nonstat_r80,4,1,False,80,50,5,0,0.5967191766124795,0.6256520580988391,0.7387698022182924,0.7806226831127127,0.7855810993792036,0.8093160141769455,0.7725704592708789,0.809328037943307,0.8128029064218011,0.7886601084728706,0.8277151514254638,0.8301041813109975,0.8035177840753539,0.8234670622794101,0.8267772976492613,0.8287029500773221,0.8297582668018263,0.7655735521535489,0.8130174844061,0.8067077817815893,0.8227752332610675
nonstat_r80,4,1,False,80,100,1,0,0.612304204787624,0.6621902266706983,0.7454902145395883,0.8277545315128219,0.7933990465309552,0.653449490221782,0.8294302542644475,0.7967188062987621,0.7333409982636216,0.8361376718045841,0.8365088475626428,0.7950992125642089,0.8318084950362032,0.8364653928397481,0.8103961803298576,0.8393750486602365,0.8364309911841232,0.7293069514882337,0.7522419921093465,0.8394058290889536,0.8369678380732175
nonstat_r80,4,1,False,80,100,3,0,0.6011091367595641,0.5806440256513352,0.6968930829962627,0.7841602448772371,0.7596039644320259,0.7813160669187825,0.7777872480771689,0.7562696984800787,0.7840222049698073,0.7840555568937501,0.8090305892729095,0.8099264590077061,0.7829642078269554,0.8096077628455861,0.8026381371838748,0.809264052740509,0.8046512963707548,0.6990961628611504,0.7931513677068143,0.7791129870538949,0.8035173309567
nonstat_r80,4,1,False,80,100,5,0,0.5899007378566107,0.649094734428933,0.7700497882198079,0.8379525634554836,0.8176933984850923,0.826752525000416,0.8430386159133727,0.8134540970361865,0.8210674609117179,0.8326788576626344,0.8507564370640295,0.8458968627690236,0.8335477942875736,0.8483881225607377,0.8452996999395441,0.8505909693450252,0.8466169708869256,0.7918184994758649,0.8274328838897301,0.8269910203719419,0.8403966788132913
nonstat_r80,4,1,False,80,200,1,0,0.6024886857142857,0.6820845714285713,0.8030793142857142,0.8689042285714286,0.8596150857142857,0.6732946285714285,0.8645193142857143,0.8567369142857143,0.8029714285714286,0.8692580571428571,0.8659090285714285,0.8513088,0.8691894857142857,0.8708507428571429,0.8552758857142856,0.8670930285714287,0.8679652571428571,0.7865746285714285,0.7867492571428572,0.8685147428571428,0.8706605714285713
nonstat_r80,4,1,False,80,200,3,0,0.6426722873900292,0.6791239002932552,0.8073148826979473,0.8554224706744868,0.8295802785923753,0.8162270894428154,0.8615982404692082,0.8302492668621702,0.8284934017595308,0.8526631231671555,0.8589598607038125,0.8386354472140762,0.8583229472140761,0.8641431451612903,0.8422021627565982,0.8590441715542522,0.8598927785923753,0.7780205278592375,0.8159640762463343,0.8516743035190616,0.8535593841642228
nonstat_r80,4,1,False,80,200,5,0,0.6334685185185185,0.6749935185185185,0.7983287037037037,0.891788888888889,0.8425342592592593,0.8662601851851852,0.8944648148148148,0.8442296296296297,0.8768972222222223,0.8768037037037038,0.8906777777777778,0.8715796296296294,0.880337962962963,0.8920703703703705,0.874924074074074,0.8895907407407407,0.8870009259259258,0.8020537037037037,0.8704074074074074,0.8734333333333334,0.887387037037037
nonstat_r80,4,1,False,80,500,1,0,0.6411314796851133,0.7257384856025335,0.8713405789793137,0.9008506635322248,0.887152761860054,0.7268002105112598,0.9011128857462972,0.8871518449991656,0.8761210916512481,0.8980725750404794,0.903132730283365,0.8810638887004231,0.8980203139698426,0.9018757140054168,0.8877908970383559,0.8958574391341899,0.8960215572332071,0.793477084895817,0.7931433475324524,0.8889113010439378,0.8893202210001485
nonstat_r80,4,1,False,80,500,3,0,0.6359389807045231,0.7124486538102632,0.8634014687682894,0.9016409037291784,0.8823291193369706,0.8422659546903284,0.90272716895184,0.8896176962479911,0.8619627788820619,0.8994883047558302,0.8959314429842125,0.8846429820381201,0.8949846980653788,0.8961660907679234,0.8893912022482702,0.8939663810426335,0.894961142689408,0.7986531760800595,0.8483794807307964,0.8975866611341733,0.8960455959600718
nonstat_r80,4,1,False,80,500,5,0,0.6288216282320056,0.7418772201840205,0.8694977652573956,0.8965485237596086,0.8692348008385744,0.8760554973212206,0.897884273817843,0.8799053328092242,0.8828761938038666,0.8928260758793384,0.9027058947705568,0.8881827975774517,0.8928852201257861,0.901309180642907,0.8941636457605404,0.8984911847775447,0.8994083755532261,0.8399602186699278,0.8785486547868623,0.8899507555904962,0.8972700835662707
nonstat_r80,4,2,False,80,30,1,0,0.5369860596096998,0.5351569468876309,0.5539679372941408,0.5630473190597958,0.5854733728378199,0.5449422683299732,0.5845583368982008,0.5744392287609031,0.5432714165408571,0.5927121319953731,0.5502521624198384,0.5780475780322314,0.5973448611236334,0.5918575229574269,0.5983721184520737,0.5892409421992707,0.6069757582617002,0.5691379670855626,0.565399172439194,0.5967511428357672,0.5944117584995712
nonstat_r80,4,2,False,80,30,3,0,0.4979101469364587,0.5106973448730547,0.577071657345182,0.7021510524557946,0.5043476666042446,0.6939895246718497,0.7078240623654627,0.5527453815695231,0.714055009952141,0.697405686330913,0.7611679237961384,0.6843144220132477,0.7116630210877276,0.7685707335625577,0.682460099733773,0.7558105637487235,0.74894059411675,0.4733637850183115,0.6693466337438391,0.6777543105029354,0.7521559754352977
nonstat_r80,4,2,False,80,30,5,0,0.6151575469781232,0.609624400779645,0.7013954214673279,0.7938813675393774,0.7066604706466689,0.778118203505392,0.7628169188973593,0.7261214921621602,0.8031462361059896,0.7925888576997464,0.8136848006863283,0.796547286670028,0.766556166795855,0.829256063696089,0.8094714443750423,0.8219779351449794,0.8160666310458229,0.6733270746005825,0.777070273402518,0.7906246942753291,0.8077321061701823
nonstat_r80,4,2,False,80,50,1,0,0.6251165173447142,0.6314354166506174,0.7102396598078715,0.7693351385497154,0.7570603733177206,0.6323579258757097,0.7671973823078524,0.7574580730149683,0.7089078954463865,0.7978558882666072,0.7752842638029721,0.7467018850773058,0.7816426441926215,0.771718447873414,0.7637018619664275,0.8102924296466347,0.8024433976072538,0.6734558081488957,0.6803158871880994,0.7844429122788096,0.7804572487269759
nonstat_r80,4,2,False,80,50,3,0,0.6409569115005884,0.6209977085526723,0.7052180745649347,0.7443207329534898,0.732378692636403,0.7417622081501208,0.7523059624078776,0.7534545890877563,0.7556202390536942,0.7564166331207036,0.7828060165975104,0.790233866972193,0.7624674862203505,0.754783202762123,0.7913408837554963,0.7945496841518548,0.7978436396853905,0.7165978974422493,0.7499835495757726,0.7476746841518548,0.7902619294605808
nonstat_r80,4,2,False,80,50,5,0,0.5695157894736842,0.5723090909090909,0.6856727272727273,0.7709291866028709,0.6846564593301436,0.7849837320574162,0.7640200956937798,0.6850344497607654,0.7953961722488039,0.745865071770335,0.8030995215311005,0.7881904306220097,0.7438143540669857,0.8145492822966507,0.7953626794258373,0.8099856459330144,0.8047684210526316,0.6966574162679426,0.792132057416268,0.7593014354066985,0.8091961722488038
nonstat_r80,4,2,False,80,100,1,0,0.6475776934530957,0.6538642586099235,0.750033142802248,0.8422479465872521,0.790463518901004,0.6551419376531054,0.8307863009750711,0.7987031077381239,0.7422489072481867,0.8352889187761179,0.8311638407224171,0.7897017147797686,0.8187127143474711,0.8330313655795187,0.8016408088765071,0.8305932081271915,0.8308112781593737,0.7409808348143523,0.7472520293962246,0.8294721168163697,0.8403218214131324
nonstat_r80,4,2,False,80,100,3,0,0.6361150365784152,0.6508518047173273,0.7871874048453712,0.8323629187779609,0.8246070845792897,0.8123433608419672,0.8363516056245658,0.8215084594904787,0.8362735300317767,0.8412889109235561,0.8533262154417905,0.851736401183626,0.8407335982698448,0.852618655382141,0.853782957659606,0.8566180776227545,0.8579277956917886,0.7794725603329143,0.8174563362247328,0.836067605655796,0.8542221328690438
nonstat_r80,4,2,False,80,100,5,0,0.6567047557613597,0.6486828161356463,0.8036472611944311,0.8647414779490252,0.8141227221415901,0.8309143686502177,0.8737482817671496,0.8294485912410442,0.858625912871196,0.8695064544121148,0.8758946329701047,0.8594802297632487,0.8639351563879865,0.8757928828683545,0.8647251595364805,0.875253415347755,0.8711248569739135,0.8119485336466469,0.8550147441656875,0.8641645740702345,0.8788002703097043
nonstat_r80,4,2,False,80,200,1,0,0.6178276624764286,0.6859297398190262,0.8032595997245301,0.8775856479394426,0.8273277305765877,0.6925018847438379,0.8775626281673767,0.8382765096654268,0.8060756851739239,0.8778695584615887,0.876615940041167,0.8269104972078936,0.8823900662010278,0.8785707023524288,0.8423941713937129,0.8788948974756902,0.8773333896038872,0.7635409013391752,0.7636751833428929,0.878359687775158,0.8785879671814782
nonstat_r80,4,2,False,80,200,3,0,0.655050873728646,0.6835642335866419,0.8020641093134444,0.8604627268475119,0.8217609218527078,0.8409586845437413,0.8655618420614868,0.8220124038350514,0.8563812819122807,0.85264427922524,0.881292676100992,0.8651567310082175,0.8547804082814877,0.8838789285497611,0.8603785733436927,0.8768207980492045,0.8719751218758012,0.7861356123928755,0.8557530662209791,0.8457436919120654,0.8713097220781609
nonstat_r80,4,2,False,80,200,5,0,0.7004487115353033,0.7211305945003106,0.846216721819613,0.8828696773316671,0.8594959026992537,0.8474248639424319,0.8806336705434187,0.8681860312342493,0.8677018305240884,0.8816228369064767,0.8833000779629213,0.8729987786438228,0.8795170829408444,0.886535633585596,0.8808960639107183,0.8827639648959205,0.8832509971891819,0.8168683068454464,0.8502573909038224,0.87646746794176,0.8860221731833979
nonstat_r80,4,2,False,80,500,1,0,0.6547937555818619,0.7162683424523666,0.8804692684438103,0.9229487912579676,0.9101671642133566,0.720646817071748,0.920845134528848,0.9144968722449268,0.8830261675772951,0.923747224607429,0.9196297946639792,0.9108565898959456,0.9245953807523056,0.92120084375759,0.9147961652250244,0.9231696752145252,0.9238275460461772,0.8409262591819837,0.8339210822740147,0.9234603623261854,0.9242205473714808
nonstat_r80,4,2,False,80,500,3,0,0.6516530627635937,0.7342501223094342,0.8691279385687571,0.9039179627599196,0.8813617826044077,0.8587031139111754,0.9031086900611256,0.8839578366023311,0.8807884269169707,0.9028447337328452,0.9089176630292906,0.893979475220012,0.9017976102766996,0.909675691459224,0.8954094803831137,0.9106193595046516,0.9063670520622434,0.8219851449632684,0.87406092460131,0.9008036648354092,0.9072246684109057
nonstat_r80,4,2,False,80,500,5,0,0.6938306687204546,0.7732777394167952,0.885463695756095,0.9092868145292856,0.9050878677279592,0.8682097898914174,0.911119289166774,0.9061321506347266,0.8847694041232576,0.9154415391269376,0.907899179749448,0.8965970225132598,0.9138054010577514,0.907836579684192,0.9048735099287496,0.9086200289857272,0.9077739796189364,0.8504522380471816,0.8766171683524422,0.9111780952886812,0.907325345817936
nonstat_r200,5,0,False,200,30,1,0,0.6860840480507794,0.6242762939252419,0.7033130627610347,0.8004058001434293,0.7538379015001777,0.6266998225596114,0.8019071440648815,0.7538748277584402,0.6935003954996608,0.8002085361848178,0.7972874748075461,0.754374303988619,0.7940632294150687,0.7987392598034355,0.7587957375437042,0.7998820303222884,0.7985740633848941,0.7316588246955043,0.742600658064792,0.7955402797455587,0.7981474679276013
nonstat_r200,5,0,False,200,30,3,0,0.724804219115379,0.683232001592119,0.7237683466839147,0.8059664659933329,0.7254888302900642,0.7868918851684163,0.8097527240161202,0.7291298074531072,0.7975302253843475,0.8036101298572068,0.828092939947261,0.8000149261157272,0.8141778197920294,0.8234548982536445,0.8078859644758446,0.8291208517836708,0.8244499726354546,0.6949858201900592,0.79145131598587,0.8071715010697049,0.8169481068709886
nonstat_r200,5,0,False,200,30,5,0,0.7303981699433081,0.6057967396752155,0.6119768863683789,0.7183255293298567,0.6746481372776543,0.6442993070981003,0.6939598768261075,0.6484151794855794,0.6369607485602735,0.7368211150786609,0.7208305461892346,0.7193952076072945,0.7026460154727939,0.710238098488409,0.704041375194775,0.7228655676705587,0.7010117576852046,0.6449311681042806,0.6527933521981547,0.7059730366966932,0.7294581791872005
nonstat_r200,5,0,False,200,50,1,0,0.7213763535425713,0.6779662914714857,0.7688131984015015,0.8420526006135857,0.8209292951501492,0.6713744195467936,0.8425584931933526,0.8271791551899286,0.7680487611230206,0.8417492686442282,0.8458737691134767,0.8229538833617326,0.8470952401310231,0.8380400683209455,0.8339725698325159,0.8442390337349938,0.8483146753635402,0.7394917866252996,0.7396638104602709,0.8464702541270452,0.8447296579270415
nonstat_r200,5,0,False,200,50,3,0,0.7340614067160973,0.7345169520818223,0.758409107710505,0.8418778059496622,0.7741573909238579,0.7774021526516535,0.8513393633154112,0.7918297539056022,0.8163472854091617,0.8211454967941993,0.8547329764894634,0.7963582344819871,0.8359876842910775,0.8590027152901405,0.8106200012387637,0.8405890920860981,0.8477958996921073,0.7813182443920967,0.8158038277798757,0.819009628390866,0.8466570362777947
nonstat_r200,5,0,False,200,50,5,0,0.7591532429257631,0.7550637695120999,0.8248456452248545,0.8621335323492959,0.8360545720046224,0.8459793508246534,0.8568769978543591,0.8463210922016332,0.8555861864137336,0.8573758069951318,0.8692853511940004,0.8465419389967843,0.8643267694873498,0.8684743103773244,0.8567380166815485,0.8711568373977394,0.8667703631216314,0.8226010040913773,0.8475595477209944,0.8669845464358945,0.8668903057776187
nonstat_r200,5,0,False,200,100,1,0,0.6809862809233118,0.7063623942985857,0.7902248420430715,0.855136345349915,0.8325442774988874,0.7000917325994725,0.8541947257642278,0.8225926508972109,0.7782665648279333,0.8639286817908847,0.8620872275959646,0.8268119617754923,0.8609745811299048,0.8532958628986335,0.8247955937256457,0.8561051737574801,0.8581409766800963,0.7374902582700241,0.733730582132744,0.8540868622203566,0.8620114315921631
nonstat_r200,5,0,False,200,100,3,0,0.7439469964454155,0.6840126957945676,0.7769176022314783,0.8458394707574457,0.8111718630741507,0.8152200848897444,0.8448551700074741,0.8243414700873679,0.8262615008554397,0.8490530689763867,0.8620016295976163,0.8356197922758659,0.850812518957454,0.8599002020145949,0.8455242566199925,0.8637035876919783,0.8622771941580313,0.7925474654999118,0.81990963861393,0.8528435685412326,0.8576907293341448
nonstat_r200,5,0,False,200,100,5,0,0.7543364197530864,0.7069338348765432,0.7810059799382716,0.8402835648148149,0.8189670138888887,0.8308024691358025,0.84508487654321,0.8296122685185185,0.8439814814814814,0.8424199459876542,0.8616792052469135,0.8482262731481481,0.8412972608024691,0.8635329861111112,0.8493171296296297,0.8600308641975308,0.8599575617283951,0.7985040509259258,0.847463348765432,0.844970100308642,0.8625954861111111
nonstat_r200,5,0,False,200,200,1,0,0.7107651618716211,0.6855096159821041,0.8274890480333064,0.8854432051202387,0.8579768765923071,0.6832735894488287,0.8820644068849811,0.8687579615360717,0.8341650873050395,0.8842683930901635,0.8813527232337041,0.859229362145032,0.8793788448393711,0.881230387435531,0.8675093596594793,0.8825644301870379,0.8848363807245385,0.8089930404523705,0.8091755732305972,0.8798643043559311,0.8785205524140931
nonstat_r200,5,0,False,200,200,3,0,0.7450125423648845,0.7548773679119911,0.8582103342795806,0.9024152898898316,0.8907349668551298,0.8745272039569393,0.898295771768277,0.8930340727693069,0.884112873420409,0.901774410430215,0.9061544087002336,0.901665303651047,0.8985955696749994,0.9123499044578476,0.9046937539809228,0.9079777697394806,0.9056403290110012,0.8285893181514362,0.8805516674661278,0.903093521219794,0.9030080050955814
nonstat_r200,5,0,False,200,200,5,0,0.7353809010259941,0.7315926602713493,0.8484225902010839,0.8905076535139468,0.8735585670796515,0.831718252397269,0.8899108958969988,0.8750787388522361,0.860626868524156,0.880746961119096,0.886785719161185,0.8768729120796612,0.8838165574886254,0.8853864590626227,0.8794149825165619,0.8815865171782337,0.8797328632079429,0.8266331364293222,0.8451979538624453,0.876708121169099,0.8811711270723189
nonstat_r200,5,0,False,200,500,1,0,0.7149284493284493,0.7637958485958486,0.8769719169719169,0.9058373626373628,0.8943521367521367,0.7580346764346765,0.9032644688644688,0.8962432234432235,0.8849836385836386,0.907115995115995,0.9058021978021978,0.8941304029304029,0.9092356532356533,0.9064117216117216,0.9003506715506717,0.9050041514041514,0.9087628815628817,0.8333684981684982,0.8356014652014652,0.9091028083028084,0.9087746031746032
nonstat_r200,5,0,False,200,500,3,0,0.7565092790686103,0.7729011393601671,0.8846430170655256,0.908360614955968,0.8988079008905916,0.8957380964227075,0.9046937658589976,0.9061624956465496,0.8987302850888105,0.909859196974974,0.9161689636300312,0.9124394248470072,0.9080013931041344,0.9151221453803672,0.9132514055425645,0.9135001741380168,0.9145181352306084,0.8525478879546246,0.8925657992934971,0.9076978954176824,0.9123070799542268
nonstat_r200,5,0,False,200,500,5,0,0.7508219445189863,0.7701142324302724,0.8797518818330473,0.9203780462142288,0.9003115956438389,0.8925081904864869,0.919629946387788,0.904486475320428,0.9047123532035082,0.9186492116475764,0.9211753758357,0.915680944594279,0.9181520872467802,0.921248737883196,0.9157639595427612,0.9196502174798592,0.9199002276154052,0.8557451170800361,0.8978964398170582,0.9140978688325202,0.9202834477845628
nonstat_r200,5,1,False,200,30,1,0,0.612308341653071,0.6358268195875035,0.6815934935593055,0.7575729904789733,0.6197413170347642,0.6348142466376085,0.7580052109966638,0.6459900893661578,0.6961449176548892,0.7359995048741488,0.7608562430499752,0.6162439834092256,0.7528652364834701,0.7511749092945675,0.6572917427618282,0.7449280038311378,0.7548487836949375,0.6346833629597162,0.6316781113789661,0.7504758484103213,0.7572057044991519
nonstat_r200,5,1,False,200,30,3,0,0.5929642635819046,0.5881460442057427,0.6035901673208015,0.6187864077669902,0.5327990084693245,0.6834166494525924,0.6265761206362321,0.523062383804999,0.6595992563519935,0.5898615988432142,0.6540415203470357,0.6259626110307787,0.5553098533360875,0.6381243544722164,0.6100547407560422,0.6128671762032637,0.608092336294154,0.582703986779591,0.6738721338566411,0.5867444742821731,0.6059471183639743
nonstat_r200,5,1,False,200,30,5,0,0.5349417989417989,0.5093936507936507,0.6340137566137566,0.7059566137566138,0.6252910052910053,0.7129248677248677,0.6978063492063492,0.6758846560846561,0.720242328042328,0.7041164021164021,0.7321449735449735,0.7371195767195767,0.686831746031746,0.7400783068783069,0.7267227513227513,0.7447587301587302,0.7367333333333334,0.5621333333333333,0.7278994708994709,0.6912455026455027,0.7413640211640212
nonstat_r200,5,1,False,200,50,1,0,0.6395883539852115,0.6130139513505423,0.7164978884271471,0.75668524176086,0.6758804194049645,0.6089700205148315,0.751774754317497,0.7242020194353256,0.7236327486711744,0.7519560775979304,0.7476412160466887,0.6672475336871246,0.7499256785391247,0.7529986864604219,0.7202529670603067,0.7441011952577636,0.7501744709471612,0.6440782135861739,0.634210853674221,0.7440115878226657,0.7560558813049373
nonstat_r200,5,1,False,200,50,3,0,0.6295865086820055,0.6532363042586294,0.66918299380794,0.7342527351910207,0.7026978053906122,0.7659847000089559,0.7317981967421391,0.7070393288498348,0.7610537540796157,0.7388535628817968,0.7647548273283749,0.7679997750613895,0.7278742676477878,0.7633906163109652,0.7606070010059754,0.7641195840301916,0.7623388200303667,0.6946937398335037,0.7726589201697036,0.7424671600042488,0.7634145681074539
nonstat_r200,5,1,False,200,50,5,0,0.6518777556896506,0.647220938162687,0.7344598278231633,0.7818146766968415,0.7531161188281361,0.7839394209501858,0.7713402057581606,0.7652209423085296,0.7921554442166533,0.7903551121346736,0.7924694917819038,0.8028475718837257,0.7819753280916065,0.7872519490641796,0.7962950678985348,0.7885620352769734,0.7894886310635536,0.7352651577182112,0.7828044965807164,0.7849561888099568,0.7872965168704693
nonstat_r200,5,1,False,200,100,1,0,0.6324507363222205,0.7010898892858648,0.7831144393780428,0.8177930995745157,0.8016232991167342,0.681347306170021,0.8260610522557078,0.8173788493673908,0.7938989871431983,0.8360120844709333,0.8260821158255615,0.8057156498311906,0.8354082621351239,0.8261864306476946,0.8213588610426266,0.8289106523487887,0.8303289327189457,0.7937174392316009,0.7984376849331281,0.8355577131783724,0.8269206465111707
nonstat_r200,5,1,False,200,100,3,0,0.6290073529411765,0.6714736519607843,0.7808292483660131,0.8198141339869282,0.8017595996732025,0.8013439542483661,0.8125847630718953,0.8088623366013072,0.8152410130718954,0.8154595588235294,0.8306382761437908,0.8174162581699347,0.8130657679738562,0.8278829656862745,0.8206821895424836,0.8300439133986929,0.8278390522875817,0.7793852124183007,0.8031311274509804,0.8181209150326798,0.8299520016339869
nonstat_r200,5,1,False,200,100,5,0,0.6231003430531733,0.6236728130360205,0.7432707975986277,0.8357740137221269,0.7739108061749571,0.8101007718696399,0.8422148370497426,0.7831775300171526,0.8206893224699829,0.8331775300171527,0.839690180102916,0.8140608919382505,0.8298123927958834,0.8453591337907376,0.8155135077186966,0.835180102915952,0.8370958404802744,0.7208018867924528,0.8155992710120068,0.8355253001715266,0.8355338765008578
nonstat_r200,5,1,False,200,200,1,0,0.6469290538824843,0.6959443400538317,0.8093413234472602,0.8817459753186736,0.8577014879894367,0.6942907927479559,0.8819399725763039,0.8622365547712153,0.8117474988573461,0.8806916865573104,0.8784531004011985,0.8581230003554923,0.8782601188360165,0.8774699101112182,0.8648032095881367,0.8812259407851303,0.8821512366055558,0.7955665024630543,0.7949652125336447,0.877105276522269,0.8742085216596415
nonstat_r200,5,1,False,200,200,3,0,0.6140444459033614,0.6357678325236346,0.7877392167804623,0.8368955980829833,0.7920055229122899,0.7956481420693278,0.8443295775341386,0.8010612936580882,0.8172812582064076,0.830541787027311,0.8507039046087184,0.8188055984112395,0.8336489380908613,0.8572300502232142,0.8223558954831933,0.8401453354779411,0.8456518349527311,0.745019736410189,0.7903611639968487,0.8294862378545168,0.8443644547662815
nonstat_r200,5,1,False,200,200,5,0,0.6484947371108142,0.6888875179755108,0.7922254320504419,0.841546404472392,0.8194226989218949,0.8243122505764927,0.8514807991763174,0.8159733154074592,0.8266639579309228,0.8414198313492908,0.8519317824048468,0.8219211885535351,0.8432067460283694,0.8539282341028411,0.8207522485343045,0.845907327201096,0.8438991754665124,0.7607608427429992,0.823863394627343,0.8346242373703423,0.844538422920159
nonstat_r200,5,1,False,200,500,1,0,0.6571711692489496,0.7222859358587185,0.8565458409926471,0.898567776720063,0.883137678899685,0.7278334673713235,0.8987442144826682,0.8871680508140756,0.8547783859637604,0.8974640149028361,0.8991319672400211,0.8803146746980043,0.8954144646139707,0.8975614659926471,0.8864520417542017,0.8969213662027313,0.8962925502232143,0.8334601907169116,0.8288728088891807,0.8946348558954832,0.897512227547269
nonstat_r200,5,1,False,200,500,3,0,0.6267723447956005,0.6883250927582324,0.8491032680712914,0.890445902073809,0.8781947757238456,0.8373428493341285,0.890804097926191,0.8784018253494998,0.8597042089047903,0.8893143758696084,0.8868867190088121,0.8788179950970649,0.8918331345656927,0.8874364357649243,0.8772651229046577,0.8907140313390313,0.8919056019346718,0.8014859951633208,0.8408326707745313,0.8909024464983768,0.8900369790631418
nonstat_r200,5,1,False,200,500,5,0,0.6836740740740741,0.735125925925926,0.8453851851851851,0.8824645502645502,0.8664275132275132,0.8690687830687831,0.8814412698412698,0.8793523809523809,0.8752984126984126,0.8809164021164022,0.8909428571428571,0.8815280423280424,0.8811608465608465,0.8928169312169312,0.8870380952380953,0.8927915343915345,0.8927248677248677,0.8043746031746033,0.8731671957671958,0.8841407407407408,0.8896518518518518
nonstat_r200,5,2,False,200,30,1,0,0.5978954272863568,0.6312106446776613,0.683303035982009,0.738484820089955,0.7137921664167917,0.6256456146926536,0.7706699775112444,0.7441079460269865,0.6806990254872565,0.7457355697151424,0.7369162293853073,0.7176583583208396,0.7335419790104947,0.7488924287856072,0.7383086581709146,0.7212359445277361,0.7535007496251874,0.729142616191904,0.7320108695652173,0.7604891304347826,0.7708114692653674
nonstat_r200,5,2,False,200,30,3,0,0.5196439844877344,0.5178834475709476,0.6251033399470899,0.7012695782227032,0.5968201358826359,0.6875281836219336,0.6997495415464166,0.6629088504088504,0.7038587136243386,0.7075347973785474,0.7212527056277056,0.7070049452861953,0.7417309253246753,0.7496232789201539,0.6968156265031266,0.7193587662337663,0.7438540915103414,0.6270949825637325,0.701724273989899,0.721630366161616,0.7285438086219336
nonstat_r200,5,2,False,200,30,5,0,0.5307365513514325,0.5431334394163432,0.6505368575910649,0.7203827620112738,0.4816687808209924,0.7874149021609409,0.7417144540603021,0.5441054500146364,0.7796641496971379,0.7230848764157953,0.750229867371218,0.7404046791614438,0.7317316425102643,0.7637000953245915,0.7316697190551608,0.7550486380592815,0.7630986872227518,0.5082949282813801,0.7761223157120447,0.6937406645700261,0.7492925714371496
nonstat_r200,5,2,False,200,50,1,0,0.619921773142112,0.6519947848761408,0.7313838703669213,0.7918532315142485,0.7631253492270441,0.6428422425032594,0.7992773328366548,0.772545166697709,0.7377193145837214,0.7959564164648909,0.7914276401564537,0.7609666604581858,0.7889942261128702,0.7872685788787483,0.7771847643881541,0.7907804060346433,0.7832818029428199,0.7344030545725461,0.7403753026634384,0.7912339355559694,0.7958996088657105
nonstat_r200,5,2,False,200,50,3,0,0.6056925925925927,0.5786379629629629,0.781625925925926,0.8167361111111111,0.7508944444444443,0.8094249999999998,0.8236824074074074,0.7992444444444444,0.8192851851851851,0.8240037037037037,0.8363231481481481,0.8064499999999999,0.820699074074074,0.8345907407407408,0.8175657407407407,0.8367166666666667,0.8345138888888889,0.7455759259259258,0.8068685185185185,0.8250222222222222,0.839999074074074
nonstat_r200,5,2,False,200,50,5,0,0.5277393617021277,0.565258358662614,0.7037993920972645,0.7541080927051671,0.6916688829787234,0.7473983662613983,0.7621067629179332,0.707118161094225,0.7750218465045592,0.7420868161094225,0.8018436550151977,0.7404920212765957,0.7519737841945289,0.8125161474164133,0.7634137537993921,0.7892135258358662,0.7974183130699088,0.6385476823708207,0.7438953267477204,0.7495887158054713,0.7905537613981762
nonstat_r200,5,2,False,200,100,1,0,0.6572079772079773,0.6176563448694599,0.7774013357619916,0.828911307271963,0.782505254308533,0.6222829386763813,0.8400840689365279,0.8001578627808136,0.7827668021110644,0.8174172154500023,0.8346737658213069,0.7815861006024942,0.824464994628929,0.8446639577787118,0.8056849283078792,0.8098752977441502,0.830913082060623,0.7194068469478305,0.7303358086964645,0.835374340292373,0.8355322030731868
nonstat_r200,5,2,False,200,100,3,0,0.5914506172839507,0.5974845679012345,0.7968094135802469,0.8397270447530865,0.8255459104938272,0.8110831404320987,0.8395669367283951,0.8375491898148149,0.8477112268518519,0.8459587191358025,0.8512779706790122,0.8458719135802467,0.8525376157407407,0.8574652777777778,0.8560040509259259,0.8558757716049382,0.8640827546296296,0.7545042438271605,0.8253443287037037,0.852890625,0.8649045138888889
nonstat_r200,5,2,False,200,100,5,0,0.6132613149562303,0.6579484075246788,0.7987297448314397,0.8374669398398211,0.8042466008567705,0.8128040603464333,0.837017135406966,0.8293453157012478,0.8268951387595456,0.8349841683739988,0.8425628608679456,0.8254200037250885,0.8373784689886384,0.840133171912833,0.8311147327249023,0.8391544049171167,0.8431961259079903,0.7640920096852302,0.8156705159247533,0.8354125535481466,0.8426001117526541
nonstat_r200,5,2,False,200,200,1,0,0.5806608149840755,0.6133148399835644,0.7947582137060263,0.8285352262987333,0.8151179415860527,0.6114769703877097,0.834406740900361,0.8183530382949926,0.8121951990421139,0.8203071110772313,0.8292863636955217,0.8127734260975624,0.8222602542339793,0.8339986353097792,0.8155186101727059,0.821995310969023,0.8193616819528085,0.7554666627002646,0.7605135994913088,0.8244169853732725,0.8140860572909597
nonstat_r200,5,2,False,200,200,3,0,0.6140507915873532,0.6237968336505872,0.8215980314777844,0.853525233297739,0.8250977296996147,0.8051970843586054,0.8575068480430847,0.8426602906355912,0.8314554993268024,0.8468526858257115,0.8610176888434933,0.8341315752820465,0.8505102372440687,0.8623585124657599,0.8460234922698362,0.8563693764798737,0.8594957983193278,0.7672018199545011,0.8140220065926924,0.8531111007939086,0.8575207762663076
nonstat_r200,5,2,False,200,200,5,0,0.6325299856784818,0.6059633831602818,0.8328037355292994,0.866453708676453,0.8447457930540637,0.8300102935911208,0.869093306182122,0.8523540995345504,0.8522990884950472,0.8607689237975892,0.8744620106814656,0.857767558777897,0.8636294978517722,0.875549178004535,0.8639129445637905,0.8716797574292876,0.8708350116362334,0.7783092403628117,0.8384148615586586,0.8598066968015277,0.8707277867287266
nonstat_r200,5,2,False,200,500,1,0,0.6605578487854131,0.6831290461483637,0.8800400531567381,0.9019217348696325,0.8909145408920829,0.6819968670190651,0.9022483963889054,0.8974486992932232,0.8839135906040269,0.9050129550988896,0.903538338183762,0.892210050781018,0.906273200391994,0.9048199278375006,0.8974923160301715,0.9055177956286752,0.9056922625764684,0.8457702901348221,0.8403330462671499,0.9039346008790166,0.9075065332303855
nonstat_r200,5,2,False,200,500,3,0,0.6207541954883313,0.6908861398168398,0.8809124990029512,0.8971388874976581,0.8817667147105035,0.8617524685071722,0.8990068467104813,0.8859969838116385,0.8834621613048632,0.8984160373666041,0.9013329845981476,0.8894082817186709,0.8968717711851987,0.901860724812694,0.8931265778875923,0.902330960821086,0.9019228664548286,0.8294063525453031,0.874527677145417,0.8996106408751028,0.9023068461539888
nonstat_r200,5,2,False,200,500,5,0,0.6487297448314397,0.7137604768113244,0.8783553734401193,0.8939560439560439,0.8825917303035946,0.8786487241571987,0.8955792512572175,0.8879530638852674,0.8933162600111753,0.894227975414416,0.90321661389458,0.8984010057738872,0.8943425218848948,0.905603464332278,0.9006602719314584,0.905013037809648,0.9049525051219968,0.8201843918793073,0.8773924380704041,0.8945334326690259,0.9066585956416464
