world_cfg,world_id,realisation,stationary,range_km,n,n_time,rep,GLM,v_BASE,v_COORD,v_EDF,v_LAG,v_TEMP,v_COORD+EDF,v_COORD+LAG,v_COORD+TEMP,v_EDF+LAG,v_EDF+TEMP,v_LAG+TEMP,v_COORD+EDF+LAG,v_COORD+EDF+TEMP,v_COORD+LAG+TEMP,v_EDF+LAG+TEMP,v_COORD+EDF+LAG+TEMP,v_NN0,v_NN0+TEMP,v_COORD+EDF+LAG+NN0,v_COORD+EDF+LAG+NN0+TEMP,field,published_d_temporal,published_d_spatial,published_d_ml,published_d_total,temporal_last,temporal_first,seq_COORD,seq_EDF,seq_LAG,seq_TEMP,shap_COORD,shap_EDF,shap_LAG,shap_TEMP,shap_ML,temp_marg_noNN0,temp_marg_withNN0,nn0_marg
stat_r30,0,0,True,30,30,1,0,0.709353587932225,0.6791623352480103,0.7420175431940451,0.7402562049943471,0.7149060240232492,0.6869835494616395,0.7380528723945093,0.7349162297308578,0.7270589730554144,0.7346373748947181,0.7514103984399305,0.7112790141817603,0.7293059360037636,0.7497059693904651,0.7230127324738786,0.7380168299326954,0.7334612524565783,0.7145124024008073,0.7208169877607388,0.7360667430513927,0.7442673515999058,stat_r30_r0,-0.004000713261349764,0.06285520794603483,-0.030191252684214742,0.028663242000470324,0.00415531645281475,0.007821214213629246,0.06285520794603483,-0.003964670799535774,-0.008746936390745752,0.00415531645281475,0.019789919871916462,0.028216268049685418,0.003657124266820364,0.002635605020145806,-0.030191252684214742,0.00415531645281475,0.008200608548513011,0.006760807047629158
stat_r30,0,0,True,30,30,3,0,0.5601909112293135,0.6006343473279258,0.6383774442480025,0.6544239276419125,0.5822394130010852,0.6492309676831906,0.6411403834917937,0.6265744864897677,0.6457206215996782,0.6682898420960778,0.6659357002481241,0.6398864852150028,0.6701223167335666,0.6556484228577499,0.6466359104325854,0.6853464629066159,0.6649113355439377,0.6011816236559956,0.6623504237834721,0.6522471526455168,0.6682794087518686,stat_r30_r0,0.04696901865861347,0.03774309692007671,0.04044343609861223,0.1251555516773024,-0.005210981189628927,0.0485966203552648,0.03774309692007671,0.0027629392437912292,0.028981933241772895,-0.005210981189628927,0.006479976199328665,0.035054060531101515,0.0012191995032463383,0.021523751982335394,0.04044343609861223,-0.005210981189628927,0.01603225610635184,-0.01787516408804979
stat_r30,0,0,True,30,30,5,0,0.5803719653589513,0.6097496569021816,0.6651668165254839,0.6699559888315745,0.6635398230088495,0.6292574889972078,0.6853570583502911,0.6978761061946904,0.6084861104538355,0.6843585253892386,0.6455444607448773,0.6640064360418344,0.6718877478585962,0.6341630779423596,0.6553944441815343,0.6233760825327717,0.6163418673986086,0.6389664473995551,0.6077459656428944,0.6637717098102315,0.6893313141829539,stat_r30_r0,-0.04179073399271227,0.05541715962330229,0.029377691543230333,0.043004117173820355,-0.05554588045998754,0.019507832095026156,0.05541715962330229,0.02019024182480722,-0.013469310491694975,-0.05554588045998754,0.011804221286261907,0.0066512864196362105,0.01675319041534551,-0.02861648762481663,0.029377691543230333,-0.05554588045998754,0.025559604372722422,-0.008116038048364693
stat_r30,0,0,True,30,50,1,0,0.6951617224880383,0.6323789473684209,0.761711004784689,0.8108066985645933,0.6643990430622009,0.6438889952153111,0.8205167464114832,0.753621052631579,0.7589712918660286,0.8054545454545454,0.8032277511961723,0.66973014354067,0.798888038277512,0.8135148325358852,0.7417578947368422,0.810135885167464,0.8199071770334928,0.657952153110048,0.6503779904306219,0.8141215311004784,0.8059770334928229,stat_r30_r0,0.04842488038277504,0.12933205741626808,-0.06278277511961738,0.11497416267942573,0.021019138755980826,0.011510047846890137,0.12933205741626808,0.058805741626794195,-0.02162870813397122,0.021019138755980826,0.05892272727272731,0.11409561403508771,0.007975199362041479,0.006534688995215365,-0.06278277511961738,0.021019138755980826,-0.008144497607655454,0.015233492822966377
stat_r30,0,0,True,30,50,3,0,0.7012238805411786,0.6525997407460751,0.7099358224952349,0.665389413985122,0.691827328655789,0.6887447134458513,0.6725432136637668,0.7181389832981363,0.7154304718758124,0.6721775272113741,0.6826533685240297,0.7029578515967685,0.6789459999887768,0.6825663893934094,0.7202152593193929,0.679516508264888,0.6771138266889383,0.6523556380246573,0.6787355666082441,0.6736561724319178,0.6885969424497438,stat_r30_r0,-0.03041931423034694,0.05733608174915983,-0.048624139795103494,-0.021707372276290604,-0.0018321732998385354,0.036144972699776234,0.05733608174915983,-0.03739260883146811,0.0064027863250100125,-0.0018321732998385354,0.02074085955333254,-0.0207972868746309,0.011548350108770656,0.013022163155390908,-0.048624139795103494,-0.0018321732998385354,0.01494077001782601,-0.005289827556859028
stat_r30,0,0,True,30,50,5,0,0.690259351892127,0.6993481249611633,0.730046642950351,0.764655051885913,0.7233366215124591,0.7637375333996148,0.7644220313179644,0.7343322795625428,0.7710951578325981,0.7559828030820853,0.7748370797862423,0.7707485397377741,0.7576692894426149,0.7732874930093829,0.7698018936804821,0.7745924081898964,0.7832025181756042,0.6993723979369912,0.7643511542285466,0.7581304759833468,0.7740156822842231,stat_r30_r0,0.04454576523954534,0.030698517989187768,0.009088773069036327,0.08433305629776944,0.025533228732989244,0.06438940843845153,0.030698517989187768,0.034375388367613335,-0.006752741875349466,0.025533228732989244,0.011269699947181928,0.028634748674371786,0.00800369013960528,0.03594625445328188,0.009088773069036327,0.025533228732989244,0.01588520630087631,0.000461186540731906
stat_r30,0,0,True,30,100,1,0,0.6933769858308287,0.7142588787339753,0.7817694596086611,0.8002965328467154,0.7737791740783905,0.7116050343495063,0.7957795344415137,0.7853472137029995,0.792188362571306,0.7910181408329754,0.788214784088818,0.7772879224682575,0.7961485232779244,0.7952102373796233,0.7829262635711219,0.7933758357357542,0.7824441820523829,0.7745334447647672,0.7733268033490768,0.8001144344599155,0.7992700729927008,stat_r30_r0,0.011606376127093143,0.06751058087468575,0.02088189290314657,0.09999884990492547,-0.013704341225541539,-0.0026538443844690285,0.06751058087468575,0.01401007483285266,0.0003689888364106775,-0.013704341225541539,0.022927943987814083,0.0328697172299576,0.016376075977836402,-0.003988433877200538,0.02088189290314657,-0.013704341225541539,-0.0008443614672146715,0.0039659111819910775
stat_r30,0,0,True,30,100,3,0,0.7316660334346505,0.7089086246200608,0.8045089285714286,0.8358672112462007,0.7826766717325226,0.7741080927051671,0.8416821808510638,0.8095535714285713,0.7957959726443768,0.8325759878419453,0.8239570668693009,0.7796590045592705,0.8359042553191489,0.830150075987842,0.8019452887537993,0.8177564589665653,0.8183577127659575,0.7264523176291795,0.7682418313069908,0.8338763297872341,0.8249781534954408,stat_r30_r0,0.013247530395136708,0.09560030395136787,-0.022757408814589764,0.08609042553191482,-0.017546542553191435,0.06519946808510635,0.09560030395136787,0.037173252279635194,-0.005777925531914918,-0.017546542553191435,0.031232665273556257,0.05548640134245195,0.01561684713779124,0.007113174392097271,-0.022757408814589764,-0.017546542553191435,-0.008898176291793347,-0.002027925531914776
stat_r30,0,0,True,30,100,5,0,0.6893481246538026,0.6486637731525393,0.7456919773273946,0.812425543861779,0.7411582150255333,0.7813740145232153,0.8163646055437099,0.7692390867219571,0.788405140034449,0.809459628648825,0.8160629870474774,0.7916413737110077,0.8056865519884057,0.8207276403948737,0.7953328805894271,0.81561340476064,0.8161142052826867,0.7096476185417597,0.7871351174984255,0.8117521189173603,0.8154806167434309,stat_r30_r0,0.06992142743324548,0.09702820417485525,-0.04068435150126326,0.12626528010683746,0.01042765329428108,0.132710241370676,0.09702820417485525,0.07067262821631537,-0.010678053555304268,0.01042765329428108,0.02801842971214088,0.06833619143732274,0.024190973197054877,0.046904837783628923,-0.04068435150126326,0.01042765329428108,0.0037284978260705426,0.006065566928954658
stat_r30,0,0,True,30,200,1,0,0.7067209313331124,0.7314807628602527,0.825376934361838,0.8541025034309782,0.8209606738914392,0.7304831763759405,0.8552960106005394,0.8299228621456628,0.82651554588046,0.8485097723723439,0.8512356253845061,0.8167299228621456,0.8462713548814537,0.8560257441673371,0.8342160806398182,0.8445733756092945,0.8478983483980882,0.8003483034404429,0.7992532298518764,0.8453532724433298,0.8416601202025461,stat_r30_r0,0.019196441247456453,0.09389617150158536,0.02475983152714023,0.13785244427618204,0.001626993516634534,-0.0009975864843121407,0.09389617150158536,0.02991907623870138,-0.009024655719085728,0.001626993516634534,0.03482411307242123,0.055069566040414575,0.02677259318852246,-0.0002486867635227338,0.02475983152714023,0.001626993516634534,-0.0036931522407837036,-0.0009180824381238573
stat_r30,0,0,True,30,200,3,0,0.7244233717974913,0.7030567643896879,0.8024674855974229,0.8556820720615783,0.8234521884088136,0.819963489920583,0.8551264008737978,0.8367663374012537,0.8344558145929566,0.8634356901302486,0.858003097246277,0.8383111414937434,0.8586055517471181,0.8553698650540108,0.8493281343387608,0.8604110057266594,0.8606850222745857,0.7984278897288668,0.8278841912501839,0.8551798675172955,0.8516434309545133,stat_r30_r0,0.057943520129236536,0.09941072120773498,-0.021366607407803384,0.13598763392916813,0.0020794705274675973,0.1169067255308951,0.09941072120773498,0.052658915276374896,0.0034791508733202914,0.0020794705274675973,0.02748821983446979,0.05729014501554037,0.0381909370220225,0.034658956012865096,-0.021366607407803384,0.0020794705274675973,-0.0035364365627821304,-0.00342568422982259
stat_r30,0,0,True,30,200,5,0,0.7226060591961909,0.7189150208202479,0.7928123618768464,0.83943304564946,0.8096314001907553,0.8303847674878452,0.8380915548111445,0.8271589860500461,0.8352699653383582,0.8387002659718831,0.8520327851055746,0.843298555377207,0.8336192724932344,0.8492577213266027,0.848935918611053,0.8483717945735532,0.846393483301153,0.7569168198137421,0.8372056280580951,0.8388427509091896,0.8516285931405619,stat_r30_r0,0.05555943269670671,0.07389734105659851,-0.003691038375942979,0.12576573537736224,0.012774210807918629,0.11146974666759724,0.07389734105659851,0.04527919293429805,-0.004472282317910081,0.012774210807918629,0.019550807350025755,0.03962034387657253,0.026301394736910084,0.04200591651739673,-0.003691038375942979,0.012774210807918629,0.012785842231372357,0.005223478415955163
stat_r30,0,0,True,30,500,1,0,0.7037723395124805,0.7383118670030462,0.8609942057265356,0.8906467994865785,0.8573773551864616,0.7404440672682242,0.8939259233601012,0.865515509447687,0.8650594341202078,0.8835093168299493,0.8918389457539772,0.8563353096597525,0.8829281575518954,0.8911827361055786,0.8668529455345991,0.8772406865376955,0.8835987999638218,0.8058177507596445,0.8061804942163106,0.8764488089121354,0.8728030928450057,stat_r30_r0,0.01624648081115987,0.12268233872348944,0.03453952749056566,0.17346834702521496,0.000670642411926492,0.002132200265178019,0.12268233872348944,0.032931717633565616,-0.010997765808205884,0.000670642411926492,0.0443695223653311,0.06517852045571614,0.035326433830910844,0.0004124563088175789,0.03453952749056566,0.000670642411926492,-0.0036457160671297117,-0.006479348639759963
stat_r30,0,0,True,30,500,3,0,0.7536631944444445,0.758467399691358,0.8735976080246913,0.8889033564814814,0.8762268518518518,0.8487538580246914,0.8876765046296297,0.8791550925925927,0.8712519290123457,0.8868904320987654,0.8877671682098764,0.883659336419753,0.8881163194444445,0.8886284722222222,0.8845524691358023,0.8883516589506173,0.8903279320987655,0.8268219521604938,0.8579947916666666,0.8791763117283952,0.8860850694444443,stat_r30_r0,0.014754050925925966,0.11513020833333332,0.0048042052469134955,0.13468846450617278,0.0022116126543210157,0.09028645833333337,0.11513020833333332,0.014078896604938329,0.00043981481481480955,0.0022116126543210157,0.03154160236625518,0.041951678240740774,0.0342626350308642,0.02410461676954732,0.0048042052469134955,0.0022116126543210157,0.006908757716049152,-0.008940007716049303
stat_r30,0,0,True,30,500,5,0,0.7248244598765432,0.7510233410493826,0.8628009259259259,0.8739062499999999,0.8628144290123456,0.8611795910493827,0.8783217592592594,0.8681577932098765,0.877042824074074,0.8750106095679012,0.8837663966049383,0.8785358796296296,0.8783092206790123,0.886333912037037,0.8846990740740741,0.8795283564814814,0.8836988811728396,0.809032600308642,0.8724411651234568,0.8703761574074074,0.8843740354938272,stat_r30_r0,0.016727430555555478,0.11177758487654332,0.026198881172839417,0.15470389660493822,0.005389660493827275,0.11015625000000007,0.11177758487654332,0.015520833333333428,-1.253858024707899e-05,0.005389660493827275,0.0321246463477367,0.036365579989711946,0.029557613168724305,0.03462770061728399,0.026198881172839417,0.005389660493827275,0.013997878086419835,-0.007933063271604923
stat_r30,0,1,True,30,30,1,0,0.5108776111147264,0.5596174025509207,0.5532045129172902,0.5791336549098719,0.5586870404112709,0.5514281821435543,0.5701726914817465,0.5581471253335069,0.5565609341445954,0.5718371754408798,0.5774518855339364,0.5731712029023232,0.5570927149085703,0.5783690294136787,0.5744269375935446,0.5854194458905446,0.5611751236415696,0.5661431557883777,0.563102956009631,0.5815180256393571,0.5833411287173814,stat_r30_r1,0.032214932973254395,-0.006412889633630514,0.048739791436194335,0.07454183477581822,0.004082408732999365,-0.008189220407366471,-0.006412889633630514,0.016968178564456315,-0.013079976573176277,0.004082408732999365,-0.009075945342834216,0.008994771669812014,-0.0018525052330751936,0.0034913999967462837,0.048739791436194335,0.004082408732999365,0.0018231030780243573,0.024425310730786798
stat_r30,0,1,True,30,30,3,0,0.5760319641476878,0.5989959478767343,0.6343837103083205,0.6860785362387865,0.5896210210726025,0.6621054254729428,0.6834952100623825,0.6076516032822978,0.6745418914593109,0.6692210398107448,0.6882197593710231,0.6477248772261303,0.6831409420601027,0.6934879099944566,0.6635859339012031,0.6873726391892631,0.6957120884440314,0.6403613728812236,0.6585168760393812,0.6738304276200217,0.6722776992684317,stat_r30_r1,0.05298892888094253,0.035387762431586256,0.02296398372904651,0.1113406750415753,0.012571146383928755,0.06310947759620855,0.035387762431586256,0.04911149975406193,-0.0003542680022797784,0.012571146383928755,0.016176205552215633,0.05387793336508411,-0.007631645208891284,0.03429364685888871,0.02296398372904651,0.012571146383928755,-0.001552728351589927,-0.00931051444008102
stat_r30,0,1,True,30,30,5,0,0.5743775262813339,0.5322162807132746,0.6480373334080748,0.6763416943777665,0.6283886454227136,0.7076750904406215,0.6932176040392474,0.6805138749026525,0.7172276621174418,0.6916170002342347,0.7133597865060791,0.7145579871030774,0.6961195117507742,0.7043547634729999,0.7190635016286319,0.7130404665474807,0.7108622840085765,0.6350633334601271,0.7147241536019091,0.7030114174402752,0.7094278467023958,stat_r30_r1,0.06500313313940587,0.11582105269480014,-0.042161245568059225,0.13866294026614678,0.014742772257802295,0.17545880972734684,0.11582105269480014,0.04518027063117258,0.0029019077115268743,0.014742772257802295,0.03495711035791192,0.043590093940795334,0.03059106891772225,0.06950773007887241,-0.042161245568059225,0.014742772257802295,0.006416429262120604,0.006891905689500932
stat_r30,0,1,True,30,50,1,0,0.5388007089876965,0.5926494423109167,0.6345978810210062,0.67543253838354,0.6348423939512492,0.5938111282325608,0.6700901803607213,0.6448913763782544,0.6304870697570439,0.6729325184233008,0.6792798744900159,0.6272874434127218,0.6679903631965125,0.6763137829443747,0.6413174955488667,0.6675562279938363,0.6781092064607303,0.6545601162484331,0.65790046227914,0.6698776038132042,0.6646659853571686,stat_r30_r1,0.032958346972830066,0.041948438710089575,0.053848733323220155,0.1287555190061398,0.010118843264217747,0.0011616859216441178,0.041948438710089575,0.035492299339715094,-0.002099817164208817,0.010118843264217747,0.017084051901944647,0.05224750630078215,0.01418682318155572,0.0019413827655310836,0.053848733323220155,0.010118843264217747,-0.005211618456035572,0.0018872406166916544
stat_r30,0,1,True,30,50,3,0,0.5619979521209043,0.5974072104394209,0.6538409639319279,0.7202829327533655,0.7104552959105919,0.6575755651511302,0.7191766414782829,0.6910192961010921,0.6537467059309119,0.7141561626873254,0.7241663623952248,0.6752484442468885,0.7126946675768351,0.7122680260985522,0.6830688817627636,0.7128792148209296,0.7144101631953264,0.664939595504191,0.6598268430911862,0.7339721710693422,0.7163270732791466,stat_r30_r1,0.05903825088900172,0.05643375349250701,0.0354092583185166,0.15088126270002533,0.0017154956184912695,0.06016835471170934,0.05643375349250701,0.06533567754635494,-0.0064819739014477795,0.0017154956184912695,0.011998630117051887,0.05967548458534414,0.03382068027156886,0.01150815778194056,0.0354092583185166,0.0017154956184912695,-0.01764509779019563,0.02127750349250712
stat_r30,0,1,True,30,50,5,0,0.4726394471475918,0.6334130565937208,0.7042384567770649,0.7122587734762477,0.6707527286118359,0.6862958261837043,0.7231546121962878,0.701548041589294,0.7016058262620564,0.7193467002013649,0.7080375541608882,0.6791961466437879,0.7298360874096013,0.7106280704228662,0.6918284637504016,0.6988987612533201,0.7107230723424925,0.6327901574093661,0.6989359785001843,0.7224220200738077,0.7153585783795219,stat_r30_r1,-0.005339695523744803,0.07082540018334404,0.160773609446129,0.22625931410572825,-0.01911301506710872,0.0528827695899835,0.07082540018334404,0.01891615541922298,0.006681475213313415,-0.01911301506710872,0.027555208847518994,0.03662381133336987,0.008113931133728713,0.005017064434154136,0.160773609446129,-0.01911301506710872,-0.007063441694285855,-0.007414067335793528
stat_r30,0,1,True,30,100,1,0,0.5723694271617261,0.6319129755877689,0.6847799840632319,0.7334142915784645,0.6931669094743279,0.6252706433463994,0.7368441174813468,0.6947485129707583,0.6729380800218929,0.7366781094807672,0.7383623361048286,0.6868515626886454,0.7401833935657312,0.7424491512463679,0.6983342857832759,0.7469997826804357,0.748044123920445,0.6269095950612117,0.6345882196698351,0.7423012532094881,0.74448853438076,stat_r30_r1,0.062219798617203725,0.052867008475462995,0.059543548426042814,0.17463035551870953,0.007860730354713796,-0.006642332241369564,0.052867008475462995,0.05206413341811489,0.003339276084384335,0.007860730354713796,0.019457311461863084,0.06978288836481791,0.02606107618794647,0.0008298723180485412,0.059543548426042814,0.007860730354713796,0.002187281171271871,0.002117859643756992
stat_r30,0,1,True,30,100,3,0,0.5898670545956448,0.652653908665468,0.6996631762207902,0.7214626151092326,0.6886703302951229,0.7344865986091805,0.7310879721757679,0.6865529281906603,0.7423464736432452,0.7224615191575877,0.7397457941140142,0.7341091912896351,0.7164220217661095,0.7368128000878331,0.7347248063459325,0.7375725161206841,0.7346032517806765,0.6913837418808414,0.7378656194675519,0.7231614381865626,0.7405094312618735,stat_r30_r1,0.03790933989989387,0.0470092675553222,0.0627868540698232,0.14770546152503927,0.018181230014567062,0.08183268994371251,0.0470092675553222,0.03142479595497771,-0.014665950409658457,0.018181230014567062,0.011594246940059949,0.025361281734074002,0.005372581080489453,0.039621233360585116,0.0627868540698232,0.018181230014567062,0.017347993075310875,0.00673941642045317
stat_r30,0,1,True,30,100,5,0,0.6078859627739465,0.6475133483789287,0.7172089896122482,0.7422779922779923,0.7212744458161974,0.7698849562393351,0.7461714332895594,0.7267494436537207,0.7834004356407616,0.7448798449307614,0.7834004356407614,0.7889147512365435,0.7369474872020697,0.7745057757786882,0.7823349243919508,0.7819387979774944,0.7791138170466072,0.6903549607215593,0.7650016906636052,0.745164898678137,0.7747102281216334,stat_r30_r1,0.06472980836524622,0.0696956412333195,0.039627385604982246,0.17405283520354797,0.0421663298445375,0.12237160786040635,0.0696956412333195,0.028962443677311156,-0.009223946087489665,0.0421663298445375,0.016674087893538005,0.027920113523473993,0.02121070190062048,0.06579556535004599,0.039627385604982246,0.0421663298445375,0.029545329443496415,0.008217411476067249
stat_r30,0,1,True,30,200,1,0,0.5801523365456012,0.6963748213558592,0.7445189183147171,0.8077938746017933,0.7687237023848494,0.6939616284361552,0.8073278030163913,0.7714692332872918,0.7448732125605793,0.7942328880869307,0.801543325695215,0.770314533449369,0.788150005189662,0.808486494902155,0.7705770105948949,0.7949734129613809,0.7935602280257726,0.7556806840773179,0.7611917061214064,0.7934244983991888,0.7952817986570752,stat_r30_r1,0.05045449464666385,0.04814409695885791,0.11622248481025799,0.21482107641577974,0.00541022283611059,-0.002413192919703988,0.04814409695885791,0.06280888470167423,-0.019177797826729237,0.00541022283611059,0.01620887858053421,0.0586716261207674,0.02183051361687518,0.0004743883517366876,0.11622248481025799,0.00541022283611059,0.0018573002578863296,0.005274493209526776
stat_r30,0,1,True,30,200,3,0,0.611516191704871,0.7297978052695034,0.7987095015396903,0.8548765176123666,0.8206510470661413,0.7818180247425532,0.8519104061556891,0.8261618709731917,0.7869372067485274,0.843219411615638,0.836425192557268,0.817816442816443,0.838297970373442,0.8339399943173528,0.8169160504066164,0.829238371691202,0.8303557029972123,0.7785754601792337,0.7960841569332134,0.8402341020265548,0.8310621942697415,stat_r30_r1,0.030528870151511622,0.0689116962701869,0.1182816135646324,0.21772217998633092,-0.007942267376229717,0.0520202194730498,0.0689116962701869,0.0532009046159988,-0.013612435782247134,-0.007942267376229717,0.017453662107750085,0.05137436230203517,0.026898343329160877,0.004831529988762722,0.1182816135646324,-0.007942267376229717,-0.009171907756813313,0.0019361316531127937
stat_r30,0,1,True,30,200,5,0,0.5905533751962322,0.7025000000000001,0.7543926609105182,0.7838569466248038,0.7639746860282575,0.7879650706436421,0.7850902668759812,0.7668367346938775,0.7979071821036108,0.7858261381475666,0.8153090659340659,0.7973724489795919,0.7776246075353218,0.8085331632653061,0.8061803375196233,0.8114158163265306,0.8126059654631084,0.7487186028257458,0.791298076923077,0.7845359105180535,0.812350863422292,stat_r30_r1,0.05702315541601244,0.05189266091051803,0.11194662480376794,0.2208624411302984,0.03498135792778656,0.08546507064364195,0.05189266091051803,0.030697605965463004,-0.0074656593406593474,0.03498135792778656,0.013926363814756685,0.031558166535845054,0.01811477956567239,0.04650665554683412,0.11194662480376794,0.03498135792778656,0.02781495290423852,0.006911302982731682
stat_r30,0,1,True,30,500,1,0,0.5761199962588851,0.7048883900735753,0.7893313926300037,0.8322187928669409,0.8295357120588602,0.700259734692605,0.8322441233320862,0.8304359178201772,0.7856204794862203,0.8323688271604939,0.8331832990397803,0.8278531846240179,0.8374281004489338,0.8313867845117845,0.8293213773537847,0.8379074307893751,0.837893791308143,0.7708947109988776,0.7736537832023943,0.8343485004364634,0.8328978441825663,stat_r30_r1,0.04857603815937139,0.08444300255642845,0.12876839381469019,0.26178743453049,0.0004656908592092224,-0.004628655380970237,0.08444300255642845,0.04291273070208246,0.0051839771168475934,0.0004656908592092224,0.028692110144656453,0.05409921618447841,0.05132666687450638,-0.0011125919690735304,0.12876839381469019,0.0004656908592092224,-0.0014506562538970647,-0.0030796000124704292
stat_r30,0,1,True,30,500,3,0,0.581788097798583,0.7124250774924089,0.8305753020622471,0.8718914078314777,0.8499385200531376,0.829088712993421,0.8750593054149797,0.8566993373608298,0.8415369195976722,0.8740718702555668,0.869654605263158,0.8662850692687247,0.8703208027580973,0.8656218370445343,0.8656346865511133,0.8700479978491903,0.8712627704326922,0.7872398469129553,0.8387248545040487,0.8697415865384617,0.8710947384235831,stat_r30_r1,0.039472695786943235,0.11815022456983815,0.13063697969382593,0.2882599000506073,0.000941967674594868,0.11666363550101211,0.11815022456983815,0.044484003352732615,-0.00473850265688236,0.000941967674594868,0.03100314121014675,0.053827983325953066,0.042893053227268864,0.031113515176914592,0.13063697969382593,0.000941967674594868,0.0013531518851214175,-0.0005792162196356365
stat_r30,0,1,True,30,500,5,0,0.6328034555166109,0.7423392601936941,0.8382302453512603,0.865032854553729,0.8488690528467294,0.847182412634033,0.8680508427212993,0.8537962378941151,0.8573641306517417,0.8644729698440705,0.871630711622448,0.8657115026866482,0.8635967153430366,0.8718682384689698,0.8694939680157128,0.8720878011002084,0.8723862066763008,0.7997029916406518,0.8508790489345225,0.8643811527437344,0.873485017844454,stat_r30_r1,0.03385755574894811,0.09589098515756622,0.10953580467708324,0.23928434558359757,0.008789491333264232,0.10484315244033893,0.09589098515756622,0.029820597370038948,-0.004454127378262673,0.008789491333264232,0.025819900092349402,0.03977593300811449,0.03023427332753162,0.034216840054611224,0.10953580467708324,0.008789491333264232,0.009103865100719588,0.0007844374006977795
stat_r30,0,2,True,30,30,1,0,0.47293983860243,0.6004342848939127,0.6360630251465876,0.6932416656591912,0.4935065057728344,0.605104878196216,0.7117417487759172,0.5403663936408147,0.6399288974188478,0.7170234389167623,0.7155707852263797,0.4871537432751012,0.686505432811461,0.7237568382397389,0.5479101810433415,0.7111986565314634,0.6877134588647766,0.5696376488545004,0.5667814559027988,0.6905687073082271,0.7030853306534486,stat_r30_r2,0.07513563138487578,0.03562874025267493,0.1274944462914827,0.23825881792903342,0.0012080260533156029,0.004670593302303239,0.03562874025267493,0.07567872362932959,-0.02523631596445619,0.0012080260533156029,0.014586591886800077,0.13012545273428847,-0.06170055247435976,0.004267681824135135,0.1274944462914827,0.0012080260533156029,0.012516623345221523,0.004063274496766023
stat_r30,0,2,True,30,30,3,0,0.4170239781769954,0.5291645315891006,0.5474250964552688,0.6517088784060766,0.5821546449240416,0.6225481146009164,0.6406683295153123,0.6254022109356161,0.6321606733783458,0.6362204605739088,0.6646276675910296,0.6444332876175548,0.642036977031589,0.6651316086930311,0.6477461116469737,0.6629802040631783,0.6625535025319509,0.5490687921991801,0.6279991560163973,0.6448957830962141,0.6692347254039064,stat_r30_r2,0.11555510760790944,0.018260564866168227,0.11214055341210521,0.24595622588618288,0.02051652550036187,0.09338358301181582,0.018260564866168227,0.09324323306004345,0.0013686475162767442,0.02051652550036187,0.00874620395768023,0.05579970272184709,0.02090970945362111,0.04793335480970185,0.11214055341210521,0.02051652550036187,0.02433894230769229,0.0028588060646250746
stat_r30,0,2,True,30,30,5,0,0.5279296093854153,0.491699698256195,0.5720852243175089,0.6803890936607513,0.5928467753595296,0.6762121857930681,0.6821832206410037,0.61141800811535,0.6884659510187374,0.6770796757615417,0.7012069752202054,0.6797525588137544,0.6788597201124359,0.7001226127596132,0.6857461258686635,0.6973286190949188,0.6900469608747002,0.5965570787744733,0.6753062033043482,0.6706702017195829,0.6998606758535482,stat_r30_r2,0.12524339477740998,0.08038552606131388,-0.03622991112922036,0.1693990097095035,0.011187240762264294,0.1845124875368731,0.08038552606131388,0.11009799632349482,-0.00332350052856778,0.011187240762264294,0.021551664785853242,0.07458090095029579,0.025238027730887864,0.07697666915146832,-0.03622991112922036,0.011187240762264294,0.02919047413396525,-0.008189518392852979
stat_r30,0,2,True,30,50,1,0,0.5822604767917268,0.6071005817099567,0.6645284692159692,0.7489074149230399,0.6444373045935545,0.6111364763708513,0.750053548881674,0.6600519705988457,0.6723118461399711,0.7428714225589226,0.7503513558201058,0.6352541411135161,0.7433035714285714,0.7603687545093796,0.6755670544733045,0.7601329515392015,0.7554788961038962,0.6270245235088986,0.6172429277898027,0.7464206800144301,0.7456456304112554,stat_r30_r2,0.09560448232323226,0.057427887506012465,0.024840104918229966,0.1778724747474747,0.012175324675324783,0.004035894660894601,0.057427887506012465,0.08552507966570477,-0.006749977453102574,0.012175324675324783,0.023918343905323124,0.10704311843634763,0.009769382816257794,0.007647469236010895,0.024840104918229966,0.012175324675324783,-0.000775049603174649,0.0031171085858586745
stat_r30,0,2,True,30,50,3,0,0.570032035832672,0.6074924545232074,0.6922576363191422,0.6823020563741666,0.699813309701963,0.7183080705084945,0.6770090990663631,0.7102685225696891,0.7323775111420923,0.6864465068335694,0.7133608703067876,0.7375508902550258,0.6824893028498542,0.7057143545743758,0.7377501872464758,0.7065884804485016,0.7119574487018814,0.7092887229419573,0.7363875520026103,0.6754777566018287,0.7112464682719191,stat_r30_r2,0.014330844129359477,0.08476518179593473,0.0374604186905354,0.1365564446158296,0.029468145852027172,0.11081561598528711,0.08476518179593473,-0.015248537252779082,0.005480203783491122,0.029468145852027172,0.02318581030139888,0.0023402719585116083,0.02843087453373775,0.050508037385025704,0.0374604186905354,0.029468145852027172,0.035768711670090325,-0.007011546248025469
stat_r30,0,2,True,30,50,5,0,0.5246605616903661,0.5169996113194296,0.6628918961039936,0.7105606576400143,0.5097583233033718,0.684478689226413,0.7080680322435882,0.5936720174399283,0.6989312223158979,0.6523599670278705,0.704452551866324,0.6845566131088624,0.6792568502603409,0.7106085385798326,0.689261150156505,0.6948040730719472,0.7014642179164844,0.5720410987455194,0.6977304434526101,0.6642851375685119,0.7081159131834065,stat_r30_r2,0.031912176967953676,0.14589228478456395,-0.0076609503709365034,0.17014351138158113,0.022207367656143506,0.16747907790698335,0.14589228478456395,0.04517613613959459,-0.02881118198324728,0.022207367656143506,0.049274024809211676,0.07771279948276072,-0.01871910036408291,0.07619688266916527,-0.0076609503709365034,0.022207367656143506,0.04383077561489457,-0.014971712691828953
stat_r30,0,2,True,30,100,1,0,0.5703978829100701,0.5883708621570175,0.6824430103533126,0.7329253911509356,0.677511490784159,0.595195691536283,0.7334230929941037,0.6972171410000465,0.6850624448674497,0.7287998514322857,0.731071080365848,0.6739393658015692,0.7332011699707507,0.7388588142439297,0.6984483959329588,0.7255025767212963,0.7278991596638654,0.6641933237383351,0.6600640698268258,0.7265453363665908,0.7287952086912113,stat_r30_r2,0.04305956636798369,0.09407214819629506,0.017972979246947407,0.15510469381122616,-0.005302010306885263,0.00682482937926554,0.09407214819629506,0.050980082640791125,-0.00022192302335299896,-0.005302010306885263,0.03634786511289594,0.075125276629989,0.02762755931101716,0.0004275964529458036,0.017972979246947407,-0.005302010306885263,0.0022498723246204833,-0.006655833604159889
stat_r30,0,2,True,30,100,3,0,0.5317865047556379,0.5781390201591194,0.7168441930370282,0.7532022043428844,0.7308522013519172,0.6941156457498356,0.7697459921038463,0.7512664877071246,0.7196145764790334,0.7657025782137943,0.752866655201292,0.7219531390201591,0.771371395884429,0.7532638930430102,0.7340039331219717,0.7495681790991207,0.7524843721959682,0.6515569854040797,0.6980450290123825,0.7643519695519531,0.7549565935873662,stat_r30_r2,0.03272398606209248,0.13870517287790873,0.04635251540348151,0.21778167434348272,-0.018887023688460847,0.1159766255907162,0.13870517287790873,0.052901799066818134,0.0016254037805827348,-0.018887023688460847,0.042119829365316774,0.06737527666447325,0.04527311893082887,0.019577127076229845,0.04635251540348151,-0.018887023688460847,-0.009395375964586838,-0.0070194263324759865
stat_r30,0,2,True,30,100,5,0,0.5019993245399128,0.5720997665744284,0.6571293692658197,0.7046485461747874,0.6430949133377242,0.7210723022180094,0.7121345844894212,0.6912018524772777,0.7296498989608737,0.7125059009462039,0.7511965159694064,0.7211646648542444,0.7148336259705074,0.7532135666718291,0.7428148399700708,0.7565218283696968,0.7611586192998725,0.611938850337077,0.7188369398299408,0.7105438946431538,0.7612864342611269,stat_r30_r2,0.09939245910387717,0.08502960269139126,0.0701004420345156,0.25452250382978403,0.04632499332936513,0.14897253564358104,0.08502960269139126,0.05500521522360158,0.0026990414810861285,0.04632499332936513,0.029930392158692087,0.057480891507799836,0.0250026744736417,0.07664489458531046,0.0701004420345156,0.04632499332936513,0.05074253961797304,-0.004289731327353552
stat_r30,0,2,True,30,200,1,0,0.5824921875591135,0.6370686132822845,0.7548775735655753,0.8176977323113475,0.7896457729587398,0.6396478537541331,0.8197009707856328,0.7935652348272183,0.7603595236113528,0.8185886910661996,0.8204254659090049,0.7884795817222934,0.8186530065601804,0.8188327116168914,0.7934139042531458,0.8201918493352804,0.8185101883308994,0.7579807961501501,0.7590107898699313,0.8193793933157285,0.8206742155401366,stat_r30_r2,0.06531427576970517,0.1178089602832908,0.05457642572317101,0.23769966177616697,-0.0001428182292809721,0.002579240471848654,0.1178089602832908,0.06482339722005748,-0.0010479642254523913,-0.0001428182292809721,0.03986851264745271,0.0839161136795272,0.056412254749888466,0.001244693971746554,0.05457642572317101,-0.0001428182292809721,0.001294822224408132,0.0007263867555481474
stat_r30,0,2,True,30,200,3,0,0.60485751536599,0.6095436766623208,0.7461668839634942,0.785340845595083,0.7725516856025332,0.7911072825479606,0.7816064444030545,0.774542745390203,0.8098351648351647,0.7946805736636244,0.8221605513130936,0.819695474017508,0.7918373998882473,0.8250568075991804,0.8181393183088098,0.8197289998137455,0.8241516111007637,0.699192587073943,0.7998351648351649,0.787409200968523,0.8205699385360403,stat_r30_r2,0.0735621158502513,0.1366232073011734,0.004686161296330815,0.2148714844477555,0.03231421121251643,0.1815636058856398,0.1366232073011734,0.035439560439560314,0.010230955485192816,0.03231421121251643,0.036551576954119314,0.05554999379151921,0.04739298131247287,0.07511338238033154,0.004686161296330815,0.03231421121251643,0.03316073756751736,-0.0044281989197243465
stat_r30,0,2,True,30,200,5,0,0.5789350735471426,0.6298632671208102,0.7422440167591029,0.7915643085362913,0.7811605151314204,0.7708810585965759,0.7980543163732818,0.7836171102604292,0.7814110727634433,0.7911978915481069,0.7975645044610562,0.7845807210031349,0.7938899731733783,0.799105528092597,0.7871512915963348,0.7910104442970822,0.7926192880395467,0.7270080404509284,0.7799972118398842,0.7903962955148299,0.7983453776826621,stat_r30_r2,0.04876642753797933,0.1123807496382927,0.050928193573667624,0.21207537074993965,-0.0012706851338315506,0.14101779147576565,0.1123807496382927,0.05581029961417894,-0.004164343199903553,-0.0012706851338315506,0.030687422760429208,0.0523696064172896,0.0403467648551162,0.039352226885901516,0.050928193573667624,-0.0012706851338315506,0.007949082167832189,-0.0034936776585483553
stat_r30,0,2,True,30,500,1,0,0.600808812388821,0.6934518743535019,0.8311426439036983,0.8745489711210581,0.8409432278797105,0.6835240950897006,0.8749735789199997,0.8474993967576425,0.8321508536113174,0.8663158820151473,0.8785079244534811,0.837591257942691,0.8662794068958551,0.8751830770410635,0.8492567492999583,0.8652188226579699,0.8661671757595709,0.819777370835991,0.8206733494073262,0.8630854958091023,0.866251349111784,stat_r30_r2,0.0340761787542716,0.13769076955019643,0.09264306196468086,0.2644100102691489,-0.00011223113628422432,-0.009927779263801284,0.13769076955019643,0.04383093501630142,-0.008694172024144575,-0.00011223113628422432,0.04831908933162002,0.0789708155400219,0.04772831710034645,-0.0023029205659193253,0.09264306196468086,-0.00011223113628422432,0.0031658533026817093,-0.003193911086752821
stat_r30,0,2,True,30,500,3,0,0.6216833648829586,0.6768872062422088,0.8071609954291519,0.8586425966111085,0.838468073318251,0.833177893716238,0.8581181033288702,0.8471111316311926,0.8501352786370563,0.8630001385105499,0.8623445219077519,0.861964079597396,0.8668184126690983,0.8644905120273327,0.86329378087631,0.8680326884897733,0.8701094233344107,0.8007294888960709,0.8468082552287732,0.8599353617433861,0.8673899995382982,stat_r30_r2,0.06087169306062146,0.1302737891869431,0.05520384135925016,0.24634932360681472,0.003291010665312344,0.1562906874740292,0.1302737891869431,0.0509571078997183,0.00870030934022814,0.003291010665312344,0.035785123966942174,0.05920833525709099,0.05018668144112533,0.0480420764270434,0.05520384135925016,0.003291010665312344,0.007454637794912067,-0.006883050925712175
stat_r30,0,2,True,30,500,5,0,0.5541163063491121,0.6833591940369423,0.827963525271723,0.8662469561085705,0.851051627368296,0.8271877041634494,0.865437726435826,0.8513764328562097,0.8341153412128051,0.8638396834352914,0.854747913820752,0.855562711587575,0.8670404095147591,0.8601962938765814,0.8555070306467898,0.8583857352853833,0.8599967705054344,0.7663850448417175,0.8299355585911979,0.8654071019183941,0.861358169507632,stat_r30_r2,0.0304222100136603,0.14460433123478067,0.1292428876878302,0.3042694289362712,-0.007043639009324698,0.1438285101265071,0.14460433123478067,0.03747420116410294,0.001602683078933187,-0.007043639009324698,0.03780689478529434,0.057043577141612775,0.04820763051612521,0.03357947402545977,0.1292428876878302,-0.007043639009324698,-0.004048932410762096,-0.0016333075963650412
stat_r80,1,0,True,80,30,1,0,0.6724211695651847,0.6231413581127233,0.6984365265820505,0.6962373056917037,0.5663284645234897,0.6190900629742773,0.7160997230332735,0.6286187691868886,0.6792299349240781,0.7059846204655142,0.6998842219036396,0.5507612832041071,0.6562591477831403,0.6937838233417648,0.5869236427504522,0.6771207845138821,0.6415532654301991,0.6561606331954754,0.6656790188322362,0.6680152219111455,0.6708730831875943,stat_r80_r0,-0.02131574206816833,0.07529516846932716,-0.04927981145246141,0.004699614948697417,-0.014705882352941235,-0.004051295138446043,0.07529516846932716,0.01766319645122305,-0.0598405752501332,-0.014705882352941235,0.02015100253448318,0.06582033253520878,-0.052536656808952996,-0.01502277094326318,-0.04927981145246141,-0.014705882352941235,0.0028578612764488254,0.011756074128005167
stat_r80,1,0,True,80,30,3,0,0.6118577383039228,0.5861375908705581,0.608983455483397,0.63886523796539,0.6098831180635551,0.7080938097649562,0.6591540203787487,0.618288934521259,0.7039414495882884,0.6508159104863557,0.7041250920531041,0.7148607563472587,0.6647282184269446,0.7081670812534434,0.709862527847803,0.698239258307039,0.7235197768094811,0.5788030221242795,0.7048151425269574,0.6570402770589753,0.6920037618880672,stat_r80_r0,0.08925580282364198,0.022845864612838995,-0.025720147433364704,0.08638152000311627,0.05879155838253647,0.12195621889439812,0.022845864612838995,0.050170564895351655,0.005574198048195922,0.05879155838253647,0.015156454723475885,0.026694395442204262,0.01257726741248998,0.0829540683607529,-0.025720147433364704,0.05879155838253647,0.03496348482909195,-0.007687941367969353
stat_r80,1,0,True,80,30,5,0,0.6336617454458864,0.5911604060007145,0.6593809530896536,0.758233867127039,0.6910030211929992,0.7115569933920703,0.7511069026074533,0.726723419454697,0.7330057893796882,0.7511692240147636,0.7666900449458269,0.7550694279080843,0.7459872455054174,0.7478196809143947,0.749425154780331,0.7587901089415408,0.7705595532206215,0.670824837778307,0.7117634911894273,0.7432757992022859,0.7506390269674962,stat_r80_r0,0.09940915585188714,0.0682205470889391,-0.04250133944517187,0.12512836349565437,0.024572307715204134,0.12039658739135584,0.0682205470889391,0.09172594951779967,-0.005119657102035879,0.024572307715204134,0.021692965680438152,0.06745393176767076,0.03957812437988644,0.05067412539191167,-0.04250133944517187,0.024572307715204134,0.007363227765210256,-0.0027114463031314706
stat_r80,1,0,True,80,50,1,0,0.6408700607902735,0.6314656155015198,0.6787091565349543,0.7252156155015198,0.7311968085106383,0.6367572188449848,0.7345497720364742,0.7186122720364742,0.6883491641337385,0.742424962006079,0.7328951367781156,0.7241299392097265,0.7388563829787234,0.7375816869300913,0.7293199088145896,0.7408871580547114,0.7359147036474164,0.7402488601823708,0.7373394756838905,0.7508681610942249,0.7493560030395138,stat_r80_r0,0.062178001519757053,0.04724354103343453,-0.009404445288753727,0.10001709726443786,-0.0029416793313069567,0.005291603343465012,0.04724354103343453,0.055840615501519864,0.004306610942249156,-0.0029416793313069567,0.015121897163120485,0.04587291033434655,0.0409955990374873,0.002458681610942269,-0.009404445288753727,-0.0029416793313069567,-0.0015121580547111657,0.012011778115501581
stat_r80,1,0,True,80,50,3,0,0.5830200501253132,0.5706341747225205,0.6547199471894022,0.7691830021482277,0.7439329350161117,0.7727438014679555,0.7557780239288698,0.7390332229382981,0.786185142916816,0.7761460944026733,0.809344790547798,0.8173083378088076,0.7647942400644469,0.8126314670605084,0.8108319533953933,0.814467343955126,0.8104394169948681,0.7254799946294308,0.8038632667979475,0.7770691609977324,0.8090641410072801,stat_r80_r0,0.1597473967657238,0.08408577246688165,-0.012385875402792679,0.23144729382981277,0.04564517693042125,0.20210962674543498,0.08408577246688165,0.10105807673946765,0.009016216135577015,0.04564517693042125,0.018397385452719156,0.06780895380813141,0.05732888458746073,0.09627001842403624,-0.012385875402792679,0.04564517693042125,0.0319949800095477,0.012274920933285527
stat_r80,1,0,True,80,50,5,0,0.6302748975162767,0.658956210815047,0.7295173845551,0.7931090999517723,0.740625753556788,0.8070536683144443,0.7790816403424162,0.7510757023149265,0.8051980347238967,0.7821881782011091,0.8093463648420546,0.8121213377140101,0.7776404629852904,0.8076810043404871,0.8064046675307451,0.8043182571738606,0.7997149671449241,0.6952239570774055,0.8105803140824692,0.7700107005063902,0.8026519547263081,stat_r80_r0,0.07480087261876067,0.070561173740053,0.028681313298770217,0.17404335965758388,0.022074504159633634,0.1480974574993973,0.070561173740053,0.04956425578731627,-0.001441177357125789,0.022074504159633634,0.015042563399244435,0.04142113274656377,0.019296077485732654,0.06499898269833625,0.028681313298770217,0.022074504159633634,0.032641254219917926,-0.007629762478900237
stat_r80,1,0,True,80,100,1,0,0.6545656050812082,0.6191391050127611,0.7124136676549293,0.8220020665380238,0.7648394119930465,0.6175385694381154,0.8172885970982204,0.782382482058437,0.7045938277647448,0.8229725142941798,0.828184803256954,0.7641933844529581,0.8195586009800115,0.8219111163618429,0.7775508711526669,0.8170935699163071,0.8161390618817498,0.7162645168670383,0.721424298511605,0.8063417588826443,0.8145591541821141,stat_r80_r0,0.1046799022613778,0.09327456264216816,-0.03542650006844705,0.1625279648350989,-0.003419539098261759,-0.0016005355746457894,0.09327456264216816,0.10487492944329113,0.002270003881791105,-0.003419539098261759,0.03170957577212319,0.10878344294236013,0.0584595540503458,-0.001952615895840476,-0.03542650006844705,-0.003419539098261759,0.008217395299469854,-0.013216842097367287
stat_r80,1,0,True,80,100,3,0,0.6438661165223665,0.6742424242424242,0.7696082852332852,0.8385576373857624,0.8064687049062049,0.8184570782227032,0.8323422092953343,0.811078606000481,0.8267590337902838,0.8320951328763828,0.8504746121933623,0.8424244303150554,0.8306464947089947,0.8532892165704666,0.8426066844035593,0.856132944023569,0.8543273133116884,0.782948532948533,0.8328739402958153,0.8325357368326118,0.8465862118205869,stat_r80_r0,0.08652465879028381,0.09536586099086097,0.030376307720057727,0.21226682750120252,0.023680818602693776,0.144214653980279,0.09536586099086097,0.06273392406204914,-0.0016957145863396583,0.023680818602693776,0.02407711164221583,0.05902433311287484,0.03988154736852655,0.057101896945647025,0.030376307720057727,0.023680818602693776,0.01405047498797507,0.0018892421236171852
stat_r80,1,0,True,80,100,5,0,0.6925394110200145,0.7079967446346758,0.791694297082228,0.8456263564022184,0.8246887810465396,0.8311985697492164,0.8434231447431879,0.8327763292741741,0.8405134735953702,0.8488195532915361,0.8621414953580903,0.8491577119001689,0.8471918706293706,0.8636099891487822,0.8528256495659513,0.861509449602122,0.8637550488304799,0.7984452239570774,0.8373513609235592,0.847674146973716,0.8628338256571014,stat_r80_r0,0.0698151525198939,0.08369755244755228,0.015457333614661284,0.16897003858210746,0.016563178201109308,0.12320182511454059,0.08369755244755228,0.051728847660959865,0.003768725886182711,0.016563178201109308,0.023044787019733122,0.050195281101800465,0.03568287630114139,0.04683535977312918,0.015457333614661284,0.016563178201109308,0.015159678683385414,0.00048227634434538924
stat_r80,1,0,True,80,200,1,0,0.6567801677743417,0.6871145205104987,0.8097484903536397,0.8812101469496696,0.8449577526818647,0.6852589036389075,0.8843756110247372,0.8548736756780358,0.8119761797641897,0.8798461973617019,0.8775729480484226,0.8451276531524604,0.8786189274819232,0.8837349248926021,0.859786551855712,0.8784243487306821,0.8795604988050016,0.8045983230159137,0.808079858916168,0.8810687214182797,0.8783047539860168,stat_r80_r0,0.06867585837704238,0.12263396984314101,0.030334352736157033,0.22164418095634042,0.0009415713230784828,-0.0018556168715911925,0.12263396984314101,0.07462712067109745,-0.005756683542814001,0.0009415713230784828,0.04422521905137958,0.08935325186969605,0.05896179106102048,-9.428368759318662e-05,0.030334352736157033,0.0009415713230784828,-0.002763967432262926,0.0024497939363565813
stat_r80,1,0,True,80,200,3,0,0.6462458749692301,0.6991360339367647,0.8093472318105346,0.8726371879274253,0.8309491596319816,0.8210870277383449,0.8730156820575274,0.8445027660610144,0.8470439515897678,0.8658659371940352,0.8789957042304354,0.8528740567722687,0.8709214712594324,0.8776316447004343,0.8616442007110878,0.8741807776805065,0.8719098128998943,0.7931469427113503,0.8323280257783192,0.866448022298764,0.8764545187016819,stat_r80_r0,0.06483354586997192,0.11021119787376987,0.05289015896753457,0.22793490271127637,0.0009883416404619094,0.12195099380158014,0.11021119787376987,0.06366845024699286,-0.0020942107980950198,0.0009883416404619094,0.03134761184702052,0.06550894350473838,0.037178025500695024,0.038739198110675686,0.05289015896753457,0.0009883416404619094,0.010006496402917842,-0.004473448960668369
stat_r80,1,0,True,80,200,5,0,0.6684701104709866,0.6996486532636456,0.7834642454118905,0.8592339416166775,0.817229167904021,0.8243999450614719,0.8572136514818554,0.8258225930985329,0.8324393448951714,0.8476541619647207,0.8523805458217021,0.8309805042465997,0.8513912811070856,0.855285234899329,0.842731966799311,0.8497421972441647,0.8537419448238998,0.7936371532933422,0.829559712240898,0.8527164874977727,0.8534032191007899,stat_r80_r0,0.06627795183227414,0.08381559214824497,0.03117854279265897,0.18127208677317808,0.0023506637168141387,0.12475129179782629,0.08381559214824497,0.07374940606996483,-0.005822370374769736,0.0023506637168141387,0.024704318737502697,0.059259755919502693,0.03227522532220705,0.03785399158104175,0.03117854279265897,0.0023506637168141387,0.0006867316030171322,0.001325206390687117
stat_r80,1,0,True,80,500,1,0,0.6804144187770975,0.7448954305733159,0.8586137362762084,0.8992327539894522,0.8881288731168803,0.736948683802332,0.9017325459099128,0.8915489440909196,0.8609007195768797,0.8995959473672264,0.8986548603597128,0.8862930440901629,0.8988894227495253,0.8973704421122722,0.8912377705979828,0.897777143030092,0.8977828179266197,0.8453089413669691,0.8434456836737011,0.8994881243331996,0.901711737955978,stat_r80_r0,0.039163406753883634,0.11371830570289254,0.06448101179621835,0.21736272425299452,-0.001106604822905588,-0.007946746770983837,0.11371830570289254,0.0431188096337044,-0.002843123160387484,-0.001106604822905588,0.03949980200916555,0.06285278940080655,0.05334970225709555,-0.0028149063137637895,0.06448101179621835,-0.001106604822905588,0.002223613622778453,0.0005987015836742549
stat_r80,1,0,True,80,500,3,0,0.677407493384094,0.7440196852221551,0.8667589024560101,0.8977733413807512,0.8863391986628906,0.8552894749059845,0.8981066901898881,0.888783137564418,0.8763034495566182,0.8954296856864292,0.8961381679743721,0.8918557036074097,0.8937415850318027,0.8977789126700404,0.893954222573007,0.8947388458145688,0.8956933933794512,0.8184632527043966,0.8618023120850551,0.893372951390501,0.8959524583313989,stat_r80_r0,0.02797994335855869,0.12273921723385495,0.06661219183806111,0.21733135243047474,0.0019518083476485204,0.11126978968382939,0.12273921723385495,0.03134778773387803,-0.004365105158085414,0.0019518083476485204,0.033076976647012445,0.048090208459074225,0.04073626135537085,0.02977026169583857,0.06661219183806111,0.0019518083476485204,0.0025795069408979243,-0.0003686336413016855
stat_r80,1,0,True,80,500,5,0,0.6806234038130309,0.7275809972085289,0.8586557878481914,0.898328458157629,0.8778898408267506,0.8696175090574331,0.9020702173783928,0.8822310981766348,0.8820631273385995,0.8997102735047812,0.9020869216606284,0.8894733325414267,0.8958033274930214,0.9046797974698582,0.8937793252954801,0.8960065629268872,0.9001121042941141,0.8296395215893568,0.8737787313654451,0.8971109015857932,0.9017834605333492,stat_r80_r0,0.037350775078695775,0.13107479063966254,0.04695759339549799,0.2153831591138563,0.004308776801092762,0.1420365118489042,0.13107479063966254,0.04341442953020136,-0.006266889885371385,0.004308776801092762,0.03575512945200054,0.05597226037397795,0.040117112485399196,0.0406866047742076,0.04695759339549799,0.004308776801092762,0.004672558947556027,0.0013075740927718238
stat_r80,1,1,True,80,30,1,0,0.7572131520618705,0.7405148986706803,0.7738788943945198,0.8043255007181119,0.7434667115446769,0.7311727503781801,0.8083023681437524,0.7675392379790361,0.7847787048741727,0.8026856046770027,0.8136733862562369,0.7466164593927316,0.8073480729548155,0.8081618056259432,0.7673910258003935,0.8096802633013258,0.8100235418312141,0.7180363703124313,0.6993109568004529,0.8012885853673463,0.8091113197768594,stat_r80_r1,0.035801368906805964,0.033363995723839523,-0.016698253391190132,0.052467111239455355,0.002675468876398579,-0.00934214829250024,0.033363995723839523,0.0344234737492326,-0.0009542951889369711,0.002675468876398579,0.016891885431029725,0.05181067471920964,-3.585778515552418e-05,0.000841940795449895,-0.016698253391190132,0.002675468876398579,0.007822734409513088,-0.0060594875874692145
stat_r80,1,1,True,80,30,3,0,0.7328577670512827,0.676785576989793,0.767589482784163,0.8514511710069591,0.7645853140781496,0.834587883186219,0.8608096628467592,0.7922651094496295,0.8542106181048984,0.8419492216727706,0.87231439131829,0.8394645003647382,0.8505735486883484,0.866128841707313,0.8507676382395797,0.851983745234492,0.8624795830918935,0.7475335624902723,0.8399361285979233,0.8571622794927043,0.8622142336088092,stat_r80_r1,0.0843942624503291,0.09080390579436992,-0.05607219006148967,0.11912597818320936,0.011906034403545096,0.157802306196426,0.09080390579436992,0.09322018006259625,-0.010236114158410747,0.011906034403545096,0.03119184736372632,0.07084909334238464,0.01987433248509009,0.06377873291089947,-0.05607219006148967,0.011906034403545096,0.005051954116104929,0.006588730804355847
stat_r80,1,1,True,80,30,5,0,0.7497510052697691,0.7195083654796679,0.8135651957395886,0.8515043741313058,0.8572414728595744,0.8485313027255632,0.8393082777740615,0.8552253588125552,0.8479153194936859,0.8572712035736318,0.8457877152689515,0.8727674091912501,0.8519354694851384,0.8418465374867141,0.8695304776982482,0.8575267018975629,0.8559807047665767,0.8482163429735173,0.8556211489434448,0.8541132442898447,0.8543752462074758,stat_r80_r1,0.04396150615797423,0.09405683025992073,-0.030242639790101222,0.10777569662779374,0.0040452352814382975,0.1290229372458953,0.09405683025992073,0.02574308203447284,0.012627191711076957,0.0040452352814382975,0.020849205198910866,0.02948071281864515,0.047770521625378135,0.03837189964397468,-0.030242639790101222,0.0040452352814382975,0.00026200191763114944,0.0021777748047062673
stat_r80,1,1,True,80,50,1,0,0.712186133960047,0.6839106933019976,0.7432470035252644,0.8667196239717979,0.7652860164512338,0.6832864864864865,0.8539995299647475,0.7823633372502938,0.7476023501762633,0.8616300822561691,0.8632611045828437,0.7550524089306698,0.8562444183313748,0.86089776733255,0.7852258519388954,0.8586716803760281,0.8612286721504112,0.7400235017626322,0.7264432432432432,0.8561269095182139,0.8493574618096357,stat_r80_r1,0.11542467685076374,0.0593363102232668,-0.028275440658049433,0.1464855464159811,0.004984253819036444,-0.0006242068155111191,0.0593363102232668,0.11075252643948308,0.0022448883666272845,0.004984253819036444,0.023064786525656123,0.12119185272228747,0.03218253035644335,0.0008788092440266403,-0.028275440658049433,0.004984253819036444,-0.006769447708578236,-0.00011750881316086037
stat_r80,1,1,True,80,50,3,0,0.630778455234098,0.6086852743316191,0.6541395593966671,0.7721547630186503,0.7359454334712645,0.762719809964273,0.7634664334502599,0.7221739537246201,0.7659440395194876,0.7694671094213955,0.7926277136708478,0.7747545785587303,0.7742542835374295,0.7967112285679915,0.7774431869174762,0.796878311828922,0.8060020126372232,0.675460338252901,0.7605544109026124,0.7685371717291303,0.7948074341548738,stat_r80_r1,0.14273875243225487,0.045454285065048006,-0.022093180902478915,0.16609985659482396,0.03174772909979362,0.1540345356326539,0.045454285065048006,0.10932687405359276,0.010787850087169648,0.03174772909979362,0.013004806269345904,0.0711510540885115,0.04279766121625158,0.07036321673149504,-0.022093180902478915,0.03174772909979362,0.026270262425743485,-0.005717111808299258
stat_r80,1,1,True,80,50,5,0,0.7623370538790134,0.7407193054981396,0.7990841027054337,0.84712783060034,0.8340994901474439,0.8706177943135364,0.8385439345918883,0.8277874236369482,0.8748334940976528,0.8427458545771898,0.8717449818565981,0.8730090487345552,0.8458600891093658,0.865576225253778,0.8604767810389969,0.8582646640025723,0.8527270221854761,0.8167874695696109,0.8788066694226264,0.8366652886867851,0.860169950852051,stat_r80_r1,0.059180561297138556,0.05836479720729415,-0.021617748380873825,0.09592761012355888,0.006866933076110304,0.12989848881539678,0.05836479720729415,0.03945983188645452,0.00731615451747758,0.006866933076110304,0.01101786780579672,0.028273391208488406,0.0206487223064322,0.052067735366619225,-0.021617748380873825,0.006866933076110304,0.02350466216526581,-0.009194800422580696
stat_r80,1,1,True,80,100,1,0,0.7463399611040666,0.7246886519308237,0.831926223197261,0.8770082449493268,0.8357283672262789,0.7227219929318143,0.8714780264591203,0.8428431292405787,0.8250034694564264,0.8681254859615336,0.8744199354015729,0.8347968419391696,0.8694277202914724,0.8702832026980014,0.8431891243472194,0.871368714818286,0.8704676066834087,0.8305498470587565,0.8344689070166667,0.8685855453890449,0.8675542138211738,stat_r80_r1,0.03944249162102509,0.10723757126643729,-0.021651309173242983,0.1250287537142194,0.0010398863919363066,-0.0019666589990093852,0.10723757126643729,0.039551803261859364,-0.0020503061676478973,0.0010398863919363066,0.035702766123150216,0.07257310730854462,0.038405456837110455,-0.0009023755162202254,-0.021651309173242983,0.0010398863919363066,-0.0010313315678710522,-0.0008421749024275504
stat_r80,1,1,True,80,100,3,0,0.7870936567660352,0.7333553083779233,0.8369560942354837,0.8651550083436497,0.8659790725157742,0.8309179513015531,0.86521587672,0.8589567347580903,0.843455900393116,0.8727036234476222,0.8783091326911875,0.8783896662352815,0.8717587589593567,0.879756863611761,0.8811128237495295,0.8855693253349166,0.8833490342529764,0.8302652550197681,0.8450796813868251,0.8740108888843108,0.8829060997604595,stat_r80_r1,0.04861323109943294,0.10360078585756038,-0.05373834838811187,0.09847566856888146,0.011590275293619667,0.09756264292362982,0.10360078585756038,0.028259782484516327,0.006542882239356729,0.011590275293619667,0.026078665665303823,0.045063824394422095,0.04476073109475049,0.0340905047205767,-0.05373834838811187,0.011590275293619667,0.008895210876148751,0.0022521299249540494
stat_r80,1,1,True,80,100,5,0,0.7895861858554589,0.7377310542921776,0.8348640835218478,0.890382225562567,0.8669921642457434,0.8651485667936659,0.8935661983569473,0.8761896877604477,0.8754167162757471,0.8907459221335873,0.8892697419335636,0.8749655837004406,0.893328074770806,0.8846588879628527,0.8771747380640551,0.8871154676151922,0.8904808236099536,0.8559547639599953,0.8691613212882485,0.8919895597690201,0.8898352854506488,stat_r80_r1,0.0522513840933444,0.09713302922967026,-0.051855131563281365,0.0975292817597333,-0.002847251160852382,0.12741751250148836,0.09713302922967026,0.05870211483509946,-0.00023812358614128115,-0.002847251160852382,0.027027104541215263,0.053581605076993354,0.03801008986684921,0.034130969832718246,-0.051855131563281365,-0.002847251160852382,-0.00215427431837123,-0.0013385150017859448
stat_r80,1,1,True,80,200,1,0,0.7537410105757931,0.7687135135135136,0.8672235017626322,0.8995064629847238,0.8809090481786135,0.7720535840188014,0.9001814336075206,0.8904000000000001,0.8632676850763807,0.90311821386604,0.8999802585193889,0.8852070505287897,0.9038148061104584,0.90197508813161,0.8939703877790833,0.90450669800235,0.9045734430082256,0.8655642773207992,0.8656253819036427,0.9055981198589894,0.9041052878965924,stat_r80_r1,0.037283196239717764,0.09850998824911861,0.014972502937720455,0.15076568742655683,0.0007586368977672286,0.00334007050528784,0.09850998824911861,0.03295793184488838,0.003633372502937826,0.0007586368977672286,0.03404708186447322,0.0565586368977673,0.04359882491186837,0.001655385820603141,0.014972502937720455,0.0007586368977672286,-0.0014928319623970232,0.0017833137485310235
stat_r80,1,1,True,80,200,3,0,0.7731988230348887,0.7592153565924059,0.8848134136658727,0.9097744150203166,0.9043715846994536,0.8901022838727758,0.9068749708093968,0.9074485077763764,0.8958647424221194,0.9078866003456166,0.9096539162112932,0.907340152258185,0.910055578908038,0.91391807949185,0.911065340245668,0.9124711596842744,0.9124459390033162,0.8724786324786324,0.8949567979076175,0.9119228433982532,0.9140264350100415,stat_r80_r1,0.027657746018401652,0.12559805707346683,-0.013983466442482828,0.13927233664938565,0.0023903600952781545,0.13088692728036988,0.12559805707346683,0.02206155714352409,0.00318060809864118,0.0023903600952781545,0.032734731368611145,0.04389488269269691,0.04085298833932711,0.03574798001027511,-0.013983466442482828,0.0023903600952781545,0.0021035916117883025,0.0018672644902152369
stat_r80,1,1,True,80,200,5,0,0.7988150423583402,0.802827351968406,0.896570337846486,0.9254040597969544,0.9153148540784394,0.9031425121176202,0.9266645148963718,0.918868985013662,0.9115845005759694,0.9274389667050646,0.9252575168199804,0.919745460413919,0.9250581070728318,0.9218647686568686,0.9202685631924852,0.9231892203728128,0.9254244645152674,0.8609613219289507,0.9056161204694568,0.9265179719193976,0.9243226097263728,stat_r80_r1,0.026618882526326826,0.09374298587807994,0.004012309610065823,0.12437417801447259,0.0003663574424356275,0.10031516014921416,0.09374298587807994,0.030094177049885817,-0.0016064078235400459,0.0003663574424356275,0.024661729961484524,0.03895368932765215,0.03284062121855747,0.026141072039167212,0.004012309610065823,0.0003663574424356275,-0.0021953621930247413,0.0014598648465657948
stat_r80,1,1,True,80,500,1,0,0.7359757913444449,0.7773312839233392,0.8861386233728805,0.9212575051635524,0.9090225274989194,0.776166962870455,0.9212392526057926,0.9121033671165762,0.8890984197127625,0.9209894807627648,0.9184658244872472,0.9081358374561695,0.9219837648302032,0.9180373697103608,0.9138844324895526,0.9193736490705604,0.9225303809020606,0.8582352658629137,0.8561275757721313,0.9220135453191796,0.9218771314664488,stat_r80_r1,0.03323502569767989,0.10880733944954135,0.04135549257889426,0.1833978577261155,0.0005466160718574642,-0.0011643210528842207,0.10880733944954135,0.03510062923291213,0.0007445122244105207,0.0005466160718574642,0.03818339017243869,0.058095009366444135,0.049388058984581415,-0.0004673615447427688,0.04135549257889426,0.0005466160718574642,-0.00013641385273077677,2.978048897639418e-05
stat_r80,1,1,True,80,500,3,0,0.7723513990180658,0.7995404928738261,0.9109175842509176,0.9323609323609324,0.92674007340674,0.905340578673912,0.9327660994327662,0.9299223032556366,0.92002288002288,0.9323056389723056,0.931343724677058,0.9275380142046808,0.9314238047571382,0.9309156775823444,0.9315000715000716,0.9332084465417798,0.932930072930073,0.8760322226988894,0.9105219505219508,0.930268363601697,0.931685018351685,stat_r80_r1,0.02229086229086219,0.11137709137709151,0.027189093855760293,0.160857047523714,0.001506268172934866,0.10580008580008593,0.11137709137709151,0.021848515181848605,-0.0013422946756280751,0.001506268172934866,0.02951816896261353,0.039519440074995665,0.03673236728792283,0.02761960373071488,0.027189093855760293,0.001506268172934866,0.0014166547499880888,-0.0011554411554411947
stat_r80,1,1,True,80,500,5,0,0.7778626855974188,0.805292525896885,0.9138720919071772,0.9366901455246196,0.9327234736896508,0.9008165917262868,0.9369790166936156,0.9333427470263804,0.9156643852304692,0.9390038836098376,0.9322472515707948,0.9271334012595892,0.9402036680178086,0.9325038208518838,0.9293733064581626,0.9334562650895962,0.9341309130913092,0.8708127524161813,0.908628111133261,0.9379369983978264,0.9331018672337033,stat_r80_r1,0.019584173182419007,0.10857956601029217,0.027429840299466268,0.15559357949217745,-0.006072754926499391,0.09552406582940176,0.10857956601029217,0.023106924786438388,0.0032246513241930286,-0.006072754926499391,0.028934569911129762,0.04160890781471886,0.03778482574208209,0.02051008372649348,0.027429840299466268,-0.006072754926499391,-0.004835131164123152,-0.002266669619982231
stat_r80,1,2,True,80,30,1,0,0.5298199055011684,0.5491591350452466,0.6596912557258356,0.7841001634461511,0.6545562750223528,0.5385408302153275,0.7698285239161015,0.6952877772272623,0.6707983803454579,0.7682263340034436,0.7855419445346151,0.6540940318425754,0.7741813929560594,0.7895265376941755,0.6945645137714297,0.7790648450298892,0.7862300888987601,0.6251017979076614,0.6364832311083016,0.7899897300385931,0.7730006321436504,stat_r80_r2,0.1193735893040535,0.11053212068058904,0.019339229544078185,0.24924493952872073,0.012048695942700749,-0.0106183048299191,0.11053212068058904,0.11013726819026581,0.004352869039957907,0.012048695942700749,0.04685163670786672,0.14776840319501477,0.03860165584935362,0.003849258101278396,0.019339229544078185,0.012048695942700749,-0.01698909789494263,0.015808337082533708
stat_r80,1,2,True,80,30,3,0,0.5210660690793141,0.5167718390676449,0.5951763774611456,0.6928919437197583,0.6595823949576709,0.7282798552114225,0.7264411963639336,0.6903239532930482,0.7425106473119718,0.7382498643536172,0.7699771816769609,0.7560316186144,0.7470668792412721,0.7693045242714116,0.7705346325655377,0.7721874744501676,0.7783231505637687,0.5677767372027859,0.7335570569566157,0.740009550991891,0.7850831716725757,stat_r80_r2,0.17701109698902195,0.0784045383935007,-0.004294230011669176,0.2511214053708535,0.03125627132249653,0.21150801614377757,0.0784045383935007,0.13126481890278796,0.02062568287733857,0.03125627132249653,0.029565801502887547,0.07525401178822808,0.05621706394333327,0.10051443426167486,-0.004294230011669176,0.03125627132249653,0.045073620680684656,-0.007057328249381101
stat_r80,1,2,True,80,30,5,0,0.5700557554327367,0.611447187787369,0.7366796581631984,0.7361758552943313,0.7387267084816804,0.7902869054330176,0.767854567656605,0.7501296964634537,0.8062868604840628,0.740296176154954,0.7638344455078201,0.7906661622395068,0.7348264502124775,0.7726818981194481,0.7904807478007787,0.7621273216603396,0.7605878199569615,0.6889541689219181,0.7989835917586091,0.7523537332916308,0.7674341076415094,stat_r80_r2,0.025447663497141226,0.1252324703758294,0.041391432354632274,0.1920715662276029,0.025761369744483953,0.17883971764564865,0.1252324703758294,0.031174909493406622,-0.03302811744412748,0.025761369744483953,0.03611273947023912,0.01777934058634664,0.026080382465662473,0.06916816964734426,0.041391432354632274,0.025761369744483953,0.015080374349878634,0.0175272830791533
stat_r80,1,2,True,80,50,1,0,0.4632191843072645,0.5107641970796568,0.6522389877999966,0.7454784184278258,0.6503110430432522,0.5087685712130969,0.7627825444616547,0.6838025567989543,0.6653836261991642,0.7475687978481275,0.7357777816452697,0.6530898360376772,0.7552148295112844,0.7549286351040645,0.6814114798764723,0.7413489038560829,0.7509489858469132,0.5403012002761389,0.5423654741255117,0.7565114062007499,0.7395514869539827,stat_r80_r2,0.08910991605608631,0.14147479072033975,0.047545012772392314,0.2781297195488184,-0.004265843664371216,-0.0019956258665598803,0.14147479072033975,0.11054355666165816,-0.007567714950370341,-0.004265843664371216,0.059646153489154606,0.1330651711075143,0.049892338691743546,-0.002418874521156115,0.047545012772392314,-0.004265843664371216,-0.016959919246767208,0.0012965766894654784
stat_r80,1,2,True,80,50,3,0,0.5082091028772763,0.5745049806329856,0.722187026763768,0.7440158208341894,0.7320664870747057,0.7129867436781347,0.7552945384258308,0.7311666248126079,0.7453056868251033,0.7458783264464383,0.7590452328227139,0.745569177149206,0.7269422185695044,0.7485179858304988,0.7508342274882238,0.7427012228994969,0.7575242182803309,0.6685386845649841,0.7169847575128034,0.7601914632939906,0.7453132966539583,stat_r80_r2,0.020514196135728913,0.1476820461307824,0.06629587775570933,0.23449212002222064,0.030581999710826535,0.13848176304514914,0.1476820461307824,0.03310751166206283,-0.02835231985632647,0.030581999710826535,0.04216788487343585,0.05147502263924083,0.04199666372419947,0.04737966641046914,0.06629587775570933,0.030581999710826535,-0.014878166640032275,0.033249244724486204
stat_r80,1,2,True,80,50,5,0,0.519772346861419,0.5613426881534801,0.7301666679176455,0.8244732753379519,0.806540805680445,0.7947040434139714,0.8223312867318677,0.808281230062524,0.8231522416290746,0.8261517762649272,0.846005749498983,0.821727063927523,0.8354984650489007,0.8432651674935637,0.8297855571985079,0.8399306832596507,0.8364742285838668,0.6929619302103897,0.7943400085566956,0.8337298936417747,0.8407938586944284,stat_r80_r2,0.1097640153420052,0.1688239797641654,0.04157034129206105,0.32015833639823166,0.0009757635349660898,0.2333613552604913,0.1688239797641654,0.09216461881422222,0.013167178317032957,0.0009757635349660898,0.044901150775481805,0.08650573761468346,0.06964692059036191,0.0740777314498595,0.04157034129206105,0.0009757635349660898,0.007063965052653609,-0.0017685714071259406
stat_r80,1,2,True,80,100,1,0,0.5200218562173132,0.5899636554713842,0.7478852967438424,0.8220926756921929,0.7617129715126674,0.5965938189551281,0.8257633017357416,0.7729199944407531,0.7419757411218637,0.8271997578300659,0.8264962846334418,0.7579642875501427,0.8244943845894631,0.8256566860415305,0.7779280762911447,0.8176804994183733,0.8263078033168905,0.6843509103266819,0.6966269459744008,0.8304686711686413,0.8248808664809777,stat_r80_r2,0.06979520267453088,0.15792164127245822,0.06994179925407096,0.29765864320106006,0.0018134187274273517,0.0066301634837439005,0.15792164127245822,0.07787800499189923,-0.0012689171462785254,0.0018134187274273517,0.056360435296648685,0.1174804204719902,0.061215098432305125,0.0012881936445622575,0.06994179925407096,0.0018134187274273517,-0.005587804687663622,0.005974286579178201
stat_r80,1,2,True,80,100,3,0,0.5363357562818754,0.5727072825888462,0.7574029832200929,0.802803616914327,0.7558592242422874,0.7430648510554981,0.802184230690305,0.7590032211848915,0.7857234299312275,0.7842756852313097,0.8185113645134994,0.7789581886059291,0.7860641864860844,0.8157053001764026,0.7888052999881394,0.8088393379909672,0.804599648700701,0.6651709148278049,0.754598801515896,0.7919681232597412,0.8123589201970739,stat_r80_r2,0.05143635477087427,0.18469570063124674,0.036371526306970825,0.27250358170909184,0.01853546221461655,0.17035756846665195,0.18469570063124674,0.04478124747021206,-0.01612004420422053,0.01853546221461655,0.04961506432642845,0.08110335466356408,0.04269952614129918,0.0584744209805631,0.036371526306970825,0.01853546221461655,0.0203907969373327,0.005903936773656748
stat_r80,1,2,True,80,100,5,0,0.5005165869325967,0.5440933150656215,0.7450999109074711,0.8110583294027806,0.7302115386055149,0.7552940802132231,0.8187706354019271,0.7603439046485337,0.78130591679207,0.7907748055312235,0.806647687711969,0.777409054496178,0.8086691148395213,0.8150880818153912,0.7922581212706541,0.810007374465632,0.8063688056360383,0.6870503260487089,0.762217468125089,0.8033160763350777,0.808972328908654,stat_r80_r2,0.0649074635581609,0.20100659584184954,0.04357672813302482,0.30949078753303527,-0.0023003092034830086,0.21120076514760155,0.20100659584184954,0.073670724494456,-0.010101520562405764,-0.0023003092034830086,0.05809536332033132,0.09529336585085857,0.04612355474199361,0.06276320665723326,0.04357672813302482,-0.0023003092034830086,0.00565625257357627,-0.005353038504443575
stat_r80,1,2,True,80,200,1,0,0.4942249146829697,0.5691830474725249,0.7946089612136024,0.8506390864219793,0.8235927725588971,0.5614829337164846,0.854465164370764,0.834445635930795,0.7973089886454975,0.852047129146676,0.8538580178825262,0.8171923167674102,0.8509306702014807,0.8496741743095508,0.8325925442794907,0.8492444718976541,0.8518658484416575,0.7316518029277312,0.7302293728454932,0.8521334532919234,0.8502985856268379,stat_r80_r2,0.0546355106840517,0.22542591374107745,0.07495813278955521,0.35501955721468437,0.0009351782401767483,-0.007700113756040294,0.22542591374107745,0.05985620315716167,-0.0035344941692833087,0.0009351782401767483,0.07872889934157065,0.11531467069256904,0.09115781780234075,-0.002518586867347905,0.07495813278955521,0.0009351782401767483,-0.001834867665085449,0.0012027830904426384
stat_r80,1,2,True,80,200,3,0,0.5201588993387325,0.6022769066794768,0.82638445833865,0.8587394636302909,0.8400413948915026,0.7988200767100256,0.8601055325792432,0.8455009795164716,0.8264323082812302,0.8506181086700343,0.8573086565237299,0.8418972220762746,0.8513874606879884,0.8620908360792319,0.8478906619429704,0.8541683867626418,0.8557136584377274,0.7468015597204811,0.8067941289058689,0.8551948149426926,0.8574531445856384,stat_r80_r2,0.0277839284239918,0.2241075516591733,0.08211800734074426,0.33400948742390935,0.004326197749738969,0.19654317003054889,0.2241075516591733,0.03372107424059312,-0.00871807189125473,0.004326197749738969,0.06024511054900452,0.07912160015211901,0.06315285460873131,0.05091718644839581,0.08211800734074426,0.004326197749738969,0.002258329642945811,0.0038073542547041317
stat_r80,1,2,True,80,200,5,0,0.5419090438267944,0.6411732805920632,0.8324079216987292,0.8691669981760728,0.8430887794699352,0.8387137935434478,0.8708417461663752,0.8465602458924107,0.8533887141688371,0.8619782479790437,0.8701052323443093,0.8568564276546398,0.8669640243490532,0.8733186843705198,0.8661974870336038,0.8719441713140533,0.8743967154298239,0.7733826719407936,0.8330796973631867,0.864382003918066,0.8694569125340579,stat_r80_r2,0.03953624961532409,0.191234641106666,0.09926423676526885,0.33003512748725894,0.007432691080770715,0.19754051295138453,0.191234641106666,0.03843382446764598,-0.003877721817322044,0.007432691080770715,0.051535248206721763,0.07105958850300363,0.0537380656613801,0.05689053246665516,0.09926423676526885,0.007432691080770715,0.005074908615991913,-0.0025820204309872086
stat_r80,1,2,True,80,500,1,0,0.4844125837512993,0.6635806099143327,0.8603041604382763,0.8842249732526994,0.8683150718193475,0.6677311839379615,0.8834424724370016,0.8686404024615104,0.861611173921951,0.877339914560396,0.8849572043190251,0.8648587894285563,0.8764312651283492,0.8843691430999553,0.8715465630667202,0.876711068450326,0.8777411240695354,0.7767909309578189,0.7792057758993542,0.8770857203560236,0.8779099545485587,stat_r80_r2,0.016406908012049692,0.19672355052394364,0.17916802616303334,0.3922984846990267,0.0013098589411861816,0.004150574023628839,0.19672355052394364,0.02313831199872529,-0.007011207308652345,0.0013098589411861816,0.06598955843558008,0.08102558825091635,0.06563134695106068,0.001514020517645644,0.17916802616303334,0.0013098589411861816,0.0008242341925350782,0.0006544552276743776
stat_r80,1,2,True,80,500,3,0,0.5712253039513678,0.6686455167173252,0.8624848024316109,0.887686170212766,0.8805718085106383,0.8331449468085106,0.8858615121580545,0.8794899316109422,0.8660362841945288,0.8893531534954408,0.8871675531914893,0.885570858662614,0.8875047492401216,0.8883111702127661,0.883106952887538,0.8884308510638297,0.8897397416413373,0.7989969604863224,0.8469319908814589,0.8862575987841945,0.8886977583586626,stat_r80_r2,0.025946048632218832,0.19383928571428566,0.09742021276595736,0.31720554711246185,0.0022349924012157185,0.1644994300911854,0.19383928571428566,0.02337670972644368,0.0016432370820670394,0.0022349924012157185,0.05102171985815601,0.06636255699088142,0.060928318135764936,0.04278162993920972,0.09742021276595736,0.0022349924012157185,0.0024401595744680815,-0.0012471504559270485
stat_r80,1,2,True,80,500,5,0,0.5705745643828088,0.6820986712053793,0.8641315132688654,0.8982710786820434,0.8760685309988475,0.8762545698781113,0.9000246143747948,0.8821076392334053,0.8921976248082369,0.8978827821494263,0.9005617420108227,0.8955434624983781,0.8981451446714648,0.9039142580197066,0.8968495508353624,0.9014232451286436,0.9036337686325092,0.8133677044137961,0.8777734103693302,0.8983474023248181,0.9042185985452714,stat_r80_r2,0.03729173185977819,0.18203284206348613,0.11152410682257041,0.33084868074583473,0.0054886239610444365,0.19415589867273209,0.18203284206348613,0.03589310110592936,-0.0018794697033299723,0.0054886239610444365,0.04844889686894973,0.06537652679087057,0.05179823272605155,0.05591144104125811,0.11152410682257041,0.0054886239610444365,0.00587119622045329,0.00020225765335335488
stat_r200,2,0,True,200,30,1,0,0.705244059679499,0.6395533247375209,0.7625815067231535,0.8546684472278505,0.7340882298765887,0.6526551851169645,0.856715785595874,0.7746279241112544,0.7834370970712838,0.8581193589979739,0.8513501565665869,0.7141674341499356,0.8162645054337815,0.8690329710812306,0.7909937373365261,0.83548535641923,0.8067056548167251,0.7096196352919506,0.7114422545588506,0.8336673420519434,0.8174608583532879,stat_r200_r0,0.07290384969607655,0.12302818198563259,-0.06569073494197808,0.13024129673973106,-0.009558850617056414,0.013101860379443608,0.12302818198563259,0.09413427887272052,-0.04045128016209254,-0.009558850617056414,0.042397387486952764,0.11315765641309015,0.010406075397556263,0.0011912107816049629,-0.06569073494197808,-0.009558850617056414,-0.016206483698655516,0.017402836618161888
stat_r200,2,0,True,200,30,3,0,0.7254474690896715,0.7368700471331641,0.8493773538834917,0.8882834871142221,0.8349728817823291,0.8468523629475616,0.8899140948138722,0.8938569652753627,0.8862163242051366,0.8972125209953459,0.9063885045394342,0.8894229702032572,0.8891038779421231,0.9093287778673907,0.89733830808959,0.9051778037573344,0.9146275592124248,0.7538272573233986,0.8359717792954443,0.8995099852755108,0.8999169435215947,stat_r200_r0,0.055800449873842695,0.11250730675032761,0.01142257804349256,0.17973033466766286,0.02552368127030169,0.10998231581439755,0.11250730675032761,0.04053674093038051,-0.0008102168717490921,0.02552368127030169,0.03904140060229828,0.05854456624417,0.034607097228491,0.045564448004301435,0.01142257804349256,0.02552368127030169,0.0004069582460838328,0.01040610733338776
stat_r200,2,0,True,200,30,5,0,0.6617521704814522,0.6783601838525465,0.8688704210966155,0.907078323041924,0.8532596685082873,0.8795970100747481,0.9085695714749986,0.8793110172245694,0.8999712150053392,0.9065601931380288,0.9066734760202424,0.8799006453410094,0.9165225869353264,0.9074896699011096,0.8988894563350203,0.908360648126654,0.9135159478155904,0.8401857096429732,0.8744639955429686,0.9085556432517758,0.9152616184595386,stat_r200_r0,0.03949022703003846,0.19051023724406901,0.0166080133710943,0.24660847764520177,-0.0030066391197359765,0.20123682622220163,0.19051023724406901,0.03969915037838312,0.007953015460327784,-0.0030066391197359765,0.05539006762926165,0.07694167169630284,0.04679681817478378,0.05602720646269567,0.0166080133710943,-0.0030066391197359765,0.006705975207762727,-0.007966943683550554
stat_r200,2,0,True,200,50,1,0,0.7066715542521994,0.6937958211143695,0.8446517595307916,0.9258669354838708,0.9066193181818182,0.6953042521994134,0.9254783724340176,0.910998900293255,0.8584723240469209,0.92445931085044,0.9254893695014664,0.907581561583578,0.9260465542521994,0.9246939149560116,0.9092503665689148,0.9246929985337244,0.9279563782991204,0.8102538489736071,0.8162353372434019,0.9269464809384164,0.9268108504398824,stat_r200_r0,0.0800412390029328,0.1508559384164221,-0.012875733137829859,0.21802144428152503,0.0019098240469209715,0.0015084310850438376,0.1508559384164221,0.08082661290322601,0.0005681818181817455,0.0019098240469209715,0.052664803274682224,0.0982969819159336,0.08133538000977525,0.0018633919843597708,-0.012875733137829859,0.0019098240469209715,-0.00013563049853393405,0.0008999266862169675
stat_r200,2,0,True,200,50,3,0,0.8092254413347986,0.8020080943255755,0.897847857280135,0.9107506376753722,0.902721619014388,0.876487831455915,0.9029334000085834,0.9040660084973624,0.8877728662831595,0.9084126501359316,0.9058059712910804,0.8939051855556033,0.9128106043501868,0.9037823898972068,0.9040697403210488,0.9000626946379291,0.9101031662658068,0.8607339377643763,0.8808596629043663,0.9079312448804044,0.9022887274667822,stat_r200_r0,0.0022148373577940417,0.09583976295455954,-0.007217347009223052,0.09083725330313053,-0.0027074380843800094,0.07447973713033951,0.09583976295455954,0.0050855427284483,0.00987720434160344,-0.0027074380843800094,0.02791598483138074,0.03461118750983491,0.030235935223004468,0.015331964376011153,-0.007217347009223052,-0.0027074380843800094,-0.005642517413622206,-0.004879359469782352
stat_r200,2,0,True,200,50,5,0,0.6173002158230843,0.6564809750473037,0.8662414262062441,0.9248203938032168,0.9107484700212868,0.8492472061258278,0.9289114238410596,0.9173552802743614,0.9023594563032168,0.9337351067289498,0.9338043992431412,0.917895761885052,0.9309652539616842,0.9332888629375592,0.9269675378429516,0.9361584969252604,0.9325774597918638,0.839598916449858,0.8807789956835383,0.9354203006740776,0.935120957012772,stat_r200_r0,0.06991707071901632,0.20976045115894038,0.039180759224219486,0.3188582811021762,0.001612205830179625,0.1927662310785241,0.20976045115894038,0.06266999763481551,0.0020538301206245446,0.001612205830179625,0.057344559952499145,0.08790533041134509,0.07653011729836799,0.05431647708234781,0.039180759224219486,0.001612205830179625,-0.00029934366130557333,0.004455046712393385
stat_r200,2,0,True,200,100,1,0,0.7092624324827714,0.7461920283106723,0.9181393183088098,0.9258260383684112,0.9230191842056248,0.7517237846898864,0.9312749115291488,0.9261016949152544,0.9191683739988824,0.9249525051219968,0.9273188675731048,0.921715403240827,0.9250344570683554,0.9262330042838518,0.9313019184205624,0.928170981560812,0.9270981560812068,0.8272099087353324,0.8236468616129634,0.9262115850251444,0.930787856211585,stat_r200_r0,0.01003166325200222,0.17194728999813746,0.036929595827900896,0.21890854907804058,0.0020636990128514165,0.005531756379214103,0.17194728999813746,0.01313559322033897,-0.006240454460793354,0.0020636990128514165,0.0580984975476501,0.06078397591109452,0.059741882411373924,0.002281771900415943,0.036929595827900896,0.0020636990128514165,0.00457627118644055,0.001177127956789037
stat_r200,2,0,True,200,100,3,0,0.8284470031106365,0.7767584381819026,0.8997325781141186,0.94096940433632,0.9052778680532988,0.8958521751241934,0.9336106597335064,0.9049463763405916,0.914300571057152,0.9374669204698454,0.9432768466502622,0.9088704210966154,0.9363489484191466,0.9399758577464136,0.918724174752774,0.9363628766423696,0.9356014671061794,0.8443632480616556,0.8955346116347093,0.9416286735688748,0.9316486373554946,stat_r200_r0,0.03663029852825106,0.12297413993221595,-0.05168856492873386,0.10791587353173315,-0.000747481312967202,0.11909373694229075,0.12297413993221595,0.03387808161938788,0.002738288685640189,-0.000747481312967202,0.03190259529226052,0.061777241283253556,0.03228438336660634,0.032878808982156386,-0.05168856492873386,-0.000747481312967202,-0.009980036213380172,0.005279725149728187
stat_r200,2,0,True,200,100,5,0,0.6292359259513174,0.6313889779302908,0.8722491611064686,0.9215988912338172,0.8982173396652579,0.8778495050018622,0.9196181575285484,0.908001497130808,0.9063329744913368,0.9225438624121964,0.925055447573555,0.9129348025473458,0.9193318868480392,0.924435657653618,0.9190409839558716,0.9242197965903216,0.9251267836330992,0.8254249127754545,0.8943976179314768,0.9217656508535312,0.921017085449482,stat_r200_r0,0.051970635483853056,0.24086018317617774,0.0021530519789734193,0.2949838706390042,0.005794896785059955,0.2464605270715714,0.24086018317617774,0.04736899642207981,-0.0002862706805091264,0.005794896785059955,0.06365523498592114,0.08737555563378843,0.07382726297436162,0.0688797521087372,0.0021530519789734193,0.005794896785059955,-0.0007485654040492173,0.0024337640054920007
stat_r200,2,0,True,200,200,1,0,0.7422263262385151,0.7945426843344569,0.9403490465857148,0.950792742047186,0.9430712405928252,0.7978207673484464,0.9522628006833188,0.9474490973729168,0.9410720716561244,0.951320928944088,0.954676577866014,0.9449937670252552,0.9498979638949168,0.9507641165335426,0.9467297659171708,0.9499182787755668,0.951290456623113,0.9030259938131956,0.9099284362158918,0.9497603767486956,0.9502876402419318,stat_r200_r0,0.00956923218985195,0.14580636225125798,0.052316358095941706,0.20769195253705164,0.001392492728196193,0.0032780830139895745,0.14580636225125798,0.011913754097603979,-0.002364836788402047,0.001392492728196193,0.04891961771088232,0.056376410114348165,0.050041707065577166,0.0014100373978484515,0.052316358095941706,0.001392492728196193,0.0005272634932361742,-0.00013758714622114088
stat_r200,2,0,True,200,200,3,0,0.8354863588161573,0.824159800962558,0.9451024850017428,0.9576229708785382,0.9515365334559396,0.92673657201759,0.956205644832368,0.9558255901044872,0.9445351837981742,0.9590032184146712,0.958132800391549,0.9557199163508812,0.958639849016307,0.958445186838612,0.9574663141736312,0.9591274314232956,0.9586333602770506,0.9049464586315062,0.9315261885516392,0.9591663638588348,0.9597438616526632,stat_r200_r0,0.01402494642155283,0.12094268403918473,-0.011326557853599262,0.1236410726071383,-6.488739256460541e-06,0.10257677105503193,0.12094268403918473,0.011103159830625264,0.002434204183939026,-6.488739256460541e-06,0.031975966327769154,0.03949904152051557,0.03667844836323096,0.026320103102976885,-0.011326557853599262,-6.488739256460541e-06,0.0005774977938284298,0.0005265148425277477
stat_r200,2,0,True,200,200,5,0,0.7190474335501797,0.7629769371033833,0.9399618988259868,0.9550066686329396,0.9330984935752962,0.9298754755690596,0.9561576802432245,0.9395306172798285,0.9413911565950832,0.9547154376533832,0.9526193165903344,0.9344359301119848,0.9536145103516844,0.9511297721534956,0.9430031293417996,0.9528530433637364,0.951595370725907,0.8953738793635954,0.9284925921597652,0.9528808679796176,0.9521954549417446,stat_r200_r0,0.012891144537749644,0.17698496172260347,0.043929503553203575,0.2338056098135567,-0.0020191396257773775,0.16689853846567626,0.17698496172260347,0.016195781417237654,-0.0025431698915400203,-0.0020191396257773775,0.04602145092387003,0.05872184226163421,0.04290849473156349,0.040966645705455995,0.043929503553203575,-0.0020191396257773775,-0.0006854130378729506,-0.0007336423720668561
stat_r200,2,0,True,200,500,1,0,0.74188366071379,0.796351649734684,0.9405875265362326,0.9454681574461548,0.946313985404378,0.7951199243381906,0.9439726891961672,0.9471200205811968,0.9381990342384496,0.9458670106737196,0.9446362106907472,0.9465703249497038,0.945531085565585,0.945390422710388,0.9476336250853694,0.9464111538240864,0.9452534615092756,0.8966766549632703,0.9005744967138566,0.9452340278253338,0.9443548849803536,stat_r200_r0,0.005823627287853794,0.1442358768015486,0.054467989020894,0.2045274931102964,-0.0002776240563093779,-0.0012317253964934105,0.1442358768015486,0.003385162659934604,0.0015583963694177916,-0.0002776240563093779,0.04775881811120629,0.049842232418222714,0.051718816803288686,-0.0004180555581260737,0.054467989020894,-0.0002776240563093779,-0.0008791428449802519,-0.00029705774025112763
stat_r200,2,0,True,200,500,3,0,0.8264074074074074,0.8479907407407407,0.944239814814815,0.9588527777777778,0.9473555555555556,0.9304537037037036,0.9601638888888888,0.9520898148148148,0.9473009259259256,0.9597398148148149,0.9582425925925926,0.9486833333333332,0.9581694444444444,0.9584407407407408,0.9538296296296296,0.956301851851852,0.9581064814814816,0.907876851851852,0.9336805555555556,0.9587111111111112,0.956675925925926,stat_r200_r0,0.01206203703703701,0.09624907407407435,0.021583333333333288,0.12989444444444465,-6.296296296282033e-05,0.08246296296296296,0.09624907407407435,0.015924074074073813,-0.00199444444444441,-6.296296296282033e-05,0.02673564814814818,0.03552932098765441,0.027220987654321054,0.020629783950617285,0.021583333333333288,-6.296296296282033e-05,-0.0020351851851851954,0.0005416666666667735
stat_r200,2,0,True,200,500,5,0,0.7208773330801777,0.8115228612539764,0.9516035359881164,0.9575619998548076,0.9576076050921506,0.9417797955768504,0.9581669672889456,0.9591274694305302,0.9484279223184584,0.9603215820736052,0.9565503081611038,0.9573283893533178,0.9609656397111792,0.9561407917441492,0.9578449384701584,0.95876076609353,0.9569979840623656,0.9130959627265604,0.9445561307399776,0.95951185643099,0.956937487318952,stat_r200_r0,0.007157230105413581,0.14008067473414,0.09064552817379878,0.23788343301335235,-0.003967655648813628,0.130256934322874,0.14008067473414,0.006563431300829148,0.002798672422233639,-0.003967655648813628,0.03537314391337603,0.03921732415768369,0.04009033870110083,0.0307943160362286,0.09064552817379878,-0.003967655648813628,-0.0025743691120380108,-0.0014537832801891915
stat_r200,2,1,True,200,30,1,0,0.6968831303216652,0.6608380883396406,0.7462018463221382,0.801236732793283,0.7381944033822138,0.6676010377246925,0.8035067555581834,0.7618785847327342,0.729965224396878,0.8043493525307474,0.8070397498817408,0.7363096469962157,0.8006814687795649,0.8079322374645224,0.7568636545056764,0.8057934085264902,0.8010528766556291,0.6650085737937559,0.6390275765728477,0.7925345169110689,0.8004532654328287,stat_r200_r1,0.05959156220435202,0.08536375798249751,-0.03604504198202452,0.10891027820482502,0.00037140787606415593,0.006762949385051842,0.08536375798249751,0.057304909236045254,-0.0028252867786184854,0.00037140787606415593,0.028997223371964625,0.08357631908309682,0.026812969341296032,0.0008282765196309662,-0.03604504198202452,0.00037140787606415593,0.007918748521759778,-0.00814695186849601
stat_r200,2,1,True,200,30,3,0,0.6877636513843297,0.660426155679517,0.7700027781636339,0.8129583056126217,0.8054225367558359,0.7626333335770319,0.8160170272186927,0.8109541895438694,0.8079137453301262,0.8202391048464334,0.8228125616861992,0.8146480505333343,0.8180385068101566,0.8289373158552723,0.8118333321148405,0.8195591858518361,0.827714558308537,0.7322855513558169,0.778021984047492,0.815057464121479,0.8190931123474752,stat_r200_r1,0.04955640768820213,0.10957662248411693,-0.027337495704812698,0.13179553446750636,0.009676051498380467,0.10220717789751488,0.10957662248411693,0.0460142490550588,0.002021479591463815,0.009676051498380467,0.03401468405699625,0.05493909972876351,0.04452129072507628,0.033813328118183966,-0.027337495704812698,0.009676051498380467,0.0040356482259962245,-0.0029810426886776042
stat_r200,2,1,True,200,30,5,0,0.640560478221728,0.5969174066007705,0.7308180176332295,0.7818840566369466,0.7225021585886052,0.7336927605816868,0.7668982048275061,0.7415658558228503,0.7597173307510048,0.7842433157393789,0.7947711527875709,0.759808460930927,0.7778283033769715,0.7818094955806465,0.7780252918467025,0.7850045749191334,0.7770725672384241,0.6825567630560091,0.7447250353934891,0.7811448896220214,0.7835713457258104,stat_r200_r1,0.054186557285903936,0.13390061103245898,-0.043643071620957485,0.14444409669740543,-0.0007557361385474026,0.13677535398091623,0.13390061103245898,0.036080187194276636,0.010930098549465361,-0.0007557361385474026,0.033904032249651266,0.06620768660054972,0.035103145862904646,0.04494029592454792,-0.043643071620957485,-0.0007557361385474026,0.0024264561037889987,0.003316586245049935
stat_r200,2,1,True,200,50,1,0,0.7243415304651719,0.7047205388329614,0.8002016357164189,0.8516465680191285,0.8040831696318431,0.6854519923352458,0.8482862819078781,0.8131938763585369,0.8022513824196656,0.8502627571226379,0.8534950500008348,0.8154495252193044,0.8423921007770488,0.852366298083255,0.819313436878004,0.8386496899410303,0.8469479178839936,0.8061459011558345,0.8076883123628477,0.8380162161861354,0.8538076131858999,stat_r200_r1,0.038448054224611394,0.09548109688345752,-0.019620991632210538,0.11430815947585837,0.004555817106944748,-0.01926854649771559,0.09548109688345752,0.048084646191459246,-0.00589418113082929,0.004555817106944748,0.03572935738122138,0.07404184389401171,0.03498010230802095,-0.0025239245322218246,-0.019620991632210538,0.004555817106944748,0.015791396999764507,-0.004375884590913426
stat_r200,2,1,True,200,50,3,0,0.587712285872168,0.5738717995947689,0.676538036470805,0.7579498986922085,0.710902560324185,0.7775934794621479,0.7555295634555167,0.7198581690919137,0.7903886535273532,0.7632261926689998,0.790183275004605,0.7894906981027813,0.7573779701602505,0.8023954687787807,0.7847651501197274,0.7974277030760729,0.7951841959845275,0.6920657579664764,0.7969285319580033,0.7596739731073863,0.7915039602136674,stat_r200_r1,0.1208896666052679,0.10266623687603615,-0.013840486277399089,0.20971541720390496,0.03780622582427695,0.203721679867379,0.10266623687603615,0.07899152698471168,0.0018484067047338515,0.03780622582427695,0.026853088352673915,0.06540500092097991,0.03778512003438319,0.09126918708172163,-0.013840486277399089,0.03780622582427695,0.031829987106281155,0.0022960029471357224
stat_r200,2,1,True,200,50,5,0,0.6320122706010025,0.6189980250140072,0.7811823483532786,0.8083621390903896,0.7955517209927423,0.7817379876735557,0.8111515043213289,0.8023050189959774,0.8006753298003234,0.8121892561506573,0.8173733617016524,0.8095609053291116,0.8195251843289236,0.8177195892178051,0.8121939097463046,0.8223406096954873,0.8169889747011927,0.7789030172052738,0.7989209242413243,0.8105446754489325,0.8217654252734918,stat_r200_r1,0.04115826134220868,0.16218432333927135,-0.013014245586995266,0.19032833909448477,-0.0025362096277309343,0.1627399626595485,0.16218432333927135,0.029969155968050276,0.008373680007594753,-0.0025362096277309343,0.04244110254229036,0.05931364428038974,0.05042512147435844,0.04581108139014692,-0.013014245586995266,-0.0025362096277309343,0.01122074982455934,-0.008980508879991134
stat_r200,2,1,True,200,100,1,0,0.7107521268225968,0.7221059036330617,0.8234571804619083,0.8611940353379754,0.8477263034830627,0.7198090455217241,0.8616342894537541,0.8526720391761825,0.8232880640583524,0.8609899927206418,0.8634688347879794,0.8495709590370659,0.8592547113624165,0.8632151601826458,0.8604284159675297,0.8665809442577628,0.8624339159270886,0.805938926919655,0.8007312446232013,0.8638989786839801,0.8602841155579739,stat_r200_r1,0.043123763795854475,0.10135127682884659,0.0113537768104649,0.15582881743516597,0.0031792045646721334,-0.0022968581113376185,0.10135127682884659,0.03817710899184579,-0.0023795780913375975,0.0031792045646721334,0.03411218790057908,0.05682510300169353,0.0475969233069364,0.0017937980848178972,0.0113537768104649,0.0031792045646721334,-0.003614863126006229,0.004644267321563644
stat_r200,2,1,True,200,100,3,0,0.6730355498250139,0.6260582059311108,0.7687419414256768,0.8251851169644501,0.8128283293424203,0.7861282004052313,0.8267959108491434,0.8119791858537484,0.809722785043286,0.8330337078651686,0.8262847669920795,0.813398415914533,0.831433965739547,0.8255037760176828,0.8285089335052496,0.8298084361760913,0.8173963897587033,0.7523881009393995,0.7982317185485357,0.8270979922637686,0.8247172591637502,stat_r200_r1,0.06106649475041459,0.14268373549456592,-0.04697734389390307,0.15677288635107745,-0.014037575980843653,0.1600699944741205,0.14268373549456592,0.058053969423466634,0.004638054890403587,-0.014037575980843653,0.03565842389635899,0.06117540062626632,0.05344101123595508,0.041063348069012094,-0.04697734389390307,-0.014037575980843653,-0.002380733100018406,-0.00433597347577841
stat_r200,2,1,True,200,100,5,0,0.6556549513832619,0.6588752676814447,0.7964870427711541,0.8856439547401319,0.8370398773006135,0.8507576470077556,0.883148910464174,0.8519821087510129,0.8616719961801136,0.8803002734691515,0.8850045939923603,0.8518555026623453,0.8762615392406528,0.8839537634564186,0.8681207677393217,0.8801383985414979,0.8800624348882972,0.7269676394837365,0.861885417872439,0.8825484358722073,0.8788271211945827,stat_r200_r1,0.08365135577034377,0.13761177508970945,0.003220316298182757,0.22448344715823598,0.003800895647644409,0.19188237932631091,0.13761177508970945,0.08666186769301987,-0.0068873712235212325,0.003800895647644409,0.0372620559140718,0.07959536392618737,0.047397024033452875,0.05693272333314046,0.003220316298182757,0.003800895647644409,-0.0037213146776245987,0.006286896631554573
stat_r200,2,1,True,200,200,1,0,0.741379657142857,0.7446610285714286,0.8717357714285714,0.8842779428571429,0.8712960000000001,0.7405458285714285,0.8856447999999999,0.8775168000000001,0.8765174857142858,0.8857225142857142,0.8891593142857144,0.8729837714285713,0.8833682285714287,0.8877558857142858,0.8744548571428572,0.8846857142857143,0.8837202285714285,0.8529078857142858,0.8501915428571428,0.8821869714285714,0.879658057142857,stat_r200_r1,0.012949942857142904,0.12707474285714282,0.0032813714285715445,0.14330605714285727,0.0003519999999997969,-0.0041152000000000966,0.12707474285714282,0.013909028571428506,-0.0022765714285711836,0.0003519999999997969,0.0433000380952381,0.05436563809523808,0.04155405714285714,-0.0001605333333333977,0.0032813714285715445,0.0003519999999997969,-0.0025289142857143343,-0.0011812571428573282
stat_r200,2,1,True,200,200,3,0,0.6678319936684924,0.687042363172469,0.8659471156773071,0.8939813781360055,0.8647101472001711,0.8452202837002422,0.8967615593366676,0.8703839675602482,0.8671453424124297,0.8915249672078827,0.8919843335774678,0.8633763243680023,0.8934924942486961,0.8948715157798806,0.8740515191374981,0.8883619806992331,0.8895906473745091,0.8162045637772092,0.8478759378730045,0.8918312114542728,0.8870844256352263,stat_r200_r1,0.022414865021926023,0.17890475250483806,0.019210369503976588,0.22052998703074067,-0.0039018468741870427,0.15817792052777313,0.17890475250483806,0.03081444365936048,-0.0032690650879714234,-0.0039018468741870427,0.04885910181883257,0.07063734162775581,0.04477599893736939,0.0382758418180823,0.019210369503976588,-0.0039018468741870427,-0.004746785819046528,-0.0016612827944233466
stat_r200,2,1,True,200,200,5,0,0.6412767481128869,0.6348897358859569,0.8532050478117121,0.8882372827752422,0.870051383277079,0.883331606622572,0.8902157297897593,0.875813144449352,0.8999425641473048,0.8874929795575621,0.9047400936786028,0.9010658349373566,0.8853136888176393,0.9051672273932666,0.902022796217231,0.9038167578188192,0.9030224708685718,0.8333333333333331,0.8923459455922528,0.8875838590713203,0.9023617768035492,stat_r200_r1,0.05061171000710707,0.21831531192575526,-0.0063870122269300555,0.2625400097059323,0.017708782050932514,0.24844187073661517,0.21831531192575526,0.03701068197804713,-0.004902040972119992,0.017708782050932514,0.05634325374105515,0.07136488003601257,0.06124196246433741,0.07918263874120977,-0.0063870122269300555,0.017708782050932514,0.014777917732228918,0.0022701702536810364
stat_r200,2,1,True,200,500,1,0,0.7381231601368978,0.7797622883064331,0.8942006226308454,0.9173596549203852,0.9063890540687324,0.7734881134948148,0.9191251870930208,0.9090695700680622,0.899161234141968,0.9173495293448384,0.9201386651545808,0.9059886335811952,0.9177849290933562,0.9198100442027396,0.9100581944441888,0.9158398980814796,0.916005589317702,0.8471581191467269,0.8481835637975697,0.917374383030272,0.9159798151254008,stat_r200_r1,0.021639275450634154,0.1144383343244123,0.0416391281695353,0.17771673794458176,-0.001779339775654143,-0.006274174811618294,0.1144383343244123,0.02492456446217539,-0.0013402579996646402,-0.001779339775654143,0.0398422987633911,0.05436544245389943,0.043423684150774196,-0.0013881243567958148,0.0416391281695353,-0.001779339775654143,-0.0013945679048711357,-0.00041054606308421615
stat_r200,2,1,True,200,500,3,0,0.6695871486590613,0.7125707623574459,0.8645654692507472,0.9025899983710702,0.8836742799306698,0.847429676904521,0.900812817664188,0.8927111797661296,0.8679825612999227,0.9056758136870368,0.8978679322291997,0.8859081100570858,0.9006069136173039,0.8974176887133468,0.8892199622600759,0.8986448768327747,0.8977864857395433,0.8296569547066004,0.8554425472801448,0.9021736146318162,0.8994895409895475,stat_r200_r1,0.03407940758202754,0.1519947068933013,0.04298361369838455,0.2290577281737134,-0.0028204278777606007,0.1348589145470751,0.1519947068933013,0.036247348413440794,-0.0002059040468840312,-0.0028204278777606007,0.03991785496179945,0.06287600366783742,0.050494612024918284,0.03192725272754231,0.04298361369838455,-0.0028204278777606007,-0.0026840736422687472,0.001566701014512284
stat_r200,2,1,True,200,500,5,0,0.6497482739959658,0.6811725712494829,0.8835154543185179,0.909969005723282,0.9018104593384608,0.8901844168575339,0.908789182432568,0.9061206863565052,0.9064131367629292,0.912646612403906,0.9121938153571996,0.907457212045677,0.9152003148624936,0.9139321187075332,0.9090123922443244,0.9143885599960644,0.914909686576982,0.8353631760296351,0.8921532185032736,0.9122985873096566,0.9172620446747604,stat_r200_r1,0.03087310567754653,0.20234288306903492,0.03142429725351714,0.2646402860000986,-0.00029062828551162934,0.20901184560805097,0.20234288306903492,0.025273728114050154,0.006411132429925637,-0.00029062828551162934,0.052816528215846016,0.06547753537495923,0.05988392786101834,0.05555912387567549,0.03142429725351714,-0.00029062828551162934,0.0049634573651037295,-0.002901727552837019
stat_r200,2,2,True,200,30,1,0,0.5550133226052836,0.5760107591455653,0.6721200919658181,0.6976409951432253,0.647811924849234,0.5700199596143344,0.7235476805451092,0.6641158396156559,0.6593902503017263,0.6994659296962913,0.7082543791627068,0.641118554667382,0.706472201329734,0.7127875632362173,0.6622899333189516,0.7077208919051812,0.7057968395009903,0.5702891326021934,0.5714863207648012,0.6938978386477993,0.7065761778990512,stat_r200_r2,0.03560079993936305,0.0961093328202528,0.020997436540281744,0.1527075692998976,-0.0006753618287437257,-0.005990799531230939,0.0961093328202528,0.051427588579291084,-0.017075479215375222,-0.0006753618287437257,0.03723729720520051,0.07492362095001542,0.020386776642133394,-0.0027616144419243907,0.020997436540281744,-0.0006753618287437257,0.012678339251251947,-0.012574362681934681
stat_r200,2,2,True,200,30,3,0,0.6179284296159993,0.6182364050167062,0.7493651639145804,0.8074039998063048,0.7342637160428067,0.7474824463706358,0.8193917970074088,0.7959033460849353,0.7781192194082611,0.8039281390731683,0.8091714686940099,0.7573986731877391,0.8149861992155344,0.8117873226478136,0.7818420415476249,0.8013694252094329,0.8050961212532081,0.7248365696576438,0.7612532080770907,0.8195758074669508,0.8070873081206721,stat_r200_r2,0.05200426129485247,0.13112875889787423,0.00030797540070692797,0.18344099559343363,-0.009890077962326327,0.12924604135392959,0.13112875889787423,0.07002663309282842,-0.004405597791874438,-0.009890077962326327,0.04557898729682181,0.07794723419366291,0.03104183816764325,0.03229165657837392,0.00030797540070692797,-0.009890077962326327,-0.012488499346278714,0.0045896082514164105
stat_r200,2,2,True,200,30,5,0,0.5581921478909762,0.6055421931968742,0.6526456491659997,0.7228893616271764,0.7069774997015486,0.77410166134673,0.7237954795869042,0.7287233522058981,0.7688988220466524,0.7495689579252052,0.7849545277520642,0.7842998917746798,0.758493143446497,0.7822449806349089,0.7830278039262502,0.7800168698419284,0.7865495302081723,0.6768114041697082,0.7789316810543063,0.7693998289531108,0.7963279716461404,stat_r200_r2,0.12737122067592876,0.04710345596912546,0.047350045305898036,0.22182472195095226,0.028056386761675323,0.16855946814985578,0.04710345596912546,0.0711498304209045,0.03469766385959283,0.028056386761675323,0.015275002560484549,0.04383614725688937,0.03950534048572877,0.08239084670819542,0.047350045305898036,0.028056386761675323,0.026928142693029677,0.010906685506613778
stat_r200,2,2,True,200,50,1,0,0.6138978218346982,0.6073666412492126,0.7398907114481904,0.7567471639386781,0.6995812945739913,0.6186289786278867,0.7635143173073361,0.738687445272841,0.7324312412363413,0.7557749950757746,0.7641647051022776,0.718093456923266,0.7531393156009214,0.7662367801611245,0.7321367628044487,0.7578597463585108,0.7544946964629435,0.678341793900201,0.6692207632646932,0.7638360983752981,0.7620126723235129,stat_r200_r2,0.017969034910320425,0.13252407019897783,-0.00653118058548563,0.14396192452381262,0.0013553808620221375,0.011262337378674103,0.13252407019897783,0.02362360585914569,-0.0103750017064147,0.0013553808620221375,0.046719360754280854,0.06904934171394246,0.026811026104570472,0.004548326640937175,-0.00653118058548563,0.0013553808620221375,-0.0018234260517852041,0.01069678277437669
stat_r200,2,2,True,200,50,3,0,0.5630874962050234,0.5707664015500908,0.7321616766351272,0.790589811865852,0.6990965538712628,0.7563325346962373,0.8096700835958394,0.7703289882060832,0.790844099464159,0.7899449075766102,0.802532627129296,0.7805643057561816,0.7832705832758045,0.815789422796158,0.8033854091129714,0.8010156033964314,0.8089014195629347,0.5985543314943409,0.7713509729642973,0.7941691757020949,0.8122168270708969,stat_r200_r2,0.0688539267613042,0.16139527508503637,0.007678905345067433,0.237928107191408,0.025630836287130254,0.18556613314614645,0.16139527508503637,0.07750840696071215,-0.026399500320034908,0.025630836287130254,0.05517259327584955,0.07907611095318845,0.03422545093345145,0.06966086285035439,0.007678905345067433,0.025630836287130254,0.018047651368802042,0.010898592426290432
stat_r200,2,2,True,200,50,5,0,0.5285452914655828,0.5252889255778512,0.73109184499619,0.7655833280416561,0.7338332645415291,0.7704043767462535,0.7894464773304547,0.7757532702565406,0.7980408226441452,0.7800385366395733,0.8000857251714504,0.7934182118364237,0.7870543084836169,0.7987036052197104,0.8023578390906781,0.7881199199898399,0.7896022510795021,0.6525302816230633,0.7863706899288799,0.7847226631953264,0.7997384588519176,stat_r200_r2,0.057028074993649924,0.20580291941833873,-0.0032563658877315937,0.25957462852425706,0.0025479425958851998,0.24511545116840228,0.20580291941833873,0.058354632334264744,-0.0023921688468377944,0.0025479425958851998,0.060820719297688564,0.06862693543095415,0.05586820548641096,0.0789974652865972,-0.0032563658877315937,0.0025479425958851998,0.01501579565659128,-0.0023316452882905514
stat_r200,2,2,True,200,100,1,0,0.5853777862862601,0.5778226406848556,0.7390255080434164,0.8361411325176793,0.7887160119969601,0.5896049550307368,0.8352506424871067,0.793904252500817,0.7442069804362917,0.830221936027815,0.8409339219656141,0.7834378523043484,0.832552099951463,0.8397591712738165,0.7912443848850678,0.8359100498713091,0.8264830381470072,0.7521121340627424,0.7489117844414664,0.825555806942535,0.8277834823284623,stat_r200_r2,0.09688454182789275,0.16120286735856082,-0.007555145601404578,0.250532263585049,-0.0060690618044557665,0.011782314345881284,0.16120286735856082,0.0962251344436903,-0.002698542535643722,-0.0060690618044557665,0.05193244071618213,0.12136697471240361,0.07291326246798839,0.002447719565577479,-0.007555145601404578,-0.0060690618044557665,0.0022276753859272747,-0.006996293008927901
stat_r200,2,2,True,200,100,3,0,0.5695156584322116,0.643659793814433,0.7713256175841277,0.8183330091421903,0.7856973351488037,0.7954512740711923,0.8243863061661155,0.7894903715230498,0.8077212604551645,0.823792063800817,0.8270404590546587,0.8167195098229918,0.8256846916942229,0.8276424820073914,0.8216203073332038,0.8246878039291967,0.8276434545808208,0.7215016533748297,0.8098103481812877,0.8228214355183816,0.8264471892627894,stat_r200_r2,0.05336218634506906,0.1276658237696947,0.07414413538222131,0.2551721454969851,0.001958762886597909,0.15179148025675937,0.1276658237696947,0.05306068858198787,0.0012983855281073486,0.001958762886597909,0.03511468261687086,0.060743127147766314,0.04032103027945278,0.04780482072229789,0.07414413538222131,0.001958762886597909,0.003625753744407767,-0.0028632561758412667
stat_r200,2,2,True,200,100,5,0,0.5923913884932186,0.6087943967919738,0.76643590914721,0.7800413776552919,0.7386259831547657,0.7367719235771351,0.7757671703722053,0.7746949897813834,0.7861144872112465,0.7828514971821391,0.791847943890506,0.7613614371090605,0.785710000309655,0.7916157026072955,0.785710000309655,0.7793707809500217,0.7797559144113457,0.668977789991949,0.7400813618628846,0.7901893540595776,0.7885675357651576,stat_r200_r2,0.01293487180281161,0.15764151235523627,0.016403008298755184,0.18697939245680306,-0.005954085898309258,0.12797752678516128,0.15764151235523627,0.00933126122499528,0.00994282993744966,-0.005954085898309258,0.04851601045601863,0.053253087518837325,0.03221960735740384,0.03697281228711214,0.016403008298755184,-0.005954085898309258,-0.0016218182944199855,0.004479353749922588
stat_r200,2,2,True,200,200,1,0,0.6173293891029169,0.6388841114780164,0.8085443037974683,0.8564158717054976,0.8416393398764753,0.6500584755090809,0.855231073809087,0.8464435042499847,0.8072171390570536,0.8556887497706843,0.8578949581116615,0.8454756008071913,0.8594743701461505,0.8558760242768911,0.8529990674493976,0.858828464196172,0.8575691386901485,0.7823287393750382,0.780803789824497,0.8544953525347031,0.8582972161071362,stat_r200_r2,0.05028416039870365,0.16966019231945195,0.021554722375099478,0.24149907509325508,-0.0019052314560019656,0.011174364031064532,0.16966019231945195,0.046686770011618695,0.00424329633706344,-0.0019052314560019656,0.05627256530402158,0.08416006428484071,0.07474108025540668,0.0035113173678631244,0.021554722375099478,-0.0019052314560019656,0.003801863572433062,-0.004979017611447367
stat_r200,2,2,True,200,200,3,0,0.579004084808403,0.6142491733125852,0.8021474421318812,0.8541567788368021,0.8244660571873176,0.8090634117875899,0.861297412954678,0.8368391363547949,0.8314909550671075,0.8559822991635869,0.8632697918692862,0.8286500680801401,0.8545069052713481,0.8601604746158336,0.8384438825131297,0.8498210464890098,0.8506224469947481,0.748851390780004,0.8131851779809376,0.8526590157556895,0.8520122544252091,stat_r200_r2,0.04767360435712864,0.18789826881929594,0.035245088504182176,0.27081696168060676,-0.0038844582766,0.19481423847500468,0.18789826881929594,0.05914997082279683,-0.006790507683329894,-0.0038844582766,0.05110411398560598,0.08071994748103475,0.053737842832133786,0.05081136938338836,0.035245088504182176,-0.0038844582766,-0.000646761330480361,-0.0018478895156586184
stat_r200,2,2,True,200,200,5,0,0.5521882584657377,0.6435191647087104,0.7966400694783695,0.8432171354130319,0.8002235171873667,0.8010910275199479,0.8438403858530873,0.8129851272865439,0.8229697350361739,0.8343152193298751,0.8453233923434218,0.8273014709873527,0.8328283356983894,0.844104031451369,0.8304904195842154,0.8420346073619156,0.8395600220221617,0.7255904885973278,0.8118297392234863,0.8320412760446955,0.8441796357038174,stat_r200_r2,0.04539453788354608,0.15312090476965912,0.09133090624297269,0.2898463488961779,0.006731686323772301,0.15757186281123747,0.15312090476965912,0.04720031637471778,-0.011012050154697861,0.006731686323772301,0.04064043586820823,0.06729481199742558,0.04027953864605059,0.04782607080176695,0.09133090624297269,0.006731686323772301,0.012138359659121911,-0.0007870596536939667
stat_r200,2,2,True,200,500,1,0,0.6437976864385923,0.6828246138936747,0.8488734078882599,0.8808810069529904,0.885069914472065,0.685973264828944,0.880472403396505,0.8838710235663304,0.8451161780088603,0.8842084820329806,0.8819414533595864,0.8858159764952006,0.8827644289933547,0.8833980048609402,0.8841440668840758,0.8837114278242677,0.8813761383214374,0.7834872246492739,0.7857359863401427,0.8837027750430715,0.8819981771474279,stat_r200_r2,0.03483801993600777,0.16604879399458528,0.039026927455082405,0.23991374138567545,-0.0013882906719173693,0.0031486509352693925,0.16604879399458528,0.031598995508245076,0.0022920255968497116,-0.0013882906719173693,0.053918043420297004,0.07063681905816721,0.07349399945647715,0.0005026624928213078,0.039026927455082405,-0.0013882906719173693,-0.0017045978956435892,0.000938346049716765
stat_r200,2,2,True,200,500,3,0,0.6217960591264697,0.7185410862512436,0.8843583334447223,0.9031232157894636,0.8851269164450029,0.8568392429887091,0.9032673847746094,0.8944721219192234,0.878521876450044,0.9015020307776914,0.8981546369901335,0.8901623285487051,0.9016051450187228,0.8971951016916464,0.8930991748951194,0.8962327021086863,0.8965687781535295,0.8090543851240521,0.8672108170657888,0.8995762768502801,0.8980858941627792,stat_r200_r2,0.011874368663964074,0.16581724719347868,0.09674502712477384,0.2744366429822166,-0.005036366865193265,0.13829815673746548,0.16581724719347868,0.018909051329887183,-0.0016622397558866409,-0.005036366865193265,0.04430936691038545,0.05605261499624783,0.045890611066449476,0.031775098929203195,0.09674502712477384,-0.005036366865193265,-0.0014903826875009019,-0.0020288681684427212
stat_r200,2,2,True,200,500,5,0,0.5932823457678426,0.7478576007873601,0.8740184958994942,0.8907596964272761,0.8779523545315346,0.8641902211312807,0.8891775265214417,0.881257854483501,0.8780690077030305,0.8891157689600615,0.8918448650058131,0.884233000496021,0.8917860482806892,0.8925820346273666,0.8862376705439958,0.8913704100898131,0.8898598005328795,0.8055479856251924,0.86471172942738,0.8880090342489789,0.890819493431152,stat_r200_r2,0.017351914190318896,0.12616089511213413,0.15457525501951752,0.29808806432197055,-0.001926247747809695,0.11633262034392067,0.12616089511213413,0.015159030621947456,0.0026085217592475285,-0.001926247747809695,0.03291375768946995,0.04381069967722684,0.034838208259567315,0.03043953411925533,0.15457525501951752,-0.001926247747809695,0.002810459182173042,-0.0037770140317102685
nonstat_r30,3,0,False,30,30,1,0,0.6856330385814592,0.6350742912800341,0.6884309733902313,0.7088440489540632,0.672654688756575,0.6348279909167411,0.7109338702183676,0.6931461326178183,0.7107734017998586,0.7055703066252932,0.7022769722221703,0.6546309133078698,0.7097536809775885,0.677599355140867,0.6885774474699169,0.6797190309946617,0.7004437138362961,0.6405302175093435,0.6404938322284026,0.680650121004383,0.6965542205992935,nonstat_r30_r0,-0.008711942395569605,0.05335668211019717,-0.05055874730142507,-0.005914007586797498,-0.009309967141292397,-0.0002463003632929839,0.05335668211019717,0.022502896828136332,-0.001180189240779117,-0.009309967141292397,0.027851921858099926,0.032358098959256586,0.013048710250635514,-0.007889308511730031,-0.05055874730142507,-0.009309967141292397,0.01590409959491046,-0.02910355997320546
nonstat_r30,3,0,False,30,30,3,0,0.6052771353332874,0.6233611453299515,0.7001569200434605,0.722025088570369,0.6539558946585685,0.6797042001271015,0.7245689823865638,0.683054126233043,0.6925420115211367,0.7155889440324724,0.7165375461954344,0.6923183725043284,0.7238430874111733,0.7185754567361003,0.698932496426435,0.7155311706197969,0.7204204786247692,0.6212971435706579,0.6820263185849613,0.7190068936726931,0.7232234209687669,nonstat_r30_r0,0.015374250576336346,0.07679577471350907,0.01808400999666404,0.11025403528650946,-0.003422608786404102,0.05634305479715007,0.07679577471350907,0.024412062343103225,-0.0007258949753904398,-0.003422608786404102,0.02553678023180184,0.04778078655084648,0.007587730169586732,0.016154036342582705,0.01808400999666404,-0.003422608786404102,0.004216527296073802,-0.00483619373848021
nonstat_r30,3,0,False,30,30,5,0,0.5829937089316845,0.577916348420625,0.6521060599876782,0.5966000633576852,0.5697488431391984,0.6103162248148342,0.5809083470835058,0.6373481893500783,0.6397542265989556,0.5658200836088226,0.6000546119924826,0.5915664313103575,0.5689481263810906,0.61345204153621,0.6168725791436606,0.6073708698466005,0.5887853010170269,0.6313000569441772,0.6237466936422701,0.5627513171985019,0.5930998427718794,nonstat_r30_r0,-0.04473519014107774,0.07418971156705323,-0.005077360511059448,0.02437716091491604,0.01983717463593626,0.03239987639420916,0.07418971156705323,-0.07119771290417243,-0.011960220702415203,0.01983717463593626,0.02416580667354661,-0.016041382026759206,-0.015859665966363408,0.018604193915977868,-0.005077360511059448,0.01983717463593626,0.030348525573377527,-0.006196809182588692
nonstat_r30,3,0,False,30,50,1,0,0.6809139063148388,0.6685287032151582,0.7379729651069998,0.7479969806842657,0.7317090115684106,0.6756122657824027,0.7554373031952547,0.743346896470142,0.7286756132046244,0.7546308379540005,0.7485696742781713,0.7252638615320774,0.7488954524373277,0.7539952419489608,0.7493583015222383,0.7496756301037796,0.7481171524547899,0.7067123444573588,0.7041821653826439,0.7523588404175218,0.7528301390800474,nonstat_r30_r0,0.011702664996779744,0.06944426189184161,-0.012385203099680608,0.06876172378894074,-0.0007782999825377557,0.007083562567244517,0.06944426189184161,0.01746433808825487,-0.006541850757927015,-0.0007782999825377557,0.02496529414231461,0.03360874262148459,0.02073440286209094,0.00028000961374156463,-0.012385203099680608,-0.0007782999825377557,0.0004712986625255988,0.003463387980194077
nonstat_r30,3,0,False,30,50,3,0,0.595320116997075,0.6026732903105992,0.6832155624680811,0.7196360090997724,0.639411300431775,0.7149663401272112,0.7070235386972469,0.6807224105111658,0.7395180834764844,0.7134890199173591,0.7458619248804494,0.735362830214959,0.7249315195691536,0.7449398765030875,0.7321091972700682,0.7438209759041738,0.7448544500673198,0.6271321788383861,0.7254515065694787,0.7128083940758624,0.743833047030967,nonstat_r30_r0,0.060605413436092714,0.08054227215748189,0.007353173313524253,0.14850085890709885,0.01992293049816618,0.11229304981661192,0.08054227215748189,0.02380797622916575,0.017907980871906704,0.01992293049816618,0.0254370366931303,0.04799952025008902,0.010847687141154841,0.05789691567234635,0.007353173313524253,0.01992293049816618,0.031024652955104592,-0.012123125493291198
nonstat_r30,3,0,False,30,50,5,0,0.5292167458768144,0.5050236850367904,0.6329199584219857,0.7286400751992606,0.6499568033293615,0.7110601028529304,0.7229386997314591,0.6851645276351432,0.7225213594372537,0.7218729218306028,0.7484354614438022,0.7152413065481473,0.7283621733678386,0.7508010398403965,0.7267854461348244,0.7447983602816851,0.7440953174028951,0.6237238455372867,0.7055274186722728,0.7360634669277318,0.7473472563776034,nonstat_r30_r0,0.11187840185969944,0.12789627338519527,-0.02419306084002404,0.21558161440487067,0.015733144035056545,0.20603641781614002,0.12789627338519527,0.0900187413094734,0.005423473636379517,0.015733144035056545,0.036912188871835554,0.08526028188021542,0.03919927218972991,0.07769988942432385,-0.02419306084002404,0.015733144035056545,0.011283789449871517,0.007701293559893241
nonstat_r30,3,0,False,30,100,1,0,0.7237271207088325,0.6669554558455217,0.7783905615120952,0.7934876779080061,0.7492840172214195,0.6628127813802862,0.8001679769372205,0.7836937523172494,0.7789315683144044,0.7924198515447068,0.786905743751939,0.7589436369276866,0.7973730903973184,0.7931036765762971,0.781939263474096,0.7910616596424058,0.7965152352055447,0.7168037469450141,0.71319640438556,0.7957897942660846,0.7948383032816035,nonstat_r30_r0,0.012671098130310643,0.11143510566657344,-0.056771664863310756,0.06733453893357333,-0.0008578551917737265,-0.00414267446523553,0.11143510566657344,0.021777415425125346,-0.0027948865399021194,-0.0008578551917737265,0.045168471914306535,0.056025021879878796,0.0301629420429123,-0.001796656477074693,-0.056771664863310756,-0.0008578551917737265,-0.000951490984481107,-0.001583296131233758
nonstat_r30,3,0,False,30,100,3,0,0.621732903687791,0.6231454752953813,0.7647168516529419,0.8336885741138562,0.778001551497792,0.7657303601265069,0.8291030776345626,0.8090389664637785,0.7988386143931258,0.8370694220670725,0.8274648675259578,0.7867697517603534,0.8267683718224131,0.8326359052392887,0.8067844462346342,0.8302946726936388,0.8316438417472252,0.7145663638262322,0.7678235767991407,0.8327785609857978,0.8340326262083781,nonstat_r30_r0,0.06557782104069687,0.14157137635756056,0.0014125716075903405,0.20856176900584777,0.004875469924812026,0.14258488483112552,0.14157137635756056,0.06438622598162069,-0.0023347058121494513,0.004875469924812026,0.04193387424414207,0.08220397534013603,0.04489794364383174,0.03946257322373396,0.0014125716075903405,0.004875469924812026,0.001254065222580314,0.006010189163384694
nonstat_r30,3,0,False,30,100,5,0,0.6332580479213004,0.6256485478075116,0.7522628652952099,0.8029868100723083,0.7524521944008308,0.7652586828431494,0.7988885042809415,0.7820458635415253,0.7792221824864841,0.806233134888382,0.8061116965226555,0.7857110072882143,0.7963832403580806,0.8114922767111814,0.8027850502678336,0.8098045702898646,0.8186982572160206,0.7006037494812574,0.7710838995676029,0.8060791854641145,0.8082975871057319,nonstat_r30_r0,0.05754170499465472,0.12661431748769836,-0.007609500113788803,0.17654652236856427,0.022315016857940018,0.1396101350356378,0.12661431748769836,0.04662563898573158,-0.0025052639228608786,0.022315016857940018,0.03821563373933912,0.06597625290288692,0.04002175053563559,0.04883607223064743,-0.007609500113788803,0.022315016857940018,0.0022184016416173513,0.009695945106033887
nonstat_r30,3,0,False,30,200,1,0,0.71073900324806,0.6976586513223185,0.8099736408138887,0.8391598078988519,0.8000244856619756,0.701567082366428,0.8341921864768657,0.8136483450845962,0.8015993589208501,0.8390123374346816,0.8377593022328326,0.799682242886637,0.8407152039266099,0.8432676486901097,0.8192707724669861,0.8325533166014643,0.840270937559707,0.7612527384059464,0.7613334297920018,0.836843872370342,0.8394111569289786,nonstat_r30_r0,0.02257967578757558,0.11231498949157015,-0.013080351925741529,0.1218143133534042,-0.0004442663669028679,0.003908431044109428,0.11231498949157015,0.024218545662976987,0.006523017449744262,-0.0004442663669028679,0.041298840702837486,0.06570906705299594,0.034894850776585114,0.0007095277049699866,-0.013080351925741529,-0.0004442663669028679,0.00256728455863664,-0.003871331556267954
nonstat_r30,3,0,False,30,200,3,0,0.6360370753962532,0.6840331948031517,0.8053110935893426,0.8524531828542212,0.8051734374151355,0.8134740110761717,0.8516281822455374,0.8211312528210152,0.829793290993915,0.8378915943581571,0.8492908365936933,0.8276844358625237,0.8398393824013606,0.8531124341919208,0.8364213889601622,0.846420658539646,0.8468729573977551,0.7548259258080043,0.8173517948679531,0.840119376932571,0.8437190390662603,nonstat_r30_r0,0.04110956495030338,0.12127789878619089,0.04799611940689852,0.21038358314339278,0.007033574996394565,0.12944081627301995,0.12127789878619089,0.04631708865619477,-0.0117887998441768,0.007033574996394565,0.034262418865575725,0.05935251966984992,0.02934503442028647,0.0398797896388913,0.04799611940689852,0.007033574996394565,0.003599662133689341,0.0002799945312104146
nonstat_r30,3,0,False,30,200,5,0,0.5693897297670882,0.6338109828675866,0.7757245375169903,0.8078689305104401,0.7869736832000983,0.8043700708795051,0.8109492708549312,0.7937679022584682,0.8160588537947028,0.8138942643659626,0.8217088641616945,0.8179325915174971,0.8178826763732423,0.8285597177106612,0.8210935640180924,0.8267109375599941,0.8241470269772155,0.7600511822209937,0.8097321092604112,0.8118640618640619,0.8263701707097935,nonstat_r30_r0,0.05098640004300381,0.1419135546494037,0.0644212531004984,0.2573212077929059,0.006264350603973234,0.17055908801191844,0.1419135546494037,0.03522473333794085,0.00693340551831112,0.006264350603973234,0.037801042714564644,0.05468436030542948,0.041737619764349226,0.05611302132528554,0.0644212531004984,0.006264350603973234,0.014506108845731558,-0.006018614509180398
nonstat_r30,3,0,False,30,500,1,0,0.7080659026592926,0.7568064891307809,0.8691657661268423,0.8891371486255921,0.8828611508056164,0.7519613663733122,0.8884292025868123,0.8822459119862007,0.8704730315635306,0.8910278140386824,0.8886942141330751,0.881078175596838,0.8903741813203381,0.8884975624556364,0.886683684840403,0.8863915166339227,0.8889994924513849,0.8414444346638847,0.8430944358812522,0.8891427672449475,0.8917198406559552,nonstat_r30_r0,0.017225750507080417,0.11235927699606141,0.04874058647148827,0.1783256139746301,-0.0013746888689532,-0.004845122757468623,0.11235927699606141,0.019263436459970085,0.0019449787335257263,-0.0013746888689532,0.03890378863503131,0.049964040836125496,0.044967527501581034,-0.0016423536521338231,0.04874058647148827,-0.0013746888689532,0.0025770734110077687,-0.0012314140753906244
nonstat_r30,3,0,False,30,500,3,0,0.6364943069362814,0.7252701665399869,0.8500161798902778,0.8854670720419022,0.8586112762546941,0.8399761816964051,0.8866579872216495,0.8701629653599837,0.8615565807000247,0.885792551230048,0.8767120581572986,0.8753170129664888,0.8809790338724122,0.8756867046455098,0.8744337038402781,0.8766480911492237,0.8800787923028875,0.8045469254445707,0.8437050819906533,0.876365883760658,0.877812666972705,nonstat_r30_r0,0.02663191125894593,0.1247460133502909,0.08877585960370549,0.2401537842129423,-0.000900241569524618,0.1147060151564182,0.1247460133502909,0.03664180733137168,-0.005678953349237292,-0.000900241569524618,0.034344247233740445,0.05203018427515349,0.039678907568927634,0.028755286685079092,0.08877585960370549,-0.000900241569524618,0.0014467832120469426,-0.004613150111754116
nonstat_r30,3,0,False,30,500,5,0,0.6156414813391613,0.7071079302560163,0.8596032470339594,0.8882376675152506,0.8662884864786974,0.8499389980306452,0.8898669484605409,0.875486814928671,0.8659090254094817,0.892694173591431,0.8850079254527116,0.8761102838753062,0.8912234017003698,0.887871655699121,0.8790892934338825,0.8856602142273884,0.8873663480474567,0.7961054805706327,0.8515077573370479,0.8897113213891158,0.8869234833565494,nonstat_r30_r0,0.02605696719342898,0.15249531677794315,0.09146644891685496,0.2700187328882271,-0.0038570536529131116,0.14283106777462895,0.15249531677794315,0.030263701426581524,0.0013564532398289142,-0.0038570536529131116,0.04114782970683829,0.05893398658276895,0.04481050963062585,0.035366091871207386,0.09146644891685496,-0.0038570536529131116,-0.0027878380325664365,-0.0015120803112540493
nonstat_r30,3,1,False,30,30,1,0,0.5810721665947427,0.5986295171847404,0.6795657571304459,0.7121776970033402,0.6409274189715581,0.6058212726156279,0.6973493352901701,0.6738169153585707,0.6740279343521812,0.699996578070374,0.7006077727230385,0.6362317710957208,0.6945376497807113,0.6931508177461271,0.6789184421095055,0.7031000781340598,0.7020715981742105,0.6432258150370993,0.6492987895874482,0.6961858792172906,0.7041561236381195,nonstat_r30_r1,0.023534321003613967,0.08093623994570542,0.017557350589997744,0.12202791153931714,0.00753394839349919,0.007191755430887459,0.08093623994570542,0.0177835781597242,-0.002811685509458761,0.00753394839349919,0.029646822009597874,0.05737126415585754,0.014225642673236802,0.002198352150777831,0.017557350589997744,0.00753394839349919,0.007970244420828942,0.0016482294365792738
nonstat_r30,3,1,False,30,30,3,0,0.6719076707447711,0.6287018489911035,0.6723907800592334,0.7432436303087125,0.6662650303327726,0.7011023676175454,0.7489282802263167,0.6823976352467389,0.7258316449967633,0.7317530757641434,0.7572872170803012,0.7117174058748383,0.7375876232358394,0.7521496454970583,0.7218512443406512,0.7424731377854499,0.7379447040334853,0.6527771147489646,0.7152166067394705,0.7443368322159443,0.7472097095424592,nonstat_r30_r1,0.07008235772621652,0.04368893106812988,-0.043205821753667606,0.07056546704067879,0.0003570807976459589,0.07240051862644192,0.04368893106812988,0.07653750016708338,-0.011340656990477371,0.0003570807976459589,0.014571569876129193,0.05853165320771222,0.0040892434660897425,0.03205038849245069,-0.043205821753667606,0.0003570807976459589,0.0028728773265149776,0.006749208980104893
nonstat_r30,3,1,False,30,30,5,0,0.6223422528584551,0.6127157377465441,0.6525754101911113,0.6971568546911524,0.5941936580010605,0.720330692078476,0.6746224822816855,0.6047219587605769,0.7224609973039784,0.6741174449780061,0.7194587792473545,0.7131873548367823,0.6608417786274934,0.7196884265240736,0.7128606209064906,0.7159207175450519,0.702000918589107,0.610253097437659,0.7302101926049843,0.6449531743601616,0.7286708090305525,nonstat_r30_r1,0.06334530735394062,0.03985967244456723,-0.009626515111911038,0.09357846468659681,0.04115913996161358,0.10761495433193191,0.03985967244456723,0.022047072090574216,-0.01378070365419215,0.04115913996161358,0.004547591753111119,0.031493650159446135,-0.01779867526505897,0.07104261419506458,-0.009626515111911038,0.04115913996161358,0.08371763467039084,-0.01588860426733174
nonstat_r30,3,1,False,30,50,1,0,0.5335016415756846,0.5170564181141746,0.616185917238731,0.738538912092529,0.6529317382071751,0.5199327400721266,0.736604571317766,0.6763044680895557,0.643560403711653,0.7253388185597859,0.7373488410114463,0.6360711305104948,0.734202566827434,0.7368336504955144,0.6818327855077478,0.733635096831103,0.7322482647965187,0.5976209984810433,0.5967788235786161,0.7255916611377156,0.7204074377541496,nonstat_r30_r1,0.117449179592372,0.09912949912455638,-0.016445223461510006,0.20013345525541837,-0.001954302030915289,0.002876321957952066,0.09912949912455638,0.12041865407903507,-0.0024020044903320104,-0.001954302030915289,0.04103368889716914,0.12288925558455742,0.049090273671990314,0.0021786285286272498,-0.016445223461510006,-0.001954302030915289,-0.005184223383565945,-0.008610905689718451
nonstat_r30,3,1,False,30,50,3,0,0.6676664780230145,0.6672307111865686,0.6916430862101491,0.7334361441237502,0.7171288436144124,0.7195378230522542,0.7395500848896435,0.7288719109601961,0.7545972458026786,0.7304923599320883,0.7636445953593661,0.748228636106395,0.7444925485757404,0.7607347670250897,0.7610865874363327,0.7663073005093377,0.7560592341067723,0.6859658554989625,0.7361658177702319,0.7367789096396907,0.7588388983210713,nonstat_r30_r1,0.07466421429918857,0.024412375023580513,-0.0004357668364458611,0.09864082248632322,0.011566685531031906,0.052307111865685596,0.024412375023580513,0.04790699867949433,0.004942463686096965,0.011566685531031906,0.009946472363705012,0.02739569578067032,0.017728180217568983,0.0337581745582594,-0.0004357668364458611,0.011566685531031906,0.022059988681380593,-0.007713638936049705
nonstat_r30,3,1,False,30,50,5,0,0.684754714590023,0.6438604567081455,0.6905730563439867,0.7497768268978101,0.7275415176516412,0.7683025239526706,0.749583006416576,0.7442697161089047,0.7730837397661854,0.7425691277519247,0.7862952146841379,0.7728824646510579,0.751446664889979,0.8018474446446842,0.7760814344206538,0.7933016387148958,0.7834633856338022,0.7385026249629598,0.7699164521906372,0.7630302341314141,0.7881868280346417,nonstat_r30_r1,0.1027285823709091,0.04671259963584118,-0.040894257881877505,0.10854692412487277,0.032016720743823224,0.12444206724452511,0.04671259963584118,0.05900995007258936,0.0018636584734029737,0.032016720743823224,0.013297280860165295,0.04069042023634918,0.021568973689490876,0.06404625413965137,-0.040894257881877505,0.032016720743823224,0.025156593903227553,0.01158356924143511
nonstat_r30,3,1,False,30,100,1,0,0.6600884815329747,0.6361263071994196,0.7001327978601222,0.7804896708577646,0.7204123345221544,0.6343591322613794,0.7846625083116726,0.7255410143263011,0.7044614791754821,0.7813151710693345,0.7873099649398537,0.7277804433899535,0.7787640542827783,0.7860622695399868,0.7381416989058818,0.7778856616091399,0.7812632231155171,0.673747015353926,0.6700294308771082,0.7753203771988151,0.7806861285740192,nonstat_r30_r1,0.07775286374901769,0.06400649066070252,-0.023962174333555075,0.11779718007616513,0.0024991688327388184,-0.001767174938040239,0.06400649066070252,0.08452971045155044,-0.005898454028894329,0.0024991688327388184,0.024009872000241832,0.08714725765177614,0.03137278607265912,0.0026070001914203496,-0.023962174333555075,0.0024991688327388184,0.00536575137520412,-0.0034436770839632036
nonstat_r30,3,1,False,30,100,3,0,0.6591774316109422,0.6570706686930091,0.764134688449848,0.8023166793313069,0.7792410714285714,0.7488839285714286,0.7975066489361702,0.8028932370820668,0.7498641717325227,0.8170231762917933,0.7797321428571428,0.7465188069908815,0.8115909954407295,0.7818911474164134,0.7629549772036474,0.8008368161094225,0.7967952127659573,0.7432674772036474,0.7630585106382978,0.8185020896656535,0.7997910334346505,nonstat_r30_r1,0.03670212765957448,0.10706401975683888,-0.0021067629179331027,0.14165938449848026,-0.014795782674772218,0.09181325987841948,0.10706401975683888,0.03337196048632218,0.014084346504559364,-0.014795782674772218,0.028504385131712235,0.06119198011651467,0.04255026279128669,0.007477916033434616,-0.0021067629179331027,-0.014795782674772218,-0.018711056231002998,0.006911094224923975
nonstat_r30,3,1,False,30,100,5,0,0.6667498603091824,0.6485975041907246,0.7054712236915628,0.7487828273421493,0.7140640715216987,0.7722425032594524,0.7385462842242505,0.7297625256099832,0.7661724715962004,0.7637800335257963,0.7757794747625255,0.7785593220338983,0.7474939467312349,0.7734950642577761,0.7814583721363383,0.7854889178617992,0.7725302663438257,0.6699050102439933,0.7712218290184392,0.7641869994412367,0.783002421307506,nonstat_r30_r1,0.08001769417023641,0.056873719500838193,-0.01815235611845778,0.11873905755261682,0.025036319612590785,0.12364499906872783,0.056873719500838193,0.03307506053268772,0.008947662506984422,0.025036319612590785,0.009622136338238088,0.03267360464394359,0.022754470106165027,0.0588825510647544,-0.01815235611845778,0.025036319612590785,0.018815421866269277,0.016693052710001766
nonstat_r30,3,1,False,30,200,1,0,0.6434957871128084,0.6631025716796993,0.8001284324422622,0.852210818633691,0.8045752636843062,0.666919553555192,0.851837644723283,0.8182017942656241,0.7934435048796752,0.851042992665333,0.8502038249378676,0.8056142783536401,0.8526076710917136,0.8564237058253017,0.8222697687458325,0.8461718418500334,0.8523737270412803,0.7731803509729042,0.7740545629508394,0.8524229784203189,0.854716008971328,nonstat_r30_r1,0.046043409407771185,0.13702586076256285,0.01960678456689091,0.20267605473722494,-0.00023394405043331012,0.00381698187549262,0.13702586076256285,0.05170921228102088,0.0007700263684305986,-0.00023394405043331012,0.04949171629690248,0.08975345580509593,0.04945272562183019,0.0005732576377524001,0.01960678456689091,-0.00023394405043331012,0.0022930305510091564,-0.00018469267139475942
nonstat_r30,3,1,False,30,200,3,0,0.671134928229665,0.7038842105263159,0.815754066985646,0.8646602870813398,0.8336344497607656,0.8335358851674641,0.8689875598086125,0.834154066985646,0.8500277511961722,0.8510765550239234,0.8644708133971293,0.8512344497607656,0.857311004784689,0.8663196172248805,0.8537454545454546,0.8597913875598087,0.8624382775119617,0.8047674641148325,0.8403090909090909,0.8647406698564593,0.8661014354066986,nonstat_r30_r1,0.04403732057416265,0.11186985645933012,0.03274928229665086,0.18865645933014363,0.005127272727272647,0.12965167464114824,0.11186985645933012,0.05323349282296652,-0.011676555023923507,0.005127272727272647,0.03129027113237637,0.054835247208931404,0.032290271132376334,0.040138277511961674,0.03274928229665086,0.005127272727272647,0.00136076555023934,0.007429665071770231
nonstat_r30,3,1,False,30,200,5,0,0.6895221901416836,0.6991429411239434,0.7915228003333731,0.8411352914037387,0.8205050452434814,0.8255121517442553,0.8440234700559591,0.8279417564591022,0.8438690617930705,0.8385968567686628,0.855780822121681,0.843780695618526,0.8346464236813906,0.8558915123824264,0.8529028753423028,0.8481162191927611,0.8516220308965353,0.78548599535659,0.8323451824621977,0.8334334816644838,0.8545706706155494,nonstat_r30_r1,0.05659341885938807,0.0923798592094297,0.009620750982259785,0.15859402905107756,0.016975607215144684,0.12636921062031192,0.0923798592094297,0.052500669722586046,-0.009377046374568487,0.016975607215144684,0.026801770796126514,0.04550485920942968,0.03295159145930072,0.04722086830773504,0.009620750982259785,0.016975607215144684,0.021137188951065533,-0.001212942016906804
nonstat_r30,3,1,False,30,500,1,0,0.6719111228870881,0.7359184297978657,0.8714368080965648,0.8929936876202347,0.8789125838960613,0.7303402863428314,0.8950779111490098,0.8811824656532278,0.8726179302932654,0.8891555069589183,0.8935814498508204,0.8811386167249142,0.888082607649119,0.8958093485915164,0.8824699448249869,0.8884044774420586,0.8915634661924763,0.8157626634772013,0.8177339993394673,0.8855309732036399,0.8823542582907127,nonstat_r30_r1,0.016967669345493874,0.13551837829869906,0.0640073069107776,0.21649335455497054,0.0034808585433573347,-0.005578143455034268,0.13551837829869906,0.023641103052445045,-0.006995303499890859,0.0034808585433573347,0.047095848159557904,0.06108241235034607,0.04755253008316372,-8.575419845712384e-05,0.0640073069107776,0.0034808585433573347,-0.0031767149129272587,-0.002551634445479012
nonstat_r30,3,1,False,30,500,3,0,0.6594079794079795,0.7108661041994375,0.8515715715715715,0.8959635826302492,0.8777482244148912,0.8513837647170983,0.8976223842890511,0.8846513179846514,0.8767758234424902,0.8978149578149579,0.8920396587063255,0.8923599790266457,0.8953124553124556,0.8954001620668288,0.8926755326755327,0.8918547118547119,0.8938109538109539,0.831971971971972,0.8736202869536203,0.892083512083512,0.894286667620001,nonstat_r30_r1,0.040283140283140395,0.14070546737213396,0.05145812479145806,0.23244673244673242,-0.0015015015015017452,0.1405176605176608,0.14070546737213396,0.04605081271747957,-0.0023099289765954323,-0.0015015015015017452,0.038592719703830825,0.05785436229880677,0.04876590876590879,0.037731858842969965,0.05145812479145806,-0.0015015015015017452,0.0022031555364889766,-0.003228943228943626
nonstat_r30,3,1,False,30,500,5,0,0.696800709915464,0.7392723366493859,0.8675447200037364,0.9081406753537902,0.8879790761757975,0.8691793937695578,0.903988603988604,0.8995525664378123,0.8816748400354958,0.9034524309934144,0.9011003689692212,0.8939853346410722,0.9025547615711552,0.8977133249264396,0.8980262481901827,0.9017626453692028,0.9013086731119518,0.8277801130260147,0.8718798748306945,0.902355798421372,0.8990957918826772,nonstat_r30_r1,0.03421792536546642,0.12827238335435054,0.04247162673392191,0.20496193545373886,-0.001246088459203376,0.12990705712017192,0.12827238335435054,0.03644388398486764,-0.0014338424174488162,-0.001246088459203376,0.03359402487817793,0.052259041302757124,0.043717637351517166,0.03246563293011376,0.04247162673392191,-0.001246088459203376,-0.0032600065386948485,-0.0001989631497831823
nonstat_r30,3,2,False,30,30,1,0,0.5467570514740326,0.6133745709217407,0.6786530206341528,0.6747212431174695,0.6726152079925665,0.6114096420700195,0.6755630812234585,0.6870666021609418,0.6740339499773462,0.6787413320432188,0.6734896829236452,0.6665198009537633,0.6839411462052971,0.6773753849225547,0.6766285775719738,0.6806870627625345,0.6792260848864623,0.6344531603965566,0.6377370009445481,0.6835831010359312,0.6747433209697361,nonstat_r30_r2,0.0020340421283817633,0.06527844971241203,0.0666175194477081,0.1339300112885019,-0.004715061318834812,-0.0019649288517212815,0.06527844971241203,-0.0030899394106942424,0.008378064981838573,-0.004715061318834812,0.024047020705825733,0.022611000401880882,0.02241565940465315,-0.0032221665476382107,0.0666175194477081,-0.004715061318834812,-0.008839780066195124,-0.0003580451693658837
nonstat_r30,3,2,False,30,30,3,0,0.6623106388422724,0.6882473792340515,0.7297431536487533,0.7365688096868627,0.7137081298304497,0.7570561254054379,0.7378914216479406,0.7382479436488287,0.770322694741912,0.7562941654563105,0.7799779501960401,0.7636644817543516,0.732043143865564,0.7704308742408621,0.7676840556588225,0.7716086197424764,0.7661507288476155,0.6596268465770124,0.7554136784039857,0.753702560937982,0.7763177203663428,nonstat_r30_r2,0.0418654660937231,0.04149577441470176,0.02593674039177918,0.10929798090020404,0.034107584982051464,0.06880874617138633,0.04149577441470176,0.00814826799918733,-0.005848277782376621,0.034107584982051464,0.009788676836166662,0.017988996420356073,0.0067936725340718256,0.04333200382296938,0.02593674039177918,0.034107584982051464,0.022615159428360787,0.02165941707241803
nonstat_r30,3,2,False,30,30,5,0,0.558715879028379,0.6098306352212602,0.6635364057239057,0.6516588879870131,0.6505061778499279,0.7088105759980761,0.6386991191678691,0.6703699945887446,0.7084629779942281,0.6635833784271286,0.6907608450577202,0.7224035368566618,0.6650216825998077,0.6894954004329004,0.7124124428811929,0.6807021103896106,0.6772392827080327,0.6209190115440116,0.719166178150553,0.6400660248316499,0.6847859172077922,nonstat_r30_r2,0.017165704665704884,0.05370577050264547,0.051114756192881194,0.12198623136123155,0.012217600108225035,0.09897994077681582,0.05370577050264547,-0.024837286556036564,0.026322563431938506,0.012217600108225035,0.012288920329284811,-0.006321821263227472,0.011485217377144481,0.04995633104357062,0.051114756192881194,0.012217600108225035,0.04471989237614238,-0.02495565776815778
nonstat_r30,3,2,False,30,50,1,0,0.5109534984333416,0.6106549624582583,0.6573559901037385,0.6882668244874415,0.6296936541440128,0.6148942107619035,0.6961759676667185,0.6318352845549773,0.6458219010036726,0.6882874260917446,0.6944154669353615,0.6377545000458853,0.694251590537496,0.6999404426348328,0.6454819745326713,0.679171216187617,0.6925866063351808,0.6346408484864378,0.631362384092565,0.6744188006495124,0.6706852280878529,nonstat_r30_r2,0.021815226083878536,0.04670102764548012,0.09970146402491675,0.1682177177542754,-0.0016649842023152006,0.004239248303645193,0.04670102764548012,0.03881997756298006,-0.0019243771292225542,-0.0016649842023152006,0.020045360986929245,0.05908633757788818,0.0012421830958218865,0.001557762216283111,0.09970146402491675,-0.0016649842023152006,-0.003733572561659515,-0.019832789887983537
nonstat_r30,3,2,False,30,50,3,0,0.7059151785714286,0.7061021299302549,0.7704819775132274,0.769193985990861,0.7529940401034151,0.789532227032227,0.7793231797138047,0.7767500150312651,0.789095380892256,0.772413495069745,0.7900912022005773,0.7892447540885039,0.7699117288961039,0.7879201238576238,0.7875236742424243,0.7932581018518517,0.7902058155964405,0.7247108360389611,0.7815168049543051,0.7689065130471381,0.7888492439273689,nonstat_r30_r2,0.022776124338624304,0.06437984758297255,0.00018695135882629277,0.08734292328042315,0.02029408670033661,0.08343009710197213,0.06437984758297255,0.00884120220057727,-0.009411450817700784,0.02029408670033661,0.01758642351090271,0.01851178576438991,0.012409718464405953,0.03559575792648707,0.00018695135882629277,0.02029408670033661,0.019942730880230797,-0.0010052158489658458
nonstat_r30,3,2,False,30,50,5,0,0.6323051948051949,0.692306246993747,0.7221837046055797,0.7084103685666185,0.6927872474747476,0.7164323668229918,0.7178650342712843,0.699452674062049,0.7258851536195287,0.7084075502044251,0.7285851446007696,0.7253910007816257,0.690831304112554,0.7314138407888409,0.7344933712121213,0.7196631493506495,0.7192385161135161,0.6975108225108225,0.7169537638287639,0.7020859638047139,0.7281614508177007,nonstat_r30_r2,-0.0025205552549302235,0.029877457611832692,0.06000105218855212,0.08735795454545459,0.02840721200096208,0.02412611982924484,0.029877457611832692,-0.004318670334295338,-0.02703373015873034,0.02840721200096208,0.009023847728274812,0.0014318062820666555,-0.006350474612193373,0.022827089721620997,0.06000105218855212,0.02840721200096208,0.026075487012986787,0.011254659692159885
nonstat_r30,3,2,False,30,100,1,0,0.5688128128051319,0.6314582450109438,0.7084747290860576,0.7350587291934831,0.7035293147205688,0.6273175635105919,0.7404923545582027,0.7251563905764727,0.7063156662977109,0.736811109341999,0.7365952989788812,0.7054437924307153,0.7385327964610937,0.7451011047572277,0.7199337797890237,0.7322618268874774,0.7371189987933803,0.7192268809551672,0.7140857985271183,0.7425238494430174,0.734967609262389,nonstat_r30_r2,0.023787097801419854,0.07701648407511374,0.06264543220581198,0.16344901408234558,-0.0014137976677134345,-0.0041406815003519615,0.07701648407511374,0.03201762547214515,-0.0019595580971090154,-0.0014137976677134345,0.03136643768387849,0.05132617866028767,0.024679353758265594,-0.0017112163199953234,0.06264543220581198,-0.0014137976677134345,-0.007556240180628393,0.003991052981923704
nonstat_r30,3,2,False,30,100,3,0,0.6897403735719034,0.6950957353563441,0.7709813062926918,0.8042534984585625,0.7697836698301397,0.8019403977513149,0.809022320618993,0.7809562579338694,0.8155762633742368,0.7956546953394186,0.826101863325878,0.8116933899534545,0.8001921129782991,0.8255417699329021,0.8158898401136432,0.8185542978903463,0.8229179260110016,0.7625449585927583,0.8046917502871304,0.7959333252735297,0.8149850012089705,nonstat_r30_r2,0.04757299159765449,0.07588557093634773,0.0053553617844406265,0.12881392431844285,0.02272581303270249,0.10684466239497081,0.07588557093634773,0.03804101432630125,-0.008830207640693977,0.02272581303270249,0.023208220622015368,0.03939111016240504,0.017604768003586607,0.04761809186665049,0.0053553617844406265,0.02272581303270249,0.01905167593544088,-0.004258787704769396
nonstat_r30,3,2,False,30,100,5,0,0.5787170475839285,0.6563240794394986,0.7561859859573604,0.8039693409893062,0.7389845049329851,0.7641583446843416,0.801296837019589,0.7536828064207824,0.7771615204581542,0.7958079033119858,0.798268751740279,0.7542425177414379,0.7975058510998563,0.8048488873503361,0.770859829471482,0.7890791384772842,0.7887715324237475,0.7322877236023209,0.7610615889404806,0.7965115404008098,0.7830944604571007,nonstat_r30_r2,0.03289315251992375,0.09986190651786186,0.07760703185557005,0.21036209089335567,-0.008734318676108743,0.10783426524484307,0.09986190651786186,0.04511085106222856,-0.0037909859197327034,-0.008734318676108743,0.029048939151070013,0.061588548525874,0.013323873114541005,0.028486092192763966,0.07760703185557005,-0.008734318676108743,-0.01341707994370911,-0.00099431069904643
nonstat_r30,3,2,False,30,200,1,0,0.6428617368209988,0.6623559522098047,0.7690430611148524,0.8119462246805034,0.7810360091101005,0.6684252540462012,0.8071027004940944,0.7903598641051446,0.7601580647846188,0.8057095133965391,0.8123264427478605,0.7820064164163407,0.8102229477682523,0.8136922011788652,0.7895218710512177,0.8055373748685316,0.8087635535445403,0.7288657395146829,0.7282244762070504,0.8055515621098508,0.8047069483433085,nonstat_r30_r2,0.036494313753679175,0.10668710890504773,0.019494215388805913,0.16267563804753282,-0.0014593942237119961,0.0060693018363965345,0.10668710890504773,0.03805963937924195,0.003120247274157939,-0.0014593942237119961,0.03661230431065141,0.06750486464741237,0.04130087229465069,0.0009895600820211494,0.019494215388805913,-0.0014593942237119961,-0.0008446137665423237,-0.004671385658401528
nonstat_r30,3,2,False,30,200,3,0,0.719891965950183,0.7144097807125905,0.8036604676234755,0.8382362299635395,0.8025299657854742,0.814115737933203,0.8353201341628672,0.8185722360727415,0.8271333542962813,0.8305538710329492,0.838485164970914,0.8413207780248411,0.833498042210393,0.8385665835635514,0.8402857324678631,0.8446916949292126,0.8440422178798973,0.767491895574572,0.8254413449228489,0.8341512626432781,0.8418420441868997,nonstat_r30_r2,0.04103122730573705,0.089250686910885,-0.005482185237592474,0.12479972897902958,0.010544175669504274,0.09970595722061248,0.089250686910885,0.03165966653939167,-0.0018220919524741808,0.010544175669504274,0.024494830387290483,0.04137764626023503,0.027729893662950714,0.036030066856830543,-0.005482185237592474,0.010544175669504274,0.007690781543621572,0.000653220432885071
nonstat_r30,3,2,False,30,200,5,0,0.5999727223131479,0.6895856064739043,0.7848406149602958,0.8119080363096319,0.778115907437716,0.7957924168030551,0.8098659983633387,0.7938848730072136,0.806814307146754,0.8090495620415833,0.8083297341940958,0.8054087485603444,0.8104996362975087,0.8152486058071164,0.8150137146147785,0.8159902179184094,0.8128779096199309,0.745403520337031,0.7971231511790022,0.8052988800994121,0.8129498924046796,nonstat_r30_r2,0.031149602958113642,0.09525500848639146,0.08961288416075641,0.2160174956052615,0.002378273322422242,0.1062068103291508,0.09525500848639146,0.025025383403042945,0.0006336379341699283,0.002378273322422242,0.026595902537835173,0.03872389676910948,0.024231204916045395,0.033741298923036525,0.08961288416075641,0.002378273322422242,0.007651012305267546,-0.005200756198096568
nonstat_r30,3,2,False,30,500,1,0,0.6488485116566575,0.7056809782783344,0.8338938131721269,0.8596106697214236,0.8545257092952698,0.7056403364013225,0.8612713157193328,0.8584821487643925,0.8348049473451402,0.8604017685832619,0.8610236838175388,0.8537119265950992,0.8624244108345573,0.860715561680192,0.8578885883280309,0.8652910809037997,0.8605889102495033,0.8015079081531385,0.8044662587356406,0.8615832184964017,0.8600170884915437,nonstat_r30_r2,0.03139726773167284,0.12821283489379243,0.05683246662167696,0.21644256924714222,-0.0018355005850539952,-4.064187701191546e-05,0.12821283489379243,0.027377502547205945,0.001153095115224545,-0.0018355005850539952,0.04260040591468485,0.05832991500491802,0.05400911638258308,-3.15053310170344e-05,0.05683246662167696,-0.0018355005850539952,-0.0015661300048580573,-0.0008411923381556052
nonstat_r30,3,2,False,30,500,3,0,0.7013779903242363,0.7544056965086096,0.854745886132826,0.8775845424949834,0.8657353450719752,0.8476678667183003,0.8795319242763096,0.8714366711815289,0.8681718884044625,0.87979781322552,0.8868044965805015,0.879102981476712,0.8833294113941288,0.8865562100355938,0.8794735584094097,0.8851600614416555,0.8872167634181275,0.8156231529056012,0.8522463447217801,0.8810392459500572,0.8854917277964198,nonstat_r30_r2,0.030414175308829505,0.10034018962421642,0.05302770618437325,0.18378207111741918,0.0038873520239987025,0.09326217020969074,0.10034018962421642,0.02478603814348357,0.0037974871178192426,0.0038873520239987025,0.028249774411292172,0.04225711924609828,0.033313708196605805,0.028990465055521684,0.05302770618437325,0.0038873520239987025,0.004452481846362599,-0.002290165444071568
nonstat_r30,3,2,False,30,500,5,0,0.6317580805451707,0.7359112204817568,0.8381420661587242,0.8778732667644694,0.8592929818749704,0.8312573943495338,0.8756992096919218,0.8643140409824428,0.8479854242581989,0.8718584070796461,0.8639051630306185,0.8511040651175997,0.8719246604514694,0.8681794519899674,0.8552827599261749,0.8626397236287918,0.8655927310586342,0.7979253229851876,0.8348312905210356,0.8689792248355497,0.8672755667029483,nonstat_r30_r2,0.024497657470067602,0.10223084567696739,0.10415313993658615,0.23088164308362114,-0.006331929392835223,0.095346173867777,0.10223084567696739,0.03755714353319761,-0.003774549240452396,-0.006331929392835223,0.028637152366980546,0.048243891281371756,0.033720521193191605,0.019079945735333476,0.10415313993658615,-0.006331929392835223,-0.0017036581326014266,-0.002945435615919756
nonstat_r80,4,0,False,80,30,1,0,0.625188249118684,0.5701809635722679,0.7766383078730905,0.8025757931844888,0.7299177438307873,0.5655783783783783,0.8209870740305523,0.8133678025851938,0.7666462984723855,0.7998683901292598,0.7941480611045828,0.7519012925969448,0.8166599294947121,0.8084333725029378,0.8062467685076381,0.8051450058754406,0.8066886016451236,0.7359764982373679,0.724689071680376,0.8090406580493537,0.8007971797884842,nonstat_r80_r0,0.02850669800235006,0.20645734430082263,-0.055007285546416096,0.1799567567567566,-0.00997132784958854,-0.0046025851938895634,0.20645734430082263,0.04434876615746175,-0.004327144535840155,-0.00997132784958854,0.08436286721504123,0.09497516647081868,0.06171594202898556,-0.004546337641989769,-0.055007285546416096,-0.00997132784958854,-0.008243478260869463,-0.007619271445358455
nonstat_r80,4,0,False,80,30,3,0,0.6251926773930965,0.6495955939659502,0.77291778520584,0.8494941797475613,0.7456533327175354,0.7816765482987621,0.849696238436951,0.7789208526491819,0.8049700664484434,0.851839022728716,0.8423018525895264,0.7699022998127589,0.8418640587625157,0.8423105122476432,0.8065855737793249,0.8411145172433035,0.8442974226933078,0.69502127389344,0.7744207169812046,0.8432890536148301,0.8402812656956303,nonstat_r80_r0,0.06819673203746357,0.12332219123988974,0.02440291657285376,0.21592183985020708,0.0024333639307920762,0.13208095433281186,0.12332219123988974,0.07677845323111099,-0.00783217967443528,0.0024333639307920762,0.03858294637490682,0.09399305174690964,0.023608633486705517,0.03851719711883556,0.02440291657285376,0.0024333639307920762,-0.003007787919199756,0.0014249948523143985
nonstat_r80,4,0,False,80,30,5,0,0.4111919778785807,0.5722286087118623,0.6907710262225814,0.7817801217920836,0.7119758979059219,0.7907455881439136,0.7814237945069284,0.7270911654135339,0.797465318772137,0.7764002594295656,0.8137854967998508,0.809376553470453,0.7733797303175294,0.8085891381345928,0.8061744624992233,0.8076988053812216,0.806916244640527,0.6535188047598335,0.8007246939663206,0.788168769030013,0.8085299120735722,nonstat_r80_r0,0.11692777915864028,0.11854241751071903,0.16103663083328162,0.39650682750264094,0.033536514322997646,0.21851697943205128,0.11854241751071903,0.0906527682843471,-0.00804406418939907,0.033536514322997646,0.030278271867685808,0.07206096335881024,0.038197734781167794,0.09415066592100087,0.16103663083328162,0.033536514322997646,0.020361143043559182,0.014789038712483604
nonstat_r80,4,0,False,80,50,1,0,0.601066028708134,0.6074842105263158,0.7249617224880383,0.8169406698564594,0.7416794258373205,0.6065722488038277,0.8196555023923446,0.7394631578947368,0.7305473684210527,0.791442105263158,0.8061942583732058,0.7537406698564593,0.7986784688995214,0.819374162679426,0.7536,0.7860105263157895,0.793560765550239,0.7149244019138756,0.7128641148325359,0.7931205741626793,0.7892985645933015,nonstat_r80_r0,0.06104880382775124,0.1174775119617224,0.006418181818181878,0.18494449760765552,-0.00511770334928241,-0.0009119617224881971,0.1174775119617224,0.09469377990430639,-0.020977033492823205,-0.00511770334928241,0.04331937799043058,0.1060535087719298,0.036934051036682465,-0.00023038277511967342,0.006418181818181878,-0.00511770334928241,-0.0038220095693778378,-0.005557894736842095
nonstat_r80,4,0,False,80,50,3,0,0.6581830119565969,0.6459835587194077,0.8169506070449466,0.843499704348761,0.832534691025257,0.8010190368680935,0.8465666060005683,0.8474929158891422,0.8443751391864599,0.8446583116394438,0.8559679314396295,0.8387856029365464,0.8494232881025335,0.8581018038565209,0.8541873046590027,0.8551980863301619,0.8563970096988964,0.7738296818485497,0.810523072315525,0.8454627133872418,0.8539386888443492,nonstat_r80_r0,0.038247479285215324,0.17096704832553888,-0.012199453237189184,0.19701507437356502,0.006973721596362892,0.1550354781486858,0.17096704832553888,0.029615998955621725,0.0028566821019652133,0.006973721596362892,0.05001497454327639,0.060661298868846115,0.05299212492608719,0.04674505264127903,-0.012199453237189184,0.006973721596362892,0.008475975457107432,-0.003960574715291765
nonstat_r80,4,0,False,80,50,5,0,0.5376283301337744,0.6569611272564478,0.8197658757559432,0.8350677977676437,0.7997044518131255,0.8318571732086897,0.8306924326005964,0.8023545212422889,0.8452782478052038,0.8398927452215283,0.8437568765223198,0.8379616280569697,0.8324262647110154,0.8461091213985992,0.8467104614193901,0.8416559803929007,0.8449842171956689,0.7298721820485776,0.8339267693054807,0.8401374545675284,0.8437056582871105,nonstat_r80_r0,0.021890104636957508,0.16280474849949533,0.11933279712267342,0.30402765025912626,0.012557952484653412,0.17489604595224184,0.16280474849949533,0.010926556844653268,0.001733832110418998,0.012557952484653412,0.04281077770780063,0.05222940015226358,0.03495320487041156,0.05802970720874524,0.11933279712267342,0.012557952484653412,0.003568203719582108,0.007711189856512979
nonstat_r80,4,0,False,80,100,1,0,0.6427856503187063,0.6950946711719509,0.8680783934497786,0.9172558529812388,0.8912146958556906,0.6844592153882046,0.9114903560328416,0.8912372724467758,0.8699936409268443,0.9164807233539782,0.9124837260405928,0.8920707249343397,0.9142663360450328,0.9128957488278988,0.8887011687148652,0.9151863321317568,0.913510960934972,0.8398002724241992,0.8371729216366522,0.912850595645728,0.9117264695479412,nonstat_r80_r0,0.04710793868197827,0.17298372227782766,0.052309020853244625,0.27240068181305055,-0.0007553751100608519,-0.01063545578374625,0.17298372227782766,0.04341196258306301,0.0027759800121912592,-0.0007553751100608519,0.05737871980694518,0.09388851679322097,0.07036559026497387,-0.0032165371021189338,0.052309020853244625,-0.0007553751100608519,-0.0011241260977867817,-0.00141574039930481
nonstat_r80,4,0,False,80,100,3,0,0.6296046340531426,0.6789412549736796,0.8605373570156212,0.9029578779473746,0.8916626585731694,0.8611333430921698,0.9004788800404547,0.902309612390427,0.871951393390733,0.9040890157960072,0.9066240953273552,0.8815270931278149,0.9058845783137112,0.9071678019235048,0.8930865615120367,0.9089243924649107,0.9080147295059684,0.8316486666831425,0.8618605031377194,0.9091715318267972,0.9038266678580053,nonstat_r80_r0,0.04838703544928957,0.18159610204194154,0.04933662092053703,0.27931975841176815,0.0021301511922572347,0.1821920881184902,0.18159610204194154,0.03994152302483356,0.005405698273256432,0.0021301511922572347,0.047912005079664484,0.07340680659824071,0.061070275028088275,0.04668438782629529,0.04933662092053703,0.0021301511922572347,-0.005344863968791969,0.003286953513086055
nonstat_r80,4,0,False,80,100,5,0,0.6320998544014668,0.6859886448551334,0.8407313822616305,0.890200217242256,0.8667311203383432,0.8460661433336671,0.8924727869408131,0.8770780531396127,0.8526238550485714,0.8893528183716075,0.8945970618370065,0.8713898882203852,0.894264842961582,0.88910630233651,0.8793477339783837,0.8921251608131948,0.8954820158848771,0.8263111571616759,0.8491870748561348,0.8960703803280206,0.898127248495867,nonstat_r80_r0,0.05139377855156435,0.15474273740649702,0.05388879045366668,0.26002530641172805,0.0012171729232950401,0.1600774984785337,0.15474273740649702,0.051741404679182645,0.0017920560207689284,0.0012171729232950401,0.04173792520806211,0.07152800781661262,0.05401846815962934,0.042208969845439565,0.05388879045366668,0.0012171729232950401,0.0020568681678464484,0.0018055373664385144
nonstat_r80,4,0,False,80,200,1,0,0.6447412569119161,0.7109525316995589,0.904144969679507,0.9225391493580472,0.9071760711692772,0.7192240835135755,0.9211875700195816,0.9116999759255852,0.9073703725468264,0.9219988967473002,0.919852103478279,0.906043436309904,0.9212814033677644,0.9217344573115134,0.9116042469542074,0.9218026997465552,0.9214785481801068,0.8593580282485768,0.8601361815703722,0.925639441094457,0.9264943671556742,nonstat_r80_r0,0.017657730067048183,0.19319243797994812,0.06621127478764277,0.27706144283463907,0.0001971448123423425,0.00827155181401662,0.19319243797994812,0.017042600340074654,9.383334818280353e-05,0.0001971448123423425,0.06472076206579955,0.07804841484829013,0.06566794178920293,0.0020888977772553215,0.06621127478764277,0.0001971448123423425,0.0008549260612172871,0.004358037726692521
nonstat_r80,4,0,False,80,200,3,0,0.6567158220520551,0.728305441438427,0.8765757510660261,0.8924934270435098,0.8664553941967877,0.8495206446915415,0.8885040274210628,0.8773428336238805,0.8697594573580042,0.88831106861159,0.8941369038000528,0.8768979827724854,0.8856894903035821,0.8940513555593999,0.8830688625315815,0.8938450892458256,0.8903224028029407,0.8288683488619233,0.8570213243247866,0.8889403234483925,0.8893500044675193,nonstat_r80_r0,0.017269338179799476,0.14827030962759913,0.07158961938637187,0.23712926719377048,0.004632912499358599,0.12121520325311452,0.14827030962759913,0.011928276355036682,-0.0028145371174806977,0.004632912499358599,0.03873695626964053,0.05352587073850948,0.036452342976204394,0.03330179138015931,0.07158961938637187,0.004632912499358599,0.00040968101912686183,0.003250833144810339
nonstat_r80,4,0,False,80,200,5,0,0.65561078169391,0.7134623463670003,0.8786953927844525,0.9152009146522768,0.8801274144383847,0.8806693382391024,0.9145870540638532,0.896688222125454,0.8925043785524784,0.9133286398575844,0.9083573282485216,0.9008001289107236,0.9125382943499888,0.9096406805411948,0.90299180304283,0.9074125584366504,0.9099869362793528,0.8391646892043023,0.8849721173010853,0.9103466202178824,0.9072053804880578,nonstat_r80_r0,0.02871716565219784,0.16523304641745218,0.05785156467309038,0.2518017767427404,-0.0025513580706360006,0.16720699187210208,0.16523304641745218,0.03589166127940069,-0.002048759713864423,-0.0025513580706360006,0.04449074509247245,0.06354839875104962,0.04539826763426442,0.04308717843456595,0.05785156467309038,-0.0025513580706360006,-0.0031412397298246075,-0.0021916741321064137
nonstat_r80,4,0,False,80,500,1,0,0.6659654146303388,0.7468581687612208,0.9206722119520002,0.9438287599642838,0.9398973062402546,0.7439129102086431,0.9426340930336164,0.9423713615014536,0.9205113364848424,0.9444675022037085,0.9436926345689964,0.93894918810245,0.943998202764012,0.9431052963249952,0.9428282859052148,0.9454851109279184,0.9451367060700504,0.873984057146012,0.8722163308589608,0.9464598829892756,0.9441876360064048,nonstat_r80_r0,0.024812898975918207,0.17381404319077942,0.08089275413088204,0.27951969629757967,0.0011385033060383742,-0.0029452585525776565,0.17381404319077942,0.02196188108161623,0.0013641097303955796,0.0011385033060383742,0.05842476581037769,0.07124212995310822,0.06900494557205349,-0.000393304026709812,0.08089275413088204,0.0011385033060383742,-0.0022722469828708736,0.002461680225263607
nonstat_r80,4,0,False,80,500,3,0,0.6514827875473809,0.7607412772634063,0.8938416547567265,0.9200652069222643,0.908402527496427,0.8825945286770646,0.919908888957932,0.9146999083452432,0.8982302087864289,0.9193234247809609,0.9183758078046356,0.9066820589697384,0.9198370409494812,0.9177835471944324,0.9080685313490336,0.917320418815634,0.9189311734915802,0.8528232383645062,0.8884744143416392,0.9183660986143044,0.9169864226682408,nonstat_r80_r0,0.023478764058907475,0.13310037749332015,0.10925848971602548,0.2658376312682531,-0.0009058674579009995,0.12185325141365821,0.13310037749332015,0.02606723420120549,-7.184800845083661e-05,-0.0009058674579009995,0.03560149728660496,0.051554829739638416,0.041611809741295386,0.02942175946063506,0.10925848971602548,-0.0009058674579009995,-0.0013796759460635855,-0.0014709423351767503
nonstat_r80,4,0,False,80,500,5,0,0.6445993628825754,0.768364757346665,0.901905064931106,0.9281823481892452,0.9170823298987928,0.8997006843677601,0.9308916214486036,0.922150309413486,0.9087925634069016,0.928541488842824,0.923067689915864,0.9179892314961592,0.9283033319107424,0.9233001310815756,0.9204327216193148,0.9243499268381904,0.9245032999024508,0.8602256965613949,0.9028424506157786,0.9240346070601146,0.9262027877697842,nonstat_r80_r0,0.02244486190708439,0.13354030758444102,0.12376539446408963,0.27975056395561504,-0.0038000320082915984,0.1313359270210951,0.13354030758444102,0.028986556517497597,-0.002588289537861166,-0.0038000320082915984,0.0350323290096736,0.04854154282506192,0.04158243849835379,0.030982232222696554,0.12376539446408963,-0.0038000320082915984,0.0021681807096695094,-0.004268724850627792
nonstat_r80,4,1,False,80,30,1,0,0.5740546381459463,0.5228325171257568,0.5812681730153196,0.76808722682296,0.444479327710232,0.5620050049374017,0.759089473751458,0.49839739787062,0.5880655424114598,0.7215360156536628,0.7462330636167337,0.4589337767564281,0.709536577842109,0.7710469299582556,0.5045312753828997,0.7328299799765998,0.7283379482677113,0.5121089550413519,0.521040997774975,0.7227023741510133,0.7069985160415362,nonstat_r80_r1,0.1515618069612802,0.05843565588956279,-0.051222121020189415,0.15877534183065356,0.01880137042560226,0.03917248781164484,0.05843565588956279,0.17782130073613833,-0.04955289590934897,0.01880137042560226,0.0242686378551172,0.22619224715361683,-0.06184749786593509,0.01689204399915547,-0.051222121020189415,0.01880137042560226,-0.015703858109477165,0.013165796308904354
nonstat_r80,4,1,False,80,30,3,0,0.6330039122547555,0.6348207065371809,0.6808570897778685,0.7359710697139027,0.6349172379627134,0.7151157284297798,0.7344447803819002,0.6589453668558439,0.7121842693846031,0.711673381368342,0.7432154799979601,0.708338493818346,0.7174734629647169,0.7394452903592426,0.7094640866670067,0.7364528161677388,0.7276183693838746,0.6783336126066399,0.7226743211837303,0.7254482336570476,0.7301846482249146,nonstat_r80_r1,0.055595726389870315,0.046036383240687595,0.0018167942824254268,0.10344890391298334,0.010144906419157662,0.08029502189259885,0.046036383240687595,0.05358769060403168,-0.016971317417183274,0.010144906419157662,0.011194306224394953,0.052521746890959585,-0.009552664874460548,0.03863427460579968,0.0018167942824254268,0.010144906419157662,0.004736414567866998,0.007974770692330657
nonstat_r80,4,1,False,80,30,5,0,0.597695876403081,0.5543427994287785,0.6761897979267327,0.702318367135532,0.6941496052505013,0.7276515179542579,0.7083515231337265,0.707280483022442,0.7248805022604681,0.7112067051920472,0.720771148880125,0.7230482652479855,0.7024534032808233,0.7219864741877484,0.7198758407387403,0.7181027976529607,0.7224026814848796,0.6367610933118261,0.7213584636216325,0.7093837172306121,0.7275211063344901,nonstat_r80_r1,0.04191299972622797,0.12184699849795422,-0.04335307697430246,0.12040692124987973,0.019949278204056342,0.17330871852547935,0.12184699849795422,0.032161725206993785,-0.0058981198529032275,0.019949278204056342,0.03201027199609327,0.04009825883531016,0.03687280643339323,0.05907854479130445,-0.04335307697430246,0.019949278204056342,0.018137389103877966,0.006930313949788824
nonstat_r80,4,1,False,80,50,1,0,0.6051154222491896,0.6192751238586689,0.7173188948472242,0.8299296114691579,0.7879297244406543,0.6021963845476859,0.8291278782677461,0.8101176907897253,0.7501936003469318,0.8342343721244654,0.8280209398135241,0.7900825602985362,0.8335647426891952,0.8273631541641839,0.8016694271798487,0.833582052837862,0.8337296446317585,0.75795765755424,0.7600257647896999,0.8306411496854108,0.8333451771192634,nonstat_r80_r1,0.1162631579906378,0.09804377098855532,0.014159701609479325,0.22846663058867245,0.00016490194256324475,-0.017078739310983027,0.09804377098855532,0.11180898342052192,0.004436864421449083,0.00016490194256324475,0.039518082424246884,0.10468319998445126,0.07262723414800355,-0.0023739957836121563,0.014159701609479325,0.00016490194256324475,0.0027040274338525627,-0.0029235930037844193
nonstat_r80,4,1,False,80,50,3,0,0.5730153771390886,0.6007835636159022,0.6355990726582154,0.7203395868615619,0.675343596938822,0.7491144032109848,0.7177837335189478,0.677534067387567,0.7403031947253326,0.712941496717948,0.7589605587435213,0.7540050532454221,0.7151584574264988,0.7575711902895843,0.7503356955337424,0.7549413469109617,0.7493994018682026,0.6746786000719804,0.744562645810611,0.7166638349492391,0.7568404245018461,nonstat_r80_r1,0.11934227425274635,0.03481550904231312,0.027768186476813672,0.18192596977187314,0.03424094444170389,0.14833083959508253,0.03481550904231312,0.0821846608607324,-0.0026252760924490026,0.03424094444170389,0.006316861263506242,0.04510971534845648,0.020165025184015882,0.0770242364563218,0.027768186476813672,0.03424094444170389,0.040176589552606945,0.001505377522740381
nonstat_r80,4,1,False,80,50,5,0,0.5967191766124795,0.6256520580988391,0.7387698022182924,0.7806226831127127,0.7855810993792036,0.8093160141769455,0.7725704592708789,0.809328037943307,0.8128029064218011,0.7886601084728706,0.8277151514254638,0.8301041813109975,0.8035177840753539,0.8234670622794101,0.8267772976492613,0.8287029500773221,0.8297582668018263,0.7655735521535489,0.8130174844061,0.8067077817815893,0.8227752332610675,nonstat_r80_r1,0.08993314785902973,0.1131177441194533,0.02893288148635953,0.23198377346484256,0.02624048272647239,0.18366395607810648,0.1131177441194533,0.0338006570525865,0.03094732480447504,0.02624048272647239,0.03074862435780759,0.04438218805417233,0.05366284002594669,0.07531255626506063,0.02893288148635953,0.02624048272647239,0.01606745147947819,0.0031899977062354035
nonstat_r80,4,1,False,80,100,1,0,0.612304204787624,0.6621902266706983,0.7454902145395883,0.8277545315128219,0.7933990465309552,0.653449490221782,0.8294302542644475,0.7967188062987621,0.7333409982636216,0.8361376718045841,0.8365088475626428,0.7950992125642089,0.8318084950362032,0.8364653928397481,0.8103961803298576,0.8393750486602365,0.8364309911841232,0.7293069514882337,0.7522419921093465,0.8394058290889536,0.8369678380732175,nonstat_r80_r1,0.09388483412064819,0.08329998786889004,0.04988602188307423,0.22707084387261245,0.0046224961479199855,-0.008740736448916264,0.08329998786889004,0.0839400397248592,0.0023782407717557463,0.0046224961479199855,0.02807325983449798,0.08891877406984264,0.056423694411903716,0.0008250361971806337,0.04988602188307423,0.0046224961479199855,-0.002437991015736052,0.007597334052750315
nonstat_r80,4,1,False,80,100,3,0,0.6011091367595641,0.5806440256513352,0.6968930829962627,0.7841602448772371,0.7596039644320259,0.7813160669187825,0.7777872480771689,0.7562696984800787,0.7840222049698073,0.7840555568937501,0.8090305892729095,0.8099264590077061,0.7829642078269554,0.8096077628455861,0.8026381371838748,0.809264052740509,0.8046512963707548,0.6990961628611504,0.7931513677068143,0.7791129870538949,0.8035173309567,nonstat_r80_r1,0.11237096974424632,0.11624905734492752,-0.020465111108228906,0.20815491598094493,0.021687088543799415,0.2006720412674473,0.11624905734492752,0.08089416508090619,0.005176959749786492,0.021687088543799415,0.026675440075548333,0.0667721730075468,0.05282659099485702,0.07773306664146747,-0.020465111108228906,0.021687088543799415,0.024404343902805103,-0.0038512207730605486
nonstat_r80,4,1,False,80,100,5,0,0.5899007378566107,0.649094734428933,0.7700497882198079,0.8379525634554836,0.8176933984850923,0.826752525000416,0.8430386159133727,0.8134540970361865,0.8210674609117179,0.8326788576626344,0.8507564370640295,0.8458968627690236,0.8335477942875736,0.8483881225607377,0.8452996999395441,0.8505909693450252,0.8466169708869256,0.7918184994758649,0.8274328838897301,0.8269910203719419,0.8403966788132913,nonstat_r80_r1,0.08054118112521735,0.1209550537908749,0.05919399657232227,0.2606902314884145,0.013069176599351917,0.177657790571483,0.1209550537908749,0.07298882769356485,-0.009490821625799062,0.013069176599351917,0.028667359350898244,0.061217663694410444,0.04769445230185013,0.059942761110833784,0.05919399657232227,0.013069176599351917,0.013405658441349333,-0.006556773915631697
nonstat_r80,4,1,False,80,200,1,0,0.6024886857142857,0.6820845714285713,0.8030793142857142,0.8689042285714286,0.8596150857142857,0.6732946285714285,0.8645193142857143,0.8567369142857143,0.8029714285714286,0.8692580571428571,0.8659090285714285,0.8513088,0.8691894857142857,0.8708507428571429,0.8552758857142856,0.8670930285714287,0.8679652571428571,0.7865746285714285,0.7867492571428572,0.8685147428571428,0.8706605714285713,nonstat_r80_r1,0.06401371428571445,0.12099474285714296,0.07959588571428555,0.26460434285714296,-0.001224228571428565,-0.00878994285714274,0.12099474285714296,0.06144000000000005,0.004670171428571401,-0.001224228571428565,0.04140457142857143,0.07986171428571436,0.06784327619047621,-0.003228876190476154,0.07959588571428555,-0.001224228571428565,0.002145828571428532,-0.0006747428571428626
nonstat_r80,4,1,False,80,200,3,0,0.6426722873900292,0.6791239002932552,0.8073148826979473,0.8554224706744868,0.8295802785923753,0.8162270894428154,0.8615982404692082,0.8302492668621702,0.8284934017595308,0.8526631231671555,0.8589598607038125,0.8386354472140762,0.8583229472140761,0.8641431451612903,0.8422021627565982,0.8590441715542522,0.8598927785923753,0.7780205278592375,0.8159640762463343,0.8516743035190616,0.8535593841642228,nonstat_r80_r1,0.0517292888563049,0.12819098240469207,0.03645161290322596,0.21637188416422293,0.0015698313782992468,0.1371031891495602,0.12819098240469207,0.05428335777126092,-0.0032752932551320946,0.0015698313782992468,0.03505330522971648,0.06551655669599217,0.0409766006842619,0.03922241568914961,0.03645161290322596,0.0015698313782992468,0.0018850806451612412,-0.0066486436950145
nonstat_r80,4,1,False,80,200,5,0,0.6334685185185185,0.6749935185185185,0.7983287037037037,0.891788888888889,0.8425342592592593,0.8662601851851852,0.8944648148148148,0.8442296296296297,0.8768972222222223,0.8768037037037038,0.8906777777777778,0.8715796296296294,0.880337962962963,0.8920703703703705,0.874924074074074,0.8895907407407407,0.8870009259259258,0.8020537037037037,0.8704074074074074,0.8734333333333334,0.887387037037037,nonstat_r80_r1,0.09126203703703706,0.12333518518518516,0.041525000000000034,0.25612222222222225,0.006662962962962871,0.1912666666666667,0.12333518518518516,0.09613611111111109,-0.014126851851851807,0.006662962962962871,0.03212631172839504,0.07589436728395063,0.04220516975308634,0.061781558641975286,0.041525000000000034,0.006662962962962871,0.013953703703703635,-0.006904629629629566
nonstat_r80,4,1,False,80,500,1,0,0.6411314796851133,0.7257384856025335,0.8713405789793137,0.9008506635322248,0.887152761860054,0.7268002105112598,0.9011128857462972,0.8871518449991656,0.8761210916512481,0.8980725750404794,0.903132730283365,0.8810638887004231,0.8980203139698426,0.9018757140054168,0.8877908970383559,0.8958574391341899,0.8960215572332071,0.793477084895817,0.7931433475324524,0.8889113010439378,0.8893202210001485,nonstat_r80_r1,0.024516860154876197,0.1456020933767802,0.08460700591742021,0.2547259594490766,-0.0019987567366355208,0.001061724908726247,0.1456020933767802,0.029772306766983503,-0.0030925717764546112,-0.0019987567366355208,0.04935821265915935,0.06820581632097952,0.05293992971955669,-0.0002208870690219763,0.08460700591742021,-0.0019987567366355208,0.0004089199562107293,-0.009109012925904825
nonstat_r80,4,1,False,80,500,3,0,0.6359389807045231,0.7124486538102632,0.8634014687682894,0.9016409037291784,0.8823291193369706,0.8422659546903284,0.90272716895184,0.8896176962479911,0.8619627788820619,0.8994883047558302,0.8959314429842125,0.8846429820381201,0.8949846980653788,0.8961660907679234,0.8893912022482702,0.8939663810426335,0.894961142689408,0.7986531760800595,0.8483794807307964,0.8975866611341733,0.8960455959600718,nonstat_r80_r1,0.030564912274344103,0.15095281495802615,0.07650967310574008,0.25802740033811034,-2.3555375970873982e-05,0.12981730088006516,0.15095281495802615,0.03932570018355064,-0.0077424708864611835,-2.3555375970873982e-05,0.040366138120268936,0.06194422147368465,0.04918234156140742,0.031019787723783717,0.07650967310574008,-2.3555375970873982e-05,-0.0015410651741014636,0.002601963068794455
nonstat_r80,4,1,False,80,500,5,0,0.6288216282320056,0.7418772201840205,0.8694977652573956,0.8965485237596086,0.8692348008385744,0.8760554973212206,0.897884273817843,0.8799053328092242,0.8828761938038666,0.8928260758793384,0.9027058947705568,0.8881827975774517,0.8928852201257861,0.901309180642907,0.8941636457605404,0.8984911847775447,0.8994083755532261,0.8399602186699278,0.8785486547868623,0.8899507555904962,0.8972700835662707,nonstat_r80_r1,0.02899341952014911,0.12762054507337517,0.11305559195201487,0.26966955654553915,0.006523155427439975,0.1341782771372001,0.12762054507337517,0.028386508560447332,-0.004999053692056887,0.006523155427439975,0.034090288696715515,0.050008128542588674,0.03310470290783444,0.04032803522206694,0.11305559195201487,0.006523155427439975,0.007319327975774503,-0.0029344645352898935
nonstat_r80,4,2,False,80,30,1,0,0.5369860596096998,0.5351569468876309,0.5539679372941408,0.5630473190597958,0.5854733728378199,0.5449422683299732,0.5845583368982008,0.5744392287609031,0.5432714165408571,0.5927121319953731,0.5502521624198384,0.5780475780322314,0.5973448611236334,0.5918575229574269,0.5983721184520737,0.5892409421992707,0.6069757582617002,0.5691379670855626,0.565399172439194,0.5967511428357672,0.5944117584995712,nonstat_r80_r2,0.03527300490512986,0.01881099040650991,-0.0018291127220688708,0.052254882589570895,0.009630897138066863,0.009785321442342232,0.01881099040650991,0.03059039960405996,0.012786524225432583,0.009630897138066863,0.015417172622073472,0.019608849311932658,0.03220178364867218,0.004591005791390999,-0.0018291127220688708,0.009630897138066863,-0.002339384336196071,-0.0005937182878661407
nonstat_r80,4,2,False,80,30,3,0,0.4979101469364587,0.5106973448730547,0.577071657345182,0.7021510524557946,0.5043476666042446,0.6939895246718497,0.7078240623654627,0.5527453815695231,0.714055009952141,0.697405686330913,0.7611679237961384,0.6843144220132477,0.7116630210877276,0.7685707335625577,0.682460099733773,0.7558105637487235,0.74894059411675,0.4733637850183115,0.6693466337438391,0.6777543105029354,0.7521559754352977,nonstat_r80_r2,0.1787389064035415,0.06637431247212722,0.01278719793659605,0.2579004168122648,0.03727757302902235,0.18329217979879497,0.06637431247212722,0.13075240502028074,0.003838958722264918,0.03727757302902235,0.022704588409954856,0.12081007788604042,-0.012483292437209506,0.10721187538490942,0.01278719793659605,0.03727757302902235,0.07440166493236222,-0.03390871058479217
nonstat_r80,4,2,False,80,30,5,0,0.6151575469781232,0.609624400779645,0.7013954214673279,0.7938813675393774,0.7066604706466689,0.778118203505392,0.7628169188973593,0.7261214921621602,0.8031462361059896,0.7925888576997464,0.8136848006863283,0.796547286670028,0.766556166795855,0.829256063696089,0.8094714443750423,0.8219779351449794,0.8160666310458229,0.6733270746005825,0.777070273402518,0.7906246942753291,0.8077321061701823,nonstat_r80_r2,0.12058251367765149,0.09177102068768295,-0.005533146198478223,0.20682038816685622,0.049510464249967856,0.168493802725747,0.09177102068768295,0.061421497430031335,0.003739247898495779,0.049510464249967856,0.022788873754211115,0.07062067438786082,0.02598001219135921,0.08705266993274674,-0.005533146198478223,0.049510464249967856,0.01710741189485321,0.024068527479474078
nonstat_r80,4,2,False,80,50,1,0,0.6251165173447142,0.6314354166506174,0.7102396598078715,0.7693351385497154,0.7570603733177206,0.6323579258757097,0.7671973823078524,0.7574580730149683,0.7089078954463865,0.7978558882666072,0.7752842638029721,0.7467018850773058,0.7816426441926215,0.771718447873414,0.7637018619664275,0.8102924296466347,0.8024433976072538,0.6734558081488957,0.6803158871880994,0.7844429122788096,0.7804572487269759,nonstat_r80_r2,0.10005276983876321,0.0788042431572541,0.006318899305903236,0.18517591230192054,0.020800753414632278,0.0009225092250922939,0.0788042431572541,0.05695772249998088,0.014445261884769134,0.020800753414632278,0.023741371938771582,0.0767657513474927,0.0636150196314072,0.0068858380389649285,0.006318899305903236,0.020800753414632278,-0.003985663551833718,0.0028002680861880513
nonstat_r80,4,2,False,80,50,3,0,0.6409569115005884,0.6209977085526723,0.7052180745649347,0.7443207329534898,0.732378692636403,0.7417622081501208,0.7523059624078776,0.7534545890877563,0.7556202390536942,0.7564166331207036,0.7828060165975104,0.790233866972193,0.7624674862203505,0.754783202762123,0.7913408837554963,0.7945496841518548,0.7978436396853905,0.7165978974422493,0.7499835495757726,0.7476746841518548,0.7902619294605808,nonstat_r80_r2,0.0893316095869201,0.08422036601226235,-0.019959202947916088,0.15359277265126636,0.03537615346503997,0.1207644995974485,0.08422036601226235,0.04708788784294293,0.010161523812472928,0.03537615346503997,0.023716431457855968,0.04284488798228774,0.052479514383476804,0.05780509730909768,-0.019959202947916088,0.03537615346503997,0.04258724530872604,-0.014792802068495758
nonstat_r80,4,2,False,80,50,5,0,0.5695157894736842,0.5723090909090909,0.6856727272727273,0.7709291866028709,0.6846564593301436,0.7849837320574162,0.7640200956937798,0.6850344497607654,0.7953961722488039,0.745865071770335,0.8030995215311005,0.7881904306220097,0.7438143540669857,0.8145492822966507,0.7953626794258373,0.8099856459330144,0.8047684210526316,0.6966574162679426,0.792132057416268,0.7593014354066985,0.8091961722488038,nonstat_r80_r2,0.12431291866028704,0.11336363636363644,0.002793301435406681,0.24046985645933017,0.06095406698564587,0.21267464114832535,0.11336363636363644,0.0783473684210525,-0.020205741626794116,0.06095406698564587,0.02874098883572565,0.0734564593301436,0.022654226475279145,0.10760765550239232,0.002793301435406681,0.06095406698564587,0.049894736842105325,0.015487081339712772
nonstat_r80,4,2,False,80,100,1,0,0.6475776934530957,0.6538642586099235,0.750033142802248,0.8422479465872521,0.790463518901004,0.6551419376531054,0.8307863009750711,0.7987031077381239,0.7422489072481867,0.8352889187761179,0.8311638407224171,0.7897017147797686,0.8187127143474711,0.8330313655795187,0.8016408088765071,0.8305932081271915,0.8308112781593737,0.7409808348143523,0.7472520293962246,0.8294721168163697,0.8403218214131324,nonstat_r80_r2,0.08056006532494353,0.0961688841923245,0.006286565156827795,0.18301551467409582,0.012098563811902663,0.0012776790431818785,0.0961688841923245,0.08075315817282314,-0.012073586627600053,0.012098563811902663,0.030856349168227815,0.09216220759882805,0.052179659605808844,0.0017488031765855359,0.006286565156827795,0.012098563811902663,0.01084970459676271,0.010759402468898616
nonstat_r80,4,2,False,80,100,3,0,0.6361150365784152,0.6508518047173273,0.7871874048453712,0.8323629187779609,0.8246070845792897,0.8123433608419672,0.8363516056245658,0.8215084594904787,0.8362735300317767,0.8412889109235561,0.8533262154417905,0.851736401183626,0.8407335982698448,0.852618655382141,0.853782957659606,0.8566180776227545,0.8579277956917886,0.7794725603329143,0.8174563362247328,0.836067605655796,0.8542221328690438,nonstat_r80_r2,0.06943067277738335,0.1363356001280439,0.014736768138912115,0.22050304104433938,0.017194197421943724,0.16149155612463995,0.1363356001280439,0.04916420077919459,0.004381992645279054,0.017194197421943724,0.03654498910845469,0.05868738988088264,0.05375138584177197,0.05809222614335197,0.014736768138912115,0.017194197421943724,0.01815452721324784,-0.004665992614048875
nonstat_r80,4,2,False,80,100,5,0,0.6567047557613597,0.6486828161356463,0.8036472611944311,0.8647414779490252,0.8141227221415901,0.8309143686502177,0.8737482817671496,0.8294485912410442,0.858625912871196,0.8695064544121148,0.8758946329701047,0.8594802297632487,0.8639351563879865,0.8757928828683545,0.8647251595364805,0.875253415347755,0.8711248569739135,0.8119485336466469,0.8550147441656875,0.8641645740702345,0.8788002703097043,nonstat_r80_r2,0.07160615415332394,0.15496444505878482,-0.008021939625713403,0.21854865958639536,0.00718970058592705,0.18223155251457146,0.15496444505878482,0.0701010205727185,-0.009813125379163123,0.00718970058592705,0.04201031323672834,0.07543890130368111,0.044757725968417796,0.06023510032944002,-0.008021939625713403,0.00718970058592705,0.014635696239469809,0.00022941768224804537
nonstat_r80,4,2,False,80,200,1,0,0.6178276624764286,0.6859297398190262,0.8032595997245301,0.8775856479394426,0.8273277305765877,0.6925018847438379,0.8775626281673767,0.8382765096654268,0.8060756851739239,0.8778695584615887,0.876615940041167,0.8269104972078936,0.8823900662010278,0.8785707023524288,0.8423941713937129,0.8788948974756902,0.8773333896038872,0.7635409013391752,0.7636751833428929,0.878359687775158,0.8785879671814782,nonstat_r80_r2,0.07563529775116007,0.11732985990550393,0.06810207734259754,0.26106723499926154,-0.005056676597140597,0.006572144924811729,0.11732985990550393,0.07430302844284664,0.004827438033651044,-0.005056676597140597,0.04114696334037353,0.0964447720499043,0.05280136238684342,0.0010105520077397694,0.06810207734259754,-0.005056676597140597,0.0002282794063201976,-0.0040303784258697295
nonstat_r80,4,2,False,80,200,3,0,0.655050873728646,0.6835642335866419,0.8020641093134444,0.8604627268475119,0.8217609218527078,0.8409586845437413,0.8655618420614868,0.8220124038350514,0.8563812819122807,0.85264427922524,0.881292676100992,0.8651567310082175,0.8547804082814877,0.8838789285497611,0.8603785733436927,0.8768207980492045,0.8719751218758012,0.7861356123928755,0.8557530662209791,0.8457436919120654,0.8713097220781609,nonstat_r80_r2,0.07475668873576014,0.11849987572680254,0.028513359857995857,0.22176992432055853,0.01719471359431346,0.15739445095709947,0.11849987572680254,0.06349773274804238,-0.010781433779999072,0.01719471359431346,0.030140001422128943,0.06434416043180538,0.03366254314497955,0.06026418329024544,0.028513359857995857,0.01719471359431346,0.025566030166095488,-0.00903671636942227
nonstat_r80,4,2,False,80,200,5,0,0.7004487115353033,0.7211305945003106,0.846216721819613,0.8828696773316671,0.8594959026992537,0.8474248639424319,0.8806336705434187,0.8681860312342493,0.8677018305240884,0.8816228369064767,0.8833000779629213,0.8729987786438228,0.8795170829408444,0.886535633585596,0.8808960639107183,0.8827639648959205,0.8832509971891819,0.8168683068454464,0.8502573909038224,0.87646746794176,0.8860221731833979,nonstat_r80_r2,0.03654724307630741,0.12508612731930246,0.02068188296500728,0.18231525336061716,0.0037339142483374665,0.1262942694421213,0.12508612731930246,0.03441694872380563,-0.0011165876025742705,0.0037339142483374665,0.0343731378408361,0.05205259885843156,0.038589994317956545,0.03710467167164708,0.02068188296500728,0.0037339142483374665,0.009554705241637929,-0.0030496149990844046
nonstat_r80,4,2,False,80,500,1,0,0.6547937555818619,0.7162683424523666,0.8804692684438103,0.9229487912579676,0.9101671642133566,0.720646817071748,0.920845134528848,0.9144968722449268,0.8830261675772951,0.923747224607429,0.9196297946639792,0.9108565898959456,0.9245953807523056,0.92120084375759,0.9147961652250244,0.9231696752145252,0.9238275460461772,0.8409262591819837,0.8339210822740147,0.9234603623261854,0.9242205473714808,nonstat_r80_r2,0.04270040677071485,0.16420092599144376,0.061474586870504666,0.2683759196326633,-0.0007678347061284008,0.004378474619381456,0.16420092599144376,0.040375866085037626,0.003750246223457654,-0.0007678347061284008,0.05546171440373761,0.080055055246488,0.07113937554543667,0.0009030583981483691,0.061474586870504666,-0.0007678347061284008,0.0007601850452954029,-0.0011350184261201823
nonstat_r80,4,2,False,80,500,3,0,0.6516530627635937,0.7342501223094342,0.8691279385687571,0.9039179627599196,0.8813617826044077,0.8587031139111754,0.9031086900611256,0.8839578366023311,0.8807884269169707,0.9028447337328452,0.9089176630292906,0.893979475220012,0.9017976102766996,0.909675691459224,0.8954094803831137,0.9106193595046516,0.9063670520622434,0.8219851449632684,0.87406092460131,0.9008036648354092,0.9072246684109057,nonstat_r80_r2,0.04149142093589442,0.13487781625932294,0.08259705954584051,0.25896629674105787,0.00456944178554386,0.12445299160174117,0.13487781625932294,0.033980751492368455,-0.001311079784426017,0.00456944178554386,0.03474079424104655,0.05924345088575233,0.04128781359719941,0.03684487102881093,0.08259705954584051,0.00456944178554386,0.0064210035754964645,-0.0009939454412903892
nonstat_r80,4,2,False,80,500,5,0,0.6938306687204546,0.7732777394167952,0.885463695756095,0.9092868145292856,0.9050878677279592,0.8682097898914174,0.911119289166774,0.9061321506347266,0.8847694041232576,0.9154415391269376,0.907899179749448,0.8965970225132598,0.9138054010577514,0.907836579684192,0.9048735099287496,0.9086200289857272,0.9077739796189364,0.8504522380471816,0.8766171683524422,0.9111780952886812,0.907325345817936,nonstat_r80_r2,0.023156333229632287,0.11218595633929973,0.0794470706963406,0.21478936026527262,-0.006031421438815077,0.09493205047462216,0.11218595633929973,0.025655593410679023,0.0026861118909774495,-0.006031421438815077,0.03000282016455584,0.044599226794345505,0.03949700531405001,0.020397187929189785,0.0794470706963406,-0.006031421438815077,-0.0038527494707452092,-0.0026273057690702206
nonstat_r200,5,0,False,200,30,1,0,0.6860840480507794,0.6242762939252419,0.7033130627610347,0.8004058001434293,0.7538379015001777,0.6266998225596114,0.8019071440648815,0.7538748277584402,0.6935003954996608,0.8002085361848178,0.7972874748075461,0.754374303988619,0.7940632294150687,0.7987392598034355,0.7587957375437042,0.7998820303222884,0.7985740633848941,0.7316588246955043,0.742600658064792,0.7955402797455587,0.7981474679276013,nonstat_r200_r0,0.09656896756125377,0.0790367688357928,-0.06180775412553752,0.11379798227150906,0.004510833969825434,0.002423528634369565,0.0790367688357928,0.09859408130384684,-0.007843914649812822,0.004510833969825434,0.025104430049682075,0.09618423805905219,0.05218951657049649,0.0008195847804214988,-0.06180775412553752,0.004510833969825434,0.0026071881820425302,0.0014770503304900595
nonstat_r200,5,0,False,200,30,3,0,0.724804219115379,0.683232001592119,0.7237683466839147,0.8059664659933329,0.7254888302900642,0.7868918851684163,0.8097527240161202,0.7291298074531072,0.7975302253843475,0.8036101298572068,0.828092939947261,0.8000149261157272,0.8141778197920294,0.8234548982536445,0.8078859644758446,0.8291208517836708,0.8244499726354546,0.6949858201900592,0.79145131598587,0.8071715010697049,0.8169481068709886,nonstat_r200_r0,0.10535250509975613,0.0405363450917956,-0.0415722175232599,0.10431663266829183,0.010272152843425197,0.1036598835762973,0.0405363450917956,0.08598437733220554,0.004425095775909216,0.010272152843425197,0.01162188831948527,0.0636067300197356,0.013474385126954933,0.05251496757715975,-0.0415722175232599,0.010272152843425197,0.0097766058012837,-0.007006318722324489
nonstat_r200,5,0,False,200,30,5,0,0.7303981699433081,0.6057967396752155,0.6119768863683789,0.7183255293298567,0.6746481372776543,0.6442993070981003,0.6939598768261075,0.6484151794855794,0.6369607485602735,0.7368211150786609,0.7208305461892346,0.7193952076072945,0.7026460154727939,0.710238098488409,0.704041375194775,0.7228655676705587,0.7010117576852046,0.6449311681042806,0.6527933521981547,0.7059730366966932,0.7294581791872005,nonstat_r200_r0,0.11088868130217977,0.0061801466931633575,-0.12460143026809256,-0.0075326022727494335,-0.0016342577875892994,0.038502567422884826,0.0061801466931633575,0.08198299045772861,0.008686138646686437,-0.0016342577875892994,-0.013756628202452909,0.056680272480308005,0.032225561377951156,0.020065812354182855,-0.12460143026809256,-0.0016342577875892994,0.02348514249050726,0.0033270212238992736
nonstat_r200,5,0,False,200,50,1,0,0.7213763535425713,0.6779662914714857,0.7688131984015015,0.8420526006135857,0.8209292951501492,0.6713744195467936,0.8425584931933526,0.8271791551899286,0.7680487611230206,0.8417492686442282,0.8458737691134767,0.8229538833617326,0.8470952401310231,0.8380400683209455,0.8339725698325159,0.8442390337349938,0.8483146753635402,0.7394917866252996,0.7396638104602709,0.8464702541270452,0.8447296579270415,nonstat_r200_r0,0.07542583533349223,0.09084690693001585,-0.043410062071085664,0.12286268019242241,0.0012194352325171076,-0.006591871924692128,0.09084690693001585,0.0737452947918511,0.004536746937670477,0.0012194352325171076,0.033060724753042274,0.07629520036535557,0.06151506175553886,-0.0005226029818821607,-0.043410062071085664,0.0012194352325171076,-0.0017405962000037745,-0.0006249860039778676
nonstat_r200,5,0,False,200,50,3,0,0.7340614067160973,0.7345169520818223,0.758409107710505,0.8418778059496622,0.7741573909238579,0.7774021526516535,0.8513393633154112,0.7918297539056022,0.8163472854091617,0.8211454967941993,0.8547329764894634,0.7963582344819871,0.8359876842910775,0.8590027152901405,0.8106200012387637,0.8405890920860981,0.8477958996921073,0.7813182443920967,0.8158038277798757,0.819009628390866,0.8466570362777947,nonstat_r200_r0,0.08217998437559315,0.023892155628682632,0.0004555453657250075,0.10652768537000079,0.011808215401029831,0.04288520056983114,0.023892155628682632,0.0929302556049062,-0.015351679024333653,0.011808215401029831,0.016062469655284066,0.06515863834559779,0.006810203416989857,0.025247636192413297,0.0004555453657250075,0.011808215401029831,0.027647407886928654,-0.01697805590021151
nonstat_r200,5,0,False,200,50,5,0,0.7591532429257631,0.7550637695120999,0.8248456452248545,0.8621335323492959,0.8360545720046224,0.8459793508246534,0.8568769978543591,0.8463210922016332,0.8555861864137336,0.8573758069951318,0.8692853511940004,0.8465419389967843,0.8643267694873498,0.8684743103773244,0.8567380166815485,0.8711568373977394,0.8667703631216314,0.8226010040913773,0.8475595477209944,0.8669845464358945,0.8668903057776187,nonstat_r200_r0,0.04631119217288493,0.06978187571275463,-0.00408947341366328,0.11200359447197628,0.0024435936342815934,0.0909155813125535,0.06978187571275463,0.03203135262950463,0.007449771632990654,0.0024435936342815934,0.01892825208011667,0.040289467955955026,0.022134496967481564,0.030354376605978246,-0.00408947341366328,0.0024435936342815934,-9.424065827579042e-05,0.0026577769485447433
nonstat_r200,5,0,False,200,100,1,0,0.6809862809233118,0.7063623942985857,0.7902248420430715,0.855136345349915,0.8325442774988874,0.7000917325994725,0.8541947257642278,0.8225926508972109,0.7782665648279333,0.8639286817908847,0.8620872275959646,0.8268119617754923,0.8609745811299048,0.8532958628986335,0.8247955937256457,0.8561051737574801,0.8581409766800963,0.7374902582700241,0.733730582132744,0.8540868622203566,0.8620114315921631,nonstat_r200_r0,0.06588033171440855,0.08386244774448581,0.0253761133752739,0.17511889283416826,-0.0028336044498085133,-0.006270661699113167,0.08386244774448581,0.0639698837211563,0.0067798553656769345,-0.0028336044498085133,0.02593454205285379,0.07886768544269723,0.05069068298677725,-0.0037143281008177407,0.0253761133752739,-0.0028336044498085133,0.007924569371806522,-0.006887718909548202
nonstat_r200,5,0,False,200,100,3,0,0.7439469964454155,0.6840126957945676,0.7769176022314783,0.8458394707574457,0.8111718630741507,0.8152200848897444,0.8448551700074741,0.8243414700873679,0.8262615008554397,0.8490530689763867,0.8620016295976163,0.8356197922758659,0.850812518957454,0.8599002020145949,0.8455242566199925,0.8637035876919783,0.8622771941580313,0.7925474654999118,0.81990963861393,0.8528435685412326,0.8576907293341448,nonstat_r200_r0,0.08678598546049998,0.09290490643691074,-0.05993430065084793,0.1197565912465628,0.011464675200577257,0.13120738909517682,0.09290490643691074,0.0679375677759958,0.0059573489499799015,0.011464675200577257,0.025602062306667058,0.06471108344451734,0.04054730954490876,0.04740404306737054,-0.05993430065084793,0.011464675200577257,0.004847160792912253,0.0020310495837785325
nonstat_r200,5,0,False,200,100,5,0,0.7543364197530864,0.7069338348765432,0.7810059799382716,0.8402835648148149,0.8189670138888887,0.8308024691358025,0.84508487654321,0.8296122685185185,0.8439814814814814,0.8424199459876542,0.8616792052469135,0.8482262731481481,0.8412972608024691,0.8635329861111112,0.8493171296296297,0.8600308641975308,0.8599575617283951,0.7985040509259258,0.847463348765432,0.844970100308642,0.8625954861111111,nonstat_r200_r0,0.07902488425925924,0.07407214506172843,-0.04740258487654325,0.10569444444444442,0.018660300925925966,0.12386863425925931,0.07407214506172843,0.06407889660493837,-0.003787615740740824,0.018660300925925966,0.02103700488683134,0.049451678240740794,0.03278661908436209,0.04974842463991772,-0.04740258487654325,0.018660300925925966,0.017625385802469196,0.003672839506172809
nonstat_r200,5,0,False,200,200,1,0,0.7107651618716211,0.6855096159821041,0.8274890480333064,0.8854432051202387,0.8579768765923071,0.6832735894488287,0.8820644068849811,0.8687579615360717,0.8341650873050395,0.8842683930901635,0.8813527232337041,0.859229362145032,0.8793788448393711,0.881230387435531,0.8675093596594793,0.8825644301870379,0.8848363807245385,0.8089930404523705,0.8091755732305972,0.8798643043559311,0.8785205524140931,nonstat_r200_r0,0.055075382153731534,0.14197943205120223,-0.02525554588951695,0.1717992683154168,0.005457535885167397,-0.0022360265332754814,0.14197943205120223,0.05457535885167475,-0.0026855620456099905,0.005457535885167397,0.049526337149692345,0.0843124242683154,0.06467833776072407,0.0008096655637025811,-0.02525554588951695,0.005457535885167397,-0.0013437519418380006,0.0004854595165599829
nonstat_r200,5,0,False,200,200,3,0,0.7450125423648845,0.7548773679119911,0.8582103342795806,0.9024152898898316,0.8907349668551298,0.8745272039569393,0.898295771768277,0.8930340727693069,0.884112873420409,0.901774410430215,0.9061544087002336,0.901665303651047,0.8985955696749994,0.9123499044578476,0.9046937539809228,0.9079777697394806,0.9056403290110012,0.8285893181514362,0.8805516674661278,0.903093521219794,0.9030080050955814,nonstat_r200_r0,0.049767435459900033,0.10333296636758948,0.00986482554710666,0.16296522737459618,0.0070447593360017935,0.11964983604494817,0.10333296636758948,0.04008543748869642,0.0002997979067224099,0.0070447593360017935,0.026399744958808067,0.04735971423853311,0.0392890890599648,0.03771441284170413,0.00986482554710666,0.0070447593360017935,-8.551612421259236e-05,0.004497951544794598
nonstat_r200,5,0,False,200,200,5,0,0.7353809010259941,0.7315926602713493,0.8484225902010839,0.8905076535139468,0.8735585670796515,0.831718252397269,0.8899108958969988,0.8750787388522361,0.860626868524156,0.880746961119096,0.886785719161185,0.8768729120796612,0.8838165574886254,0.8853864590626227,0.8794149825165619,0.8815865171782337,0.8797328632079429,0.8266331364293222,0.8451979538624453,0.876708121169099,0.8811711270723189,nonstat_r200_r0,0.03316392697714976,0.11682992992973462,-0.0037882407546447894,0.1462056161522396,-0.004083694280682559,0.10012559212591976,0.11682992992973462,0.041488305695914884,-0.006094338408373368,-0.004083694280682559,0.0315811054057269,0.051637816881219926,0.03987346853338683,0.025047812116259918,-0.0037882407546447894,-0.004083694280682559,0.004463005903219908,-0.007108436319526401
nonstat_r200,5,0,False,200,500,1,0,0.7149284493284493,0.7637958485958486,0.8769719169719169,0.9058373626373628,0.8943521367521367,0.7580346764346765,0.9032644688644688,0.8962432234432235,0.8849836385836386,0.907115995115995,0.9058021978021978,0.8941304029304029,0.9092356532356533,0.9064117216117216,0.9003506715506717,0.9050041514041514,0.9087628815628817,0.8333684981684982,0.8356014652014652,0.9091028083028084,0.9087746031746032,nonstat_r200_r0,0.02803223443223446,0.1131760683760683,0.04886739926739925,0.190075702075702,-0.00047277167277159915,-0.005761172161172112,0.1131760683760683,0.026292551892551863,0.00597118437118449,-0.00047277167277159915,0.04050175010175012,0.05695661375661377,0.04799234839234841,-0.0004836792836792337,0.04886739926739925,-0.00047277167277159915,-0.00032820512820519454,-0.00013284493284482224
nonstat_r200,5,0,False,200,500,3,0,0.7565092790686103,0.7729011393601671,0.8846430170655256,0.908360614955968,0.8988079008905916,0.8957380964227075,0.9046937658589976,0.9061624956465496,0.8987302850888105,0.909859196974974,0.9161689636300312,0.9124394248470072,0.9080013931041344,0.9151221453803672,0.9132514055425645,0.9135001741380168,0.9145181352306084,0.8525478879546246,0.8925657992934971,0.9076978954176824,0.9123070799542268,nonstat_r200_r0,0.028857157072491146,0.11174187770535848,0.016391860291556815,0.15699089506940644,0.006516742126474018,0.12283695706254039,0.11174187770535848,0.020050748793472017,0.0033076272451367794,0.006516742126474018,0.028572234107832894,0.040083586248071956,0.035898966781100265,0.03706220873343617,0.016391860291556815,0.006516742126474018,0.004609184536544353,-0.00030349768645199227
nonstat_r200,5,0,False,200,500,5,0,0.7508219445189863,0.7701142324302724,0.8797518818330473,0.9203780462142288,0.9003115956438389,0.8925081904864869,0.919629946387788,0.904486475320428,0.9047123532035082,0.9186492116475764,0.9211753758357,0.915680944594279,0.9181520872467802,0.921248737883196,0.9157639595427612,0.9196502174798592,0.9199002276154052,0.8557451170800361,0.8978964398170582,0.9140978688325202,0.9202834477845628,nonstat_r200_r0,0.03989833564681189,0.10963764940277487,0.01929228791128612,0.16882827296087288,0.0017481403686250285,0.12239395805621445,0.10963764940277487,0.039878064554740744,-0.0014778591410078423,0.0017481403686250285,0.028746097814776207,0.04868786508075939,0.03673113839235433,0.03562089389724287,0.01929228791128612,0.0017481403686250285,0.006185578952042636,-0.0040542184142600135
nonstat_r200,5,1,False,200,30,1,0,0.612308341653071,0.6358268195875035,0.6815934935593055,0.7575729904789733,0.6197413170347642,0.6348142466376085,0.7580052109966638,0.6459900893661578,0.6961449176548892,0.7359995048741488,0.7608562430499752,0.6162439834092256,0.7528652364834701,0.7511749092945675,0.6572917427618282,0.7449280038311378,0.7548487836949375,0.6346833629597162,0.6316781113789661,0.7504758484103213,0.7572057044991519,nonstat_r200_r1,0.06333451027183223,0.04576667397180201,0.023518477934432513,0.13261966217806676,0.001983547211467318,-0.0010125729498949854,0.04576667397180201,0.0764117174373583,-0.005139974513193701,0.001983547211467318,0.025275515214973843,0.10560089136181246,-0.014408618842379631,0.0025541763730272575,0.023518477934432513,0.001983547211467318,0.006729856088830588,-0.0023893880731488126
nonstat_r200,5,1,False,200,30,3,0,0.5929642635819046,0.5881460442057427,0.6035901673208015,0.6187864077669902,0.5327990084693245,0.6834166494525924,0.6265761206362321,0.523062383804999,0.6595992563519935,0.5898615988432142,0.6540415203470357,0.6259626110307787,0.5553098533360875,0.6381243544722164,0.6100547407560422,0.6128671762032637,0.608092336294154,0.582703986779591,0.6738721338566411,0.5867444742821731,0.6059471183639743,nonstat_r200_r1,0.00927700888246219,0.015444123115058828,-0.004818219376161892,0.019902912621359126,0.052782482958066534,0.09527060524684972,0.015444123115058828,0.02298595331543063,-0.07126626730014463,0.052782482958066534,-0.005011103077876453,0.011198702058803198,-0.04875240997039181,0.06251110307787644,-0.004818219376161892,0.052782482958066534,0.019202644081801168,0.03143462094608562
nonstat_r200,5,1,False,200,30,5,0,0.5349417989417989,0.5093936507936507,0.6340137566137566,0.7059566137566138,0.6252910052910053,0.7129248677248677,0.6978063492063492,0.6758846560846561,0.720242328042328,0.7041164021164021,0.7321449735449735,0.7371195767195767,0.686831746031746,0.7400783068783069,0.7267227513227513,0.7447587301587302,0.7367333333333334,0.5621333333333333,0.7278994708994709,0.6912455026455027,0.7413640211640212,nonstat_r200_r1,0.11074497354497359,0.12462010582010585,-0.02554814814814821,0.20981693121693124,0.049901587301587336,0.203531216931217,0.12462010582010585,0.06379259259259262,-0.010974603174603192,0.049901587301587336,0.03164973544973544,0.06833174603174606,0.03416684303350974,0.09319135802469139,-0.02554814814814821,0.049901587301587336,0.05011851851851856,0.0044137566137566475
nonstat_r200,5,1,False,200,50,1,0,0.6395883539852115,0.6130139513505423,0.7164978884271471,0.75668524176086,0.6758804194049645,0.6089700205148315,0.751774754317497,0.7242020194353256,0.7236327486711744,0.7519560775979304,0.7476412160466887,0.6672475336871246,0.7499256785391247,0.7529986864604219,0.7202529670603067,0.7441011952577636,0.7501744709471612,0.6440782135861739,0.634210853674221,0.7440115878226657,0.7560558813049373,nonstat_r200_r1,0.027603306830616514,0.10348393707660486,-0.02657440263466926,0.10451284127255211,0.00024879240803643565,-0.004043930835710752,0.10348393707660486,0.03527686589034984,-0.0018490757783722334,0.00024879240803643565,0.045256498647454825,0.0752287800808646,0.019384196621905114,-0.0027089557536056257,-0.02657440263466926,0.00024879240803643565,0.01204429348227154,-0.005914090716458986
nonstat_r200,5,1,False,200,50,3,0,0.6295865086820055,0.6532363042586294,0.66918299380794,0.7342527351910207,0.7026978053906122,0.7659847000089559,0.7317981967421391,0.7070393288498348,0.7610537540796157,0.7388535628817968,0.7647548273283749,0.7679997750613895,0.7278742676477878,0.7633906163109652,0.7606070010059754,0.7641195840301916,0.7623388200303667,0.6946937398335037,0.7726589201697036,0.7424671600042488,0.7634145681074539,nonstat_r200_r1,0.09493659022225165,0.015946689549310555,0.023649795576623944,0.13453307534818615,0.03446455238257884,0.11274839575032647,0.015946689549310555,0.06261520293419909,-0.003923929094351242,0.03446455238257884,0.001643127951885398,0.030423120634437906,0.015391285572756881,0.061644981612657045,0.023649795576623944,0.03446455238257884,0.020947408103205056,0.014592892356460996
nonstat_r200,5,1,False,200,50,5,0,0.6518777556896506,0.647220938162687,0.7344598278231633,0.7818146766968415,0.7531161188281361,0.7839394209501858,0.7713402057581606,0.7652209423085296,0.7921554442166533,0.7903551121346736,0.7924694917819038,0.8028475718837257,0.7819753280916065,0.7872519490641796,0.7962950678985348,0.7885620352769734,0.7894886310635536,0.7352651577182112,0.7828044965807164,0.7849561888099568,0.7872965168704693,nonstat_r200_r1,0.054102207453810114,0.08723888966047633,-0.004656817526963564,0.13668427958732288,0.007513302971947078,0.13671848278749876,0.08723888966047633,0.03688037793499732,0.010635122333445879,0.007513302971947078,0.021182750116947285,0.03863139176621865,0.03278938153013371,0.04966416948756696,-0.004656817526963564,0.007513302971947078,0.002340328060512542,0.0029808607183502422
nonstat_r200,5,1,False,200,100,1,0,0.6324507363222205,0.7010898892858648,0.7831144393780428,0.8177930995745157,0.8016232991167342,0.681347306170021,0.8260610522557078,0.8173788493673908,0.7938989871431983,0.8360120844709333,0.8260821158255615,0.8057156498311906,0.8354082621351239,0.8261864306476946,0.8213588610426266,0.8289106523487887,0.8303289327189457,0.7937174392316009,0.7984376849331281,0.8355577131783724,0.8269206465111707,nonstat_r200_r1,0.045796212970745875,0.08202455009217802,0.06863915296364431,0.1964599160265682,-0.005079329416178169,-0.01974258311584376,0.08202455009217802,0.04294661287766499,0.009347209879416063,-0.005079329416178169,0.033503948249149214,0.056050159381011856,0.04420959121294736,-0.004524655410027528,0.06863915296364431,-0.005079329416178169,-0.008637066667201654,0.00014945104324848302
nonstat_r200,5,1,False,200,100,3,0,0.6290073529411765,0.6714736519607843,0.7808292483660131,0.8198141339869282,0.8017595996732025,0.8013439542483661,0.8125847630718953,0.8088623366013072,0.8152410130718954,0.8154595588235294,0.8306382761437908,0.8174162581699347,0.8130657679738562,0.8278829656862745,0.8206821895424836,0.8300439133986929,0.8278390522875817,0.7793852124183007,0.8031311274509804,0.8181209150326798,0.8299520016339869,nonstat_r200_r1,0.049214665032679794,0.10935559640522874,0.042466299019607856,0.2010365604575164,0.014773284313725488,0.12987030228758178,0.10935559640522874,0.031755514705882226,0.00048100490196090195,0.014773284313725488,0.02777828839869278,0.047559572440087135,0.03631706154684094,0.04471047794117651,0.042466299019607856,0.014773284313725488,0.01183108660130705,0.005055147058823595
nonstat_r200,5,1,False,200,100,5,0,0.6231003430531733,0.6236728130360205,0.7432707975986277,0.8357740137221269,0.7739108061749571,0.8101007718696399,0.8422148370497426,0.7831775300171526,0.8206893224699829,0.8331775300171527,0.839690180102916,0.8140608919382505,0.8298123927958834,0.8453591337907376,0.8155135077186966,0.835180102915952,0.8370958404802744,0.7208018867924528,0.8155992710120068,0.8355253001715266,0.8355338765008578,nonstat_r200_r1,0.09190930531732433,0.11959798456260717,0.0005724699828472124,0.21207975986277872,0.007283447684391042,0.1864279588336194,0.11959798456260717,0.09894403945111496,-0.01240244425385928,0.007283447684391042,0.032882808033161785,0.08177288807890218,0.037092177672956,0.06167515365923394,0.0005724699828472124,0.007283447684391042,8.576329331155819e-06,0.005712907375643228
nonstat_r200,5,1,False,200,200,1,0,0.6469290538824843,0.6959443400538317,0.8093413234472602,0.8817459753186736,0.8577014879894367,0.6942907927479559,0.8819399725763039,0.8622365547712153,0.8117474988573461,0.8806916865573104,0.8784531004011985,0.8581230003554923,0.8782601188360165,0.8774699101112182,0.8648032095881367,0.8812259407851303,0.8821512366055558,0.7955665024630543,0.7949652125336447,0.877105276522269,0.8742085216596415,nonstat_r200_r1,0.0718846173378701,0.11339698339342852,0.049015286171347316,0.23429688690264594,0.0038911177695393206,-0.0016535473058757466,0.11339698339342852,0.07259864912904368,-0.003679853740287342,0.0038911177695393206,0.03903483825097762,0.08283742149543788,0.06392810590286593,0.00040653090244272916,0.049015286171347316,0.0038911177695393206,-0.0028967548626275264,-0.0011548423137475172
nonstat_r200,5,1,False,200,200,3,0,0.6140444459033614,0.6357678325236346,0.7877392167804623,0.8368955980829833,0.7920055229122899,0.7956481420693278,0.8443295775341386,0.8010612936580882,0.8172812582064076,0.830541787027311,0.8507039046087184,0.8188055984112395,0.8336489380908613,0.8572300502232142,0.8223558954831933,0.8401453354779411,0.8456518349527311,0.745019736410189,0.7903611639968487,0.8294862378545168,0.8443644547662815,nonstat_r200_r1,0.0524061186974788,0.15197138425682777,0.021723386620273177,0.22610088957457974,0.012002896861869838,0.1598803095456932,0.15197138425682777,0.056590360753676294,-0.010680639443277351,0.012002896861869838,0.04364500927324056,0.07644413966758573,0.03732829801842609,0.05246655546984416,0.021723386620273177,0.012002896861869838,0.014878216911764719,-0.004162700236344463
nonstat_r200,5,1,False,200,200,5,0,0.6484947371108142,0.6888875179755108,0.7922254320504419,0.841546404472392,0.8194226989218949,0.8243122505764927,0.8514807991763174,0.8159733154074592,0.8266639579309228,0.8414198313492908,0.8519317824048468,0.8219211885535351,0.8432067460283694,0.8539282341028411,0.8207522485343045,0.845907327201096,0.8438991754665124,0.7607608427429992,0.823863394627343,0.8346242373703423,0.844538422920159,nonstat_r200_r1,0.053681895150654024,0.10333791407493109,0.040392780864696665,0.19741259009028178,0.0006924294381429608,0.13542473260098187,0.10333791407493109,0.059255367125875424,-0.008274053147947935,0.0006924294381429608,0.026286702660233724,0.05956444309244016,0.030211533116067273,0.03894897862226039,0.040392780864696665,0.0006924294381429608,0.009914185549816712,-0.008582508658027121
nonstat_r200,5,1,False,200,500,1,0,0.6571711692489496,0.7222859358587185,0.8565458409926471,0.898567776720063,0.883137678899685,0.7278334673713235,0.8987442144826682,0.8871680508140756,0.8547783859637604,0.8974640149028361,0.8991319672400211,0.8803146746980043,0.8954144646139707,0.8975614659926471,0.8864520417542017,0.8969213662027313,0.8962925502232143,0.8334601907169116,0.8288728088891807,0.8946348558954832,0.897512227547269,nonstat_r200_r1,0.04037552521008425,0.1342599051339286,0.06511476660976889,0.23975019695378175,0.0008780856092436284,0.005547531512605008,0.1342599051339286,0.04219837349002109,-0.003329749868697496,0.0008780856092436284,0.04454685927105211,0.07115220355720417,0.05724012016916146,0.00106743136707807,0.06511476660976889,0.0008780856092436284,0.0028773716517858094,-0.0007796087184874789
nonstat_r200,5,1,False,200,500,3,0,0.6267723447956005,0.6883250927582324,0.8491032680712914,0.890445902073809,0.8781947757238456,0.8373428493341285,0.890804097926191,0.8784018253494998,0.8597042089047903,0.8893143758696084,0.8868867190088121,0.8788179950970649,0.8918331345656927,0.8874364357649243,0.8772651229046577,0.8907140313390313,0.8919056019346718,0.8014859951633208,0.8408326707745313,0.8909024464983768,0.8900369790631418,nonstat_r200_r1,0.041610763267739825,0.16077817531305905,0.06155274796263188,0.26394168654343075,7.246736897914552e-05,0.1490177565758961,0.16077817531305905,0.041700829854899535,0.0010290366395017125,7.246736897914552e-05,0.04252928716954884,0.06714231141920093,0.05625633226771791,0.03765257831997175,0.06155274796263188,7.246736897914552e-05,-0.0008654674352349678,-0.0009306880673158879
nonstat_r200,5,1,False,200,500,5,0,0.6836740740740741,0.735125925925926,0.8453851851851851,0.8824645502645502,0.8664275132275132,0.8690687830687831,0.8814412698412698,0.8793523809523809,0.8752984126984126,0.8809164021164022,0.8909428571428571,0.8815280423280424,0.8811608465608465,0.8928169312169312,0.8870380952380953,0.8927915343915345,0.8927248677248677,0.8043746031746033,0.8731671957671958,0.8841407407407408,0.8896518518518518,nonstat_r200_r1,0.04740634920634934,0.11025925925925917,0.05145185185185186,0.20911746031746037,0.011564021164021221,0.13394285714285714,0.11025925925925917,0.036056084656084675,-0.0002804232804233253,0.011564021164021221,0.029694797178130432,0.04684047619047616,0.03765123456790126,0.043412433862433895,0.05145185185185186,0.011564021164021221,0.005511111111111022,0.0029798941798943046
nonstat_r200,5,2,False,200,30,1,0,0.5978954272863568,0.6312106446776613,0.683303035982009,0.738484820089955,0.7137921664167917,0.6256456146926536,0.7706699775112444,0.7441079460269865,0.6806990254872565,0.7457355697151424,0.7369162293853073,0.7176583583208396,0.7335419790104947,0.7488924287856072,0.7383086581709146,0.7212359445277361,0.7535007496251874,0.729142616191904,0.7320108695652173,0.7604891304347826,0.7708114692653674,nonstat_r200_r2,0.03793290854572706,0.05209239130434773,0.0333152173913045,0.12334051724137929,0.019958770614692756,-0.005565029985007741,0.05209239130434773,0.08736694152923541,-0.03712799850074977,0.019958770614692756,0.0325882371314343,0.05493206521739124,0.03553660669665164,-0.0007668040979510555,0.0333152173913045,0.019958770614692756,0.010322338830584754,0.02694715142428794
nonstat_r200,5,2,False,200,30,3,0,0.5196439844877344,0.5178834475709476,0.6251033399470899,0.7012695782227032,0.5968201358826359,0.6875281836219336,0.6997495415464166,0.6629088504088504,0.7038587136243386,0.7075347973785474,0.7212527056277056,0.7070049452861953,0.7417309253246753,0.7496232789201539,0.6968156265031266,0.7193587662337663,0.7438540915103414,0.6270949825637325,0.701724273989899,0.721630366161616,0.7285438086219336,nonstat_r200_r2,0.09425542628667638,0.10721989237614227,-0.0017605369167867924,0.19971478174603186,0.0021231661856661033,0.16964473605098596,0.10721989237614227,0.07464620159932667,0.041981383778258774,0.0021231661856661033,0.044035186938832724,0.08727496943642772,0.026341195937550115,0.06831929162658323,-0.0017605369167867924,0.0021231661856661033,0.006913442460317554,-0.020100559163059306
nonstat_r200,5,2,False,200,30,5,0,0.5307365513514325,0.5431334394163432,0.6505368575910649,0.7203827620112738,0.4816687808209924,0.7874149021609409,0.7417144540603021,0.5441054500146364,0.7796641496971379,0.7230848764157953,0.750229867371218,0.7404046791614438,0.7317316425102643,0.7637000953245915,0.7316697190551608,0.7550486380592815,0.7630986872227518,0.5082949282813801,0.7761223157120447,0.6937406645700261,0.7492925714371496,nonstat_r200_r2,0.10451178046821652,0.10740341817472177,0.012396888064910683,0.22431208670784897,0.03136704471248741,0.24428146274459772,0.10740341817472177,0.09117759646923718,-0.009982811550037773,0.03136704471248741,0.03631333706125041,0.0923124688819001,-0.032508015647243926,0.12384745751050198,0.012396888064910683,0.03136704471248741,0.05555190686712341,-0.0379909779402382
nonstat_r200,5,2,False,200,50,1,0,0.619921773142112,0.6519947848761408,0.7313838703669213,0.7918532315142485,0.7631253492270441,0.6428422425032594,0.7992773328366548,0.772545166697709,0.7377193145837214,0.7959564164648909,0.7914276401564537,0.7609666604581858,0.7889942261128702,0.7872685788787483,0.7771847643881541,0.7907804060346433,0.7832818029428199,0.7344030545725461,0.7403753026634384,0.7912339355559694,0.7958996088657105,nonstat_r200_r2,0.05939653566772196,0.0793890854907805,0.03207301173402877,0.17085863289253123,-0.005712423170050274,-0.009152542372881434,0.0793890854907805,0.06789346246973349,-0.01028310672378463,-0.005712423170050274,0.027707440864220566,0.06524903768547838,0.04277961445334323,-0.004449074936363087,0.03207301173402877,-0.005712423170050274,0.004665673309741103,0.002239709443099258
nonstat_r200,5,2,False,200,50,3,0,0.6056925925925927,0.5786379629629629,0.781625925925926,0.8167361111111111,0.7508944444444443,0.8094249999999998,0.8236824074074074,0.7992444444444444,0.8192851851851851,0.8240037037037037,0.8363231481481481,0.8064499999999999,0.820699074074074,0.8345907407407408,0.8175657407407407,0.8367166666666667,0.8345138888888889,0.7455759259259258,0.8068685185185185,0.8250222222222222,0.839999074074074,nonstat_r200_r2,0.05509074074074072,0.20298796296296306,-0.02705462962962979,0.231024074074074,0.013814814814814835,0.23078703703703696,0.20298796296296306,0.042056481481481445,-0.002983333333333338,0.013814814814814835,0.05613256172839511,0.08118580246913587,0.044511728395061706,0.07404583333333331,-0.02705462962962979,0.013814814814814835,0.014976851851851825,0.004323148148148159
nonstat_r200,5,2,False,200,50,5,0,0.5277393617021277,0.565258358662614,0.7037993920972645,0.7541080927051671,0.6916688829787234,0.7473983662613983,0.7621067629179332,0.707118161094225,0.7750218465045592,0.7420868161094225,0.8018436550151977,0.7404920212765957,0.7519737841945289,0.8125161474164133,0.7634137537993921,0.7892135258358662,0.7974183130699088,0.6385476823708207,0.7438953267477204,0.7495887158054713,0.7905537613981762,nonstat_r200_r2,0.08541413373860174,0.13854103343465052,0.03751899696048633,0.2614741641337386,0.045444528875379975,0.18214000759878435,0.13854103343465052,0.058307370820668725,-0.010132978723404351,0.045444528875379975,0.04456584029888552,0.08023374176798377,0.023663168059777112,0.08369720428064846,0.03751899696048633,0.045444528875379975,0.040965045592704974,-0.0023850683890576097
nonstat_r200,5,2,False,200,100,1,0,0.6572079772079773,0.6176563448694599,0.7774013357619916,0.828911307271963,0.782505254308533,0.6222829386763813,0.8400840689365279,0.8001578627808136,0.7827668021110644,0.8174172154500023,0.8346737658213069,0.7815861006024942,0.824464994628929,0.8446639577787118,0.8056849283078792,0.8098752977441502,0.830913082060623,0.7194068469478305,0.7303358086964645,0.835374340292373,0.8355322030731868,nonstat_r200_r2,0.03247396198215868,0.1597449908925317,-0.03955163233851744,0.15266732053617293,0.006448087431694005,0.004626593806921431,0.1597449908925317,0.06268273317453632,-0.015619074307598901,0.006448087431694005,0.06439952983668819,0.09449402954867425,0.05053002350816552,0.003833154297635144,-0.03955163233851744,0.006448087431694005,0.0001578627808137556,0.010909345663444037
nonstat_r200,5,2,False,200,100,3,0,0.5914506172839507,0.5974845679012345,0.7968094135802469,0.8397270447530865,0.8255459104938272,0.8110831404320987,0.8395669367283951,0.8375491898148149,0.8477112268518519,0.8459587191358025,0.8512779706790122,0.8458719135802467,0.8525376157407407,0.8574652777777778,0.8560040509259259,0.8558757716049382,0.8640827546296296,0.7545042438271605,0.8253443287037037,0.852890625,0.8649045138888889,nonstat_r200_r2,0.05906635802469129,0.19932484567901243,0.006033950617283845,0.26442515432098757,0.011545138888888862,0.21359857253086423,0.19932484567901243,0.04275752314814818,0.01297067901234561,0.011545138888888862,0.05783042373971199,0.07408958654835393,0.06763816550925925,0.06704001093106993,0.006033950617283845,0.011545138888888862,0.01201388888888888,0.00035300925925929594
nonstat_r200,5,2,False,200,100,5,0,0.6132613149562303,0.6579484075246788,0.7987297448314397,0.8374669398398211,0.8042466008567705,0.8128040603464333,0.837017135406966,0.8293453157012478,0.8268951387595456,0.8349841683739988,0.8425628608679456,0.8254200037250885,0.8373784689886384,0.840133171912833,0.8311147327249023,0.8391544049171167,0.8431961259079903,0.7640920096852302,0.8156705159247533,0.8354125535481466,0.8426001117526541,nonstat_r200_r2,0.04042466008567702,0.1407813373067609,0.044687092568448494,0.22589308996088642,0.005817656919351877,0.1548556528217545,0.1407813373067609,0.038287390575526326,0.00036133358167245166,0.005817656919351877,0.03990570869808157,0.05904909356180535,0.04083372136338237,0.04545919476004224,0.044687092568448494,0.005817656919351877,0.00718755820450756,-0.00196591544049185
nonstat_r200,5,2,False,200,200,1,0,0.5806608149840755,0.6133148399835644,0.7947582137060263,0.8285352262987333,0.8151179415860527,0.6114769703877097,0.834406740900361,0.8183530382949926,0.8121951990421139,0.8203071110772313,0.8292863636955217,0.8127734260975624,0.8222602542339793,0.8339986353097792,0.8155186101727059,0.821995310969023,0.8193616819528085,0.7554666627002646,0.7605135994913088,0.8244169853732725,0.8140860572909597,nonstat_r200_r2,0.027237097262996723,0.1814433737224619,0.032654024999488884,0.2413344959849475,-0.0028985722811708525,-0.0018378695958547464,0.1814433737224619,0.03964852719433476,-0.01214648666638174,-0.0028985722811708525,0.06297205607748857,0.07956416677977105,0.06350395679596509,6.662316019340089e-06,0.032654024999488884,-0.0028985722811708525,-0.01033092808231273,0.0021567311392931554
nonstat_r200,5,2,False,200,200,3,0,0.6140507915873532,0.6237968336505872,0.8215980314777844,0.853525233297739,0.8250977296996147,0.8051970843586054,0.8575068480430847,0.8426602906355912,0.8314554993268024,0.8468526858257115,0.8610176888434933,0.8341315752820465,0.8505102372440687,0.8623585124657599,0.8460234922698362,0.8563693764798737,0.8594957983193278,0.7672018199545011,0.8140220065926924,0.8531111007939086,0.8575207762663076,nonstat_r200_r2,0.03477134500208923,0.19780119782719718,0.00974604206323404,0.24231858489252045,0.008985561075259052,0.18140025070801813,0.19780119782719718,0.03590881656530032,-0.006996610799016034,0.008985561075259052,0.055622978473157225,0.07533977126762308,0.05346348484145039,0.05127273008650982,0.00974604206323404,0.008985561075259052,0.004409675472399011,0.0026008635498399046
nonstat_r200,5,2,False,200,200,5,0,0.6325299856784818,0.6059633831602818,0.8328037355292994,0.866453708676453,0.8447457930540637,0.8300102935911208,0.869093306182122,0.8523540995345504,0.8522990884950472,0.8607689237975892,0.8744620106814656,0.857767558777897,0.8636294978517722,0.875549178004535,0.8639129445637905,0.8716797574292876,0.8708350116362334,0.7783092403628117,0.8384148615586586,0.8598066968015277,0.8707277867287266,nonstat_r200_r2,0.03887602189998818,0.22684035236901767,-0.02656660251820009,0.23914977175080576,0.007205513784461215,0.22404691043083902,0.22684035236901767,0.03628957065282257,-0.005463808330349762,0.007205513784461215,0.06005138714842656,0.0789532735608863,0.062266280781318364,0.06360068698532048,-0.02656660251820009,0.007205513784461215,0.01092108992719898,-0.003822801050244573
nonstat_r200,5,2,False,200,500,1,0,0.6605578487854131,0.6831290461483637,0.8800400531567381,0.9019217348696325,0.8909145408920829,0.6819968670190651,0.9022483963889054,0.8974486992932232,0.8839135906040269,0.9050129550988896,0.903538338183762,0.892210050781018,0.906273200391994,0.9048199278375006,0.8974923160301715,0.9055177956286752,0.9056922625764684,0.8457702901348221,0.8403330462671499,0.9039346008790166,0.9075065332303855,nonstat_r200_r2,0.025477742471937126,0.19691100700837438,0.022571197362950546,0.24495994684326206,-0.0005809378155255951,-0.0011321791292985273,0.19691100700837438,0.02220834323216736,0.004024804003088578,-0.0005809378155255951,0.0673215054641562,0.08182205979885579,0.07302246045415856,0.0003971907109341828,0.022571197362950546,-0.0005809378155255951,0.0035719323513689893,-0.002338599512977435
nonstat_r200,5,2,False,200,500,3,0,0.6207541954883313,0.6908861398168398,0.8809124990029512,0.8971388874976581,0.8817667147105035,0.8617524685071722,0.8990068467104813,0.8859969838116385,0.8834621613048632,0.8984160373666041,0.9013329845981476,0.8894082817186709,0.8968717711851987,0.901860724812694,0.8931265778875923,0.902330960821086,0.9019228664548286,0.8294063525453031,0.874527677145417,0.8996106408751028,0.9023068461539888,nonstat_r200_r2,0.021418461818134782,0.19002635918611144,0.07013194432850844,0.28157676533275466,0.005051095269629879,0.17086632869033247,0.19002635918611144,0.018094347707530045,-0.0021350755252825815,0.005051095269629879,0.04994704048110612,0.06347227709854798,0.05128107623140932,0.04633633282692535,0.07013194432850844,0.005051095269629879,0.0026962052788860325,0.002738869689904111
nonstat_r200,5,2,False,200,500,5,0,0.6487297448314397,0.7137604768113244,0.8783553734401193,0.8939560439560439,0.8825917303035946,0.8786487241571987,0.8955792512572175,0.8879530638852674,0.8933162600111753,0.894227975414416,0.90321661389458,0.8984010057738872,0.8943425218848948,0.905603464332278,0.9006602719314584,0.905013037809648,0.9049525051219968,0.8201843918793073,0.8773924380704041,0.8945334326690259,0.9066585956416464,nonstat_r200_r2,0.026657664369528766,0.1645948966287949,0.06503073197988463,0.2562832929782083,0.010609983237101939,0.16488824734587437,0.1645948966287949,0.01722387781709822,-0.0012367293723226647,0.010609983237101939,0.04333465263550016,0.052681675668963805,0.04517220773576701,0.050003492270441416,0.06503073197988463,0.010609983237101939,0.012125162972620562,0.00019091078413102647
