longitude,latitude,region,year,depth,kd490,htyperank,meansummermIST,maxsummermIST,CVsummermIST,pred,DI,inside
115.16985461478922,-33.63633,NCMP,2024,-9.094758604485811,0.20277823317056812,2.0,22.986524109252294,25.001587083692876,3.83466759738556,43.096497018128716,1.5001451118892215,1
115.19185461478922,-33.63633,NCMP,2024,-8.509772592062443,0.2701473397515039,2.0,23.021095081479263,25.085341693236927,3.9822849746642652,43.86081396662071,0.2828179047503276,1
115.21385461478923,-33.63633,NCMP,2024,-8.501967795074014,0.27958811619750784,2.0,23.027314699894735,25.098172444933187,3.9989937659978048,43.83129834521513,0.17177766393798388,1
115.23585461478923,-33.63633,NCMP,2024,-6.618188248687158,0.27768352073973784,2.0,23.087747759746907,25.167012861798053,3.9810740833106197,38.06258692752272,0.9351942922649648,1
115.25785461478924,-33.63633,NCMP,2024,-6.243506642629822,0.2916263584256088,2.0,23.09907846000547,25.19436256114848,3.9972443755085787,37.44763572163156,1.2309532747718608,1
115.27985461478924,-33.63633,NCMP,2024,-8.652831368027217,0.3403765641870926,2.0,23.052445301688927,25.184326480309213,4.074140305712276,33.081443204334086,0.6756062951982018,1
115.30185461478925,-33.63633,NCMP,2024,-8.614812564329242,0.34335379761760454,2.0,23.0556459881384,25.195404094396746,4.100508140354222,32.31482123940482,0.6334168395713913,1
115.32385461478925,-33.63633,NCMP,2024,-4.751987409131099,0.2989120223948121,2.0,23.16278762436298,25.28585881632507,4.091673113387283,41.48247804003077,1.268264847420632,1
115.34585461478926,-33.63633,NCMP,2024,-3.8631356840390896,0.18931888176698897,2.0,23.257645848660385,25.382410430953687,4.172448279007636,45.61700167888631,0.1363281747287654,1
115.36785461478927,-33.63633,NCMP,2024,-4.433936518545761,0.22757196301791788,2.0,23.177636667335275,25.305777476327872,4.134460572898404,45.02442192383529,0.3876695323145049,1
115.13335286758127,-33.61433,NCMP,2024,-4.635645448216609,0.1480335514797507,2.0,23.050508829236644,25.05587148936232,3.716506513122472,52.98157660389308,0.5003103589105229,1
115.15535286758127,-33.61433,NCMP,2024,-10.039868218984603,0.16285180128930823,2.0,22.96320714648697,24.94671358910102,3.745557677634305,30.77104944423075,0.4403842247778065,1
115.17735286758128,-33.61433,NCMP,2024,-12.412415440180517,0.23013569607917353,2.0,22.96684920029204,24.991087419182463,3.8943248598159066,28.672038677105096,2.2279784669363583,1
115.19935286758128,-33.61433,NCMP,2024,-10.410491366409559,0.27090438394026667,2.0,23.0001171742581,25.05980487360418,3.9854027557558007,32.74156080969241,1.0082741101248303,1
115.22135286758129,-33.61433,NCMP,2024,-11.65307771390485,0.28090156252151305,2.0,23.017485521934073,25.087989538057073,4.003279087142524,30.07478333389131,1.5726727387767423,1
115.2433528675813,-33.61433,NCMP,2024,-11.251789245098774,0.2887422952768081,2.0,23.039883700952988,25.122135667763892,4.008310081497877,29.94564609709405,1.4560869580064295,1
115.2653528675813,-33.61433,NCMP,2024,-11.717108884330859,0.3308033713550105,2.0,23.03834293096331,25.16281247407589,4.066145402934223,29.70340722066588,1.1858953352680246,1
115.2873528675813,-33.61433,NCMP,2024,-11.142121403847387,0.35123020132808513,2.0,23.03155150564845,25.172759322165646,4.0948840840963925,29.493343867587132,0.6927123250346885,1
115.30935286758131,-33.61433,NCMP,2024,-10.013105685323593,0.3356007052774394,2.0,23.061707928584905,25.20178011673297,4.106522452346851,33.40006597529091,0.6014432440035171,1
115.33135286758132,-33.61433,NCMP,2024,-7.014727322872233,0.2634567065503076,2.0,23.126235103254714,25.269270782697806,4.139068513012601,35.863661297273794,1.603868112917696,1
115.35335286758132,-33.61433,NCMP,2024,-8.186475831097065,0.23119463731284226,2.0,23.098802401784923,25.257222047817056,4.1646474342179145,36.893043288783865,1.058578826833305,1
115.37535286758133,-33.61433,NCMP,2024,-6.438846753206061,0.2255916960682455,2.0,23.12519728693379,25.269464323043387,4.1480931534000405,40.92678892556416,1.0608496403411263,1
115.39735286758133,-33.61433,NCMP,2024,-5.838712180065949,0.21873707020643177,2.0,23.132117796644398,25.269908617703223,4.135661933574195,41.722992252128904,0.6853650642741191,1
115.11879475176252,-33.592330000000004,NCMP,2024,-10.531194150435962,0.15605578291019082,2.0,22.94825003474422,24.92245209735725,3.729594227001516,26.341118715959315,0.3114409465506409,1
115.14079475176253,-33.592330000000004,NCMP,2024,-14.036239869092784,0.15523940281985266,2.0,22.91572162094259,24.87834466876125,3.7274792972250204,23.055075901827053,1.7427159862508765,1
115.16279475176253,-33.592330000000004,NCMP,2024,-16.015402836059362,0.15910893384978686,2.0,22.919127417434616,24.885517889218935,3.7373242472577166,23.07802530419267,0.9473379276842366,1
115.18479475176254,-33.592330000000004,NCMP,2024,-14.537864217161566,0.22805624179325368,2.0,22.965245985525446,24.98777586081212,3.8899357308647424,22.524921850985645,1.6007390015567915,1
115.20679475176254,-33.592330000000004,NCMP,2024,-15.825086641253788,0.2748582942171491,2.0,23.003345492635503,25.06647320336733,3.99424093885458,22.40441662661681,0.21147056449824383,1
115.22879475176255,-33.592330000000004,NCMP,2024,-14.651503766812057,0.28345938096011064,2.0,23.0139096048314,25.086385674795725,4.007678837327446,22.299689484814035,0.7487177222639946,1
115.25079475176256,-33.592330000000004,NCMP,2024,-14.093848535056495,0.31707311538787747,2.0,23.011586870758844,25.117615170162942,4.054175442285853,22.13702184075726,1.442206973328215,1
115.27279475176256,-33.592330000000004,NCMP,2024,-15.614304897343489,0.34381339629315827,2.0,23.01762458504986,25.160504329987706,4.103885762933138,22.046207084282855,0.5153909184228029,1
115.29479475176257,-33.592330000000004,NCMP,2024,-16.295235809531935,0.35477712737922185,2.0,23.017046002861854,25.16411431961754,4.1076707918892215,22.25669273204487,0.07283326733428445,1
115.31679475176257,-33.592330000000004,NCMP,2024,-14.61838268313478,0.3044493492431458,2.0,23.028458197450533,25.187610014358942,4.137879542271021,24.348175880421568,1.4736317182430159,1
115.33879475176258,-33.592330000000004,NCMP,2024,-12.54162879656789,0.2430077430281356,2.0,23.061398401317465,25.229502620246063,4.171686748977279,26.077750917202806,1.0608609428305076,1
115.36079475176258,-33.592330000000004,NCMP,2024,-10.52247851080951,0.22956655804948373,2.0,23.05249732068778,25.225961119531483,4.177793217567512,30.6434448881935,0.08407455790603162,1
115.38279475176259,-33.592330000000004,NCMP,2024,-8.448527588009265,0.2165497937741602,2.0,23.083555346013622,25.243763906225897,4.161754945252298,30.733449182770023,1.0204233696093916,1
115.4047947517626,-33.592330000000004,NCMP,2024,-8.088013498235364,0.20112747326836353,2.0,23.093841496299113,25.25038756784238,4.156879911218263,33.234238165080846,1.07108061345407,1
115.4267947517626,-33.592330000000004,NCMP,2024,-5.994196885215491,0.20254409671065066,2.0,23.13972779111947,25.273959397001228,4.1306132640397495,35.676123433657466,0.52312096358346,1
115.10417889035271,-33.570330000000006,NCMP,2024,-11.59699662580933,0.1612867342452662,2.0,22.95272973961681,24.931717956048185,3.741906162455612,23.881897467396296,0.744174736414902,1
115.12617889035272,-33.570330000000006,NCMP,2024,-12.911250428561678,0.16056589044702435,2.0,22.938928007131445,24.91276007887792,3.740092826208796,23.77953030148264,1.2450343275190117,1
115.14817889035272,-33.570330000000006,NCMP,2024,-14.702870752060567,0.16162968663260968,2.0,22.928605439511728,24.8996333178223,3.742699565524561,22.880313780992214,1.5589725699295023,1
115.17017889035273,-33.570330000000006,NCMP,2024,-14.69928392389001,0.1750711558455113,2.0,22.939977398877414,24.922807309352617,3.772643838523721,22.76937811175673,1.6664827079484985,1
115.19217889035274,-33.570330000000006,NCMP,2024,-14.704553033150571,0.22627651084718614,2.0,22.963787075949035,24.98476237545756,3.885941666942428,22.704245948572563,1.5993353324209714,1
115.21417889035274,-33.570330000000006,NCMP,2024,-15.260805457061442,0.26829794035879734,2.0,22.992890094285315,25.05166825516996,3.9730561609195845,22.574454654178076,0.5325060199289446,1
115.23617889035275,-33.570330000000006,NCMP,2024,-15.147771924234647,0.282358865454824,2.0,22.997758827846834,25.07028800202489,3.99576482480134,22.454868374607873,0.5481505844556892,1
115.25817889035275,-33.570330000000006,NCMP,2024,-15.385637828286107,0.317028082572797,2.0,23.018334943174974,25.148467275264572,4.090817460969283,22.396184412282484,1.1534139182194287,1
115.28017889035276,-33.570330000000006,NCMP,2024,-15.588199524656815,0.3237156658484057,2.0,23.021377238704993,25.16620508702889,4.1115765587955995,22.25408593696051,0.9237011498447486,1
115.30217889035276,-33.570330000000006,NCMP,2024,-15.296998888048781,0.2943202210905203,2.0,23.030755051906908,25.19233883235736,4.143959451126137,22.182477527941327,1.1549655531900107,1
115.32417889035277,-33.570330000000006,NCMP,2024,-16.13348786218382,0.23571521741972035,2.0,23.04381436361344,25.219225650576696,4.178528217408129,22.70638593303189,0.156894562021104,1
115.34617889035277,-33.570330000000006,NCMP,2024,-15.838141765484712,0.23249518531895846,2.0,23.044007456851666,25.21962319547892,4.179039346568132,25.186800836717158,0.24575092483921615,1
115.36817889035278,-33.570330000000006,NCMP,2024,-14.026512423924466,0.21182920986200346,2.0,23.045456278370352,25.222510781651824,4.181780736259255,25.272424849990852,1.077712148501233,1
115.39017889035279,-33.570330000000006,NCMP,2024,-10.971907933602528,0.19909279706798125,2.0,23.061346841029067,25.232508602434415,4.174108631846425,30.627222611173558,0.40499051501589484,1
115.41217889035279,-33.570330000000006,NCMP,2024,-9.75715416858301,0.1961573379083704,2.0,23.063507211163746,25.234457944394954,4.172692203222427,32.5809518446933,0.27288640189838853,1
115.4341788903528,-33.570330000000006,NCMP,2024,-6.362836758383863,0.2154127631572548,2.0,23.132917618280526,25.267625531584144,4.127218996499612,35.38917663088192,0.7925217613054676,1
115.4561788903528,-33.570330000000006,NCMP,2024,-4.843648569846986,0.2254716654828134,2.0,23.16133523977921,25.280856820443052,4.1075480300424125,42.57697416925236,0.13920319177355692,1
115.11150338126689,-33.54833000000001,NCMP,2024,-12.336279954348495,0.16626433605590402,2.0,22.951498480067688,24.933023389261365,3.753031159047718,23.790432488588454,1.0573077164982538,1
115.13350338126689,-33.54833000000001,NCMP,2024,-13.061356499229998,0.16803392814922713,2.0,22.94652646599588,24.927400207348736,3.7569213972929623,23.804942349316157,1.35586690175299,1
115.1555033812669,-33.54833000000001,NCMP,2024,-13.636998479027973,0.1736098188545,2.0,22.946690827920502,24.930919358500226,3.7693472972627564,22.655386276211058,1.6592390326323005,1
115.1775033812669,-33.54833000000001,NCMP,2024,-14.53285268935504,0.20415221666868916,2.0,22.945746568010488,24.947498375453357,3.8365520796352706,22.85587803002172,2.136518120947422,1
115.19950338126691,-33.54833000000001,NCMP,2024,-14.374435142930228,0.22190867202553596,2.0,22.96019639875081,24.977345566818613,3.8761114523177946,22.49939333975417,1.7704116884929444,1
115.22150338126691,-33.54833000000001,NCMP,2024,-15.19767218867143,0.2682085222434573,2.0,22.987768018705385,25.04772595535252,3.9663040661040254,22.412545524862264,0.5756957732482009,1
115.24350338126692,-33.54833000000001,NCMP,2024,-14.994893082469178,0.2933471884623002,2.0,23.01677322250324,25.127805473267976,4.067364212183992,22.415834138112604,0.7805029045885601,1
115.26550338126692,-33.54833000000001,NCMP,2024,-15.386087940077335,0.30595758101714815,2.0,23.0221332592315,25.15952919470619,4.104461679919741,22.317280102239735,1.0175614107141282,1
115.28750338126693,-33.54833000000001,NCMP,2024,-15.54074376972738,0.28235346542491874,2.0,23.032132134447625,25.195174002294127,4.147604669616253,22.286932411543084,0.9637051792488287,1
115.30950338126694,-33.54833000000001,NCMP,2024,-15.748076608228857,0.2480211603807372,2.0,23.03975916699339,25.210876716358946,4.167793873413881,22.19701086842906,0.5426684202662081,1
115.33150338126694,-33.54833000000001,NCMP,2024,-15.854448345448915,0.2318698114337785,2.0,23.0428441848992,25.21722822381208,4.175960097282193,22.189204684065576,0.21230222743710847,1
115.35350338126695,-33.54833000000001,NCMP,2024,-15.630439735958337,0.20302537703883952,2.0,23.04511799375809,25.221884955119137,4.181696165106191,21.9063617069668,0.36415372238324484,1
115.37550338126695,-33.54833000000001,NCMP,2024,-15.935810789856989,0.19445430963518995,2.0,23.045050888440734,25.221760810282028,4.181679388776851,21.527883166493908,0.0967498338601942,1
115.39750338126696,-33.54833000000001,NCMP,2024,-13.260584533857266,0.20063595639824724,2.0,23.059936800927492,25.230203082518322,4.172742786575061,24.551951558360784,1.3610780521902512,1
115.41950338126696,-33.54833000000001,NCMP,2024,-9.137521799660078,0.20439663583308956,2.0,23.097168212841886,25.250097759143337,4.150811454606703,31.99962231535927,0.6537518854037653,1
115.44150338126697,-33.54833000000001,NCMP,2024,-7.09972498018891,0.21297296398817392,2.0,23.126186140839074,25.264259138150212,4.1317661385038855,32.667557647916205,1.0966885659072447,1
115.46350338126697,-33.54833000000001,NCMP,2024,-6.504643693383053,0.21566523351299666,2.0,23.13587546371757,25.26896662077687,4.125461600735589,32.86322479983132,0.9217481247918059,1
115.11836796641927,-33.52633000000001,NCMP,2024,-12.535410829760407,0.1716128794600371,2.0,22.95496128510001,24.940833586676963,3.7649877932317457,23.713343820126482,1.1842182664571228,1
115.14036796641928,-33.52633000000001,NCMP,2024,-12.937903802073858,0.1748071185167311,2.0,22.953923587220604,24.94132312784992,3.7720638262976975,23.965641614974555,1.3713986808033831,1
115.16236796641928,-33.52633000000001,NCMP,2024,-13.268752150722143,0.18052936313667753,2.0,22.955743749892253,24.94713686216792,3.7847833443162107,22.65348968891819,1.5890602404651482,1
115.18436796641929,-33.52633000000001,NCMP,2024,-14.201504286662932,0.21002517951268584,2.0,22.950490029240342,24.95729634455109,3.849538276772743,22.945491122536765,2.105793170253596,1
115.2063679664193,-33.52633000000001,NCMP,2024,-14.119716182047926,0.21952417176077418,2.0,22.958228557605636,24.97328084576465,3.8707240839367376,22.549170007723546,1.884702415538727,1
115.2283679664193,-33.52633000000001,NCMP,2024,-16.665076864120795,0.2611221199982244,2.0,22.9940973452042,25.07770415437397,4.0016936754606,22.101811294946657,0.5400189057268682,1
115.2503679664193,-33.52633000000001,NCMP,2024,-16.268262244407445,0.27503174292723104,2.0,23.026019789492373,25.163307331053964,4.11007263580178,21.831516837584033,0.5825557870128036,1
115.27236796641931,-33.52633000000001,NCMP,2024,-16.269667598056383,0.2683828182438146,2.0,23.029796290789292,25.17759521974949,4.12728110342112,21.9120944965059,0.8041852734500963,1
115.29436796641932,-33.52633000000001,NCMP,2024,-15.552479864245111,0.2510388778397482,2.0,23.038354457007873,25.207984666388754,4.16407552345221,21.8059974323298,0.709325898723534,1
115.31636796641932,-33.52633000000001,NCMP,2024,-15.612370694162582,0.23777168995705752,2.0,23.04063740515797,25.21268485375661,4.170118621496601,22.061595162891972,0.3981612751158121,1
115.33836796641933,-33.52633000000001,NCMP,2024,-15.699674727988047,0.22212727888905992,2.0,23.042549717046125,25.216621966467518,4.1751806235534765,22.12255895881659,0.37784303880883247,1
115.36036796641933,-33.52633000000001,NCMP,2024,-15.479163122289885,0.2000820440041213,2.0,23.04517458266698,25.221989644600583,4.181710312333411,21.650144684517336,0.3503389390269704,1
115.38236796641934,-33.52633000000001,NCMP,2024,-14.865535268229628,0.19892066522189913,2.0,23.052673784871413,25.22590762709819,4.1769861575544684,24.352552181785565,0.6054322603584493,1
115.40436796641934,-33.52633000000001,NCMP,2024,-13.016486376224572,0.20315750231878577,2.0,23.06556153932546,25.2328600695712,4.169012751717309,26.39483789573254,1.2982700400745737,1
115.42636796641935,-33.52633000000001,NCMP,2024,-9.603309958840285,0.20458445813072754,2.0,23.098285731290254,25.25031984345749,4.149946089238542,32.02786202449776,0.5104511170393665,1
115.44836796641935,-33.52633000000001,NCMP,2024,-8.28189931735361,0.20847606774059818,2.0,23.113160167756355,25.25785783058837,4.140542997153062,32.295584332986365,1.1085309639463359,1
115.47036796641936,-33.52633000000001,NCMP,2024,-7.72097505943116,0.21016984964333643,2.0,23.120195531533383,25.261410927529877,4.13614587693929,32.3025196355897,1.4176841636722455,1
115.49236796641937,-33.52633000000001,NCMP,2024,-7.60123314118151,0.21015077803548068,2.0,23.121732308921096,25.262262449522684,4.135381448199977,31.70729402316368,1.438731327730908,1
115.12513220119757,-33.50433000000001,NCMP,2024,-12.584205724278819,0.1759455620555895,2.0,22.958522927193506,24.948170261524186,3.774662588441169,23.788522390543633,1.2534896559449187,1
115.14713220119758,-33.50433000000001,NCMP,2024,-12.8458988824884,0.179218145649519,2.0,22.958753170801984,24.950405124822748,3.7819191245597286,23.43140877247893,1.3960120037383301,1
115.16913220119758,-33.50433000000001,NCMP,2024,-13.071594171309401,0.18376032092186775,2.0,22.96041108654035,24.955303555665143,3.792009287201973,23.304411796921947,1.5690809618785315,1
115.19113220119759,-33.50433000000001,NCMP,2024,-14.000031014910322,0.2125243532928367,2.0,22.952505476184296,24.96145939889434,3.855055975783247,22.31788161127508,2.0862955541423456,1
115.2131322011976,-33.50433000000001,NCMP,2024,-15.54470756945893,0.23722053409011506,2.0,22.960982699662676,24.994165266554145,3.8949085540374497,21.92782109132527,1.2043676566789687,1
115.2351322011976,-33.50433000000001,NCMP,2024,-16.66057349311055,0.2602284774641758,2.0,22.99678273880504,25.087405445368148,4.0134762237652115,21.90323094597296,0.5875562715001399,1
115.2571322011976,-33.50433000000001,NCMP,2024,-16.258463891428388,0.2663716870469319,2.0,23.028835089928418,25.172483601981295,4.1212677975537515,21.887406250061993,0.7280889014442524,1
115.27913220119761,-33.50433000000001,NCMP,2024,-16.253303869446324,0.2590655914947599,2.0,23.031811459368136,25.182959189607654,4.133960900312782,21.881107260664045,0.884887622332295,1
115.30113220119762,-33.50433000000001,NCMP,2024,-15.471440280299744,0.24349367339231823,2.0,23.039395619130495,25.210128235464747,4.166831540835635,22.056965119902557,0.5841421232888578,1
115.32313220119762,-33.50433000000001,NCMP,2024,-15.516946411081946,0.23392279955576104,2.0,23.040820890312506,25.213062617310065,4.170604317493898,22.030296441551585,0.397537597484485,1
115.34513220119763,-33.50433000000001,NCMP,2024,-14.84731331798,0.20692848865842856,2.0,23.045335097182985,25.222286596455188,4.181750440962412,22.11663730427514,0.7193090687292545,1
115.36713220119763,-33.50433000000001,NCMP,2024,-14.231429228706194,0.20387713498773485,2.0,23.057327089237877,25.22840736917924,4.174100264776433,24.585509568258132,0.9165260333130527,1
115.38913220119764,-33.50433000000001,NCMP,2024,-13.579016272011064,0.20401961259027637,2.0,23.062127089911467,25.23096726524433,4.171111031096192,24.539009497396453,1.2230019037964301,1
115.41113220119765,-33.50433000000001,NCMP,2024,-12.474544336698708,0.20591152121466946,2.0,23.070929370667844,25.235605359081053,4.165592055167831,26.463401507610467,1.0755107487372237,1
115.43313220119765,-33.50433000000001,NCMP,2024,-9.727220968953581,0.204240793717432,2.0,23.09825003691127,25.250290101707357,4.150092758565592,32.13072444398246,0.49741463166735916,1
115.45513220119766,-33.50433000000001,NCMP,2024,-8.878175920903423,0.20637841992025724,2.0,23.107119305665215,25.254860581273206,4.144601473563315,31.6327892785122,0.8833960857734053,1
115.47713220119766,-33.50433000000001,NCMP,2024,-8.39777266221727,0.20757411235018142,2.0,23.112459692959977,25.25761079862912,4.141329804044317,31.393295359312432,1.1630131269024142,1
115.49913220119767,-33.50433000000001,NCMP,2024,-8.172927205749925,0.20797233584960656,2.0,23.115006283292985,25.25895363434508,4.139855216720961,31.357275091503215,1.3539005360315213,1
115.52113220119767,-33.50433000000001,NCMP,2024,-8.091485190271506,0.207909434464002,2.0,23.11589642696172,25.25946495370836,4.139443240606376,31.23887271150936,1.5029800359475365,1
115.13189643597588,-33.48233000000001,NCMP,2024,-12.587830905156114,0.1789884496081169,2.0,22.961265268524723,24.953645387173893,3.781457013304017,23.323807341829266,1.2981028595539226,1
115.15389643597588,-33.48233000000001,NCMP,2024,-12.773038964150564,0.18181562577445703,2.0,22.961811540858864,24.956041529162846,3.7877275353597653,23.34891429058703,1.414962514325033,1
115.17589643597589,-33.48233000000001,NCMP,2024,-12.93495067716051,0.18522707432951122,2.0,22.963088724537812,24.95976278553195,3.7953036550508865,23.34891429058703,1.557135232863045,1
115.19789643597589,-33.48233000000001,NCMP,2024,-15.428305880064247,0.23057640979526087,2.0,22.956377842493982,24.983578318375827,3.8811240096398283,21.97082492811013,1.3989483188417835,1
115.2198964359759,-33.48233000000001,NCMP,2024,-16.725444492943126,0.25433092657942136,2.0,22.992134674455244,25.075522135745896,3.998280539772996,21.99494970131015,0.7048745372953173,1
115.2418964359759,-33.48233000000001,NCMP,2024,-16.253052821424845,0.26552683073487193,2.0,23.0282963612396,25.169723924224215,4.11801404498222,22.10609838481096,0.6705489142947504,1
115.26389643597591,-33.48233000000001,NCMP,2024,-16.249813038213397,0.26066824039241193,2.0,23.030420484534993,25.177445373226025,4.127344395369541,22.134231927579922,0.8571467793695267,1
115.28589643597591,-33.48233000000001,NCMP,2024,-16.24289039213908,0.2543141987516621,2.0,23.032676235770303,25.185166856732963,4.1367231219099665,22.120596152668103,0.7586862699012487,1
115.30789643597592,-33.48233000000001,NCMP,2024,-15.397028073860128,0.24078618365469648,2.0,23.039718867736234,25.210793747300098,4.167687198909651,21.97534094422584,0.5550031353163677,1
115.32989643597593,-33.48233000000001,NCMP,2024,-15.348492984062561,0.2288619308374563,2.0,23.041088659890647,25.213528553663988,4.170333352099738,21.97714426763854,0.47228252383023356,1
115.35189643597593,-33.48233000000001,NCMP,2024,-14.498120926527907,0.20763377860357063,2.0,23.045439945169797,25.2224805652308,4.181776652959116,24.531971150958846,0.8538250064313576,1
115.37389643597594,-33.48233000000001,NCMP,2024,-13.431736140088061,0.20635893887869863,2.0,23.06338403374036,25.231629825831657,4.170323102281811,24.45487930583714,1.2947355315883633,1
115.39589643597594,-33.48233000000001,NCMP,2024,-12.884051304497465,0.2065912607133352,2.0,23.067755582818652,25.233930222686805,4.167580141022172,26.327932416139337,1.272956032072701,1
115.41789643597595,-33.48233000000001,NCMP,2024,-12.182461758035052,0.20755452055495338,2.0,23.073674791573804,25.237020338057846,4.16384972280394,26.33953096111288,0.9709972019701517,1
115.43989643597595,-33.48233000000001,NCMP,2024,-9.689173694575384,0.2040841514854267,2.0,23.098911408376303,25.25067730666239,4.14983392128621,31.096054676082616,0.5405775193381367,1
115.46189643597596,-33.48233000000001,NCMP,2024,-9.135096674297019,0.20538029106061265,2.0,23.10455995883733,25.253609664848092,4.146374759347294,31.20264803428943,0.8209951172343727,1
115.48389643597596,-33.48233000000001,NCMP,2024,-8.760708037351215,0.2062303865243358,2.0,23.108521834075255,25.255668923238606,4.14397307234255,31.219300292072585,1.064043116016305,1
115.50589643597597,-33.48233000000001,NCMP,2024,-8.533542350478093,0.2066666513760131,2.0,23.11096753374749,25.256955132602354,4.142533849650419,30.723358461107644,1.2658717266170882,1
115.52789643597598,-33.48233000000001,NCMP,2024,-8.407908349290553,0.20680798164724332,2.0,23.112314159076764,25.257683309642037,4.141791703705747,30.721487379039555,1.442313766532384,1
115.13866067075418,-33.46033000000001,NCMP,2024,-12.573226346048058,0.1810076716813895,2.0,22.963257074744956,24.95750963833029,3.785968490855395,23.56694894386149,1.3277476698076989,1
115.16066067075418,-33.46033000000001,NCMP,2024,-12.710313346025488,0.18331513404111535,2.0,22.963821171856534,24.959623717319268,3.791086767612164,23.571827416083714,1.428012903806798,1
115.18266067075419,-33.46033000000001,NCMP,2024,-15.344655080546318,0.22733969988010172,2.0,22.954051016470874,24.978349348783986,3.8742907993761593,22.301970540984904,1.5143657618644386,1
115.2046606707542,-33.46033000000001,NCMP,2024,-15.393489421852639,0.20587271594299034,2.0,22.964351577865326,25.00145519060591,3.903964771894964,22.055695642121687,1.8105117702741786,1
115.2266606707542,-33.46033000000001,NCMP,2024,-16.707213773832756,0.2551117848223707,2.0,22.994395852285468,25.082336245307683,4.00675939242246,22.175580681248416,0.7034896293048405,1
115.2486606707542,-33.46033000000001,NCMP,2024,-16.248118591681383,0.2617213163325479,2.0,23.02955834318626,25.174000586627084,4.123213223838133,22.079754765408694,0.772787063408873,1
115.27066067075421,-33.46033000000001,NCMP,2024,-16.24396010695202,0.25741131417245183,2.0,23.031229963842375,25.179915359921168,4.1303767882917315,22.070716397233323,0.9116382732205416,1
115.29266067075422,-33.46033000000001,NCMP,2024,-16.237599393244672,0.2523668097722058,2.0,23.032920583311775,25.185649884787754,4.13734773258191,22.0758695859746,0.6942079424470797,1
115.31466067075422,-33.46033000000001,NCMP,2024,-15.267765955560533,0.23413162022670556,2.0,23.040240433674438,25.211773118579135,4.1679837389729695,24.56464803340611,0.5449748233508794,1
115.33666067075423,-33.46033000000001,NCMP,2024,-15.202866413158844,0.22968469917416706,2.0,23.04092817448256,25.213183597386944,4.1697415759343786,24.65866039818002,0.544450043258867,1
115.35866067075423,-33.46033000000001,NCMP,2024,-13.241090582268209,0.20801933113017912,2.0,23.064877659420155,25.232423746466097,4.169391181813913,25.8571910859116,1.3977982904756603,1
115.38066067075424,-33.46033000000001,NCMP,2024,-12.927716661698994,0.2077698660416012,2.0,23.067411628475472,25.233753058073194,4.167798497146776,25.996231904292088,1.327636188948996,1
115.40266067075424,-33.46033000000001,NCMP,2024,-12.508607823565248,0.20797234368304074,2.0,23.07090244002719,25.235577753211636,4.165600048092899,26.257999941156587,1.1203822439494056,1
115.42466067075425,-33.46033000000001,NCMP,2024,-12.034224495766047,0.20851947695659281,2.0,23.075003512988914,25.237710392302592,4.163009944474373,26.26242552920582,0.9317803729849076,1
115.44666067075426,-33.46033000000001,NCMP,2024,-9.618481070927865,0.20400771249444516,2.0,23.099671291604977,25.251119068684392,4.1494941923064,30.951233329093913,0.5986132637052654,1
115.46866067075426,-33.46033000000001,NCMP,2024,-9.240212018118152,0.20485696328811695,2.0,23.10349466336387,25.253111568733146,4.14716820047503,30.617287229031888,0.8263375540815653,1
115.49066067075427,-33.46033000000001,NCMP,2024,-8.955071102530646,0.205473071178641,2.0,23.106446270379728,25.254653155214672,4.145389991806098,30.58466973900045,1.0427638729518538,1
115.51266067075427,-33.46033000000001,NCMP,2024,-8.756037537358102,0.20585765257387248,2.0,23.108534618487848,25.25575230633191,4.144156846947438,30.669580776785132,1.2414476384493138,1
115.53466067075428,-33.46033000000001,NCMP,2024,-8.62507317343185,0.20605526270636054,2.0,23.109911832772713,25.25648809379496,4.143371885219091,30.67415088260524,1.4267482466374832,1
115.55666067075428,-33.46033000000001,NCMP,2024,-8.543289702495112,0.20612134098170212,2.0,23.110763221166803,25.256954613538696,4.142915346491925,30.61338100539105,1.6045086113208353,1
115.14542490553248,-33.438330000000015,NCMP,2024,-12.55061662855734,0.18232784937805993,2.0,22.964706435293436,24.960233912348844,3.788921408143484,21.6758464098629,1.348811894385074,1
115.16742490553249,-33.438330000000015,NCMP,2024,-12.655232400996788,0.1841848221057412,2.0,22.965207749135004,24.961998675250676,3.79304057208984,23.545530767532988,1.4388385039716887,1
115.18942490553249,-33.438330000000015,NCMP,2024,-15.327879827989204,0.20388171587714,2.0,22.962133729691775,24.996348376966207,3.897335080166819,22.0590442374173,1.9458303473963712,1
115.2114249055325,-33.438330000000015,NCMP,2024,-16.670676140835802,0.2146575554988342,2.0,22.998444211898054,25.08934581892873,4.015839981406736,22.128482832505636,1.3876915949655657,1
115.2334249055325,-33.438330000000015,NCMP,2024,-16.24729535909961,0.2624237587779127,2.0,23.029029152357623,25.17189932962717,4.1206920725621705,24.66576900099697,0.7180838434837812,1
115.25542490553251,-33.438330000000015,NCMP,2024,-16.244569278718746,0.259354838267964,2.0,23.030281740134715,25.176409394832877,4.126146258922781,24.658292086841616,0.8525552073203653,1
115.27742490553251,-33.438330000000015,NCMP,2024,-16.240602931488983,0.2557892191812422,2.0,23.031586442639554,25.180968133820723,4.13167348211167,24.66301885602151,0.8510045211701692,1
115.29942490553252,-33.438330000000015,NCMP,2024,-15.210136872354463,0.23734649526043672,2.0,23.039698004663293,25.21065002717173,4.166475284459844,24.549176407859758,0.6483131260217065,1
115.32142490553252,-33.438330000000015,NCMP,2024,-15.160026300340544,0.2339142607283587,2.0,23.040253533863872,25.211789501314925,4.1678968748520075,24.564955077056904,0.5862305151562457,1
115.34342490553253,-33.438330000000015,NCMP,2024,-13.078152894471295,0.20902106599300363,2.0,23.066137570617077,25.233093465433893,4.1686051009595815,25.8055554724225,1.410070809951066,1
115.36542490553254,-33.438330000000015,NCMP,2024,-12.877890178415909,0.20871149590320545,2.0,23.067780383490035,25.233952800535157,4.167570894712005,25.733037490019104,1.3241447100957429,1
115.38742490553254,-33.438330000000015,NCMP,2024,-12.610530964096696,0.2086313848407375,2.0,23.07000860672193,25.23511667599964,4.166167038905929,25.73478401779688,1.1936646899761982,1
115.40942490553255,-33.438330000000015,NCMP,2024,-12.292255914449925,0.20878829507871188,2.0,23.072720486873877,25.236529277346836,4.1644558749940455,26.006404071857144,1.0407990341893132,1
115.43142490553255,-33.438330000000015,NCMP,2024,-11.954201678611504,0.20912497015397472,2.0,23.075674108134372,25.23806258829188,4.162588720715809,26.091543413644587,0.9241480946348362,1
115.45342490553256,-33.438330000000015,NCMP,2024,-11.632572581501213,0.20955151772284422,2.0,23.078552549804453,25.23955194283049,4.160765824979737,26.082504992750863,0.8744178300876153,1
115.47542490553256,-33.438330000000015,NCMP,2024,-9.27914940141881,0.20455446137023167,2.0,23.103076085950285,25.25293660537616,4.147529926616743,30.61386624185682,0.8600517477124541,1
115.49742490553257,-33.438330000000015,NCMP,2024,-9.060363552097115,0.2050133380574346,2.0,23.10531692827325,25.254110219470498,4.146185280029631,30.57706296277546,1.0594947546229174,1
115.51942490553257,-33.438330000000015,NCMP,2024,-8.893669668719163,0.20533404820455636,2.0,23.107041696794244,25.255018890715633,4.1451661290423365,30.57706296277546,1.252692140006981,1
115.54142490553258,-33.438330000000015,NCMP,2024,-8.772278901417641,0.20553370291455048,2.0,23.108302288875578,25.25568962542603,4.14443869281873,30.65615427574993,1.4398311900310077,1
115.56342490553259,-33.438330000000015,NCMP,2024,-8.687039768200735,0.2056387133704437,2.0,23.109184530338414,25.256166119179895,4.143947283383625,30.468887558042308,1.6229145565400924,1
115.15218914031078,-33.416330000000016,NCMP,2024,-12.524970303688601,0.18319306948886352,2.0,22.96578304132211,24.96218981568241,3.7908597893064204,23.823569288465915,1.3658538169751915,1
115.17418914031079,-33.416330000000016,NCMP,2024,-15.280498622539065,0.20272740523785532,2.0,22.960912757388055,24.993581880931732,3.893732958041165,23.007979278496734,1.948302698559664,1
115.19618914031079,-33.416330000000016,NCMP,2024,-15.336365169967232,0.20487710993167746,2.0,22.96447909094742,25.002573212163263,3.9052208372720556,23.01247564636833,1.880095539195533,1
115.2181891403108,-33.416330000000016,NCMP,2024,-16.642255614102115,0.21440432756674666,2.0,23.001089039627054,25.09680643870029,4.025200602426159,22.99160393012402,1.327366970575445,1
115.2401891403108,-33.416330000000016,NCMP,2024,-16.244992557723748,0.2606298578681166,2.0,23.029656344117157,25.174087139630558,4.123345056884397,22.86731553723887,0.7833659568026153,1
115.26218914031081,-33.416330000000016,NCMP,2024,-16.24233271672155,0.2580085727794162,2.0,23.03067069408946,25.17769454359561,4.127712197705585,22.873065472196757,0.9163418796529209,1
115.28418914031081,-33.416330000000016,NCMP,2024,-16.238942427088677,0.2551438184875481,2.0,23.031691906894096,25.181245357122556,4.132019193658035,24.67745741140232,0.8134602576060843,1
115.30618914031082,-33.416330000000016,NCMP,2024,-15.126499442861347,0.236717691757726,2.0,23.039788905749234,25.210829038988724,4.166622495907858,24.57303171396167,0.6626511736245704,1
115.32818914031083,-33.416330000000016,NCMP,2024,-15.075915125503963,0.2341282757378006,2.0,23.040211770427454,25.211695153524218,4.16769031246941,24.574407127321457,0.6277281121610527,1
115.35018914031083,-33.416330000000016,NCMP,2024,-12.806155030367396,0.20936358305214353,2.0,23.06831628433467,25.23424009978431,4.167238151095184,25.80480439768705,1.2979666564408876,1
115.37218914031084,-33.416330000000016,NCMP,2024,-12.624647429646647,0.20920827946072662,2.0,23.069837760005942,25.235033754125535,4.166278865326293,25.732286415283653,1.2292147240314297,1
115.39418914031084,-33.416330000000016,NCMP,2024,-12.404568170495489,0.2091921124576818,2.0,23.071706080158673,25.23600705690585,4.165100048295683,25.98986866309823,1.1107124430811637,1
115.41618914031085,-33.416330000000016,NCMP,2024,-12.159324718664449,0.20931033447622938,2.0,23.073821730795487,25.237107009710193,4.163763721789905,26.001467208071777,1.0006928174487864,1
115.43818914031085,-33.416330000000016,NCMP,2024,-11.90790800832949,0.20953054527483259,2.0,23.076027958113905,25.23825147769704,4.162368475581495,26.077568128965492,0.9336613041827627,1
115.46018914031086,-33.416330000000016,NCMP,2024,-11.670086602745467,0.20980648688879663,2.0,23.078147520944164,25.239348707021794,4.161026524525853,26.077568128965492,0.9259047075827409,1
115.48218914031087,-33.416330000000016,NCMP,2024,-9.288562358360426,0.20436466776986156,2.0,23.10294852046168,25.25290423476153,4.147690534420219,30.595869635001517,0.9067667710031014,1
115.50418914031087,-33.416330000000016,NCMP,2024,-9.11775354852201,0.20471609437425736,2.0,23.10468882650708,25.25381725825697,4.146649084284785,30.502271152331474,1.0955885261718874,1
115.52618914031088,-33.416330000000016,NCMP,2024,-8.979728066351722,0.20498030852376264,2.0,23.106105791176194,25.25456431824354,4.1458118428945925,30.49840202204047,1.283993176871117,1
115.54818914031088,-33.416330000000016,NCMP,2024,-8.87223767075949,0.20516376077621462,2.0,23.107213163943474,25.255152479681424,4.145169057780786,30.38586307276511,1.4706071575030573,1
115.57018914031089,-33.416330000000016,NCMP,2024,-8.790942378712442,0.20527936817827594,2.0,23.108049970838803,25.25560154681955,4.144695014162007,30.408689181288235,1.6556613183047262,1
115.5921891403109,-33.416330000000016,NCMP,2024,-8.730961596716485,0.2053418794954798,2.0,23.10866397557371,25.255935689892734,4.144358615426464,30.345909182150898,1.8398529010659521,1
115.15895337508908,-33.39433000000002,NCMP,2024,-12.498851598932758,0.18376448671749657,2.0,22.966603160545997,24.963628330604646,3.7921427040930387,24.623209397339824,1.3818585665424021,1
115.18095337508909,-33.39433000000002,NCMP,2024,-15.293818760692766,0.20377246938441385,2.0,22.963059435158414,24.99918025036638,3.9008454757426025,22.566745443088987,1.9847933609997392,1
115.2029533750891,-33.39433000000002,NCMP,2024,-16.663403561666623,0.21375714753003405,2.0,22.999380813073294,25.092369299802684,4.019559663686642,22.593188078319965,1.459917131386688,1
115.2249533750891,-33.39433000000002,NCMP,2024,-16.62316993377608,0.21418560918239515,2.0,23.00285705370653,25.101803004258013,4.0314678495742475,22.573154865759587,1.2756993781593031,1
115.2469533750891,-33.39433000000002,NCMP,2024,-16.24343726424074,0.2595102440924611,2.0,23.03003568205537,25.175407180265097,4.124946101688658,22.56792456032677,0.8392075237046944,1
115.26895337508911,-33.39433000000002,NCMP,2024,-16.241070468051298,0.2573260684099265,2.0,23.03085735006389,25.178311026504453,4.128463402725194,22.660890151333703,0.9468956324888963,1
115.29095337508912,-33.39433000000002,NCMP,2024,-15.098602172443039,0.2386193744606129,2.0,23.03946673711034,25.210162624789763,4.165733815623159,22.84107675723513,0.7571905724579504,1
115.31295337508912,-33.39433000000002,NCMP,2024,-15.0593650461332,0.2365144064660975,2.0,23.039817416191745,25.210881135031986,4.166622182047391,22.847271201679572,0.6819954641772783,1
115.33495337508913,-33.39433000000002,NCMP,2024,-12.733024212640661,0.20980682941687914,2.0,23.068863936089922,25.23453279281151,4.166897510777061,25.786807790831745,1.289729096086883,1
115.35695337508913,-33.39433000000002,NCMP,2024,-12.603691808149028,0.20964876362339613,2.0,23.069956940994814,25.235102063163144,4.166207792002546,25.707531375888664,1.220694446248332,1
115.37895337508914,-33.39433000000002,NCMP,2024,-12.445932124748541,0.20956907770707953,2.0,23.071298426684976,25.23580049518654,4.165361105588248,25.707531375888664,1.167315196069385,1
115.40095337508914,-33.39433000000002,NCMP,2024,-12.26579788238531,0.2095769698556576,2.0,23.072845083633116,25.236604916297352,4.164384373055764,25.97334703180078,1.0599203194865632,1
115.42295337508915,-33.39433000000002,NCMP,2024,-12.073036922222,0.20966606965272572,2.0,23.074519290229105,25.237474456951105,4.163326283092788,25.93013505730688,0.9843325036870068,1
115.44495337508916,-33.39433000000002,NCMP,2024,-11.879490415096793,0.2098171871465431,2.0,23.076219983668913,25.23835644056382,4.162250582844825,25.9856731511072,0.9538635594689873,1
115.46695337508916,-33.39433000000002,NCMP,2024,-11.696711277630454,0.21000475335504037,2.0,23.07784236286586,25.239196711984096,4.161223688930342,25.9856731511072,0.976117978697528,1
115.48895337508917,-33.39433000000002,NCMP,2024,-9.284579372458813,0.2042374949408456,2.0,23.10295581294792,25.252935696710438,4.1477525705243945,30.49042913844259,0.9600909199692245,1
115.51095337508917,-33.39433000000002,NCMP,2024,-9.1486236864475,0.20451356062880763,2.0,23.104337527847356,25.25366139732703,4.146927334291254,30.49042913844259,1.1422026010501753,1
115.53295337508918,-33.39433000000002,NCMP,2024,-9.034113700437992,0.20473186421568723,2.0,23.10550782827054,25.25427872366105,4.146235988869467,29.696661624840374,1.3269645411528723,1
115.55495337508918,-33.39433000000002,NCMP,2024,-8.940611327977296,0.20489457594660868,2.0,23.106466265896678,25.25478730332184,4.145677837946988,29.646917196211433,1.512419472765256,1
115.57695337508919,-33.39433000000002,NCMP,2024,-8.866135407931031,0.20500813847590113,2.0,23.107229734940184,25.25519560679565,4.145241356997099,30.283339342318826,1.6979730775024995,1
115.5989533750892,-33.39433000000002,NCMP,2024,-8.808017919470702,0.20508087704453834,2.0,23.107823722083022,25.255516482131377,4.144909746118567,30.283339342318826,1.8836039615704232,1
115.16571760986739,-33.37233000000002,NCMP,2024,-15.262333103857527,0.20307422397608368,2.0,22.96218912046484,24.997116721356104,3.8981807015373713,22.545795018706272,1.9705450221544916,1
115.18771760986739,-33.37233000000002,NCMP,2024,-16.677201767674898,0.21332249606336812,2.0,22.998276517892137,25.089512388595043,4.015925252327931,22.59839178202367,1.589061354854351,1
115.2097176098674,-33.37233000000002,NCMP,2024,-16.644160979942722,0.21372859618906678,2.0,23.00110635307794,25.097159980155777,4.025585241788112,22.57835856946329,1.406512795039594,1
115.2317176098674,-33.37233000000002,NCMP,2024,-16.24420935932139,0.2605665562179694,2.0,23.029588163328068,25.173794488306502,4.122995952868545,22.496598832813547,0.7911649369399454,1
115.25371760986741,-33.37233000000002,NCMP,2024,-16.242475814955405,0.25885850348772277,2.0,23.03025435264109,25.17617363887316,4.125875138272002,22.494925985433852,0.8895452253050073,1
115.27571760986741,-33.37233000000002,NCMP,2024,-16.240457492864522,0.25705488905953383,2.0,23.03092380369641,25.178533336459083,4.128733980336612,22.494925985433852,0.9170144338227981,1
115.29771760986742,-33.37233000000002,NCMP,2024,-15.04361652749077,0.23822461021545493,2.0,23.039529595185538,25.210286673032595,4.16583861542411,22.375419943845596,0.7596141383785915,1
115.31971760986742,-33.37233000000002,NCMP,2024,-15.00608383399642,0.23653307098860302,2.0,23.03981280617723,25.2108663636823,4.16654936897184,22.3691699438456,0.7047327145720208,1
115.34171760986743,-33.37233000000002,NCMP,2024,-12.569144112594454,0.20997366103429543,2.0,23.070191740934693,25.235230181764894,4.166063489013138,23.45024192774315,1.2248337307693786,1
115.36371760986744,-33.37233000000002,NCMP,2024,-12.452310526944997,0.20987801382813517,2.0,23.071189688976435,25.235749271253134,4.1654333083028465,23.52262016349525,1.1702516505009115,1
115.38571760986744,-33.37233000000002,NCMP,2024,-12.31721696573641,0.2098368999653727,2.0,23.07234940292644,25.23635229345824,4.164700836417277,23.68573585391393,1.1144445151849323,1
115.40771760986745,-33.37233000000002,NCMP,2024,-12.168964128098477,0.20985300390574202,2.0,23.073631253122155,25.237018319774318,4.163890889782941,24.340793162665822,1.0308272306958486,1
115.42971760986745,-33.37233000000002,NCMP,2024,-12.014414370540242,0.20992086485487357,2.0,23.074978436887854,25.237717622296785,4.163039217577753,24.37864148380423,0.9837212662761923,1
115.45171760986746,-33.37233000000002,NCMP,2024,-11.861182907277525,0.2100286504731889,2.0,23.07632468319883,25.238415762341877,4.162187690031375,24.427758860011963,0.9815328321709389,1
115.47371760986746,-33.37233000000002,NCMP,2024,-11.716411505912163,0.21016136638302266,2.0,23.077604879229476,25.239079120819955,4.161377589933517,25.182612602666435,1.0263688829130155,1
115.49571760986747,-33.37233000000002,NCMP,2024,-9.274614793557582,0.20414769726441448,2.0,23.103025720441295,25.252994995579844,4.147764545096462,29.58084949506697,1.0171265517143,1
115.51771760986747,-33.37233000000002,NCMP,2024,-9.164382183776542,0.20436944091250475,2.0,23.104144825540487,25.253583212026417,4.147097136348538,29.958033818350703,1.1949377274302315,1
115.53971760986748,-33.37233000000002,NCMP,2024,-9.068684791813592,0.20455133147779317,2.0,23.10512039268129,25.25409799117035,4.146520963218583,30.088502981710494,1.3770450793281563,1
115.56171760986749,-33.37233000000002,NCMP,2024,-8.987773843116281,0.20469380389971314,2.0,23.105947163813422,25.254536448554365,4.146038513310627,30.314059434240463,1.5613048075087164,1
115.58371760986749,-33.37233000000002,NCMP,2024,-8.920823001093185,0.20480009766156257,2.0,23.10663153218507,25.254901680120874,4.1456450481338365,30.183143623048835,1.7467393325756009,1
115.6057176098675,-33.37233000000002,NCMP,2024,-8.866401110958343,0.20487498590281097,2.0,23.107186838773302,25.255200351101664,4.145331576362582,30.183143623048835,1.9329457964529866,1
115.17248184464569,-33.35033000000002,NCMP,2024,-15.228523921984234,0.1947179677754644,2.0,22.963881958223745,25.001533801381917,3.9037919563356387,22.348444109871792,1.8725341922894783,1
115.1944818446457,-33.35033000000002,NCMP,2024,-16.658804397654524,0.21340047042099208,2.0,22.999893116906886,25.093950845109763,4.0215175942630985,22.59839178202367,1.5352273718209175,1
115.2164818446457,-33.35033000000002,NCMP,2024,-16.63065044018921,0.2136914638592274,2.0,23.002316441561575,25.100523572781594,4.029815088484618,22.559289125018843,1.3589031597172867,1
115.2384818446457,-33.35033000000002,NCMP,2024,-16.24346661519477,0.2599694707363421,2.0,23.029812682801335,25.174604381402514,4.123975234295554,22.496598832813547,0.8346467040763326,1
115.26048184464571,-33.35033000000002,NCMP,2024,-16.241942127015488,0.258519556691032,2.0,23.0303697373631,25.176587136525445,4.126375395598426,22.494925985433852,0.9373330846131918,1
115.28248184464572,-33.35033000000002,NCMP,2024,-15.02883681287399,0.23947091727849246,2.0,23.03931732739332,25.20984795184379,4.165257224459781,22.370475499401156,0.8528172824002083,1
115.30448184464572,-33.35033000000002,NCMP,2024,-14.998796191832792,0.23804915671772053,2.0,23.039557932456006,25.210340609471974,4.1658630614114145,22.375419943845596,0.7669392909018037,1
115.32648184464573,-33.35033000000002,NCMP,2024,-12.530332716739883,0.2102134449963595,2.0,23.07046648366151,25.23537851213632,4.165893588757402,22.902000427516555,1.2447883604431562,1
115.34848184464573,-33.35033000000002,NCMP,2024,-12.44134235682904,0.2101205152312361,2.0,23.07123118921677,25.23577584775597,4.165410409374594,22.934735028965832,1.1792569117925262,1
115.37048184464574,-33.35033000000002,NCMP,2024,-12.337797848126051,0.21006125984130258,2.0,23.07212227117462,25.236238917562158,4.164847425363796,22.865643303176192,1.1404131585250885,1
115.39248184464574,-33.35033000000002,NCMP,2024,-12.222438196369778,0.21004045620519463,2.0,23.07311882654398,25.23675666165199,4.1642177124746,23.07614772073427,1.079331002246809,1
115.41448184464575,-33.35033000000002,NCMP,2024,-12.099249183624911,0.2100583596673021,2.0,23.07418852380376,25.23731211722212,4.1635415909631615,25.137169067613524,1.0173960489560472,1
115.43648184464575,-33.35033000000002,NCMP,2024,-11.973057672885934,0.2101107687087956,2.0,23.075290456752267,25.237883952499384,4.162844856251813,25.282815706099836,0.9944135458094615,1
115.45848184464576,-33.35033000000002,NCMP,2024,-11.84891966085805,0.21019011842050664,2.0,23.07638011848654,25.238449079507063,4.16215565489183,25.39068464948033,1.0148552393227028,1
115.48048184464577,-33.35033000000002,NCMP,2024,-11.731461364905924,0.21028716980648848,2.0,23.07741527830684,25.238985699272764,4.161500765678524,25.399608260591442,1.0773144171573972,1
115.50248184464577,-33.35033000000002,NCMP,2024,-11.624349202532485,0.21039272595869418,2.0,23.07836117257438,25.239475957281154,4.160902292179069,23.158006662861848,1.1754664496882936,1
115.52448184464578,-33.35033000000002,NCMP,2024,-9.171322992281812,0.20426313043473968,2.0,23.10404576520855,25.253550163382332,4.147201185287265,30.410757897260936,1.251473255121361,1
115.54648184464578,-33.35033000000002,NCMP,2024,-9.0906055531209,0.2044162248812494,2.0,23.104867510093314,25.253983868484355,4.146715960054677,30.33596804937734,1.4316687471909635,1
115.56848184464579,-33.35033000000002,NCMP,2024,-9.020533770892072,0.20454060380296962,2.0,23.1055821519341,25.254362703739133,4.14629836917533,30.221466539715504,1.6148781156562686,1
115.5904818446458,-33.35033000000002,NCMP,2024,-8.960843429603168,0.20463787925224072,2.0,23.10619114051952,25.254687246734914,4.1459469223830165,30.15597477575952,1.7999554307696384,1
115.6124818446458,-33.35033000000002,NCMP,2024,-8.91079263309901,0.20471082449401967,2.0,23.106701182744665,25.254960788610777,4.1456569185718894,30.164405612878987,1.9862978790638313,1
115.17924607942399,-33.32833000000002,NCMP,2024,-16.668946278849095,0.21317368971638942,2.0,22.999054874239665,25.09173495915112,4.018708632268491,22.596681464563353,1.6632243309307384,1
115.201246079424,-33.32833000000002,NCMP,2024,-16.645313541224642,0.21344402103319846,2.0,23.00107905377383,25.097211063877104,4.025624558475787,22.559289125018843,1.4863155161416552,1
115.223246079424,-33.32833000000002,NCMP,2024,-16.621207209659556,0.21365997092439318,2.0,23.003160482181443,25.102870212455247,4.032765975193218,22.559289125018843,1.3161855016690713,1
115.245246079424,-33.32833000000002,NCMP,2024,-16.24301563190325,0.2596129228027283,2.0,23.029950695178478,25.17511075546995,4.124586647412685,22.480305843395556,0.8775478134231882,1
115.26724607942401,-33.32833000000002,NCMP,2024,-16.241700704768668,0.2583849540137087,2.0,23.03041906225958,25.176775531551232,4.126602127481626,22.47863299601586,0.9845225368292005,1
115.28924607942402,-33.32833000000002,NCMP,2024,-14.99063474507025,0.23919596492100476,2.0,23.039363176847164,25.20993861620469,4.165335756402031,22.354182509983165,0.8482030526515149,1
115.31124607942402,-33.32833000000002,NCMP,2024,-14.962333520048144,0.2380064936521672,2.0,23.039565104691636,25.210351771138523,4.165840668836064,22.375419943845596,0.7787378610495964,1
115.33324607942403,-33.32833000000002,NCMP,2024,-12.42199605638272,0.21030895754609125,2.0,23.071347716358645,25.235841011277888,4.165339841910252,22.91220355251656,1.2025724301785314,1
115.35524607942403,-33.32833000000002,NCMP,2024,-12.340992556928423,0.21024602909641424,2.0,23.072047642802954,25.236204463651642,4.164897444431424,22.865643303176192,1.149543807935079,1
115.37724607942404,-33.32833000000002,NCMP,2024,-12.249925200107553,0.21020856114786984,2.0,23.072835445297375,25.23661359357038,4.164399534227537,22.865643303176192,1.1266114074051783,1
115.39924607942405,-33.32833000000002,NCMP,2024,-12.15114003414517,0.21019870222474035,2.0,23.07369234850141,25.237058536343252,4.163857902148503,23.07614772073427,1.0579870829439784,1
115.42124607942405,-33.32833000000002,NCMP,2024,-12.047671642806067,0.21021586974015133,2.0,23.074593082546556,25.237526085724003,4.163288464457622,23.09337396872139,1.0159299145098233,1
115.44324607942406,-33.32833000000002,NCMP,2024,-11.94295253682496,0.21025693872642862,2.0,23.07550811888869,25.2380008777853,4.162709864783871,23.158006662861848,1.0137081725646624,1
115.46524607942406,-33.32833000000002,NCMP,2024,-11.840441850550295,0.2103169126334863,2.0,23.076406804959657,25.238467027764433,4.162141498862401,23.11688232423751,1.0526878797544748,1
115.48724607942407,-33.32833000000002,NCMP,2024,-11.743256228363252,0.21038985583264094,2.0,23.07726071741407,25.238909862868525,4.161601389475787,23.11688232423751,1.1292699930145642,1
115.50924607942407,-33.32833000000002,NCMP,2024,-11.653883197143427,0.21046982415635443,2.0,23.078046482361888,25.239317364094042,4.1611043888770975,23.11688232423751,1.2367404083916453,1
115.53124607942408,-33.32833000000002,NCMP,2024,-9.173034636744108,0.20418231810372336,2.0,23.104003256122056,25.253543782474832,4.14726413929363,30.33020545208802,1.3105123792009488,1
115.55324607942408,-33.32833000000002,NCMP,2024,-9.104293299816907,0.20431251123092978,2.0,23.104702637589615,25.253912954619135,4.146851236582263,30.22609733993213,1.489332135636956,1
115.57524607942409,-33.32833000000002,NCMP,2024,-9.043381722525476,0.2044212734218316,2.0,23.105323164523707,25.254241791484322,4.146488279139812,30.164405612878987,1.6716692825940576,1
115.5972460794241,-33.32833000000002,NCMP,2024,-8.990303589335436,0.20450937295048616,2.0,23.105864033162497,25.254529735321128,4.146175304703826,30.138248205471584,1.856318447562868,1
115.6192460794241,-33.32833000000002,NCMP,2024,-8.944700658395751,0.20457843533959566,2.0,23.106328323256605,25.254778238886043,4.145909982789579,30.0887338438603,2.042576391904083,1
115.18601031420229,-33.306330000000024,NCMP,2024,-16.655984927334682,0.21326375729608635,2.0,23.000180199774647,25.094806044530856,4.022581808836562,22.579322337579228,1.6137122595717817,1
115.2080103142023,-33.306330000000024,NCMP,2024,-16.63541412055398,0.21347210546711884,2.0,23.001948452067445,25.09960167595749,4.028635946500838,22.57835856946329,1.4416609901732802,1
115.2300103142023,-33.306330000000024,NCMP,2024,-16.61465769433348,0.21363826998013655,2.0,23.003744221233227,25.104492119297475,4.034805716563721,22.57835856946329,1.2778665317773652,1
115.25201031420231,-33.306330000000024,NCMP,2024,-16.242776642001736,0.2594234324299127,2.0,23.0300298193744,25.175411197988375,4.12494839773102,22.48787913799117,0.9210322734024111,1
115.27401031420231,-33.306330000000024,NCMP,2024,-16.241652409796455,0.258381522220085,2.0,23.03042636111432,25.176820533736493,4.126654640780324,22.47863299601586,0.991521532650728,1
115.29601031420232,-33.306330000000024,NCMP,2024,-14.958877484008683,0.2390502373848911,2.0,23.039387921068986,25.209986441109972,4.165365452279429,22.35912695442761,0.8483687642848221,1
115.31801031420233,-33.306330000000024,NCMP,2024,-12.398965303859752,0.21045597314181735,2.0,23.071499789912814,25.23592420869245,4.165246525588353,22.86087608889222,1.2409455667876839,1
115.34001031420233,-33.306330000000024,NCMP,2024,-12.334408190219925,0.21039568565992992,2.0,23.07206038050327,25.236215056555817,4.16489203056967,22.89705761494467,1.172723512734059,1
115.36201031420234,-33.306330000000024,NCMP,2024,-12.261447589402419,0.21035226456655096,2.0,23.07269334705476,25.23654358803966,4.164491856207152,22.824518964551853,1.1329710698647788,1
115.38401031420234,-33.306330000000024,NCMP,2024,-12.181485171213124,0.21032816986706152,2.0,23.07338756942887,25.236903956525225,4.164052983243333,22.824518964551853,1.1077324861830993,1
115.40601031420235,-33.306330000000024,NCMP,2024,-12.09643715972439,0.21032428829286687,2.0,23.074127273039853,25.23728790771418,4.163585340452322,23.035023382109934,1.0477901964194458,1
115.42801031420235,-33.306330000000024,NCMP,2024,-12.00860035398143,0.21033981998910353,2.0,23.074893001888768,25.237685299221695,4.163101199115243,23.038795265017686,1.0240058783793553,1
115.45001031420236,-33.306330000000024,NCMP,2024,-11.920453518958173,0.21037245824288014,2.0,23.075663224309935,25.238084944154654,4.162614164556102,23.115173463720676,1.0398240551530709,1
115.47201031420236,-33.306330000000024,NCMP,2024,-11.834428821196845,0.2104188054284241,2.0,23.076416310866776,25.238475640040974,4.162137927222164,23.115173463720676,1.0942396927236195,1
115.49401031420237,-33.306330000000024,NCMP,2024,-11.752696859383898,0.2104749098362846,2.0,23.077132510289943,25.23884718814989,4.161685009306339,23.115173463720676,1.1823654543807065,1
115.51601031420238,-33.306330000000024,NCMP,2024,-11.677003747646511,0.21053679457808516,2.0,23.077795554362385,25.239191213843906,4.16126574172856,23.111249852609564,1.2975337995074125,1
115.53801031420238,-33.306330000000024,NCMP,2024,-9.171624299405561,0.20411931408030162,2.0,23.10399539853475,25.25355325558688,4.1473007750786595,26.525588879912494,1.3712907347095633,1
115.56001031420239,-33.306330000000024,NCMP,2024,-9.112532322683037,0.20423112787241537,2.0,23.104596500318294,25.253870573714252,4.1469459415152405,30.15042557091344,1.5491175427579251,1
115.58201031420239,-33.306330000000024,NCMP,2024,-9.059313435450367,0.20432659993973015,2.0,23.10513834353087,25.254157634176057,4.146628765365189,30.008528050810757,1.7307455334046045,1
115.6040103142024,-33.306330000000024,NCMP,2024,-9.012092153828632,0.20440605586739802,2.0,23.105619182328866,25.254413416742658,4.146349965396548,29.55125650098713,1.914966715712967,1
115.6260103142024,-33.306330000000024,NCMP,2024,-8.970722854652822,0.20447045042270198,2.0,23.106040122613933,25.25463838042563,4.1461085231388495,28.49587677341967,2.1010332560806484,1
115.64801031420241,-33.306330000000024,NCMP,2024,-8.934874927304545,0.20452114026380716,2.0,23.106404273339557,25.254834028120978,4.14590221839725,28.450350318393223,2.2884734360980983,0
115.1927745489806,-33.284330000000026,NCMP,2024,-16.64612771302042,0.21332899308098327,2.0,23.001035878117627,25.097142079053082,4.025527790866728,22.57361176611232,1.5678654934034821,1
115.2147745489806,-33.284330000000026,NCMP,2024,-16.628155041909686,0.2134939187597989,2.0,23.002584645634794,25.101349862749807,4.030838322257721,22.57361176611232,1.4008882719811848,1
115.2367745489806,-33.284330000000026,NCMP,2024,-16.65570911992602,0.23148698054730954,2.0,23.00644068495913,25.126230573720573,4.059889839554579,22.49485721926357,1.113152311433928,1
115.25877454898061,-33.284330000000026,NCMP,2024,-16.24268694777955,0.2593484929228045,2.0,23.030068888731513,25.175571518670658,4.1251402754820905,22.46991049822045,0.9658159359384555,1
115.28077454898062,-33.284330000000026,NCMP,2024,-14.954345828149807,0.23987132802935546,2.0,23.03924766106758,25.20969706760138,4.164987254991994,22.35830971456871,0.9341440405653582,1
115.30277454898062,-33.284330000000026,NCMP,2024,-14.932448958172008,0.23899032226467082,2.0,23.039398527606263,25.210005669927103,4.165363589538815,22.35438015107664,0.8532456779078413,1
115.32477454898063,-33.284330000000026,NCMP,2024,-12.322432332485286,0.210516593181029,2.0,23.072122937553885,25.23625118133506,4.16485490375436,22.868041236311896,1.2105950797368263,1
115.34677454898063,-33.284330000000026,NCMP,2024,-12.263143760504082,0.2104726240802274,2.0,23.0726392304072,25.236518974364348,4.164528373055394,22.895348754427836,1.1536428811469712,1
115.36877454898064,-33.284330000000026,NCMP,2024,-12.197728023954328,0.210442123843221,2.0,23.07320836946407,25.23681428072157,4.16416848780271,22.82281010403502,1.1274117283015241,1
115.39077454898064,-33.284330000000026,NCMP,2024,-12.127406007960124,0.21042642579059556,2.0,23.07382037501814,25.237131875292565,4.1637815273419765,22.82281010403502,1.091121601422411,1
115.41277454898065,-33.284330000000026,NCMP,2024,-12.053711867358956,0.210425812785989,2.0,23.074462382760117,25.23746504432848,4.163375600406774,23.029390910481993,1.0469204406460602,1
115.43477454898066,-33.284330000000026,NCMP,2024,-11.978389699654963,0.21043950099192532,2.0,23.075119447082876,25.237806009765173,4.162960142141986,23.111249852609564,1.0399239097249893,1
115.45677454898066,-33.284330000000026,NCMP,2024,-11.903259582063717,0.21046578171645114,2.0,23.075775658648983,25.238146513518913,4.162545210365071,23.08517181028152,1.0715024053895754,1
115.47877454898067,-33.284330000000026,NCMP,2024,-11.830074048786479,0.2105022838011611,2.0,23.076415407240304,25.23847847280073,4.16214068706853,23.051836494563958,1.1389229297834156,1
115.50077454898067,-33.284330000000026,NCMP,2024,-11.760388368401344,0.21054629440614428,2.0,23.07702458283849,25.238794599055137,4.161755516113721,23.051836494563958,1.2366283431391016,1
115.52277454898068,-33.284330000000026,NCMP,2024,-11.695463868432263,0.21059507223949725,2.0,23.07759152683685,25.23908888425765,4.161397096940874,22.780739361515515,1.3582342341313858,1
115.54477454898068,-33.284330000000026,NCMP,2024,-9.168360644069217,0.20406912650822567,2.0,23.104008890697283,25.25357208550653,4.147320234798363,25.24309407002231,1.4333353344874107,1
115.56677454898069,-33.284330000000026,NCMP,2024,-9.117115649340276,0.20416603795831326,2.0,23.104530228035724,25.25384730569208,4.147012517410707,28.562119334141627,1.6104425061991798,1
115.5887745489807,-33.284330000000026,NCMP,2024,-9.070355742328736,0.2042502486462393,2.0,23.105006202822633,25.254099408460483,4.146733727722498,28.450350318393223,1.7914970179849294,1
115.6107745489807,-33.284330000000026,NCMP,2024,-9.028252740254883,0.20432185181441911,2.0,23.105434764229113,25.254327236239746,4.146484847011094,28.21149247113614,1.975318170618613,1
115.6327745489807,-33.284330000000026,NCMP,2024,-8.990777362011876,0.20438140396897064,2.0,23.105815961070046,25.254530721993177,4.146265578300997,28.16534572841127,2.1611454489348167,1
115.65477454898071,-33.284330000000026,NCMP,2024,-8.957752812661058,0.20442978164112172,2.0,23.106151412407463,25.25471061764011,4.1460746809694955,28.144794242951946,2.3484790005618588,0
115.1995387837589,-33.26233000000003,NCMP,2024,-16.63861837778439,0.21337969852560798,2.0,23.00168689820427,25.09891855601682,4.027768279157622,22.512149574754293,1.5254150237748285,1
115.2215387837589,-33.26233000000003,NCMP,2024,-16.622847337660524,0.21351369114058488,2.0,23.00304832197258,25.102621966244705,4.032441327792998,22.512149574754293,1.3638110587894285,1
115.24353878375891,-33.26233000000003,NCMP,2024,-16.243497554517056,0.260119026529737,2.0,23.02978245562882,25.17457002409921,4.123926088546057,22.44350051004131,0.9205140358980968,1
115.26553878375891,-33.26233000000003,NCMP,2024,-16.242699971270547,0.25935122491362983,2.0,23.030080755039418,25.17563633306606,4.125216405038662,22.416355275095476,1.0122829645503622,1
115.28753878375892,-33.26233000000003,NCMP,2024,-14.930769311380008,0.23975098981095333,2.0,23.03926859560241,25.209737853848136,4.165016104769504,22.29588048350723,0.9296870204586831,1
115.30953878375892,-33.26233000000003,NCMP,2024,-12.307636963957735,0.21061469118259848,2.0,23.072213187916795,25.236301354849026,4.164800053205269,22.813236013186923,1.2626348576142923,1
115.33153878375893,-33.26233000000003,NCMP,2024,-12.258817753085687,0.2105727375574015,2.0,23.07264014896667,25.236522650877223,4.164529913252632,22.81490739215518,1.1891064251563788,1
115.35353878375894,-33.26233000000003,NCMP,2024,-12.204722871176898,0.21054019845536145,2.0,23.0731121916534,25.23676744334081,4.16423133640361,22.759473134878306,1.144017093440848,1
115.37553878375894,-33.26233000000003,NCMP,2024,-12.146137814398248,0.21051841510920166,2.0,23.073622918307215,25.23703238239481,4.163908348018249,22.759473134878306,1.1311829629295396,1
115.39753878375895,-33.26233000000003,NCMP,2024,-12.084091516807362,0.21050809617999133,2.0,23.074163754693824,25.237312990751985,4.163566351029617,22.90981409919277,1.0830679730402777,1
115.41953878375895,-33.26233000000003,NCMP,2024,-12.019803827715231,0.2105092420824279,2.0,23.074724341951264,25.23760387189437,4.163211881323571,22.71610666737506,1.0540348993876203,1
115.44153878375896,-33.26233000000003,NCMP,2024,-11.95460926061151,0.21052116231711338,2.0,23.075293153500127,25.237899033949173,4.162852220153586,22.69820767658913,1.062416643880133,1
115.46353878375896,-33.26233000000003,NCMP,2024,-11.889866496076126,0.2105425804265157,2.0,23.075858266143822,25.238192291561575,4.16249490772595,21.74035315200409,1.1078038033093867,1
115.48553878375897,-33.26233000000003,NCMP,2024,-11.826866292755568,0.21057180279466262,2.0,23.07640817963085,25.238477690463316,4.16214722451717,21.532640080009994,1.1862787398176922,1
115.50753878375897,-33.26233000000003,NCMP,2024,-11.76675065012931,0.21060691680776825,2.0,23.076932568266102,25.238749894552992,4.1618157140803484,21.28747801694054,1.2920303381604912,1
115.52953878375898,-33.26233000000003,NCMP,2024,-11.710453249103237,0.21064598315591615,2.0,23.077422865272183,25.239004484758084,4.161505810655868,21.253680287772568,1.4190757876223679,1
115.55153878375899,-33.26233000000003,NCMP,2024,-9.164023079150917,0.20402840466447544,2.0,23.10403546189039,25.253596287491057,4.147328331451611,24.574131730530077,1.4963402053307275,1
115.57353878375899,-33.26233000000003,NCMP,2024,-9.119221127419598,0.20411310672428182,2.0,23.104491384283573,25.253836975712368,4.147059245116217,28.128763596816686,1.6729236817762694,1
115.595538783759,-33.26233000000003,NCMP,2024,-9.0779004425586,0.20418776942563047,2.0,23.104911999648568,25.25405970771736,4.146812755684863,28.14139146517417,1.853513180322616,1
115.617538783759,-33.26233000000003,NCMP,2024,-9.040243842480205,0.20425236610615144,2.0,23.105295254665243,25.25426334137086,4.146589902384499,28.139442616351225,2.036970685400087,1
115.63953878375901,-33.26233000000003,NCMP,2024,-9.006283904693086,0.20430721377987304,2.0,23.10564065267068,25.254447543749343,4.146390777077336,28.146876644129,2.222541421408747,1
115.66153878375901,-33.26233000000003,NCMP,2024,-8.975937139290151,0.20435288106264388,2.0,23.105948918238735,25.254612619189206,4.146214736849076,28.116534726091654,2.409714566318244,0
115.2063030185372,-33.24033000000003,NCMP,2024,-16.632893808705056,0.2134216636701529,2.0,23.002182018643108,25.100267923082107,4.0294704369068794,21.049966707400227,1.4862271683855899,1
115.2283030185372,-33.24033000000003,NCMP,2024,-16.618990089257483,0.2135331889528786,2.0,23.0033837340525,25.103539735881817,4.033598314489022,21.1108370777706,1.3303669527451731,1
115.25030301853721,-33.24033000000003,NCMP,2024,-16.24347550312635,0.26007375057843,2.0,23.029814399261657,25.174706705274048,4.124089172424032,21.07414803577443,0.9625848946675372,1
115.27230301853722,-33.24033000000003,NCMP,2024,-14.92813445380641,0.24036744215407282,2.0,23.03916286297373,25.20951979323702,4.164731910666373,20.87298134772789,1.0199378900707647,1
115.29430301853722,-33.24033000000003,NCMP,2024,-14.910768232309039,0.23968916864889617,2.0,23.039279701642712,25.209758747941418,4.16502287499452,20.816728321215347,0.9298484739667068,1
115.31630301853723,-33.24033000000003,NCMP,2024,-12.25085621405095,0.21065602258274077,2.0,23.072675387506397,25.236543873472108,4.164509578565407,21.32148862957383,1.2388295504409055,1
115.33830301853723,-33.24033000000003,NCMP,2024,-12.20565349718301,0.21062378685968616,2.0,23.073071224253496,25.236749022162545,4.164259120836982,21.31192356314871,1.17569971639063,1
115.36030301853724,-33.24033000000003,NCMP,2024,-12.156447332523149,0.21059936288922274,2.0,23.073501238714282,25.236971989135203,4.163987107538912,20.980608503258924,1.142751959590282,1
115.38230301853724,-33.24033000000003,NCMP,2024,-12.10393228602255,0.21058356482624893,2.0,23.073959661159147,25.237209761274475,4.163697174197812,20.932570343887434,1.1323226236201716,1
115.40430301853725,-33.24033000000003,NCMP,2024,-12.048961848256917,0.21057675281932958,2.0,23.074439284616084,25.237458582087484,4.163393866718437,21.23287425798527,1.0826199227497166,1
115.42630301853725,-33.24033000000003,NCMP,2024,-11.992505884921918,0.2105788031652811,2.0,23.074931799507155,25.23771412805027,4.1630824315816595,21.168750034382782,1.0680820796401427,1
115.44830301853726,-33.24033000000003,NCMP,2024,-11.935595333119938,0.2105891342452987,2.0,23.075428252901123,25.237971748774658,4.1627685266880174,21.15417378685937,1.0904927727234646,1
115.47030301853727,-33.24033000000003,NCMP,2024,-11.879260550156909,0.21060678233911945,2.0,23.075919581655366,25.238226744256334,4.162457884645152,21.15417378685937,1.1479985361661624,1
115.49230301853727,-33.24033000000003,NCMP,2024,-11.824470937181953,0.21063051242607664,2.0,23.07639715392607,25.238474645081094,4.1621559698465145,21.119355987809396,1.2359368858051545,1
115.51430301853728,-33.24033000000003,NCMP,2024,-11.772083083787892,0.2106589442848839,2.0,23.07685325228759,25.238711461156274,4.16186767169166,21.149197340322623,1.3485138628970146,1
115.53630301853728,-33.24033000000003,NCMP,2024,-11.722802849262102,0.2106906743592691,2.0,23.07728144429109,25.2389338713282,4.161597068511828,21.18517476368931,1.48019659120926,1
115.55830301853729,-33.24033000000003,NCMP,2024,-11.677164081811524,0.21072437809554811,2.0,23.077676808715367,25.239139337992558,4.161347282659172,21.053748728623326,1.626376288012656,1
115.5803030185373,-33.24033000000003,NCMP,2024,-9.119636447160971,0.20406943074536832,2.0,23.104471608985836,25.253835460135704,4.147091755533288,28.142795046906777,1.736300183012448,1
115.6023030185373,-33.24033000000003,NCMP,2024,-9.082917319428141,0.204135972773433,2.0,23.104845450942634,25.25403338344858,4.146872581623456,28.11313194831388,1.9165098425113614,1
115.6243030185373,-33.24033000000003,NCMP,2024,-9.049116935257077,0.20419437316993097,2.0,23.105189477550095,25.254216090352358,4.146672327444471,28.115688434827565,2.099640144217791,1
115.64630301853731,-33.24033000000003,NCMP,2024,-9.018298825602676,0.20424480365886316,2.0,23.105502932740116,25.25438312671714,4.1464912851036875,28.115688434827565,2.284952638765174,0
115.66830301853732,-33.24033000000003,NCMP,2024,-8.990435607164951,0.2042876330447951,2.0,23.10578600920237,25.25453453364898,4.146329175333634,28.079427994540335,2.4719361701195064,0
115.2130672533155,-33.21833000000003,NCMP,2024,-16.628533323352503,0.21345814119479178,2.0,23.002557845371772,25.1012900396587,4.030760212425268,20.566736226804935,1.4502611298612749,1
115.2350672533155,-33.21833000000003,NCMP,2024,-16.662022532943514,0.23154083096263575,2.0,23.00593821228832,25.124966711914393,4.058278118096054,20.476665750867156,1.1748057775866851,1
115.25706725331551,-33.21833000000003,NCMP,2024,-16.243513092757784,0.260078164658301,2.0,23.029827711913654,25.174776655604184,4.1241715203736815,20.43263677656335,1.0070329775809417,1
115.27906725331552,-33.21833000000003,NCMP,2024,-14.909980444609912,0.24026745834042043,2.0,23.039180501300322,25.209554326299898,4.164758154886452,20.28302364505415,1.0123023509420408,1
115.30106725331552,-33.21833000000003,NCMP,2024,-12.240772569139407,0.2107255773067241,2.0,23.072731725120907,25.23657579485948,4.164475737340916,20.89310684753241,1.3016180581091623,1
115.32306725331553,-33.21833000000003,NCMP,2024,-12.202625329402718,0.2106948305375403,2.0,23.073067068556984,25.236749480370722,4.164263481590799,20.89435684753241,1.2219263761461412,1
115.34506725331553,-33.21833000000003,NCMP,2024,-12.160955207940088,0.2106697772576296,2.0,23.073432302921375,25.23693875982177,4.1640323808931035,20.89265179232192,1.1696992586663473,1
115.36706725331554,-33.21833000000003,NCMP,2024,-12.1162343550236,0.21065119470015353,2.0,23.073823508299967,25.23714158673247,4.163784905603391,20.771167230100204,1.1489146550361526,1
115.38906725331555,-33.21833000000003,NCMP,2024,-12.069062057971507,0.2106395750610272,2.0,23.074235639035685,25.23735533081718,4.163524238122271,20.78587324861872,1.1254205970733586,1
115.41106725331555,-33.21833000000003,NCMP,2024,-12.02014146814907,0.2106350838027296,2.0,23.074662701473066,25.237576872014813,4.163254161697927,21.096706263245657,1.0890041564777506,1
115.43306725331556,-33.21833000000003,NCMP,2024,-11.970246463942905,0.21063755095238973,2.0,23.07509802311059,25.237802741647627,4.162978891229804,21.168734790719444,1.0881975672301978,1
115.45506725331556,-33.21833000000003,NCMP,2024,-11.920181720047804,0.2106464963688472,2.0,23.075534590249497,25.238029298524985,4.162702860365237,21.18917100979425,1.1233498333080447,1
115.47706725331557,-33.21833000000003,NCMP,2024,-11.870740214206238,0.21066118413973559,2.0,23.07596541935361,25.23825292176265,4.162430486764983,21.19386347011171,1.191503576635081,1
115.49906725331557,-33.21833000000003,NCMP,2024,-11.822662811642727,0.21068069676006662,2.0,23.076383921408556,25.238470199179215,4.1621659412716525,21.20019390992653,1.2875921012770895,1
115.52106725331558,-33.21833000000003,NCMP,2024,-11.776604120378735,0.21070401754111287,2.0,23.076784220178148,25.238678091136116,4.161912945809304,21.16228421645977,1.4060075342986669,1
115.54306725331558,-33.21833000000003,NCMP,2024,-11.733107640466217,0.2107301100411563,2.0,23.07716139389803,25.23887405429382,4.161674619458807,21.13860813956766,1.5416742541836126,1
115.56506725331559,-33.21833000000003,NCMP,2024,-11.692591653778933,0.21075798570335086,2.0,23.077511623237598,25.239056116696638,4.1614533837781975,21.032774903284015,1.6904675310585997,1
115.5870672533156,-33.21833000000003,NCMP,2024,-9.11889674180899,0.2040329252669647,2.0,23.10446518330785,25.253839960082427,4.147113951915869,28.112285657049792,1.800388900548176,1
115.6090672533156,-33.21833000000003,NCMP,2024,-9.086091523315577,0.20409252992968407,2.0,23.104799273796,25.254016804212334,4.146918009697471,27.88216317894127,1.9802851056609314,1
115.6310672533156,-33.21833000000003,NCMP,2024,-9.055638092462027,0.2041454712239653,2.0,23.10510929011141,25.254181382907316,4.146737391245742,27.86425531863531,2.1631213992567053,1
115.65306725331561,-33.21833000000003,NCMP,2024,-9.02761345726807,0.2041918323840996,2.0,23.105394375916475,25.25433320062476,4.146572481882063,27.868799367648567,2.3481815822334915,0
115.67506725331562,-33.21833000000003,NCMP,2024,-9.002023383626243,0.20423185120532822,2.0,23.10565441393425,25.254472147665826,4.146423221471355,27.764922803609405,2.5349607574176773,0
115.2198314880938,-33.19633000000003,NCMP,2024,-16.625221205939116,0.21349096091177097,2.0,23.002841940505043,25.102060325718327,4.0317326832807385,20.604973001579072,1.4175395789624865,1
115.24183148809381,-33.19633000000003,NCMP,2024,-16.659663931126197,0.23166845342275,2.0,23.006112934071496,25.125419625880102,4.058855054898101,20.505708494556636,1.146235133714126,1
115.26383148809381,-33.19633000000003,NCMP,2024,-14.908405775981965,0.24074713937640554,2.0,23.039097982260966,25.209384189346693,4.164536911953746,20.29662478663983,1.1066352261414674,1
115.28583148809382,-33.19633000000003,NCMP,2024,-14.894330723416525,0.24020907454525559,2.0,23.03919106501369,25.209574534263066,4.164768430337998,20.28249614907369,1.0090674652107887,1
115.30783148809383,-33.19633000000003,NCMP,2024,-12.197042671329484,0.2107552821525486,2.0,23.07308740610576,25.236762438698314,4.164252216215481,20.92905248316571,1.2815301783156852,1
115.32983148809383,-33.19633000000003,NCMP,2024,-12.161470323167585,0.21073073303270487,2.0,23.07340022289315,25.23692446313676,4.164054222843569,20.930302483165708,1.2115350986248323,1
115.35183148809384,-33.19633000000003,NCMP,2024,-12.123140004522108,0.2107110431637523,2.0,23.073736385149193,25.237098672636918,4.163841515035596,20.847159500762306,1.1705027892738233,1
115.37383148809384,-33.19633000000003,NCMP,2024,-12.082474608685743,0.2106967225622068,2.0,23.074092334723026,25.237283212729924,4.163616337245905,20.80875865319502,1.1616916726622295,1
115.39583148809385,-33.19633000000003,NCMP,2024,-12.039984514024107,0.210688065370008,2.0,23.07446373309885,25.237475824624482,4.163381427764681,21.099295040837834,1.1249650145558876,1
115.41783148809385,-33.19633000000003,NCMP,2024,-11.996248042524412,0.21068512901692832,2.0,23.074845616893203,25.23767392697074,4.1631399211089315,20.965625218526394,1.1015568849075474,1
115.43983148809386,-33.19633000000003,NCMP,2024,-11.951886122812187,0.2106877348487796,2.0,23.07523260817474,25.237874725814383,4.162895215578342,21.03025791266686,1.1136459943904689,1
115.46183148809386,-33.19633000000003,NCMP,2024,-11.907533396132692,0.21069548979096678,2.0,23.075619161985752,25.238075343449815,4.1626508170195775,21.03025791266686,1.1603234137728171,1
115.48383148809387,-33.19633000000003,NCMP,2024,-11.8638085419256,0.21070782544452227,2.0,23.075999827635528,25.23827295394165,4.162410173565842,21.03025791266686,1.2378439253965103,1
115.50583148809388,-33.19633000000003,NCMP,2024,-11.821286687797617,0.21072404869159927,2.0,23.076369498247292,25.238464912094493,4.162176517501192,21.03025791266686,1.3409890559751738,1
115.52783148809388,-33.19633000000003,NCMP,2024,-11.780476390134183,0.21074339685729754,2.0,23.076723625164618,25.238648863840236,4.161952729113865,21.008516149053193,1.4644351376917464,1
115.54983148809389,-33.19633000000003,NCMP,2024,-11.741802923751079,0.21076509079497338,2.0,23.077058379607102,25.23882282907176,4.161741233784214,20.84814537218513,1.6035480154666175,1
115.57183148809389,-33.19633000000003,NCMP,2024,-11.705598679371008,0.21078838065129607,2.0,23.077370752007933,25.23898525214126,4.161543938478018,20.81391337953172,1.7546263573850265,1
115.5938314880939,-33.19633000000003,NCMP,2024,-9.117370545349724,0.2040020631365384,2.0,23.104468135015743,25.253848549223825,4.147128586680945,24.224581348206616,1.8650576128209948,1
115.6158314880939,-33.19633000000003,NCMP,2024,-9.087913371873627,0.20405571137848252,2.0,23.104768237115852,25.254007374097686,4.146952520061435,27.678075305814,2.044691994920732,1
115.63783148809391,-33.19633000000003,NCMP,2024,-9.06037131874373,0.2041038470949513,2.0,23.105048690399993,25.25415620569388,4.1467889995058345,27.569971392686195,2.227263218620452,1
115.65983148809391,-33.19633000000003,NCMP,2024,-9.034825105861174,0.2041464997521977,2.0,23.105308625328167,25.254294550122346,4.146638443219862,27.52978306493681,2.4120804312936928,0
115.68183148809392,-33.19633000000003,NCMP,2024,-9.011299445249783,0.20418382050841682,2.0,23.105547750856132,25.25442221552653,4.146500920462075,26.736342738514384,2.5986490390997328,0
115.2265957228721,-33.17433000000003,NCMP,2024,-16.622719228067638,0.21352115708665442,2.0,23.00305514707773,25.102635942853606,4.032459884348399,20.56227326133676,1.3881275134315392,1
115.24859572287211,-33.17433000000003,NCMP,2024,-16.658029959464194,0.23178336408034506,2.0,23.006232778671944,25.12573259256801,4.059253616496731,20.456522973891044,1.1217366015330037,1
115.27059572287212,-33.17433000000003,NCMP,2024,-14.894015865149331,0.24066323203028087,2.0,23.039112918136077,25.20941352840851,4.164560248312391,20.25383162708535,1.0967075955834316,1
115.29259572287212,-33.17433000000003,NCMP,2024,-12.18984942784992,0.2108068957893243,2.0,23.073123898954798,25.236783585226153,4.1642306065776875,20.78154938383372,1.3530003205578693,1
115.31459572287213,-33.17433000000003,NCMP,2024,-12.159248978313695,0.21078345485747893,2.0,23.073393939993714,25.236923373323034,4.164059634202695,20.758593696003036,1.2671441571333402,1
115.33659572287213,-33.17433000000003,NCMP,2024,-12.126181898447493,0.21076367548427993,2.0,23.073684778988746,25.23707402095352,4.16387555580612,20.758593696003036,1.2072951579242996,1
115.35859572287214,-33.17433000000003,NCMP,2024,-12.090948203083256,0.21074803321031838,2.0,23.073993888352916,25.237234211432025,4.163679966211129,20.67508883088359,1.1775580985030603,1
115.38059572287214,-33.17433000000003,NCMP,2024,-12.053919492347752,0.21073686295295063,2.0,23.074318111703516,25.2374023016621,4.163474857749105,20.67508883088359,1.1750923084605784,1
115.40259572287215,-33.17433000000003,NCMP,2024,-12.015527629934974,0.21073033635056057,2.0,23.074653752085908,25.23757636864654,4.163262564959246,20.92744348194287,1.1304966732055592,1
115.42459572287216,-33.17433000000003,NCMP,2024,-11.976248902845446,0.21072845203503793,2.0,23.07499670136782,25.237754277268554,4.163045683194568,20.921695375882265,1.119685283436861,1
115.44659572287216,-33.17433000000003,NCMP,2024,-11.936584792966475,0.21073103997229556,2.0,23.075342602337617,25.23793376484769,4.162826966419313,20.983567653356058,1.1437887792020969,1
115.46859572287217,-33.17433000000003,NCMP,2024,-11.89704094768464,0.21073777905537813,2.0,23.075687030575935,25.238112535687574,4.162609212325473,20.9937000411139,1.2008556907115295,1
115.49059572287217,-33.17433000000003,NCMP,2024,-11.85810617535272,0.21074822537231366,2.0,23.07602568039948,25.238288357442492,4.162395144679472,20.708604055537283,1.2866273068540481,1
115.51259572287218,-33.17433000000003,NCMP,2024,-11.820233262017448,0.2107618473490249,2.0,23.076354538692286,25.238459150931725,4.162187303150637,20.653143098267904,1.3959120751083192,1
115.53459572287218,-33.17433000000003,NCMP,2024,-11.783823117787529,0.21077806348040357,2.0,23.076670032336636,25.238623066060608,4.161987949704218,20.676189854651614,1.523720767975845,1
115.55659572287219,-33.17433000000003,NCMP,2024,-11.74921327983102,0.21079627861328107,2.0,23.076969138800166,25.238778538530354,4.161798998229513,20.518623132733378,1.6658328017005488,1
115.5785957228722,-33.17433000000003,NCMP,2024,-11.716671225112457,0.21081591557182,2.0,23.077249454404274,25.238924324602486,4.1616219709355144,20.441944786773785,1.818917088310119,1
115.6005957228722,-33.17433000000003,NCMP,2024,-9.115314589898862,0.20397570537536408,2.0,23.104477668361422,25.253859886203575,4.147137630527738,23.868262587098513,1.9302083183561,1
115.6225957228722,-33.17433000000003,NCMP,2024,-9.088737900440798,0.2040242124311452,2.0,23.104748535089445,25.25400321478171,4.146978668797759,27.515582076337058,2.1096210705054133,1
115.64459572287221,-33.17433000000003,NCMP,2024,-9.063736054670175,0.20406811404585767,2.0,23.10500320541582,25.25413832060403,4.146830081287236,27.459644336708195,2.291951909270844,0
115.66659572287222,-33.17433000000003,NCMP,2024,-9.040388172123825,0.20410740737850025,2.0,23.10524084253427,25.254264733634137,4.146692285724965,27.459644336708195,2.4765366887955915,0
115.2333599576504,-33.152330000000035,NCMP,2024,-16.666976135335613,0.231664993474616,2.0,23.00554515461154,25.12398405111185,4.057024710981144,20.289276104162596,1.241875643159594,1
115.25535995765041,-33.152330000000035,NCMP,2024,-16.656945285446852,0.23188761169576896,2.0,23.00631108611967,25.12593954096732,4.05951705261932,20.248985807488374,1.1014824300193935,1
115.27735995765042,-33.152330000000035,NCMP,2024,-14.881443534338306,0.24060990838934865,2.0,23.039122607784645,25.20943224082143,4.164571699582305,20.096996240851265,1.0909233148121562,1
115.29935995765042,-33.152330000000035,NCMP,2024,-12.155169299459454,0.21082912414844615,2.0,23.07340568776014,25.236931473136575,4.164053534246068,20.74993595672521,1.335044048356168,1
115.32135995765043,-33.152330000000035,NCMP,2024,-12.12646092650175,0.21080985228690238,2.0,23.07365897245015,25.23706260132165,4.163893180241967,20.722035824450078,1.2582672285266578,1
115.34335995765043,-33.152330000000035,NCMP,2024,-12.095772703147404,0.21079377343351896,2.0,23.07392889686887,25.23720242308103,4.16372234403136,20.710909291261046,1.208860503084421,1
115.36535995765044,-33.152330000000035,NCMP,2024,-12.063376267159708,0.21078121803061503,2.0,23.074213151535936,25.237349736658505,4.163542483689059,20.38900791198728,1.1903481516322636,1
115.38735995765045,-33.152330000000035,NCMP,2024,-12.029594585573921,0.2107724055408954,2.0,23.074508973993535,25.237503105282954,4.163355343735096,20.333546954717896,1.1742618758991283,1
115.40935995765045,-33.152330000000035,NCMP,2024,-11.994792184581001,0.21076743160566566,2.0,23.074813227443197,25.237660898433376,4.163162905717097,20.588510404127447,1.1415871504615107,1
115.43135995765046,-33.152330000000035,NCMP,2024,-11.959362541914746,0.2107662641682601,2.0,23.07512250561791,25.237821346633112,4.162967322147952,20.62984925164768,1.1428476179213922,1
115.45335995765046,-33.152330000000035,NCMP,2024,-11.923713514798779,0.21076874890859032,2.0,23.075433257026575,25.23798260615528,4.162770838100581,20.59751485316405,1.1780656952358637,1
115.47535995765047,-33.152330000000035,NCMP,2024,-11.88825191553242,0.21077462317128579,2.0,23.07574191929131,25.238142828789357,4.162575706304286,20.596684220448,1.244474435279382,1
115.49735995765047,-33.152330000000035,NCMP,2024,-11.853368443185218,0.2107835365729809,2.0,23.07604505303691,25.238300231193275,4.162384102403524,20.596684220448,1.337526592261582,1
115.51935995765048,-33.152330000000035,NCMP,2024,-11.819424116029873,0.2107950758169779,2.0,23.07633946493095,25.238453158457865,4.162198046972164,20.5849094414076,1.4521776750522957,1
115.54135995765049,-33.152330000000035,NCMP,2024,-11.786739139712363,0.21080879101254046,2.0,23.07662231097477,25.23860013731386,4.162019339942665,20.60795619779131,1.5837916731577153,1
115.56335995765049,-33.152330000000035,NCMP,2024,-11.755584832910486,0.21082422097951134,2.0,23.07689117370604,25.238739915754252,4.161849511499786,20.456009402587718,1.7285282575680259,1
115.5853599576505,-33.152330000000035,NCMP,2024,-11.72617887368026,0.21084091552270803,2.0,23.07714411010553,25.238871487471304,4.161689791509075,20.36686760580258,1.8833803303674066,1
115.6073599576505,-33.152330000000035,NCMP,2024,-11.698683785558838,0.2108584533443332,2.0,23.07737967015995,25.238994101136754,4.161541097546056,20.37241111151185,2.046057353079059,1
115.62935995765051,-33.152330000000035,NCMP,2024,-9.088824931644849,0.2039970346902371,2.0,23.104737366493314,25.25400295227304,4.1469983571427305,27.438002074389527,2.17498911452955,1
115.65135995765051,-33.152330000000035,NCMP,2024,-9.066047220039708,0.20403719846595492,2.0,23.10496946694527,25.25412604874674,4.146862857435966,27.438071518833972,2.3571004093710575,0
115.67335995765052,-33.152330000000035,NCMP,2024,-9.044651054514151,0.204073458182048,2.0,23.105187313073973,25.254241881726013,4.1467364141051215,27.39918588170875,2.54146335493555,0
115.24012419242871,-33.130330000000036,NCMP,2024,-16.665322003600885,0.2317803235458737,2.0,23.005667373344156,25.124302900341963,4.057430778416543,20.012768842043815,1.2174863678780565,1
115.26212419242871,-33.130330000000036,NCMP,2024,-14.88138833453723,0.24097586955572028,2.0,23.03905949032085,25.209302220207018,4.1644037871922555,19.840929374320524,1.1829849431090134,1
115.28412419242872,-33.130330000000036,NCMP,2024,-12.14984870738869,0.2108688008418038,2.0,23.073429966124245,25.236945921428138,4.1640394092276765,20.434387580953388,1.4136214195381207,1
115.30612419242873,-33.130330000000036,NCMP,2024,-12.124771686894835,0.21085036803263232,2.0,23.073651928571902,25.237060773568626,4.163898845375644,20.439332025397835,1.321992821270759,1
115.32812419242873,-33.130330000000036,NCMP,2024,-12.097901530274598,0.21083440726552644,2.0,23.07388892701205,25.23718348270905,4.163748810461223,20.405419607677672,1.2547056902112521,1
115.35012419242874,-33.130330000000036,NCMP,2024,-12.069437644949865,0.21082122334574124,2.0,23.074139261825465,25.23731316499327,4.163590377894751,20.378037975948896,1.2158894192216811,1
115.37212419242874,-33.130330000000036,NCMP,2024,-12.039622210514475,0.21081104642936915,2.0,23.07440086017605,25.237448742666444,4.163424856918437,20.284167535432623,1.2083833924066698,1
115.39412419242875,-33.130330000000036,NCMP,2024,-12.008734247237536,0.21080401940700816,2.0,23.074671323053124,25.237588968801976,4.163253763070957,20.518231558056193,1.17877963769568,1
115.41612419242875,-33.130330000000036,NCMP,2024,-11.977081447746546,0.21080019080610757,2.0,23.07494799243571,25.23773246244092,4.163078775909694,20.518231558056193,1.157824484083912,1
115.43812419242876,-33.130330000000036,NCMP,2024,-11.94499023235159,0.21079951392242988,2.0,23.075228035107987,25.237877752303557,4.162901686159001,20.569757736731443,1.1705441538515482,1
115.46012419242876,-33.130330000000036,NCMP,2024,-11.912794682097912,0.2108018521836027,2.0,23.075508537820852,25.238023326289422,4.162724335618711,20.579130472238685,1.2159835155293417,1
115.48212419242877,-33.130330000000036,NCMP,2024,-11.880825126141424,0.21080699004787698,2.0,23.075786607204428,25.238167683327756,4.162548553992339,20.579363305226956,1.290777905983269,1
115.50412419242878,-33.130330000000036,NCMP,2024,-11.849397190514892,0.21081464816723514,2.0,23.07605946731596,25.23830938388763,4.162376097135389,20.581142621422032,1.3902669710414577,1
115.52612419242878,-33.130330000000036,NCMP,2024,-11.8188020492874,0.2108245011834354,2.0,23.076324548045392,25.238447095649825,4.16220859102191,20.591080498837492,1.509628892345773,1
115.54812419242879,-33.130330000000036,NCMP,2024,-11.789298469422363,0.21083619641725249,2.0,23.07657955873083,25.238579631441677,4.162047485021613,20.439133703633896,1.644579714835336,1
115.57012419242879,-33.130330000000036,NCMP,2024,-11.761107034232868,0.21084937184163932,2.0,23.07682254305333,25.238705977434282,4.1618940169986605,20.41672629622649,1.7916245997413598,1
115.5921241924288,-33.130330000000036,NCMP,2024,-11.734406701540905,0.21086367204319617,2.0,23.07705191329207,25.23882531064482,4.161749191471048,20.333058137870154,1.948040368966251,1
115.6141241924288,-33.130330000000036,NCMP,2024,-11.709333635470363,0.2108787612943243,2.0,23.077266464016123,25.23893700581591,4.161613770803843,20.33630304845474,2.111750990616542,1
115.63612419242881,-33.130330000000036,NCMP,2024,-9.08836642303976,0.2039734040561612,2.0,23.10473264781501,25.254005571703008,4.147013015657235,27.188793055717653,2.2407316086672084,1
115.65812419242882,-33.130330000000036,NCMP,2024,-9.067543377247437,0.20401025964250571,2.0,23.10494491412363,25.25411811906849,4.146889029179471,27.12893286837581,2.422640890208853,0
115.68012419242882,-33.130330000000036,NCMP,2024,-9.047882919593137,0.2040437832287919,2.0,23.10514516168862,25.254224551568978,4.146772699958889,26.230080254504163,2.6067921146961326,0
115.24688842720701,-33.10833000000004,NCMP,2024,-16.664119238723035,0.23188455650202608,2.0,23.005755427227076,25.124534378432433,4.057725494980859,19.922235592356518,1.196962242666657,1
115.26888842720702,-33.10833000000004,NCMP,2024,-14.871070293060274,0.24092780454481671,2.0,23.039068249689723,25.20931923978173,4.164415329358014,19.740632787435338,1.1752260616793746,1
115.29088842720702,-33.10833000000004,NCMP,2024,-12.121690581763694,0.21088597357400166,2.0,23.07365851578176,25.2370658858243,4.163895803176058,20.37139175180267,1.3968736453392678,1
115.31288842720703,-33.10833000000004,NCMP,2024,-12.09804180064875,0.2108704670732694,2.0,23.073867709477422,25.237174147168325,4.163763336267021,20.386440348536052,1.3137590330302311,1
115.33488842720703,-33.10833000000004,NCMP,2024,-12.0729240765069,0.21085715303417796,2.0,23.074089174533523,25.2372888251955,4.163623142588028,20.336841647368054,1.256256650830479,1
115.35688842720704,-33.10833000000004,NCMP,2024,-12.046519607176512,0.21084625278495542,2.0,23.07432134836443,25.237409107867602,4.163476209373185,20.267954640110354,1.2280393994844727,1
115.37888842720704,-33.10833000000004,NCMP,2024,-12.019042291696726,0.21083792680388166,2.0,23.07456239099309,25.237534039073445,4.163323699164628,20.267954640110354,1.2301291555148708,1
115.40088842720705,-33.10833000000004,NCMP,2024,-11.990732500364166,0.21083226694735605,2.0,23.074810227606907,25.23766254091862,4.163166923041642,20.50135585910237,1.1883649315479594,1
115.42288842720706,-33.10833000000004,NCMP,2024,-11.961850365533024,0.2108292927053917,2.0,23.07506260456376,25.237793442966,4.1630073053260785,20.51893888536843,1.1788077598453515,1
115.44488842720706,-33.10833000000004,NCMP,2024,-11.93266796534096,0.21082895180693775,2.0,23.075317155917904,25.23792551688297,4.162846341601589,20.47045760057533,1.2023136871080922,1
115.46688842720707,-33.10833000000004,NCMP,2024,-11.90346088296783,0.21083112504605186,2.0,23.075571476464194,25.238057514402822,4.162685552565971,20.422795762430248,1.2571080814089013,1
115.48888842720707,-33.10833000000004,NCMP,2024,-11.874499684591928,0.21083563477381892,2.0,23.075823196626597,25.238188206168143,4.162526436667701,20.30195208998286,1.3394232634342478,1
115.51088842720708,-33.10833000000004,NCMP,2024,-11.846041860588201,0.21084225616477387,2.0,23.076070054349955,25.23831641894846,4.16237042459038,20.287900337337355,1.4446162242613514,1
115.53288842720708,-33.10833000000004,NCMP,2024,-11.818324717131107,0.21085073016534214,2.0,23.07630995951736,25.238441068922526,4.162218838425681,20.310947093721065,1.5681308338688655,1
115.55488842720709,-33.10833000000004,NCMP,2024,-11.791559599184492,0.21086077698262648,2.0,23.07654104724578,25.238561189153952,4.162072857855025,20.100934509409047,1.706021999344235,1
115.5768884272071,-33.10833000000004,NCMP,2024,-11.765927688045606,0.21087210906359288,2.0,23.07676171757491,25.238675949995198,4.161933494927663,20.028904499488416,1.8551064341863175,1
115.5988884272071,-33.10833000000004,NCMP,2024,-11.741577467735107,0.2108844427139668,2.0,23.07697066037983,25.238784671837127,4.161801578190388,20.028904499488416,2.0129102547928035,1
115.6208884272071,-33.10833000000004,NCMP,2024,-11.718623814433217,0.21089750776748176,2.0,23.077166865625,25.238886830284592,4.161677746107624,20.007966763282823,2.1775438044525823,1
115.64288842720711,-33.10833000000004,NCMP,2024,-9.087505387968188,0.20395271306647283,2.0,23.10473281474594,25.25401031703257,4.147023732134227,26.700275756816684,2.306797629384781,0
115.66488842720712,-33.10833000000004,NCMP,2024,-9.068406744532796,0.20398663221076854,2.0,23.10492758245326,25.254113561079105,4.146909912216512,26.700275756816684,2.488519650209697,0
115.68688842720712,-33.10833000000004,NCMP,2024,-9.050293245774306,0.2040176880151032,2.0,23.10511214512246,25.254211621103792,4.146802612083583,26.05983905717708,2.6724685469249483,0
115.25365266198531,-33.08633000000004,NCMP,2024,-14.871160035314478,0.24122890498129135,2.0,23.039016224628195,25.209212082959805,4.164277083327229,19.737137131470934,1.2710400443549346,1
115.27565266198532,-33.08633000000004,NCMP,2024,-12.117637697342055,0.21091734394634631,2.0,23.07367496718095,25.23707599392819,4.163886442438068,20.353844756552554,1.4813187833214079,1
115.29765266198532,-33.08633000000004,NCMP,2024,-12.096720024810608,0.21090248474753684,2.0,23.073860557572697,25.23717199389592,4.16376889109441,20.336381793589588,1.384463954745357,1
115.31965266198533,-33.08633000000004,NCMP,2024,-12.074458507128126,0.21088936142079276,2.0,23.074057361846247,25.237273857652426,4.1636442788714305,20.337631793589594,1.3102422290860614,1
115.34165266198534,-33.08633000000004,NCMP,2024,-12.050990690150515,0.21087817721565058,2.0,23.07426419650987,25.237380970594245,4.163513353777743,20.185651088698336,1.2627030914901975,1
115.36365266198534,-33.08633000000004,NCMP,2024,-12.026480937006347,0.21086909329707762,2.0,23.07447964536944,25.23749259713671,4.163377010808156,19.976349260787583,1.2449662069770895,1
115.38565266198535,-33.08633000000004,NCMP,2024,-12.001117126897267,0.2108622214761699,2.0,23.074702086121246,25.23760789465647,4.163236275223904,19.976349260787583,1.233518143905458,1
115.40765266198535,-33.08633000000004,NCMP,2024,-11.975106174067141,0.2108576194755565,2.0,23.07492972745445,25.237725932879,4.163092279182008,20.22122245398595,1.2027285179013096,1
115.42965266198536,-33.08633000000004,NCMP,2024,-11.948668570566223,0.21085528912875928,2.0,23.07516065511581,25.23784571789212,4.162946232681267,20.14177488064209,1.2041470507868455,1
115.45165266198536,-33.08633000000004,NCMP,2024,-11.922032244204237,0.2108551776379381,2.0,23.075392884576345,25.237966219547022,4.162799390308615,20.160586417334056,1.2377325012075937,1
115.47365266198537,-33.08633000000004,NCMP,2024,-11.895426085343095,0.21085718172485976,2.0,23.075624417319474,25.238086400691888,4.162653015664586,20.15689842130231,1.3010579558289768,1
115.49565266198537,-33.08633000000004,NCMP,2024,-11.869073524123118,0.2108611542471825,2.0,23.075853297433515,25.23820524651451,4.162508345563986,20.15689842130231,1.390117275971908,1
115.51765266198538,-33.08633000000004,NCMP,2024,-11.843186529537453,0.21086691265206697,2.0,23.076077665185437,25.238321792274075,4.162366556115828,20.145775027500346,1.5003771436682685,1
115.53965266198539,-33.08633000000004,NCMP,2024,-11.817960355411936,0.21087424852506884,2.0,23.07629580457742,25.238435147876157,4.162228732585195,20.151392858147098,1.6275671072247273,1
115.56165266198539,-33.08633000000004,NCMP,2024,-11.793569283047937,0.2108829374715638,2.0,23.07650618249206,25.238544518062813,4.16209584456027,20.0431201197643,1.7680610184849983,1
115.5836526619854,-33.08633000000004,NCMP,2024,-11.770163517034984,0.21089274863226448,2.0,23.076707477826574,25.23864921740352,4.161968727446419,19.901818851340263,1.918955251005661,1
115.6056526619854,-33.08633000000004,NCMP,2024,-11.747867292094513,0.2109034532633483,2.0,23.076898599891734,25.23874867972588,4.161848070755182,19.898831913509575,2.0779953281017183,1
115.62765266198541,-33.08633000000004,NCMP,2024,-11.726778156626013,0.2109148319785066,2.0,23.077078696197916,25.238842462062227,4.16173441311902,19.898831913509575,2.2434544270015397,1
115.64965266198541,-33.08633000000004,NCMP,2024,-9.086349156250922,0.203934479717652,2.0,23.104736682928657,25.254016620849423,4.147031341699886,23.075579155934356,2.3731463170330094,0
115.67165266198542,-33.08633000000004,NCMP,2024,-9.068777564833518,0.20396578434930532,2.0,23.10491595245984,25.254111627996057,4.146926533163794,26.736780432193644,2.5546935318782973,0
115.69365266198542,-33.08633000000004,NCMP,2024,-9.052046193851838,0.20399461266045563,2.0,23.105086500120578,25.254202211457912,4.14682731226025,26.113581043726494,2.7384487077548556,0
115.26041689676362,-33.06433000000004,NCMP,2024,-14.862541624065816,0.24118576695728544,2.0,23.039024102554013,25.209227455360953,4.164288215685844,19.303237944195313,1.2617137013002138,1
115.28241689676362,-33.06433000000004,NCMP,2024,-12.094329824354539,0.21093095780664783,2.0,23.07386394804321,25.237175203531827,4.163767708601637,19.95953303849552,1.4652282119890092,1
115.30441689676363,-33.06433000000004,NCMP,2024,-12.07451529139762,0.2109182249728808,2.0,23.074039601428765,25.237266079459403,4.163656461913414,19.95953303849552,1.3763628082723411,1
115.32641689676363,-33.06433000000004,NCMP,2024,-12.053581012391774,0.21090705276899982,2.0,23.074224560719724,25.23736182497775,4.163539358027404,19.957095042463774,1.3113240662259908,1
115.34841689676364,-33.06433000000004,NCMP,2024,-12.031653635542508,0.21089759401745303,2.0,23.07441773170713,25.23746187207706,4.163417088673405,19.931756227729128,1.2738121856861946,1
115.37041689676364,-33.06433000000004,NCMP,2024,-12.00888023275155,0.21088996633357796,2.0,23.074617842695858,25.237565560482537,4.163290457696423,19.845347344752533,1.2663258966035842,1
115.39241689676365,-33.06433000000004,NCMP,2024,-11.985425338155153,0.21088424736726116,2.0,23.07482346885133,25.237672150384903,4.163160365726325,20.08073404891084,1.2415683847989236,1
115.41441689676365,-33.06433000000004,NCMP,2024,-11.961467173390263,0.21088047197290158,2.0,23.075033063848192,25.237780838950254,4.163027790224007,20.067341522455816,1.2215723022548965,1
115.43641689676366,-33.06433000000004,NCMP,2024,-11.937193230355033,0.2108786315201028,2.0,23.075244997471557,25.237890779899082,4.162893761750617,20.09955327768931,1.2334660681530463,1
115.45841689676367,-33.06433000000004,NCMP,2024,-11.912795435657088,0.2108786753718128,2.0,23.07545759731775,25.238001105185134,4.162759337626552,20.06041077998975,1.2764139428946102,1
115.48041689676367,-33.06433000000004,NCMP,2024,-11.88846515542265,0.21088051436945895,2.0,23.075669192387544,25.238110947624566,4.162625574372758,19.98768333762391,1.3474988236673757,1
115.50241689676368,-33.06433000000004,NCMP,2024,-11.864388310208785,0.21088402600053432,2.0,23.075878156208372,25.238219463248825,4.1624935004287025,20.035007246354066,1.4426086549634645,1
115.52441689676368,-33.06433000000004,NCMP,2024,-11.840740856148399,0.21088906080316158,2.0,23.076082947182808,25.238325852190172,4.162364090605696,20.035007246354066,1.5573815075933348,1
115.54641689676369,-33.06433000000004,NCMP,2024,-11.81768485230313,0.21089544949666036,2.0,23.07628214412888,25.238429377051418,4.16223824356656,20.04534095710286,1.6878369140883487,1
115.5684168967637,-33.06433000000004,NCMP,2024,-11.795365280612092,0.21090301031996245,2.0,23.076474475416365,25.238529377941216,4.162116763347105,19.991898741206835,1.8306445085000158,1
115.5904168967637,-33.06433000000004,NCMP,2024,-11.773907720896359,0.21091155610489973,2.0,23.076658840652488,25.238625283642037,4.16200034558791,19.989313671762396,1.9831510515731983,1
115.6124168967637,-33.06433000000004,NCMP,2024,-11.75341691690754,0.2109209006963094,2.0,23.076834324461935,25.238716618684226,4.161889568770441,19.973777401197786,2.1432956757283312,1
115.63441689676371,-33.06433000000004,NCMP,2024,-11.733976207622057,0.21093086443938672,2.0,23.07700020247335,25.238803006392192,4.161784890391807,19.973777401197786,2.3094945519752295,0
115.65641689676372,-33.06433000000004,NCMP,2024,-9.084978781400675,0.2039183176332127,2.0,23.104743349013003,25.25402405460983,4.147036491129683,23.03537593987778,2.439744389476033,0
115.67841689676372,-33.06433000000004,NCMP,2024,-9.06876452655472,0.20394728704547094,2.0,23.104908839949275,25.254111741097,4.146939699704507,26.617181985159846,2.621127367485351,0
115.70041689676373,-33.06433000000004,NCMP,2024,-9.053271253790566,0.20397410213216233,2.0,23.10506683097814,25.25419562960429,4.146847726274365,26.120339644177548,2.80469666088987,0
115.26718113154192,-33.04233000000004,NCMP,2024,-12.09116660013412,0.21095633508445202,2.0,23.07387521801591,25.237182402677014,4.163761478093998,19.870470798321673,1.5545505949745355,1
115.28918113154192,-33.04233000000004,NCMP,2024,-12.073456820341036,0.21094411063949334,2.0,23.074032653334605,25.237263816949802,4.163661745361955,19.898499898850773,1.4530484656981404,1
115.31118113154193,-33.04233000000004,NCMP,2024,-12.054714212879274,0.21093314529734303,2.0,23.07419867023883,25.23734972131646,4.163556611008913,19.879450626363997,1.3725240305452369,1
115.33318113154193,-33.04233000000004,NCMP,2024,-12.035036646111923,0.2109235792363504,2.0,23.07437241999252,25.237439675517873,4.163446611798237,19.828796431352657,1.3168655157170883,1
115.35518113154194,-33.04233000000004,NCMP,2024,-12.01453948667722,0.21091552768846666,2.0,23.074552902732787,25.23753316067767,4.163332379921293,19.760172134009835,1.2893363844716965,1
115.37718113154195,-33.04233000000004,NCMP,2024,-11.993353667407435,0.21090907660149974,2.0,23.07473898325154,25.237629587558153,4.163214633062869,19.724097373507995,1.2917785356501366,1
115.39918113154195,-33.04233000000004,NCMP,2024,-11.971623099113934,0.21090427954088925,2.0,23.07492941257689,25.23772830782396,4.163094160798178,19.96832936300266,1.2540759101059895,1
115.42118113154196,-33.04233000000004,NCMP,2024,-11.949501522646598,0.21090115605207072,2.0,23.07512285461505,25.237828627922706,4.162971807784187,19.98591238926872,1.2445922514009018,1
115.44318113154196,-33.04233000000004,NCMP,2024,-11.927148939837954,0.21089969159054073,2.0,23.07531791672869,25.237929824993284,4.162848454451892,20.035007246354066,1.2664057035949357,1
115.46518113154197,-33.04233000000004,NCMP,2024,-11.904727794230835,0.210899839001078,2.0,23.075513182817968,25.238031164053403,4.162724996103341,20.04347078802073,1.3180077327978073,1
115.48718113154197,-33.04233000000004,NCMP,2024,-11.882399091028015,0.21090152140555923,2.0,23.075707247272383,25.238131915617526,4.162602321443754,20.11730759357629,1.3961383182111191,1
115.50918113154198,-33.04233000000004,NCMP,2024,-11.860318648310965,0.21090463625503594,2.0,23.075898748100357,25.238231372867368,4.1624812916198275,20.10177132301168,1.4966816408197852,1
115.53118113154198,-33.04233000000004,NCMP,2024,-11.838633658093059,0.21090906022758693,2.0,23.076086397625044,25.238328867541767,4.162362720785145,20.136727801617617,1.615485229317496,1
115.55318113154199,-33.04233000000004,NCMP,2024,-11.817479708076311,0.21091465461543354,2.0,23.076269009349023,25.23842378382602,4.162247359079789,20.045338165086672,1.7488526590577043,1
115.575181131542,-33.04233000000004,NCMP,2024,-11.796978376630094,0.21092127084381812,2.0,23.07644551990842,25.23851556968686,4.162135878710688,19.969341310215498,1.893725155865997,1
115.597181131542,-33.04233000000004,NCMP,2024,-11.777235469125221,0.21092875579604484,2.0,23.076615005421587,25.23860374529923,4.162028863576739,19.969341310215498,2.047673401652238,1
115.619181131542,-33.04233000000004,NCMP,2024,-11.75833991826015,0.21093695667590265,2.0,23.076776691942822,25.23868790842074,4.16192680262569,19.969341310215498,2.208807852415991,1
115.64118113154201,-33.04233000000004,NCMP,2024,-11.740363328904857,0.21094572521049834,2.0,23.076929960117965,25.238767736769045,4.161830086884873,19.969341310215498,2.375670846262539,0
115.66318113154202,-33.04233000000004,NCMP,2024,-11.723360112769559,0.21095492107322228,2.0,23.077074344470603,25.238842987627933,4.161739009896989,19.9566391017959,2.5471384143741616,0
115.70718113154203,-33.04233000000004,NCMP,2024,-9.054071193504567,0.2039557837684801,2.0,23.10505202565089,25.25419132563274,4.146864597029712,26.201773778699092,2.8711826688939857,0
115.27394536632022,-33.020330000000044,NCMP,2024,-12.071560875290505,0.21096735993797955,2.0,23.07403401998547,25.237265781212972,4.163661713154411,19.808730322541983,1.538782461101691,1
115.29594536632023,-33.020330000000044,NCMP,2024,-12.054720085240257,0.2109567255554303,2.0,23.07418357907343,25.237343137379995,4.163566979774799,19.83408581195997,1.4447827883992606,1
115.31794536632023,-33.020330000000044,NCMP,2024,-12.03700625771556,0.21094723585835737,2.0,23.074340361327724,25.237424275678634,4.163467701675046,19.844308612885893,1.3728813783687441,1
115.33994536632024,-33.020330000000044,NCMP,2024,-12.018510102489888,0.21093899927255186,2.0,23.074503578061112,25.23750878707961,4.163364377695792,19.85473172796526,1.326706294610238,1
115.36194536632024,-33.020330000000044,NCMP,2024,-11.999335962036218,0.21093210290686976,2.0,23.07467232278331,25.237596201269884,4.163257581062453,19.779058790755865,1.3090165376975174,1
115.38394536632025,-33.020330000000044,NCMP,2024,-11.979600053696776,0.21092660957769832,2.0,23.074845585792616,25.237685994270485,4.163147950189379,19.790861450165607,1.3006417158949917,1
115.40594536632025,-33.020330000000044,NCMP,2024,-11.959428243939811,0.21092255580940183,2.0,23.075022272928102,25.237777598210307,4.163036176851405,20.052676465926336,1.2708187196227967,1
115.42794536632026,-33.020330000000044,NCMP,2024,-11.93895343805842,0.21091995094006039,2.0,23.07520122782029,25.237870412907935,4.162922992138347,20.052676465926336,1.2714829881014142,1
115.44994536632026,-33.020330000000044,NCMP,2024,-11.918312695712123,0.21091877738102513,2.0,23.075381256728406,25.23796381878448,4.162809150766583,20.10177132301168,1.3026273371066022,1
115.47194536632027,-33.020330000000044,NCMP,2024,-11.897644202027957,0.21091899199346134,2.0,23.07556115486347,25.238057190533787,4.162695414442151,20.10177132301168,1.362198695718663,1
115.49394536632028,-33.020330000000044,NCMP,2024,-11.877084233440682,0.21092052846478365,2.0,23.0757397329892,25.238149910922424,4.162582535038538,20.10177132301168,1.4467211919785365,1
115.51594536632028,-33.020330000000044,NCMP,2024,-11.85676425606076,0.21092330050144747,2.0,23.075915843080285,25.2382413840869,4.162471238361616,20.10177132301168,1.5521505999747072,1
115.53794536632029,-33.020330000000044,NCMP,2024,-11.836808282395111,0.21092720560848216,2.0,23.076088401899156,25.238331047739724,4.162362209223229,20.136727801617617,1.674564412583457,1
115.55994536632029,-33.020330000000044,NCMP,2024,-11.817330591211771,0.21093212920388202,2.0,23.07625641151993,25.238418383783696,4.162256078440213,20.001096561682026,1.8105379682862652,1
115.5819453663203,-33.020330000000044,NCMP,2024,-11.798433887705114,0.21093794881761208,2.0,23.076418976059667,25.23850292695505,4.162153412229295,19.92495932655906,1.9572602287099385,1
115.6039453663203,-33.020330000000044,NCMP,2024,-11.780207949924332,0.21094453814764774,2.0,23.076575314149128,25.23858427125685,4.1620547042968665,19.933801918933806,2.1125021025411987,1
115.62594536632031,-33.020330000000044,NCMP,2024,-11.762728775831775,0.21095177078406072,2.0,23.076724766956783,25.23866207409032,4.161960370743781,19.879576805698278,2.27452609081713,1
115.64794536632031,-33.020330000000044,NCMP,2024,-11.746058216209173,0.21095952346047017,2.0,23.076866801847487,25.23873605812925,4.161870747736041,19.878429346700955,2.4419863460641356,0
115.66994536632032,-33.020330000000044,NCMP,2024,-11.730244054147258,0.21096767874387645,2.0,23.077001011986578,25.238806011101072,4.1617860917461735,19.672972636744245,2.613839915878084,0
115.69194536632033,-33.020330000000044,NCMP,2024,-9.06790765249053,0.20391601064594675,2.0,23.104904645495196,25.25411639770121,4.146958101757938,25.55384855630173,2.7546635801073487,0
115.28070960109852,-32.998330000000045,NCMP,2024,-12.053856077937885,0.21097805368042796,2.0,23.074176976784162,25.23734088031251,4.1635719292356494,19.837945457400654,1.5265880920370953,1
115.30270960109853,-32.998330000000045,NCMP,2024,-12.037860306212881,0.21096876360589153,2.0,23.07431889709157,25.237414298517184,4.1634820430318715,19.837945457400654,1.4404175085505477,1
115.32470960109853,-32.998330000000045,NCMP,2024,-12.021125243196687,0.21096051149482428,2.0,23.07446690426034,25.23749090655474,4.163388328834592,19.839195457400653,1.3773466610196075,1
115.34670960109854,-32.998330000000045,NCMP,2024,-12.003734193466057,0.21095338143768252,2.0,23.074620272552867,25.237570328099,4.163291245706353,19.839195457400653,1.3406662607444653,1
115.36870960109854,-32.998330000000045,NCMP,2024,-11.985781089669432,0.21094743942144112,2.0,23.074778184416765,25.237652139052514,4.163191310679821,19.76352252019126,1.332586251866924,1
115.39070960109855,-32.998330000000045,NCMP,2024,-11.967368931001314,0.2109427312937016,2.0,23.074939743596172,25.2377358743817,4.163089090488404,19.727447759689415,1.3113347879708233,1
115.41270960109856,-32.998330000000045,NCMP,2024,-11.948607888401765,0.21093928149051014,2.0,23.075103991221148,25.23782103649425,4.162985191411731,19.989262775450143,1.291560188740106,1
115.43470960109856,-32.998330000000045,NCMP,2024,-11.92961314620728,0.21093709260170074,2.0,23.075269924308632,25.237907104862217,4.16288024759252,20.02565542411589,1.3019428909232413,1
115.45670960109857,-32.998330000000045,NCMP,2024,-11.910502567224356,0.21093614579040343,2.0,23.075436515946343,25.237993546510054,4.162774908283791,19.99855212011313,1.3418153267625028,1
115.47870960109857,-32.998330000000045,NCMP,2024,-11.891394279576646,0.21093640202508218,2.0,23.0756027363178,25.23807982692982,4.162669824558095,19.984990265803994,1.4087049057569039,1
115.50070960109858,-32.998330000000045,NCMP,2024,-11.872404288035458,0.21093780402915713,2.0,23.07576757367158,25.23816542095771,4.162565636045481,19.948593128018267,1.4990248410630729,1
115.52270960109858,-32.998330000000045,NCMP,2024,-11.853644209483353,0.21094027881022553,2.0,23.075930054348916,25.23824982315316,4.162462958261142,19.963406101503114,1.6088554632513432,1
115.54470960109859,-32.998330000000045,NCMP,2024,-11.835219222093599,0.21094374060190263,2.0,23.076089261057216,25.238332557260737,4.162362371037455,19.96791826865862,1.7345121223729079,1
115.5667096010986,-32.998330000000045,NCMP,2024,-11.817226301886873,0.21094809403818685,2.0,23.076244348706403,25.23841318440298,4.162264408494168,19.838175240660384,1.8728260387780635,1
115.5887096010986,-32.998330000000045,NCMP,2024,-11.799752800264434,0.2109532373828076,2.0,23.076394557294936,25.23849130974075,4.162169550873113,19.83586565923101,2.021211181545319,1
115.6107096010986,-32.998330000000045,NCMP,2024,-11.782875393937084,0.21095906565222852,2.0,23.076539221526026,25.238566587438356,4.162078218441358,19.64748912389466,2.1776176071670474,1
115.63270960109861,-32.998330000000045,NCMP,2024,-11.766659416427645,0.2109654734975647,2.0,23.076677777033783,25.23863872387362,4.1619907675406544,19.64748912389466,2.340443153431202,0
115.65470960109862,-32.998330000000045,NCMP,2024,-8.720692208424069,0.18739915993023498,2.4712456517566994,23.10290048428649,25.133428646093112,4.046570234868533,22.525034559293726,2.550304768503805,0
115.67670960109862,-32.998330000000045,NCMP,2024,-8.679333401278482,0.1870985815150783,2.4801533519145753,23.10330407103321,25.1313888298788,4.044444541010871,22.162381378503774,2.6314904544061286,0
115.69870960109863,-32.998330000000045,NCMP,2024,-8.638684083398061,0.18679788782586657,2.4890189896561776,23.103700321951827,25.129355895978126,4.042332363246583,22.149619563275927,2.622364491314159,0
115.28747383587682,-32.97633000000005,NCMP,2024,-12.037835047016276,0.21098836082023315,2.0,23.07430591013185,25.23740865059629,4.163490977979938,19.874123917401803,1.5179893530261674,1
115.30947383587683,-32.97633000000005,NCMP,2024,-12.022652542003133,0.21098021148829846,2.0,23.074440493896592,25.23747828498407,4.163405746063847,19.874123917401803,1.4399194955530115,1
115.33147383587684,-32.97633000000005,NCMP,2024,-12.00684285932299,0.21097300208682454,2.0,23.0745802130495,25.237550613136257,4.163317286222791,19.875373917401802,1.3858094374842853,1
115.35347383587684,-32.97633000000005,NCMP,2024,-11.99048202128728,0.210966797998998,2.0,23.074724404291437,25.237625291140954,4.16322601804881,19.79970098019241,1.3585483406338237,1
115.37547383587685,-32.97633000000005,NCMP,2024,-11.973654342567809,0.2109616492853064,2.0,23.07487233276066,25.237701937842186,4.163132406310551,19.763303842406682,1.359776743196842,1
115.39747383587685,-32.97633000000005,NCMP,2024,-11.95645106416448,0.21095758929657515,2.0,23.075023203600423,25.237780140863784,4.1630369536532505,19.95048970441892,1.3260357067172877,1
115.41947383587686,-32.97633000000005,NCMP,2024,-11.938968750283466,0.21095463388296332,2.0,23.075176175654324,25.237859463734807,4.162940191951524,19.934529271936746,1.3160537534876997,1
115.44147383587686,-32.97633000000005,NCMP,2024,-11.921307505300675,0.2109527812393644,2.0,23.07533037681684,25.237939453869352,4.162842672612647,19.922910449568832,1.3356788852802226,1
115.46347383587687,-32.97633000000005,NCMP,2024,-11.90356907891122,0.21095201238715955,2.0,23.07548492046273,25.238019651100345,4.162744956193786,19.928041923033636,1.3836784774037951,1
115.48547383587687,-32.97633000000005,NCMP,2024,-11.885854934107964,0.21095229225223153,2.0,23.07563892231162,25.238099596432715,4.162647601739751,19.8511715091255,1.4572753825253544,1
115.50747383587688,-32.97633000000005,NCMP,2024,-11.868264354182534,0.21095357126340666,2.0,23.07579151705959,25.23817884066915,4.162551156263802,19.716505446214647,1.5528552120159538,1
115.52947383587689,-32.97633000000005,NCMP,2024,-11.850892661396324,0.21095578736729031,2.0,23.07594187412978,25.238256952573018,4.16245614478171,19.706132717896264,1.6666578739229572,1
115.55147383587689,-32.97633000000005,NCMP,2024,-8.74383884212993,0.18693496706837806,2.4799383386645397,23.10268672774776,25.13112635624104,4.044882412013377,21.515234764042596,1.8383232237787506,1
115.5734738358769,-32.97633000000005,NCMP,2024,-8.70085939280637,0.18663124361779868,2.4890316714274374,23.10310962383765,25.129049365990348,4.042705315764812,21.425055035206615,1.9893455742908936,1
115.5954738358769,-32.97633000000005,NCMP,2024,-6.839081410009766,0.17193277428563739,2.9829883274812112,23.13521845426765,25.018333168719344,3.913402834793033,21.036434798012795,2.236047498041571,1
115.61747383587691,-32.97633000000005,NCMP,2024,-6.783183342021875,0.17148330964985134,2.9954019290542395,23.13571782448826,25.015441198737513,3.9104253542448166,21.025447531890567,2.168137295405944,1
115.63947383587691,-32.97633000000005,SIMP,2024,-5.9873260246473405,0.15117414391639147,2.760376008608025,23.139545786618,24.88877393882795,3.7976586064776474,21.931687636368803,1.8080679598121445,1
115.66147383587692,-32.97633000000005,SIMP,2024,-5.916449115277409,0.1508848428212148,2.764854837436962,23.140207406389965,24.886454384310095,3.7949783104205115,21.817413055240056,1.7587338647580957,1
115.29423807065513,-32.95433000000005,NCMP,2024,-12.023307343471888,0.21099825057707278,2.0,23.07442241956302,25.237469926646906,4.163417851024915,19.684405635782866,1.5129923499253057,1
115.31623807065513,-32.95433000000005,NCMP,2024,-12.008901700517725,0.21099107294828998,2.0,23.07455000706522,25.237535951420146,4.163337056663847,19.37756447736902,1.443234709137573,1
115.33823807065514,-32.95433000000005,NCMP,2024,-11.993963030855445,0.21098474610618362,2.0,23.074681932146845,25.23760425388364,4.1632535374537785,19.199467534423345,1.398138161300935,1
115.36023807065514,-32.95433000000005,NCMP,2024,-11.978560414613433,0.2109793210056047,2.0,23.07481759139061,25.237674521196684,4.163167675121872,19.30350755585114,1.3801424781129286,1
115.38223807065515,-32.95433000000005,NCMP,2024,-11.962769406988972,0.21097483565115552,2.0,23.07495632560036,25.237746411477573,4.163079886600264,19.268317237815715,1.373893194337355,1
115.40423807065515,-32.95433000000005,NCMP,2024,-11.946670855103553,0.21097131415885134,2.0,23.075097429885176,25.237819559050713,4.1629906176594105,19.529308104019275,1.3445609929567517,1
115.42623807065516,-32.95433000000005,NCMP,2024,-11.93034954646462,0.2109687662826243,2.0,23.075240165260297,25.237893580478737,4.162900335580887,19.258448434306892,1.3440480759549323,1
115.44823807065517,-32.95433000000005,NCMP,2024,-10.22597501770637,0.19580414812499372,2.487569442588221,23.101667431649126,25.127784652182907,4.043337276767309,22.01957540434461,1.2040701607467057,1
115.47023807065517,-32.95433000000005,NCMP,2024,-6.899309244643082,0.17176908506172103,2.9826979718654196,23.134592226893073,25.018088077806528,3.913862875472241,21.17596927702728,1.977920764976219,1
115.49223807065518,-32.95433000000005,NCMP,2024,-6.8430801817895786,0.1713230749879737,2.9950612315165484,23.13509508230652,25.015210782940372,3.9108943318398306,21.132377373367675,2.0289501237137486,1
115.51423807065518,-32.95433000000005,NCMP,2024,-6.048878821084697,0.1513993307697104,2.760619128337651,23.138976213219287,24.89072230251103,3.79993229598985,21.619811512571676,2.295214884695235,0
115.53623807065519,-32.95433000000005,SIMP,2024,-5.975082385109045,0.15109630202849714,2.76554649311824,23.139664889804408,24.888302299745035,3.7971385023536266,21.756900796729937,2.1757300416459127,1
115.5582380706552,-32.95433000000005,SIMP,2024,-5.9023115905156835,0.15079793700371374,2.7703365311937653,23.14034397549808,24.885917115522144,3.7943843928201844,21.624994185979574,2.0689131654023574,1
115.5802380706552,-32.95433000000005,SIMP,2024,-5.8309379050076275,0.15050577676384325,2.774962180154804,23.14101000618409,24.883578974350215,3.7916840563739744,21.44968251030286,1.9767564122587487,1
115.6022380706552,-32.95433000000005,SIMP,2024,-5.761305446523071,0.15022124298408457,2.7793993111315523,23.141659773945875,24.88129918566674,3.789050532377216,21.29629194195797,1.8858322796405569,1
115.62423807065521,-32.95433000000005,SIMP,2024,-5.693726169993987,0.14994561773895784,2.783627112153664,23.142290371875365,24.879087984764613,3.786495627667461,21.56613773865391,1.7719496388288365,1
115.64623807065522,-32.95433000000005,SIMP,2024,-5.62847618307335,0.14968002817069087,2.787628358301721,23.14289922830522,24.876954411351278,3.784029776886566,21.200740435149896,1.6753578928260549,1
115.30100230543343,-32.93233000000005,NCMP,2024,-12.010106103823563,0.2110077094901565,2.0,23.074527907718537,25.237525440272137,4.163351664103767,18.197484708911794,1.511585433030226,1
115.32300230543343,-32.93233000000005,NCMP,2024,-10.320621123686168,0.19594895713885185,2.483875194352147,23.10072974914998,25.128238306434895,4.044710833294114,20.834632800164254,1.4342548062660674,1
115.34500230543344,-32.93233000000005,NCMP,2024,-9.812855635673627,0.17311173683769673,2.97501492577963,23.104648687731284,25.004853806918604,3.9346743439889726,21.719538881791024,1.724396399880611,1
115.36700230543345,-32.93233000000005,NCMP,2024,-9.723654516104405,0.17255966111872634,2.988634314655529,23.1054804976721,25.001825044786663,3.931226331436175,21.691663960591292,1.6858472583597952,1
115.38900230543345,-32.93233000000005,NCMP,2024,-6.107057908283858,0.15161914197791146,2.7598709157173853,23.13843950148322,24.89258324559495,3.8020921818604974,21.31242022249266,2.3920410824899325,0
115.41100230543346,-32.93233000000005,SIMP,2024,-6.036025902280962,0.15132550811439502,2.7649063540765866,23.13910234072748,24.890248698818535,3.799399493509095,22.015848645328322,2.378293637362072,0
115.43300230543346,-32.93233000000005,SIMP,2024,-5.964407372021267,0.15102981455798822,2.7699270299457126,23.13977061908488,24.887895820864284,3.796685283633501,21.616471013759618,2.3815503945171073,0
115.45500230543347,-32.93233000000005,SIMP,2024,-5.89258283956499,0.1507336661794091,2.7749010942083783,23.140440783777123,24.885537201186388,3.7939640380227058,21.443061368887726,2.4017272706719255,0
115.47700230543347,-32.93233000000005,SIMP,2024,-5.820937844362676,0.1504386858454788,2.7797968003463187,23.14110923627118,24.8831855874918,3.7912504263230518,21.385463660561236,2.4383778914905507,0
115.49900230543348,-32.93233000000005,SIMP,2024,-5.749856063586454,0.150146484981093,2.784583147456553,23.141772396596853,24.88085365705925,3.7885590392611004,21.378994993233196,2.3886954475440163,0
115.52100230543348,-32.93233000000005,SIMP,2024,-5.679712485914554,0.14985863436169547,2.7892305162544115,23.142426767123492,24.87855378981615,3.7859041279614236,21.57476043891584,2.2525999201057836,1
115.54300230543349,-32.93233000000005,SIMP,2024,-5.610866893367239,0.14957663623408687,2.7937112728545617,23.143068993412204,24.876297851656613,3.783299355103613,21.916839058641717,2.124584743870178,1
115.5650023054335,-32.93233000000005,SIMP,2024,-4.632680267513402,0.1411534577435706,2.795372756348677,23.102913806431285,24.73052564587444,3.6922307567330073,25.698063396983468,1.739525098366396,1
115.5870023054335,-32.93233000000005,SIMP,2024,-4.629397783810781,0.14115130239592438,2.794872994283288,23.103013742550605,24.730593443639812,3.692194772210107,24.829940903769756,1.6002106671731293,1
115.6090023054335,-32.93233000000005,SIMP,2024,-4.6265371258261485,0.14115029783611105,2.7942717798166172,23.103098784877087,24.73065080790785,3.6921634153361973,24.724782637770463,1.4744769514222704,1
115.63100230543351,-32.93233000000005,SIMP,2024,-4.624126608923881,0.14115048088618806,2.793569998927084,23.10316802909797,24.730697117827283,3.6921369953132173,24.491559852701414,1.3660846384000924,1
115.65300230543352,-32.93233000000005,SIMP,2024,-4.6221905795933385,0.14115187576944585,2.7927698203342466,23.10322071505724,24.73073185422914,3.6921157781072833,24.539721096349073,1.2794536643459757,1
115.30776654021173,-32.91033000000005,SIMP,2024,-6.0234957034466925,0.15126020873691312,2.7681040391852694,23.139225803861336,24.88980491588678,3.7988917254313397,22.145222174807422,2.3930305994780725,0
115.32976654021174,-32.91033000000005,SIMP,2024,-5.956484719169478,0.15098195780999038,2.7730413627232267,23.139851132838622,24.88759925366108,3.7963491724042613,22.05705345150988,2.5177385533897274,0
115.35176654021174,-32.91033000000005,SIMP,2024,-5.888244295123749,0.15069890893947474,2.778021283337707,23.14048789250243,24.885353912573564,3.793760587510127,20.83176346357696,2.486682193422827,0
115.37376654021175,-32.91033000000005,SIMP,2024,-5.819090816649943,0.15041240934236297,2.7830152675627,23.141133126072663,24.88307939249561,3.791138042020242,20.825047193735692,2.4479853741603996,0
115.39576654021175,-32.91033000000005,SIMP,2024,-5.749360322475947,0.1501238878506426,2.7879933643988055,23.14178369411322,24.8807868406361,3.7884943520117265,21.185984814094738,2.4254245823528358,0
115.41776654021176,-32.91033000000005,SIMP,2024,-5.67940341008099,0.14983483299359274,2.7929247043618535,23.14243632228238,24.878487881952886,3.7858428834082756,21.67163336343543,2.419429939672241,0
115.43976654021176,-32.91033000000005,SIMP,2024,-5.6095795697399256,0.14954676859708665,2.7977780567872794,23.143087654402994,24.87619443045985,3.7831973351541097,21.782435213784158,2.4300917208505606,0
115.46176654021177,-32.91033000000005,SIMP,2024,-4.645886673766788,0.14115774783594515,2.7982176876523885,23.102522080299227,24.730261492117833,3.692375373647728,25.517619901702727,2.4886092204502193,0
115.48376654021178,-32.91033000000005,SIMP,2024,-4.64061170014471,0.1411501147327616,2.7982053633332526,23.102692470330645,24.730378654237885,3.6923175196434337,25.71301706696798,2.314878823678697,0
115.50576654021178,-32.91033000000005,SIMP,2024,-4.635607178372818,0.1411434016283542,2.798093247672785,23.102852880036696,24.730488768903502,3.692262641687804,25.6659551085292,2.145401852611119,1
115.52776654021179,-32.91033000000005,SIMP,2024,-4.630916464054643,0.14113769899756462,2.7978762365177205,23.103001844791464,24.730590818326753,3.692211213206135,24.94870494530056,1.9812768484080596,1
115.54976654021179,-32.91033000000005,SIMP,2024,-4.626582490027273,0.14113309163292104,2.7975501891161048,23.103137925580366,24.730683804085324,3.692163702845036,25.672057462403526,1.8239562229911679,1
115.5717665402118,-32.91033000000005,SIMP,2024,-4.622646904966144,0.14112965644069855,2.7971121051288996,23.103259739028125,24.730766768149586,3.6921205651238798,24.18960847020782,1.6753652143269935,1
115.5937665402118,-32.91033000000005,SIMP,2024,-4.6191491633251385,0.14112746026593406,2.796560282380677,23.103365988760025,24.73083881479591,3.6920822305653704,24.283790820241226,1.5380433580278905,1
115.61576654021181,-32.91033000000005,SIMP,2024,-4.616125598635678,0.1411265578446128,2.795894445752805,23.103455496943155,24.730899132592157,3.6920490956499346,23.87513998253139,1.4152818525987867,1
115.63776654021181,-32.91033000000005,SIMP,2024,-4.613608516937241,0.14112698998511178,2.795115838238642,23.10352723470868,24.730947015541815,3.692021512989252,23.87513998253139,1.3111833837975218,1
115.31453077499003,-32.88833000000005,SIMP,2024,-5.691620284090701,0.14987160946427078,2.7944122819256134,23.142329102694482,24.878856987412718,3.7862725186492994,19.652629987026344,2.389147208845694,0
115.33653077499004,-32.88833000000005,SIMP,2024,-4.674892282508875,0.14119978843680087,2.7982723957725506,23.101584990776143,24.729617116186496,3.6926935014713407,22.781068971745743,2.5394586081544737,0
115.35853077499004,-32.88833000000005,SIMP,2024,-4.668357795170605,0.14118759018399646,2.798778828783266,23.101802532906397,24.729767648650316,3.6926217536482877,23.455963017308637,2.687922021050682,0
115.38053077499005,-32.88833000000005,SIMP,2024,-4.661854971909367,0.14117577401964646,2.7992211531783924,23.10201825541666,24.729916817069782,3.6925503717509063,23.44854172101234,2.8424299061663074,0
115.40253077499005,-32.88833000000005,SIMP,2024,-4.655421145404441,0.1411644386090207,2.7995910038460248,23.10223084781827,24.730063704284177,3.6924797649060555,23.516283320682508,2.935573564929404,0
115.42453077499006,-32.88833000000005,SIMP,2024,-4.649097040436386,0.1411536881595531,2.7998799140871298,23.102438888751227,24.730207316505172,3.6924103790124714,25.111120495196506,2.7786805987958054,0
115.44653077499007,-32.88833000000005,SIMP,2024,-4.642926481387289,0.14114363113826522,2.800079478276641,23.102640857456894,24.73034659150448,3.692342693512461,25.146300735095494,2.5987016327846972,0
115.46853077499007,-32.88833000000005,SIMP,2024,-4.636955963773804,0.1411343786483151,2.8001815410189326,23.102835149971863,24.730480410107027,3.6922772166927866,24.30426628169715,2.4215681077362277,0
115.49053077499008,-32.88833000000005,SIMP,2024,-4.6312340818906055,0.14112604247038796,2.800178409416831,23.103020100256984,24.73060761113242,3.6922144794322262,24.133883677833776,2.247959676964017,1
115.51253077499008,-32.88833000000005,SIMP,2024,-4.625810810938062,0.14111873279568873,2.8000630828533963,23.103194006244067,24.73072700976349,3.692155027381193,24.133883677833776,2.078767235187092,1
115.53453077499009,-32.88833000000005,SIMP,2024,-4.620736649869921,0.14111255570122594,2.799829492369206,23.103355160500733,24.73083741912163,3.6920994116432935,24.14240987645735,1.915169556062021,1
115.5565307749901,-32.88833000000005,SIMP,2024,-4.616061640294737,0.14110761044325382,2.7994727395209935,23.10350188489243,24.7309376746025,3.6920481781260723,23.68030962881181,1.7587370801129343,1
115.5785307749901,-32.88833000000005,SIMP,2024,-4.6118342865415185,0.14110398666894497,2.7989893227941196,23.103632568282695,24.73102666028847,3.6920018558325727,23.575669551254837,1.611566440881465,1
115.6005307749901,-32.88833000000005,SIMP,2024,-4.608100411682706,0.14110176166692884,2.7983773384965955,23.103745705985762,24.73110333652598,3.6919609444685095,23.571295322859775,1.4764386376557566,1
115.62253077499011,-32.88833000000005,SIMP,2024,-4.6049019929607855,0.1411009977914345,2.7976366428524098,23.103839939403795,24.73116676756042,3.691925901831924,23.48075847033696,1.3569646025546778,1
115.64453077499012,-32.88833000000005,SIMP,2024,-4.602276026680617,0.14110174019983107,2.7967689629370356,23.103914094078558,24.7312161479829,3.691897131522546,23.4708919855486,1.2576213037946025,1
115.32129500976833,-32.866330000000055,SIMP,2024,-4.675651572214673,0.1411945741229002,2.79947544643686,23.10157535944051,24.729612669597405,3.6927016289171672,23.001047553236532,2.4572563163228147,0
115.34329500976834,-32.866330000000055,SIMP,2024,-4.668592874813712,0.14118093999041215,2.800109305908476,23.101811428366865,24.72977617841523,3.692624119816734,23.020669595360552,2.599926123026582,0
115.36529500976835,-32.866330000000055,SIMP,2024,-4.661518314661766,0.1411675968632908,2.800683100995089,23.10204726392576,24.729939423008897,3.6925464583492746,23.012332546815106,2.7494559272857706,0
115.38729500976835,-32.866330000000055,SIMP,2024,-4.654465935097768,0.1411546503197131,2.8011873434841092,23.102281518701155,24.730101458876067,3.692469061827339,23.046572917329254,2.9047900512228986,0
115.40929500976836,-32.866330000000055,SIMP,2024,-4.647478160497487,0.1411422142010744,2.801612203303881,23.102512699468466,24.730261240373768,3.692392395104579,23.590417516914705,2.8941934073762474,0
115.43129500976836,-32.866330000000055,SIMP,2024,-4.640601627612541,0.14113040951873823,2.8019476703401285,23.10273917465709,24.730417626132738,3.692316968673628,23.625041359507303,2.711784554185082,0
115.45329500976837,-32.866330000000055,SIMP,2024,-4.633886859805476,0.1411193629302495,2.8021837538919523,23.10295918735542,24.730569388363126,3.6922433350613706,23.614596584375025,2.5317452892317625,0
115.47529500976837,-32.866330000000055,SIMP,2024,-4.6273877656566125,0.14110920476375471,2.802310718495254,23.103170874440817,24.730715226452936,3.692172083325716,23.59661319893331,2.3546266863197745,0
115.49729500976838,-32.866330000000055,SIMP,2024,-4.621160949391246,0.14110006659269553,2.8023193520875,23.103372292189363,24.730853785098546,3.6921038315228514,23.544970329980174,2.181148622877653,1
115.51929500976838,-32.866330000000055,SIMP,2024,-4.615264829051564,0.14109207839219304,2.8022012593068726,23.103561448407554,24.730983676984795,3.692039217105415,22.851137122502543,2.01226187994715,1
115.54129500976839,-32.866330000000055,SIMP,2024,-4.609758569190081,0.14108536534257038,2.8019491693347987,23.10373634073527,24.731103509754874,3.691978885328486,22.838815693931114,1.8492345060135342,1
115.5632950097684,-32.866330000000055,SIMP,2024,-4.604700847639928,0.1410800443817736,2.8015572444306427,23.10389500031654,24.731211916690686,3.6919234758768176,23.434319538738844,1.6937694632207545,1
115.5852950097684,-32.866330000000055,SIMP,2024,-4.60014848980804,0.14107622064366873,2.8010213725822406,23.1040355395522,24.731307590186013,3.691873608074763,23.383927176429584,1.5481571560415426,1
115.60729500976841,-32.866330000000055,SIMP,2024,-4.5961550177781225,0.14107398394916423,2.8003394259584615,23.1041562021803,24.73138931676717,3.6918298651874517,23.385093498030688,1.415452108749161,1
115.62929500976841,-32.866330000000055,SIMP,2024,-4.592769173869959,0.14107340553741302,2.7995114665272336,23.104255413526907,24.731456012136274,3.6917927784529554,23.440873588226992,1.299624293338469,1
115.32805924454664,-32.844330000000056,SIMP,2024,-2.5242995193387663,0.1411695058194829,2.5777886190204966,23.108992644182944,24.728683003836775,3.6929282871460414,27.82756501156722,2.5131085951478354,0
115.35005924454664,-32.844330000000056,SIMP,2024,-4.662003553527044,0.14116096624715052,2.80207949799908,23.102048889876226,24.72994306940135,3.6925515499981985,22.025710619899666,2.660850824296302,0
115.37205924454665,-32.844330000000056,SIMP,2024,-4.654325056208003,0.14114632580404296,2.8027318044294596,23.10230522124086,24.730120563129148,3.692467277596209,22.042475013098386,2.8113708574486074,0
115.39405924454665,-32.844330000000056,SIMP,2024,-4.64665573380749,0.14113209350438544,2.803308677530639,23.102560319028857,24.730297077488714,3.6923831313005526,22.850647125809417,2.9674713469011933,0
115.41605924454666,-32.844330000000056,SIMP,2024,-4.639043911072513,0.14111840119464378,2.803798510153639,23.10281247727314,24.73047141712478,3.692299640546985,22.897777575447343,2.827514826573166,0
115.43805924454666,-32.844330000000056,SIMP,2024,-4.631543174246406,0.14110539004645764,2.804189401070457,23.1030598163523,24.73064226638371,3.692217391743318,22.91629030692883,2.6449918043732494,0
115.46005924454667,-32.844330000000056,SIMP,2024,-4.624212014646605,0.14109320874852377,2.804469400285706,23.103300297556824,24.730808199771367,3.6921370243100453,22.922125007529154,2.4648883254367133,0
115.48205924454668,-32.844330000000056,SIMP,2024,-4.617113243872249,0.14108201109456583,2.8046268047113916,23.10353174565716,24.73096769802504,3.6920592242540202,22.83158815500634,2.2877848016393014,0
115.50405924454668,-32.844330000000056,SIMP,2024,-4.6103131608729555,0.14107195296179037,2.804650499546551,23.103751880054045,24.731119170194482,3.691984715068693,23.481943877363182,2.114445095028927,1
115.52605924454669,-32.844330000000056,SIMP,2024,-4.603880462576683,0.14106318871553097,2.8045303360978973,23.103958354663586,24.731260981822846,3.6919142458780847,23.490302961214113,1.9458861698993877,1
115.54805924454669,-32.844330000000056,SIMP,2024,-4.597884904893082,0.141055867124766,2.8042575317688163,23.10414880613959,24.731391488929404,3.691848576903735,23.489272174382467,1.783475765238508,1
115.5700592445467,-32.844330000000056,SIMP,2024,-4.5923957390661,0.1410501269263178,2.8038250730319585,23.104320909388356,24.73150907703877,3.6917884625275033,23.467886592371883,1.6290662256943604,1
115.5920592445467,-32.844330000000056,SIMP,2024,-4.587479968347675,0.14104609222757694,2.803228098035988,23.104472438633856,24.73161220401146,3.6917346324357436,23.40922389276104,1.4851678818026317,1
115.61405924454671,-32.844330000000056,SIMP,2024,-4.583200490028902,0.14104386798199883,2.8024642328117437,23.10460133161049,24.73169944495392,3.6916877715430143,23.391638418343817,1.3551459952061387,1
115.33482347932494,-32.82233000000006,SIMP,2024,-2.525239770615046,0.14115121949219633,2.5804045954629897,23.10917380955639,24.728829415681844,3.692866640916138,27.983583712419446,2.57385102387896,0
115.35682347932494,-32.82233000000006,SIMP,2024,-4.655115703780782,0.14113978406220487,2.8041963694058167,23.102297819782613,24.730118119629253,3.6924756965806185,21.493145737985454,2.7222020540320515,0
115.37882347932495,-32.82233000000006,SIMP,2024,-4.64675982906619,0.14112366791442787,2.8049405864610883,23.102577186677102,24.7303116360673,3.692384011697904,22.662210700008636,2.8736415028155777,0
115.40082347932496,-32.82233000000006,SIMP,2024,-4.638395508290488,0.14110796679234539,2.8056030745868017,23.102855811153432,24.730504501153163,3.6922922644797374,23.26341427162174,2.9455968922317455,0
115.42282347932496,-32.82233000000006,SIMP,2024,-4.630077906960466,0.14109283397295327,2.8061700606354503,23.10313173928546,24.73069534486478,3.6922010592514725,23.284072568394556,2.760948500826838,0
115.44482347932497,-32.82233000000006,SIMP,2024,-4.621868802446094,0.141078434932022,2.8066273119925245,23.103402797816955,24.730882645057086,3.6921110718872905,23.312658092278024,2.5783040258091976,0
115.46682347932497,-32.82233000000006,SIMP,2024,-4.613836204999814,0.14106494520577575,2.80696043894774,23.103666610167124,24.7310647390044,3.6920230455739316,23.311185870055798,2.398130817758639,0
115.48882347932498,-32.82233000000006,SIMP,2024,-4.6060536798341865,0.14105254743819418,2.807155267457738,23.10392062296589,24.731239842339143,3.6919377833473317,22.842106601122712,2.2210410839179207,1
115.51082347932498,-32.82233000000006,SIMP,2024,-4.59859933917679,0.14104142759347055,2.807198277187147,23.104162144058417,24.731406076030385,3.6918561370774086,22.861426857909,2.047846900429713,1
115.53282347932499,-32.82233000000006,SIMP,2024,-4.591554488797432,0.1410317703718094,2.8070770929761206,23.10438839233183,24.731561501628317,3.69177899274436,23.503107998657832,1.8796386048948206,1
115.554823479325,-32.82233000000006,SIMP,2024,-4.5850019347604025,0.1410237539381482,2.8067810103660094,23.10459655893738,24.73170416444817,3.6917072520773737,23.484667563204262,1.7178956792192361,1
115.576823479325,-32.82233000000006,SIMP,2024,-4.579023982274432,0.14101754415228762,2.8063015282925545,23.104783878544794,24.731832143705084,3.6916418109047826,23.342719825714624,1.5646395652525455,1
115.598823479325,-32.82233000000006,SIMP,2024,-4.573700187713115,0.14101328856711,2.8056328555746397,23.104947708242587,24.731943607891317,3.6915835348742037,23.33673371460351,1.4226312320620402,1
115.62082347932501,-32.82233000000006,SIMP,2024,-4.569104954410198,0.14101111052852308,2.8047723535939855,23.105085610692697,24.732036872982412,3.6915332335133613,23.256948456468457,1.2955899326808629,1
115.34158771410324,-32.80033000000006,SIMP,2024,-2.526246056424045,0.1411320444556819,2.5831740955548415,23.109360009299074,24.728980084783103,3.6928036229456827,27.93493614092105,2.635061701832728,0
115.36358771410325,-32.80033000000006,SIMP,2024,-2.526756311903605,0.141110441865781,2.5854798267493453,23.10968554895234,24.729237663279633,3.6926828765110233,27.992413404105047,2.7821103380081644,0
115.38558771410325,-32.80033000000006,SIMP,2024,-4.638805777700161,0.14109950528367574,2.807327141949155,23.10286392427195,24.730513200375984,3.69229647532342,23.129956152242748,2.936244841531505,0
115.40758771410326,-32.80033000000006,SIMP,2024,-4.629655713541802,0.14108211857692618,2.8080910743727823,23.103169204421985,24.730724600583184,3.6921961381403996,23.293530198759505,2.879307434691248,0
115.42958771410326,-32.80033000000006,SIMP,2024,-4.6205366128683325,0.14106532548117978,2.8087502030279694,23.103472181724584,24.730934235135585,3.692096176184617,23.268444701577536,2.6944975845076153,0
115.45158771410327,-32.80033000000006,SIMP,2024,-4.611519929691342,0.14104932091292938,2.809287403106264,23.103770334328612,24.731140336511874,3.6919973710165057,23.306581258877593,2.511722415926321,0
115.47358771410327,-32.80033000000006,SIMP,2024,-4.602685095508158,0.14103431333509742,2.8096852234940415,23.104060878605935,24.73134095593514,3.691900590279146,23.267414441898275,2.3314718393158578,0
115.49558771410328,-32.80033000000006,SIMP,2024,-4.594118741548705,0.14102052113667582,2.8099263591483212,23.10434080015087,24.73153398555709,3.6918067791116127,22.747543871390203,2.1543925740492527,1
115.51758771410329,-32.80033000000006,SIMP,2024,-4.5859134781711015,0.14100816785608003,2.809994217764449,23.10460690025228,24.73171719150214,3.691716946801534,22.753288167025122,1.9813496778083526,1
115.53958771410329,-32.80033000000006,SIMP,2024,-4.578166203686404,0.1409974762840663,2.8098735657349514,23.104855858545974,24.731888258239366,3.691632148394906,23.395459200228526,1.813515102456354,1
115.5615877141033,-32.80033000000006,SIMP,2024,-4.570975945063202,0.14098866158753706,2.8095512269552514,23.105084311439146,24.73204484395775,3.691553461303924,23.269113460110816,1.6524940876898722,1
115.5835877141033,-32.80033000000006,SIMP,2024,-4.564441271028304,0.14098192371465906,2.809016796310335,23.105288944524396,24.732184645647322,3.6914819573579556,22.992619527698476,1.5005003501606524,1
115.60558771410331,-32.80033000000006,SIMP,2024,-4.558657361368716,0.1409774394614034,2.808263319389234,23.105466595676216,24.732305471513598,3.6914186712003305,21.64784388711359,1.3605817352548417,1
115.34835194888154,-32.77833000000006,SIMP,2024,-2.527324078161372,0.14111196039822302,2.586106160389079,23.109550577968047,24.72913451556834,3.692739536055539,27.941888574934104,2.696709113819553,0
115.37035194888155,-32.77833000000006,SIMP,2024,-2.527902671313691,0.14108823886302063,2.5886608556920905,23.109904692739434,24.729414826235583,3.6926084124751974,28.003628734943504,2.8447881921434717,0
115.39235194888155,-32.77833000000006,SIMP,2024,-4.630448613602687,0.1410737116407801,2.809911471772813,23.103166143674454,24.730725781334897,3.6922045108167865,23.18043887890738,2.988465501590814,0
115.41435194888156,-32.77833000000006,SIMP,2024,-4.62040692623625,0.1410543813780284,2.810796261961753,23.103501741961995,24.730958275391597,3.692094430247513,23.1861831745423,2.813147967358684,0
115.43635194888157,-32.77833000000006,SIMP,2024,-4.610373701886104,0.14103566438333354,2.8115661069435505,23.10383563832361,24.73118940138415,3.6919844860258193,23.22592417613618,2.6281652112348817,0
115.45835194888157,-32.77833000000006,SIMP,2024,-4.600431844989984,0.1410177914026539,2.8122002713095617,23.104164896082352,24.731417099482705,3.691875584781149,23.11804091732742,2.4452475871282155,0
115.48035194888158,-32.77833000000006,SIMP,2024,-4.590674548313735,0.14100101154834327,2.8126774314704424,23.1044862388962,24.731639074323905,3.6917687440616724,22.75896838915329,2.2649091886871497,1
115.50235194888158,-32.77833000000006,SIMP,2024,-4.581204416059938,0.14098558786034096,2.8129762769614124,23.10479608656507,24.731852820722153,3.691665082609537,21.55172618653672,2.0878342484943295,1
115.52435194888159,-32.77833000000006,SIMP,2024,-4.572131987246997,0.1409717912469742,2.8130762495865085,23.105090611916115,24.732055664195897,3.691565804196252,21.300242334441123,1.914946190544967,1
115.5463519488816,-32.77833000000006,SIMP,2024,-4.563573610923343,0.1409598928279734,2.8129584018178524,23.105365820098715,24.73224481720533,3.6914721745239794,21.852549856992677,1.747508063966088,1
115.5683519488816,-32.77833000000006,SIMP,2024,-4.555648667995116,0.1409501548602592,2.812606338179828,23.105617650005694,24.73241745084906,3.6913854911602755,21.84074465574551,1.5872672499010252,1
115.5903519488816,-32.77833000000006,SIMP,2024,-4.548476190686332,0.14094282061002114,2.8120071847388575,23.105842095491653,24.732570780316365,3.6913070470699156,21.560002626999626,1.4366571515176259,1
115.61235194888161,-32.77833000000006,SIMP,2024,-4.542170995883771,0.14093810372147986,2.8111525151386365,23.106035341747067,24.73270216075797,3.691238088994607,21.533398653234197,1.2990554683148658,1
115.35511618365985,-32.75633000000006,SIMP,2024,-2.5284798406116598,0.14109096124351786,2.5892091844883613,23.109744515464673,24.72929195112187,3.69267481343289,27.901646149003383,2.758764558707562,0
115.37711618365985,-32.75633000000006,SIMP,2024,-2.5291385482399362,0.1410648306227128,2.5920500064931544,23.11013067196038,24.729597769224792,3.692532085460579,27.763063626653373,2.9078068905286822,0
115.39911618365986,-32.75633000000006,SIMP,2024,-4.621678412493952,0.14104615363587975,2.812716144477965,23.103484445317953,24.73094983360541,3.6921080076042796,21.889981065085635,2.9245283522092445,0
115.42111618365986,-32.75633000000006,SIMP,2024,-4.610621129489861,0.1410245712043852,2.8137457493830165,23.10385466513369,24.731206430453444,3.6919868338246644,21.620873880806926,2.7471243365412064,0
115.44311618365987,-32.75633000000006,SIMP,2024,-4.599540646454283,0.14100361207555448,2.814649494652105,23.104224070285497,24.73146225339763,3.6918654595721123,21.63196069560531,2.5619545532913293,0
115.46511618365987,-32.75633000000006,SIMP,2024,-4.5885334265951325,0.1409835507900711,2.8154021092009978,23.104589229662775,24.731714893786233,3.691744939614827,21.538557784833518,2.3788794614910826,0
115.48711618365988,-32.75633000000006,SIMP,2024,-4.577709308082913,0.1409646869822609,2.815977330084865,23.104946267791007,24.731961634361163,3.691626472776833,21.486553072531926,2.1984390647003407,1
115.50911618365988,-32.75633000000006,SIMP,2024,-4.567190544216295,0.14094733995227168,2.816348670504838,23.10529090539517,24.732199478515398,3.691511391213127,21.155605636615856,2.0213584172006,1
115.53111618365989,-32.75633000000006,SIMP,2024,-4.5571100237627125,0.1409318409394119,2.8164903918681716,23.105618528969313,24.73242519996821,3.691401140891792,21.167770507093035,1.8486254020804567,1
115.5531161836599,-32.75633000000006,SIMP,2024,-4.547608587765446,0.14091852308284883,2.81637865782563,23.105924291777328,24.732635414511567,3.6912972524278485,21.614732715039274,1.6816051236780478,1
115.5751161836599,-32.75633000000006,SIMP,2024,-4.538831421543941,0.1409077092957749,2.8159928204490967,23.106203246350244,24.732826673798186,3.691201302080641,21.525584310161477,1.5222063690691559,1
115.5971161836599,-32.75633000000006,SIMP,2024,-4.530923584916912,0.14089969856553286,2.8153167585723606,23.106450505450617,24.73299557894231,3.691114863617733,21.473571704485146,1.3731148618276845,1
115.61911618365991,-32.75633000000006,SIMP,2024,-4.524024843727373,0.14089475149042788,2.8143401606323613,23.10666142490359,24.733138909175967,3.6910394527982047,21.337512360397266,1.2380894121222166,1
115.36188041843815,-32.734330000000064,SIMP,2024,-2.529719521678337,0.14106906240203476,2.592490212003392,23.109940369540556,24.72945128028222,3.692610062325529,27.24996328513724,2.82120196033413,0
115.38388041843815,-32.734330000000064,SIMP,2024,-2.530472544691658,0.1410401841244797,2.595661126618928,23.110362527866503,24.729785779714337,3.6924543344240996,27.02622589837108,2.9586616149029275,0
115.40588041843816,-32.734330000000064,SIMP,2024,-2.5311931837612334,0.1410110494914938,2.5988071259271828,23.11079576253098,24.730128833972365,3.6922941197183827,27.162585242219333,2.7872746059658953,0
115.42788041843816,-32.734330000000064,SIMP,2024,-4.60027371181725,0.14099248771750797,2.8169707065879597,23.104229155522532,24.731469936849315,3.6918730785024514,21.472036244423872,2.6812432562340507,0
115.44988041843817,-32.734330000000064,SIMP,2024,-4.587987849428805,0.14096889976252558,2.818037512554204,23.10463954052617,24.73175428114778,3.6917385559547333,21.467269199622862,2.4958689480352643,0
115.47188041843818,-32.734330000000064,SIMP,2024,-4.575747143104615,0.14094625785593703,2.8189359503496787,23.10504637340891,24.73203589327752,3.6916045928554517,21.16583522935601,2.3126171824967585,0
115.49388041843818,-32.734330000000064,SIMP,2024,-4.563681632983688,0.14092492484921246,2.8196334028639476,23.105445047103608,24.732311540195287,3.691472608008823,20.98293967606168,2.1320556842420397,1
115.51588041843819,-32.734330000000064,SIMP,2024,-4.551937896565375,0.14090529157937376,2.8200966213728433,23.10583041257009,24.73257761320919,3.6913441975838874,20.86561708521633,1.954953963120523,1
115.53788041843819,-32.734330000000064,SIMP,2024,-4.540676921191308,0.14088776697437347,2.8202930140035862,23.10619686353679,24.732830188652823,3.6912211117094524,20.80756432136336,1.7823712645826082,1
115.5598804184382,-32.734330000000064,SIMP,2024,-4.530070701020005,0.140872764757354,2.820192216278456,23.106538465921773,24.733065119988037,3.691105217475831,20.796871795147965,1.6157874666633354,1
115.5818804184382,-32.734330000000064,SIMP,2024,-4.520297505201321,0.14086068702150492,2.8197678754673183,23.106849132800576,24.733278161840243,3.690998447842081,20.71213503224634,1.457295560615098,1
115.60388041843821,-32.734330000000064,SIMP,2024,-4.511535892253502,0.14085190540464573,2.8189995306098368,23.10712284103008,24.733465123080258,3.690902737300189,20.655369997931487,1.3098727300622712,1
115.36864465321645,-32.712330000000065,SIMP,2024,-2.531049244027606,0.14104631105421997,2.595953881300978,23.11013607729119,24.72961091205664,3.6925461225266414,27.111688723983143,2.8839977204424483,0
115.39064465321646,-32.712330000000065,SIMP,2024,-2.5319137562212397,0.1410142895605646,2.5995070242369938,23.11059875562547,24.729977718521923,3.6923758106989624,26.985159105964616,2.8948680438552334,0
115.41264465321646,-32.712330000000065,SIMP,2024,-2.532747025288632,0.14098183760755303,2.603049343466875,23.111075707973928,24.730355598757033,3.69219980580063,26.064499328579704,2.723916285271905,0
115.43464465321647,-32.712330000000065,SIMP,2024,-4.58934653498703,0.14095791584808642,2.820506918886609,23.104626242732866,24.731749569231436,3.6917529635409334,20.90224843527227,2.6155127314721005,0
115.45664465321647,-32.712330000000065,SIMP,2024,-4.575666632383373,0.14093122600296432,2.821773755743664,23.10508416212313,24.732067021097244,3.691603244057403,21.34138777820731,2.4299121373060615,0
115.47864465321648,-32.712330000000065,SIMP,2024,-4.561989576206415,0.14090551834284826,2.822853221470101,23.105539659724435,24.73238249036676,3.69145363849693,21.34347111154064,2.246459074364675,1
115.50064465321648,-32.712330000000065,SIMP,2024,-4.548469986441258,0.14088123534408542,2.8237044539991945,23.105987231973895,24.7326921111055,3.691305833338353,20.741829644430993,2.0657508469483026,1
115.52264465321649,-32.712330000000065,SIMP,2024,-4.5352847404464685,0.14085885967756182,2.824285270523455,23.10642064009426,24.732991506786433,3.6911617534200807,21.31315177099243,1.8886053867554804,1
115.5446446532165,-32.712330000000065,SIMP,2024,-4.5226304687658,0.14083890150795206,2.824553887440392,23.106833012374402,24.733275863770462,3.6910235342459266,21.295958043038286,1.7161611291259051,1
115.5666446532165,-32.712330000000065,SIMP,2024,-4.510719226314131,0.1408218807049584,2.824471085000568,23.107217010868656,24.733540050188026,3.6908934748870834,21.23225138351256,1.5500275575815485,1
115.5886446532165,-32.712330000000065,SIMP,2024,-4.499772223139725,0.1408083042649322,2.824002724253294,23.107565065095436,24.73377878188976,3.6907739703665774,21.162606045012826,1.3925090437761702,1
115.61064465321651,-32.712330000000065,SIMP,2024,-4.490011697314438,0.14079863998774297,2.823122439472714,23.10786966786886,24.733986831815567,3.6906674244984505,21.147764940515472,1.2469215719388327,1
115.37540888799475,-32.69033000000007,SIMP,2024,-2.5324746962235456,0.1410228007235867,2.5996008563117012,23.11032875081239,24.72976860545952,3.692484144854432,26.894134151761744,2.947130617960375,0
115.39740888799476,-32.69033000000007,SIMP,2024,-2.533471510506254,0.14098717383689746,2.603598140015659,23.11083708881782,24.730171849229706,3.6922974577966117,26.91088688592707,2.831392721627517,0
115.41940888799476,-32.69033000000007,SIMP,2024,-2.5344399983894035,0.14095087910282084,2.60760561842316,23.11136380707644,24.73058940846538,3.692103541397035,26.880966707499418,2.6609219260177506,0
115.44140888799477,-32.69033000000007,SIMP,2024,-2.5353622839404455,0.14091424781800863,2.6115746267240336,23.111905785859157,24.73101875598344,3.6919034465102594,26.883181985277197,2.4945189239974113,0
115.46340888799477,-32.69033000000007,SIMP,2024,-4.562532579973675,0.14089025548304532,2.825909443549416,23.105560004835105,24.732401993802156,3.691459038454466,21.36667720519993,2.3640886949905644,0
115.48540888799478,-32.69033000000007,SIMP,2024,-4.547172863966801,0.14086087691456314,2.8272156699576616,23.10607269229856,24.73275728389852,3.6912911228308234,21.30572524120177,2.180402704420877,1
115.50740888799479,-32.69033000000007,SIMP,2024,-4.531938017252302,0.14083303762027963,2.828262346378646,23.106578117648258,24.7331071328706,3.691124673834038,21.30054000090195,1.9995134653407658,1
115.52940888799479,-32.69033000000007,SIMP,2024,-4.517042885592504,0.14080733933174705,2.828995344857568,23.107068667313683,24.7334461941585,3.6909620279426605,21.304329683441633,1.822291616140864,1
115.5514088879948,-32.69033000000007,SIMP,2024,-4.5027297377023,0.1407844258401514,2.8293603693812392,23.107535840171927,24.73376850665116,3.6908058134844914,21.29355422047867,1.6499636563641713,1
115.5734088879948,-32.69033000000007,SIMP,2024,-4.489262755182548,0.14076495895710228,2.8293059782257504,23.107970463053693,24.734067648750287,3.690658890587976,21.199623773954244,1.4842860595596727,1
115.59540888799481,-32.69033000000007,SIMP,2024,-4.4769196390652075,0.14074958698018308,2.828787198787351,23.108363006647505,24.734336963131042,3.690524260754157,21.197403363326224,1.3278072417139004,1
115.38217312277305,-32.66833000000007,SIMP,2024,-2.5340005249988358,0.140998691922082,2.603425509862894,23.11051438678873,24.729921238517157,3.6924256966773408,26.719661474244678,2.9417113843036953,0
115.40417312277306,-32.66833000000007,SIMP,2024,-2.5351548875374097,0.1409589204829715,2.6079404639251065,23.111074199196285,24.73036559996201,3.69222062157314,26.84493002271681,2.7682575664130256,0
115.42617312277306,-32.66833000000007,SIMP,2024,-2.5362865282158054,0.14091815764435078,2.612496421928728,23.11165768477604,24.73082846432199,3.6920063530260476,26.861125955256494,2.59831898032351,0
115.44817312277307,-32.66833000000007,SIMP,2024,-2.5373742294776784,0.14087677992313183,2.6170367694399883,23.112261470118824,24.731307091667652,3.691784014224323,26.861125955256494,2.4326293375522177,0
115.47017312277308,-32.66833000000007,SIMP,2024,-4.548551029928793,0.14084562040067727,2.830504708822375,23.106068933738598,24.732760594777506,3.6913055582641983,21.276254892877258,2.2984047661105977,0
115.49217312277308,-32.66833000000007,SIMP,2024,-4.531207733268309,0.1408118091510402,2.8320977346708154,23.10664927748973,24.733163036156363,3.691116077088002,21.27946322621059,2.114445147419181,1
115.51417312277309,-32.66833000000007,SIMP,2024,-4.513934260061265,0.1407796403927665,2.833395578943232,23.1072236933637,24.73356090183199,3.6909274934076644,21.278941336113974,1.9333291084680635,1
115.53617312277309,-32.66833000000007,SIMP,2024,-4.49699328683041,0.14074987177642115,2.834327945379989,23.107782822043085,24.73394761154524,3.690742662110833,21.30701612667835,1.7559845459909225,1
115.5581731227731,-32.66833000000007,SIMP,2024,-4.480686086310937,0.14072332592687123,2.8348232305141927,23.10831604190411,24.73431570862429,3.6905648478554327,21.282421219270937,1.5837360697345992,1
115.5801731227731,-32.66833000000007,SIMP,2024,-4.465345537218462,0.1407008576570661,2.834812797849561,23.1088117478909,24.734657059922597,3.690397648641913,21.153811840567585,1.4185076335516762,1
115.60217312277311,-32.66833000000007,SIMP,2024,-4.451324768256877,0.14068330916336683,2.834236271490531,23.109257783894478,24.734963164135102,3.690244873574431,21.134703312655613,1.2631313371882076,1
115.38893735755136,-32.64633000000007,SIMP,2024,-2.5356293824883567,0.14097424138037543,2.607412519696798,23.11068747258837,24.730064494361038,3.6923729039740283,26.726505612443443,2.878500561033555,0
115.41093735755136,-32.64633000000007,SIMP,2024,-2.5369718900777585,0.14092969898912058,2.6125323028471503,23.11130527713339,24.73055522973669,3.692147202799219,26.841984751552786,2.705485857986979,0
115.43293735755137,-32.64633000000007,SIMP,2024,-2.538301301916176,0.1408837240157155,2.6177377388797898,23.11195360193158,24.731069896462117,3.6919097880282687,26.87877807884747,2.5361370394865315,0
115.45493735755137,-32.64633000000007,SIMP,2024,-2.5395925907245283,0.14083673865688512,2.6229635172451826,23.112628901527653,24.73160560480501,3.6916618219219615,26.89627371760217,2.371236158390983,0
115.47693735755138,-32.64633000000007,SIMP,2024,-4.533705967582661,0.14079692694980087,2.8356298886476514,23.106612337947183,24.733143909308627,3.691142622266188,21.230442959490595,2.2328693212767092,1
115.49893735755138,-32.64633000000007,SIMP,2024,-4.514009247292582,0.14075771504598947,2.8375894038099703,23.10727327406792,24.733602574268367,3.690927579002541,21.233024749614053,2.0485836272287523,1
115.52093735755139,-32.64633000000007,SIMP,2024,-4.494293359787251,0.14072021898514012,2.839213966381752,23.107930660642854,24.734058246431818,3.690712508598752,21.230506489567937,1.8671796647445358,1
115.5429373575514,-32.64633000000007,SIMP,2024,-4.474881484147038,0.14068540263621881,2.8404111226435207,23.108572908985202,24.734502767290756,3.6905009217618088,21.23843081716935,1.6896472883450488,1
115.5649373575514,-32.64633000000007,SIMP,2024,-4.4561519321202825,0.14065433152740833,2.8410849147135977,23.109186607212408,24.73492670885951,3.6902969129151404,21.23843081716935,1.5174205493089685,1
115.5869373575514,-32.64633000000007,SIMP,2024,-4.438529372443946,0.14062812780277084,2.8411419970494722,23.10975687971794,24.735319632276877,3.6901050636463957,21.179486481756037,1.3526151823610524,1
115.60893735755141,-32.64633000000007,SIMP,2024,-4.422469310188298,0.14060790538599652,2.840499552105399,23.11026798653685,24.735670516290373,3.6899302757036794,21.17934952187949,1.1983956283243749,1
115.39570159232966,-32.62433000000007,SIMP,2024,-2.5373604582895455,0.1409498433693418,2.611531891493938,23.110840452145283,24.730192434799836,3.6923286425408604,26.85544716097308,2.815628183433039,0
115.41770159232966,-32.62433000000007,SIMP,2024,-2.53892806024088,0.140899808012322,2.617359303173713,23.111523443976388,24.730735360106312,3.692079868984781,26.790495080645996,2.643102027111666,0
115.43970159232967,-32.62433000000007,SIMP,2024,-2.540498154520131,0.14084773805454726,2.6233365699064253,23.112245841201336,24.731309275720378,3.69181613819656,26.77007560313277,2.474407709518639,0
115.46170159232967,-32.62433000000007,SIMP,2024,-2.542041573080273,0.14079409606960763,2.6293894941566838,23.113004096827353,24.73191127605097,3.6915385865136683,26.75720812628092,2.3073835324197476,0
115.48370159232968,-32.62433000000007,SIMP,2024,-2.5435210237452064,0.14073952979499713,2.635419490789237,23.113792559966964,24.732536765128913,3.6912490841273025,26.743087755910548,2.1191275873512194,1
115.50570159232969,-32.62433000000007,SIMP,2024,-4.4955071778930344,0.14069791709407464,2.843799522960487,23.107948299214794,24.73407859288581,3.690724863431554,21.221131489567938,1.9828168473056074,1
115.52770159232969,-32.62433000000007,SIMP,2024,-4.472840304046247,0.1406537894008766,2.8458547357336528,23.108706371986337,24.734604496301333,3.69047783448963,21.22906510997665,1.8010433412492206,1
115.5497015923297,-32.62433000000007,SIMP,2024,-4.4504135868542445,0.1406126274048003,2.8474090031304415,23.109450452042317,24.735119927347203,3.690233657452117,21.251060866149487,1.6232321702197858,1
115.5717015923297,-32.62433000000007,SIMP,2024,-4.428706907681953,0.14057583177397218,2.8483314664250767,23.110163414376206,24.735612829579207,3.6899975194718198,21.29161845495594,1.4509395188289005,1
115.59370159232971,-32.62433000000007,SIMP,2024,-4.408269412275051,0.14054490263959604,2.8484924295423486,23.110825913431487,24.736069606583847,3.6897753324365,21.194915711821654,1.286501925488964,1
115.61570159232971,-32.62433000000007,SIMP,2024,-4.389698105347444,0.14052134394897436,2.8477754598082137,23.111417224392845,24.736475725179478,3.6895735024963603,21.938586887362124,1.1334767318227277,1
115.40246582710796,-32.60233000000007,SIMP,2024,-2.5391872519709526,0.140926087916078,2.6157317253748684,23.110963003550335,24.73029692253626,3.6922967947458534,26.71089948430561,2.753113741296286,0
115.42446582710797,-32.60233000000007,SIMP,2024,-2.541024228670206,0.14086973893310767,2.62238683507797,23.111718928109227,24.730898317067883,3.69202234883891,26.72379763245376,2.581131231898874,0
115.44646582710797,-32.60233000000007,SIMP,2024,-2.542888046111235,0.14081053352183004,2.6292835723183723,23.112525813104302,24.73153990106816,3.6917287618548986,26.719195948342108,2.413164241567923,0
115.46846582710798,-32.60233000000007,SIMP,2024,-2.5447454379531336,0.14074895819569216,2.6363398996069556,23.11338043123217,24.732219008006446,3.6914170264238817,26.713326383124716,2.242618930653653,1
115.49046582710798,-32.60233000000007,SIMP,2024,-2.5465517339692623,0.14068574698528483,2.6434403763872814,23.114276847201655,24.732930792081362,3.691089073349263,26.601813991597833,2.0541227264974853,1
115.51246582710799,-32.60233000000007,SIMP,2024,-4.475664272870179,0.14063166924848827,2.8508593054575306,23.108677182188725,24.734593282318485,3.6905075163423713,21.234801460374296,1.917147566565328,1
115.534465827108,-32.60233000000007,SIMP,2024,-4.449400407654695,0.14057918191569888,2.8534903571182486,23.10955860533373,24.73520534074174,3.690221591561799,21.208864093259393,1.7348954331600093,1
115.556465827108,-32.60233000000007,SIMP,2024,-4.4232543954934265,0.14052992072432774,2.855534566407177,23.110428912650185,24.73580879131723,3.689937288168036,21.219402807698472,1.5566786425809138,1
115.578465827108,-32.60233000000007,SIMP,2024,-4.397841251806358,0.14048575632570784,2.856810101277977,23.111265982928373,24.736388032993293,3.6896612460525464,21.885320264802917,1.384189548673707,1
115.60046582710801,-32.60233000000007,SIMP,2024,-4.373881626053312,0.1404487356697948,2.8571323821533574,23.112044253210946,24.736925067150537,3.6894012045543176,21.86103515677823,1.2200204439751217,1
115.62246582710802,-32.60233000000007,SIMP,2024,-4.352172083512194,0.14042093812478,2.8563330053611784,23.112735913196538,24.737400356821293,3.68916568158824,21.86103515677823,1.068198248236107,1
115.40923006188626,-32.580330000000075,SIMP,2024,-2.5410942458983548,0.14090384228310657,2.619927791718899,23.111041067846525,24.730366843083132,3.692282592331136,26.63834561813354,2.690976299310269,0
115.43123006188627,-32.580330000000075,SIMP,2024,-2.5432529241756225,0.1408402690734936,2.627548419902999,23.11187791109754,24.73103320758794,3.6919798412422673,26.601830195301535,2.519598599956536,0
115.45323006188627,-32.580330000000075,SIMP,2024,-2.545475528573041,0.14077271834430846,2.6355411337910626,23.11278075107704,24.73175175677562,3.6916525492026695,26.537901029251056,2.352440745218274,0
115.47523006188628,-32.580330000000075,SIMP,2024,-2.5477255592454164,0.14070166360643804,2.643819588830911,23.11374725290333,24.732520520738838,3.6913013606575573,26.339586600238714,2.1781564183953206,1
115.49723006188628,-32.580330000000075,SIMP,2024,-2.549950649413541,0.14062790710825776,2.6522519505718614,23.114771625701717,24.73333474412915,3.6909281097547795,26.087341414040242,1.9893955075114251,1
115.51923006188629,-32.580330000000075,SIMP,2024,-2.5520793941110886,0.1405526595300564,2.660651198952758,23.11584364297344,24.734186097766383,3.690536159687482,26.059698818092848,1.8025975480467777,1
115.5412300618863,-32.580330000000075,SIMP,2024,-4.423820159891429,0.1404950212204928,2.862338259250279,23.110495011284765,24.735866463558143,3.689942126713839,21.115909703622933,1.6687107212433345,1
115.5632300618863,-32.580330000000075,SIMP,2024,-4.393031097423133,0.14043524653417064,2.865067610648452,23.111523792245336,24.73658059819428,3.6896078452903,21.91781864371367,1.489911558589177,1
115.5852300618863,-32.580330000000075,SIMP,2024,-4.362937054193419,0.14038140577263802,2.86685563466226,23.112518404462087,24.737269620352375,3.6892815545998734,21.855412493159644,1.3170336313885238,1
115.60723006188631,-32.580330000000075,SIMP,2024,-4.334498982128922,0.1403363572637692,2.867432485388526,23.113444470936287,24.737909273508258,3.6889735463519524,21.841398303100846,1.1529675044525844,1
115.62923006188632,-32.580330000000075,SIMP,2024,-4.308801288630377,0.1403030567529428,2.8665464359455957,23.114263860134795,24.73847271039198,3.6886953667857023,22.038918213843576,1.0023088882831006,1
115.41599429666456,-32.558330000000076,SIMP,2024,-2.5430520296472503,0.1408843636670929,2.62398870415391,23.111055558371312,24.73038706914481,3.6922930690693785,26.318541645864048,2.629233502090809,0
115.43799429666457,-32.558330000000076,SIMP,2024,-2.5455927557485696,0.14081259754062717,2.6327283095705982,23.111980919763184,24.73112463029729,3.6919595807811123,26.087003451077276,2.458527960878137,0
115.45999429666458,-32.558330000000076,SIMP,2024,-2.5482527417878487,0.1407353291365095,2.6420242108515493,23.11299180521696,24.731929985386348,3.6915945954819027,26.087341414040242,2.292270710326697,0
115.48199429666458,-32.558330000000076,SIMP,2024,-2.5509947536257878,0.14065294558473074,2.6517939806877253,23.11408775798113,24.73280265243968,3.691198064419987,25.88279942387462,2.1140386300075122,1
115.50399429666459,-32.558330000000076,SIMP,2024,-2.55375988598191,0.14056626364957256,2.661894152700828,23.115263991459614,24.733738655422645,3.6907714215482637,25.89351953257027,1.9249808061557625,1
115.52599429666459,-32.558330000000076,SIMP,2024,-2.55646142629713,0.14047666835517536,2.672102385497932,23.116509806149278,24.734729246622162,3.6903181253916912,25.553518535714193,1.73786910053212,1
115.5479942966646,-32.558330000000076,SIMP,2024,-4.396008564281576,0.14039973063475022,2.872671925278444,23.11152191628736,24.73659273275477,3.6896384478325053,21.666248548676865,1.6024692023247933,1
115.5699942966646,-32.558330000000076,SIMP,2024,-4.359349833628864,0.1403260498068982,2.876379887060062,23.11275240795491,24.737448018751017,3.689241152834114,21.546341606783503,1.4228409358208152,1
115.59199429666461,-32.558330000000076,SIMP,2024,-4.323250057968684,0.1402592069529698,2.878931068352335,23.11395042948767,24.738279068909865,3.688850621503585,21.495770863278317,1.2492918078575501,1
115.61399429666461,-32.558330000000076,SIMP,2024,-4.28901282599186,0.1402032982790543,2.8799189819372613,23.11506885131528,24.73905254333973,3.6884807734064524,21.43024663516645,1.0850630679267936,1
115.63599429666462,-32.558330000000076,SIMP,2024,-4.258148259125408,0.140162664677313,2.878952598778358,23.1160540821759,24.739730604795543,3.6881476010723877,21.43024663516645,0.9354512330550574,1
115.65799429666463,-32.558330000000076,SIMP,2024,-4.232258073251525,0.14014133769660514,2.8757281010616333,23.116850665816603,24.740274240451704,3.6878679686811324,21.445124352557755,0.8090023311534495,1
115.42275853144287,-32.53633000000008,SIMP,2024,-2.5450103399064354,0.1408694519361453,2.627715265531005,23.110980680610496,24.730337110677944,3.6923376467698112,25.905147065447345,2.5679001179029326,0
115.44475853144287,-32.53633000000008,SIMP,2024,-2.5479998204067007,0.14078854072281147,2.6377356459305443,23.11200061028489,24.73115089577927,3.691971611857371,25.92256110338539,2.3979398315509215,0
115.46675853144288,-32.53633000000008,SIMP,2024,-2.5511894589318924,0.1407000679276567,2.64856987510477,23.113131266461153,24.73205265934722,3.6915651725847196,25.41188046145451,2.2326844156210757,1
115.48875853144288,-32.53633000000008,SIMP,2024,-2.5545468132443303,0.14060419840460095,2.6601560934340824,23.11437572034149,24.733044736508052,3.6911170180641024,25.273594314638693,2.050326458023258,1
115.51075853144289,-32.53633000000008,SIMP,2024,-2.5580108777418813,0.14050164006984325,2.6723530222443785,23.11573181439309,24.734125240206975,3.69062762297025,25.209128432996184,1.860930594691425,1
115.5327585314429,-32.53633000000008,SIMP,2024,-2.5614808590444538,0.14039387968645817,2.684908284953026,23.117189627438275,24.73528601163174,3.6901001083970524,24.777686146804907,1.6734360292600732,1
115.5547585314429,-32.53633000000008,SIMP,2024,-4.366017388767671,0.1402916021211621,2.884830890315833,23.11264185738419,24.737386505112887,3.6893110602036274,21.428982661481626,1.5361685929307498,1
115.5767585314429,-32.53633000000008,SIMP,2024,-4.321840663414767,0.14019914363378136,2.889969367414191,23.114132865271728,24.73842450587113,3.688833302900679,21.423721668235235,1.3553657937957948,1
115.59875853144291,-32.53633000000008,SIMP,2024,-4.277900081416828,0.14011435866054736,2.893691084182728,23.115598557892827,24.73944291880742,3.6883592733149277,21.443064922203487,1.1807308488298975,1
115.62075853144292,-32.53633000000008,SIMP,2024,-4.235996439320337,0.14004328889175968,2.895363304210944,23.116972955531125,24.74039492803394,3.6879081430946403,21.42804871849978,1.0159215035635811,1
115.64275853144292,-32.53633000000008,SIMP,2024,-4.198287326765732,0.13999256175847125,2.894350573836109,23.118178559067143,24.741225621909795,3.6875026048095085,21.389362375907186,0.8671173547529087,1
115.66475853144293,-32.53633000000008,SIMP,2024,-4.167102680520689,0.13996840296975152,2.8901484083146203,23.11913395545251,24.74187751780145,3.68716694841952,21.84013551005883,0.7445597478342084,1
115.68675853144293,-32.53633000000008,SIMP,2024,-4.1446574690362175,0.1399753201232608,2.882546094196533,23.119765084835024,24.74229874336677,3.6869242041409915,23.687387758531884,0.6634471899261631,1
115.42952276622118,-32.51433000000008,SIMP,2024,-2.546888503948616,0.1408616495420206,2.6308126605894677,23.1107818230156,24.730189418556172,3.6924288678848076,25.28943335593154,2.506986029180371,0
115.45152276622119,-32.51433000000008,SIMP,2024,-2.550394971988283,0.14077080724043703,2.6422670515575932,23.111898779895615,24.73108162352002,3.6920298272442067,25.200494173736928,2.3378483741043645,0
115.4735227662212,-32.51433000000008,SIMP,2024,-2.5542170374331272,0.14066966002763012,2.6548897249286147,23.1131585649467,24.732087563001166,3.6915791196387455,24.982964978118734,2.173704618949623,1
115.4955227662212,-32.51433000000008,SIMP,2024,-2.5583378140678863,0.1405579119799726,2.6686703898319046,23.114570460873498,24.73321455638319,3.691073256009188,24.972904214229846,1.987110601787415,1
115.5175227662212,-32.51433000000008,SIMP,2024,-2.5627052491135296,0.14043590885568968,2.683501565486622,23.11613788971731,24.734465193525214,3.6905107539685575,24.797872302486986,1.7973272149875061,1
115.53952276622121,-32.51433000000008,SIMP,2024,-2.567212768342041,0.14030502614438464,2.6991246280011114,23.117854428964435,24.73583411243187,3.6898934885739942,24.07438014356305,1.6093561080378922,1
115.56152276622122,-32.51433000000008,SIMP,2024,-2.5716746860794912,0.14016815682005385,2.7150630587102054,23.119698801455023,24.737303929727158,3.689228359981721,24.041591546542115,1.4240130540119569,1
115.58352276622122,-32.51433000000008,SIMP,2024,-4.280264388978589,0.14005064571466375,2.906503420747554,23.11568114704487,24.739522345775846,3.688381762090769,21.353268625907187,1.2873880588060194,1
115.60552276622123,-32.51433000000008,SIMP,2024,-4.225891691640254,0.13994032643049817,2.9120824668232177,23.117506608260975,24.740793371688962,3.687797255819728,21.293380995233207,1.11105576040063,1
115.62752276622123,-32.51433000000008,SIMP,2024,-4.173612389748273,0.13984726361970018,2.9149392716926226,23.119230532929762,24.741989986792223,3.687236972547828,21.333208684108683,0.945013005920793,1
115.64952276622124,-32.51433000000008,SIMP,2024,-4.126599947991648,0.1397820568521676,2.913985001690596,23.120737061089198,24.743029721570533,3.6867339947196736,23.463812486678716,0.7965869793878483,1
115.67152276622124,-32.51433000000008,SIMP,2024,-4.088361524313305,0.1397548700179871,2.9083229052757793,23.121902010749647,24.74382444281934,3.6863243613041226,23.390852218995846,0.6783268315386639,1
115.69352276622125,-32.51433000000008,SIMP,2024,-4.0622253668758574,0.13977273451295275,2.897600976604815,23.122613730191624,24.744295649407178,3.6860421248925643,23.14682193595276,0.6087470911555523,1
115.71552276622126,-32.51433000000008,SIMP,2024,-4.050719229738815,0.13983698432361089,2.8823004356874318,23.12279663257447,24.744391650403436,3.6859135828211405,14.737020424313247,0.6051252368870051,1
115.43628700099949,-32.49233000000008,SIMP,2024,-2.548563109484891,0.14086448762341014,2.6328551185933615,23.110413078846214,24.72990739059492,3.6925832546713404,24.96763288726105,2.4464936945110267,0
115.45828700099949,-32.49233000000008,SIMP,2024,-2.552645855543534,0.1407633689236723,2.6458546751052405,23.11162249768416,24.730874628633764,3.692153309439325,24.9797560660817,2.2782571031445844,1
115.4802870009995,-32.49233000000008,SIMP,2024,-2.5572035432266658,0.14064838093974416,2.660497651339933,23.113014629050436,24.731987651508625,3.69165779462253,24.952136825561418,2.115339781608307,1
115.5022870009995,-32.49233000000008,SIMP,2024,-2.5622539114199423,0.1405183712641589,2.6768790311424504,23.114609169668647,24.733262160410717,3.691089615174618,24.74254934148898,1.9245309005472238,1
115.52428700099951,-32.49233000000008,SIMP,2024,-2.5677771287840065,0.14037284111370643,2.694989340013879,23.116420287089543,24.7347094122883,3.6904436013739543,24.014841788567267,1.7343076420960983,1
115.54628700099951,-32.49233000000008,SIMP,2024,-2.5736850746820807,0.14021254878019404,2.7146284510956407,23.11845059364058,24.73633135547236,3.689718569620827,24.759873747185104,1.5457392873228448,1
115.56828700099952,-32.49233000000008,SIMP,2024,-2.5797756359736463,0.14004038212853612,2.735281842186484,23.120682579412417,24.738113675587446,3.6889201823765476,23.985983453828847,1.359632477402723,1
115.59028700099952,-32.49233000000008,SIMP,2024,-4.2347548821899,0.1398761377614196,2.926860485338887,23.117403819815713,24.74074763512321,3.6878878308103396,21.32955229931745,1.2188506945879847,1
115.61228700099953,-32.49233000000008,SIMP,2024,-4.166221520782938,0.13972817048353403,2.9355012846902273,23.119724194628446,24.742367536311537,3.687154405282698,21.336055922505853,1.0399115813065207,1
115.63428700099954,-32.49233000000008,SIMP,2024,-4.099523842191804,0.1396016528317202,2.940511898294161,23.12193990948527,24.74390990627457,3.686444091998135,23.59707649184207,0.8716146278310832,1
115.65628700099954,-32.49233000000008,SIMP,2024,-4.039485599656584,0.13951450589907774,2.9399081359250685,23.12387085098864,24.74524577573518,3.6858066149587247,23.75820479392779,0.7228455661088805,1
115.67828700099955,-32.49233000000008,SIMP,2024,-3.991597037615266,0.1394845642157307,2.931952528318018,23.125318648760565,24.74623327838825,3.6852971307706825,23.4708076425428,0.6094711659283112,1
115.70028700099955,-32.49233000000008,SIMP,2024,-3.9610526891755797,0.13952349533829272,2.915998183605577,23.12610801121849,24.746748407702814,3.684967403079403,23.00154186363572,0.5545275934704662,1
115.72228700099956,-32.49233000000008,SIMP,2024,-3.951581339542043,0.13963094689107336,2.8932024754506007,23.126133016984003,24.746719454908153,3.6848559051706467,15.67303696761442,0.5750649184444878,1
115.44305123577779,-32.47033000000008,SIMP,2024,-2.703867625524903,0.146641703965194,2.6325637861739417,23.14885159436948,24.791941483206553,3.7068530047029635,24.770296484173073,2.4151562179797654,0
115.46505123577779,-32.47033000000008,SIMP,2024,-2.554543556662844,0.14077192410398487,2.647799195765949,23.111099475876365,24.730472199408982,3.6923679388608384,24.929021386753043,2.21915346763248,1
115.4870512357778,-32.47033000000008,SIMP,2024,-2.559917558430408,0.1406427937265109,2.664605767263131,23.112614290919954,24.731684937821147,3.6918317030405365,24.743996250080592,2.0544968089548625,1
115.5090512357778,-32.47033000000008,SIMP,2024,-2.5660585957328257,0.14049274722097138,2.6839508945054096,23.114395449360497,24.73311062627832,3.6912006756168423,24.037586136484855,1.862808363751473,1
115.53105123577781,-32.47033000000008,SIMP,2024,-2.5730223984225145,0.14031958958122942,2.7060415213477236,23.11647648936274,24.734776184946607,3.690463110947368,23.998705834206117,1.6721077948522751,1
115.55305123577782,-32.47033000000008,SIMP,2024,-2.580795397273287,0.14012238990161935,2.730883123303331,23.118879771523744,24.73669961869495,3.689611280432531,24.027767935714206,1.4828030705044044,1
115.57505123577782,-32.47033000000008,SIMP,2024,-2.589219037773779,0.13990292935213738,2.758069380811217,23.12160242002947,24.738878660380433,3.688646265768432,24.108559133906446,1.2956296384461854,1
115.59705123577783,-32.47033000000008,SIMP,2024,-2.597866143743552,0.13966791541051102,2.786459636508826,23.12459594765916,24.741274141164567,3.687584596616685,24.01412384046861,1.111974234967414,1
115.61905123577783,-32.47033000000008,SIMP,2024,-4.098220037057854,0.1394658756028829,2.966020975974675,23.122298534019787,24.744202108258786,3.686424128648888,23.547334789660997,0.96692021466803,1
115.64105123577784,-32.47033000000008,SIMP,2024,-4.010894332753802,0.13928535899946354,2.9751917888726687,23.125230761844396,24.74625152732467,3.6855026001398654,23.704318884730906,0.7947564043584725,1
115.66305123577784,-32.47033000000008,SIMP,2024,-3.931999937236855,0.13916235631614216,2.975760621627922,23.12778374674783,24.748024543195015,3.6846749473867666,23.75564392026971,0.6444886238227752,1
115.68505123577785,-32.47033000000008,SIMP,2024,-3.8705153508043444,0.13913132939165304,2.963967258271032,23.129622146280035,24.74927841966458,3.6840279093258173,23.198967176817224,0.5371352220077004,1
115.70705123577785,-32.47033000000008,SIMP,2024,-3.8348702105951524,0.13921340280310077,2.9384462910819704,23.13045810480654,24.74980725056794,3.683641426270581,22.677568339627175,0.5020342222813516,1
115.72905123577786,-32.47033000000008,SIMP,2024,-3.830708052373962,0.13940092609377575,2.902296657807537,23.13014797849092,24.749516529022475,3.683573789337334,15.789405194492169,0.552483124587515,1
115.44981547055609,-32.448330000000084,SIMP,2024,-2.707002569142486,0.146806074133622,2.628614575151447,23.148431580430262,24.79220975173329,3.707558899854142,24.732695958231286,2.35659247997866,0
115.4718154705561,-32.448330000000084,SIMP,2024,-2.7086910730825826,0.1465308037064408,2.645914499970736,23.148953797533252,24.791842196293725,3.7066734355431303,24.624798870727197,2.1871247696687486,1
115.4938154705561,-32.448330000000084,SIMP,2024,-2.5619812037765772,0.1406626811829672,2.6659886699970503,23.11183700662181,24.731083039851214,3.6921437403828454,24.775087435025384,1.9941897813777436,1
115.5158154705561,-32.448330000000084,SIMP,2024,-2.5693134197808383,0.1404926918988259,2.688454482600459,23.113783093814206,24.732643002790333,3.6914583730732637,24.040493189312027,1.802296767220892,1
115.53781547055611,-32.448330000000084,SIMP,2024,-2.5779746643674657,0.1402891800006028,2.715109930076396,23.11613787665325,24.734530585597522,3.690629097410188,24.065150793144614,1.611142415888416,1
115.55981547055612,-32.448330000000084,SIMP,2024,-2.5881360322990243,0.1400474856977203,2.746457909727805,23.11896294760696,24.736795715216576,3.689635226280692,23.961182380601645,1.4209860110237875,1
115.58181547055612,-32.448330000000084,SIMP,2024,-2.5998384800723886,0.1397655891327372,2.7825851175092815,23.122294376689958,24.739468224899735,3.688465721129112,24.018894211871224,1.2323685881823507,1
115.60381547055613,-32.448330000000084,SIMP,2024,-2.612779923170865,0.13944809502645972,2.8225715851002735,23.126105087204717,24.742527478400113,3.6871320504460026,24.062024273960468,1.046485126928061,1
115.62581547055613,-32.448330000000084,SIMP,2024,-4.0225258617644775,0.1391387456809362,3.0066214758646006,23.125245959974837,24.746313606714594,3.6856126838267023,23.709721246690506,0.8918277753700573,1
115.64781547055614,-32.448330000000084,SIMP,2024,-3.904776699468138,0.13886443999574655,3.0244235751534068,23.129264878325262,24.749139383002454,3.6843872190849143,23.706055528082754,0.7131895889353785,1
115.66981547055614,-32.448330000000084,SIMP,2024,-3.797626787251454,0.1386760686781047,3.0286515851631006,23.132771959753008,24.751591462975203,3.68328699013095,23.25415408559492,0.5596410075136699,1
115.69181547055615,-32.448330000000084,SIMP,2024,-3.716426141660115,0.13864964488447434,3.0099131946863094,23.135158626886433,24.75322019553189,3.68244901956726,22.6231381000624,0.46114931678830723,1
115.71381547055616,-32.448330000000084,SIMP,2024,-3.6752050629368322,0.1388289854175111,2.964660761042464,23.135931873573266,24.75366451489267,3.6819914402141456,18.348254661551902,0.45557603599654556,1
115.73581547055616,-32.448330000000084,SIMP,2024,-3.682878446579158,0.13917562259122543,2.902654340375871,23.134924312327033,24.752827581049793,3.6820118402810813,16.274427309578513,0.5430206647609719,1
115.45657970533439,-32.426330000000085,SIMP,2024,-2.7102543558518954,0.14705054093439654,2.620568411015349,23.14784373773278,24.792592133209492,3.708548443036826,24.618845760104925,2.298638871861992,0
115.4785797053344,-32.426330000000085,SIMP,2024,-2.7124621896549517,0.14677691788229533,2.6386272532254633,23.14834956779333,24.792233327779712,3.7076901257576633,24.58376001562347,2.128669400546438,1
115.5005797053344,-32.426330000000085,SIMP,2024,-2.7149873332228465,0.14643426650367755,2.660849871772266,23.148988990711192,24.791781028612537,3.7066054126765056,23.846572803714338,1.9360736818400053,1
115.52257970533441,-32.426330000000085,SIMP,2024,-2.5712774613702964,0.1405363631777671,2.6880614686043445,23.112555783536013,24.73168605350996,3.6919391852152716,24.07063101495676,1.7435607466976717,1
115.54457970533441,-32.426330000000085,SIMP,2024,-2.5817132728590146,0.1403043459990164,2.7193220140223993,23.115131103936843,24.73375340495719,3.6910376478486024,24.08798012600741,1.5521438748100063,1
115.56657970533442,-32.426330000000085,SIMP,2024,-2.59466045483929,0.14001423097234683,2.7581082184269454,23.118376360799196,24.736359526973057,3.6899033525496403,24.108530560694163,1.3611762057611525,1
115.58857970533442,-32.426330000000085,SIMP,2024,-2.610679243058404,0.13965461144755115,2.8058263706883535,23.122416411252328,24.73960708998523,3.6884970070780128,24.14404329729499,1.170780874159679,1
115.61057970533443,-32.426330000000085,SIMP,2024,-2.630117144335071,0.13921999245798425,2.862982149495594,23.127306949341207,24.743545533834165,3.686807675260256,23.75230843956432,0.9815652832045967,1
115.63257970533444,-32.426330000000085,SIMP,2024,-3.9438176507681213,0.13873591987331935,3.060858585266975,23.12846027327078,24.74863211826356,3.684763072408835,23.30118208825862,0.8150195037151489,1
115.65457970533444,-32.426330000000085,SIMP,2024,-3.7799208354950347,0.13828448982515995,3.0979500253522865,23.134202129808777,24.752705635792868,3.6830932950623834,23.315735658706892,0.6254952055854327,1
115.67657970533445,-32.426330000000085,SIMP,2024,-3.629379941460729,0.13795581479056013,3.114335564663368,23.139250022268786,24.756282822796486,3.6816163929533956,22.913138447703655,0.4658904783783908,1
115.69857970533445,-32.426330000000085,SIMP,2024,-3.5192629951784133,0.13795108533072112,3.0818393897348644,23.14239276976655,24.758434535512368,3.680528602837795,22.488167330170494,0.38443345254015115,1
115.72057970533446,-32.426330000000085,SIMP,2024,-3.4713564174950347,0.13838586776157288,2.9878270609714397,23.142786320431416,24.758499783747794,3.679936577504575,16.06943998905455,0.427916547024337,1
115.74257970533446,-32.426330000000085,SIMP,2024,-3.5029553465038,0.13906922092473026,2.871777571245458,23.140352517059103,24.756525146952168,3.6800907871694353,16.659911250461512,0.5585881213147409,1
115.4633439401127,-32.40433000000009,SIMP,2024,-2.844679752247656,0.149501407676366,2.5959317121382472,23.081175683843323,24.742103037459533,3.736535948274519,23.669851289277027,2.2300951320550957,1
115.4853439401127,-32.40433000000009,SIMP,2024,-2.8486224158085003,0.14922634593354075,2.6181118960060004,23.08247956536825,24.74256592554806,3.7355497225410024,23.43620508363919,2.066875195650824,1
115.5073439401127,-32.40433000000009,SIMP,2024,-2.719455410214591,0.14682465837762215,2.6470162651126268,23.148070755545202,24.792384004807595,3.708152424056741,23.92752451736317,1.8802261146826222,1
115.52934394011271,-32.40433000000009,SIMP,2024,-2.7232733398917697,0.1463972800377783,2.675870305041469,23.148852114762054,24.791828455122392,3.7068262770503653,24.006699392843302,1.6885126739619623,1
115.55134394011272,-32.40433000000009,SIMP,2024,-2.7279682258939983,0.14582902889723676,2.7135830715795124,23.149900215891588,24.791084858884243,3.705047776327713,24.00705996500732,1.496749507664673,1
115.57334394011272,-32.40433000000009,SIMP,2024,-2.5981624711124534,0.1400729938401683,2.7592526474881747,23.116545283541246,24.734928811006778,3.6906152652316746,24.121900950997293,1.305148319946881,1
115.59534394011273,-32.40433000000009,SIMP,2024,-2.618929275254037,0.13963262139524898,2.8197374353136384,23.12125882141566,24.73872155924409,3.688981367614448,23.781392026904246,1.1131504219866457,1
115.61734394011273,-32.40433000000009,SIMP,2024,-2.64700103068532,0.13904767521359934,2.899923845333656,23.127458205750674,24.743722461727323,3.686855157423353,23.76399837539171,0.9196405221706407,1
115.63934394011274,-32.40433000000009,SIMP,2024,-2.684568456429157,0.13829746867577308,3.002811686958163,23.135191299963697,24.749995574435776,3.6842662600375293,23.641056620454485,0.7246634498816342,1
115.66134394011274,-32.40433000000009,SIMP,2024,-3.6434825432941955,0.13747811288246928,3.21091485339222,23.140000641564306,24.75694310191787,3.681683282562896,23.20098997300673,0.5310511503566785,1
115.68334394011275,-32.40433000000009,SIMP,2024,-3.428482006558579,0.13676955329249574,3.2732877041950266,23.147659639951083,24.762545700895718,3.679833173847948,22.598304922013707,0.35934593155149747,1
115.70534394011275,-32.40433000000009,SIMP,2024,-3.2805808982435996,0.1368276919411429,3.2122219122141957,23.151638339566592,24.76532721495389,3.678584294648277,22.321122813048028,0.3168363897344416,1
115.72734394011276,-32.40433000000009,SIMP,2024,-3.2053564530262344,0.1381324136243357,2.956244811746029,23.15096412730152,24.764170500131893,3.677266065175719,16.40577015597566,0.45546752238386506,1
115.470108174891,-32.38233000000009,SIMP,2024,-2.838065376706998,0.14999805201155594,2.557501636831932,23.07905516633639,24.741507094616942,3.738274064243813,23.5650012163427,2.1726703611310945,1
115.492108174891,-32.38233000000009,SIMP,2024,-2.8410166691320167,0.14979216966397518,2.5742730820242166,23.080055985786238,24.741876724370023,3.737528216943684,23.656093600730486,2.010719560382944,1
115.514108174891,-32.38233000000009,SIMP,2024,-2.8449748746426695,0.14950989857223138,2.597075490843211,23.081400627473244,24.74235399890921,3.7365089666035236,23.645502537405726,1.8548578964638287,1
115.53610817489101,-32.38233000000009,SIMP,2024,-2.850425584938926,0.14911450369921253,2.6288034325204617,23.083253589855186,24.742989958850885,3.7350851757016357,23.652066506657423,1.6946240855883157,1
115.55810817489102,-32.38233000000009,SIMP,2024,-2.8581637473780632,0.14854742236902377,2.674103488938274,23.08588167719009,24.743871138544232,3.7330475977005744,23.509838087088198,1.5077642853095325,1
115.58010817489102,-32.38233000000009,SIMP,2024,-2.7414038279928663,0.14580393770801134,2.7368885987278126,23.14961623253089,24.791216302845385,3.7055135955676826,23.638677211107463,1.257021001207391,1
115.60210817489103,-32.38233000000009,SIMP,2024,-2.618378926841037,0.13983218846930837,2.8063466833341404,23.117388220806077,24.735656684756208,3.690412823612432,23.761814711523037,1.0648070231236344,1
115.62410817489103,-32.38233000000009,SIMP,2024,-2.653725608209015,0.13911958472416142,2.907684750596632,23.124648812526047,24.74150117311181,3.6879000939632807,23.70832329176124,0.8683915051563088,1
115.64610817489104,-32.38233000000009,SIMP,2024,-2.7091439848382928,0.13805421982383972,3.060823224748471,23.135088635755842,24.749945249522582,3.6843602616143425,23.625780137108254,0.6620744935612874,1
115.66810817489105,-32.38233000000009,SIMP,2024,-3.535304031942295,0.13656347583092807,3.359375003961265,23.1453617932558,24.760821164411478,3.680290810270026,23.228719608147824,0.43741975563103785,1
115.69010817489105,-32.38233000000009,SIMP,2024,-3.2457183600492883,0.13465121526107152,3.59883885022257,23.15746757555776,24.770347137969907,3.678863260069227,22.869728477901262,0.23231937859882926,1
115.71210817489106,-32.38233000000009,SIMP,2024,-3.1120583760779827,0.13469387257440732,3.5022074580679536,23.160326866459517,24.773034671348007,3.6795028160944034,18.909320131759078,0.2432910691015092,1
115.472083162216,-32.36033000000009,SIMP,2024,-2.8295613658432632,0.15064157599407751,2.5075538660696814,23.07628475622411,24.7407166546062,3.7405371400164724,23.763409499865897,2.1519685878714965,1
115.494083162216,-32.36033000000009,SIMP,2024,-2.8308439114937576,0.1505594070086836,2.5146918573060435,23.07674862102346,24.7409287711639,3.740225714195807,23.80721813269174,1.9899114633765618,1
115.516083162216,-32.36033000000009,SIMP,2024,-2.832613233770162,0.15043664758481284,2.525024116855763,23.07739398525206,24.7411948424179,3.7397665528833794,23.792427659376813,1.8348012934751612,1
115.53808316221601,-32.36033000000009,SIMP,2024,-2.8351313933567464,0.1502494184051534,2.5403775810354112,23.078320130617055,24.741538560856064,3.7390736321950397,23.81971868982885,1.687666929230742,1
115.56008316221602,-32.36033000000009,SIMP,2024,-2.8388546448394503,0.14995591687197743,2.5639479889529655,23.079700514558986,24.74200097234817,3.7379963198398354,23.30031028442169,1.5207189478806025,1
115.58208316221602,-32.36033000000009,SIMP,2024,-2.8446247693482998,0.14947968877336384,2.601605771501624,23.081856087176984,24.74266092163784,3.736258403824287,23.263058760055358,1.3431008728793992,1
115.60408316221603,-32.36033000000009,SIMP,2024,-2.8540971529001045,0.14867491054802917,2.6646926405858817,23.085419902068757,24.743690441453733,3.7333295266358117,23.428901339795132,1.1639985080443485,1
115.62608316221603,-32.36033000000009,SIMP,2024,-2.870713329580917,0.14725663980948414,2.7759901349666305,23.091718379337006,24.745518054412862,3.728157880591625,23.4898471069909,0.9758303567945603,1
115.64808316221604,-32.36033000000009,SIMP,2024,-2.6686674818665987,0.13907512568152577,2.9431580332764535,23.122280440857235,24.739571318968594,3.6886773789796625,23.807194368818912,0.692889024530953,1
115.67008316221605,-32.36033000000009,SIMP,2024,-2.748317876388737,0.137405829889177,3.195122016589079,23.13919206904783,24.752959120335586,3.682416823557477,23.937888540739987,0.4648705953962303,1
115.69208316221605,-32.36033000000009,SIMP,2024,-3.212863120054419,0.13521261227552167,3.621942959736936,23.159530103162282,24.769383522944292,3.6728463262372735,23.106796444380233,0.2332448953945094,1
115.71408316221606,-32.36033000000009,SIMP,2024,-2.750850500251782,0.13766575093680092,3.0331018519797075,23.16719812226495,24.773482521133655,3.6676230348166743,19.144734216169365,0.3559168461033767,1
115.73608316221606,-32.36033000000009,SIMP,2024,-2.1374177246187993,0.14429022276362383,1.5377542872412076,23.168158617646977,24.772560576841922,3.6637647611576756,18.040509758741,0.3288495391523273,1
115.47007550794716,-32.33833000000009,SIMP,2024,-2.7839212548510095,0.17225267519327575,1.0,22.963083788905347,24.66385115122016,3.7820086399926436,23.421642051684046,2.147552061548842,1
115.49207550794716,-32.33833000000009,SIMP,2024,-2.7850854801847365,0.17229116218616167,1.0,22.96345342274543,24.664462813887535,3.7822311981852987,23.445544749730765,1.9622001609019857,1
115.51407550794717,-32.33833000000009,SIMP,2024,-3.001259291019931,0.16829276355126652,1.7197972855878614,23.049207902444962,24.74689502516747,3.7713287582480457,23.60146484838547,1.7134592292553819,1
115.53607550794717,-32.33833000000009,SIMP,2024,-2.999102692102471,0.16827563694608247,1.7183248735436492,23.049101993434263,24.746870377049028,3.7714389259694205,23.58029633984423,1.5280129443431105,1
115.55807550794718,-32.33833000000009,SIMP,2024,-2.9956054769576697,0.16822604496782967,1.7172437613959117,23.048955521956668,24.746765912076082,3.7715286882904695,23.04192008489698,1.346425783297635,1
115.58007550794719,-32.33833000000009,SIMP,2024,-2.9897680374618307,0.16811368209723498,1.7171973700171197,23.048742305836377,24.74650022273558,3.771557707038868,23.00292503355977,1.1708515243966742,1
115.60207550794719,-32.33833000000009,SIMP,2024,-2.979652681364316,0.16787527438532973,1.7196772867953816,23.048410889833796,24.745894455903922,3.7714287879282997,23.044372574009117,1.005371426781543,1
115.6240755079472,-32.33833000000009,SIMP,2024,-2.806474826342344,0.15205420128467426,2.3977484942760725,23.07020926743035,24.73879198305132,3.7452441928521556,22.6623863825972,1.1335228333800231,1
115.6460755079472,-32.33833000000009,SIMP,2024,-2.7974646861500703,0.15200758091127858,2.3891630936761694,23.068686185030703,24.736819741354573,3.7450483122266847,22.853887815904557,1.0209212740865803,1
115.66807550794721,-32.33833000000009,SIMP,2024,-3.3779157710109624,0.15506259569750966,1.9846274419911014,22.987978018152862,24.674241917525055,3.757619748929538,22.247137569396852,0.8710502343073684,1
115.69007550794721,-32.33833000000009,SIMP,2024,-5.72260853873477,0.14880633030986215,2.2238434225197814,22.929928638268095,24.60179251218261,3.7429842044435824,17.72474342208752,0.6033675099593011,1
115.71207550794722,-32.33833000000009,SIMP,2024,-6.034829613274823,0.14340388110647206,2.0,22.78036501279813,24.501856728582226,3.747912507750692,17.659099623488558,0.18402367873293185,1
115.73407550794722,-32.33833000000009,SIMP,2024,-5.623007819899422,0.146348482971281,1.7334857223626583,22.898507341242617,24.58468016595879,3.7285528749303474,17.0337039251607,0.5123119899391582,1
115.4680679096072,-32.31633000000009,SIMP,2024,-2.7837870873951336,0.17224360693057733,1.0,22.962649107299153,24.66309055434351,3.781600152271342,23.350109138877578,2.164855807557939,1
115.4900679096072,-32.31633000000009,SIMP,2024,-2.7850268173659756,0.1722829591465935,1.0,22.96294468703738,24.663570049011643,3.781745029481512,23.305368996882233,1.979501305665976,1
115.51206790960721,-32.31633000000009,SIMP,2024,-2.786629368589195,0.1723336480222284,1.0,22.963333293928642,24.66420173412696,3.781940635631743,23.349706203816137,1.7965619773081818,1
115.53406790960722,-32.31633000000009,SIMP,2024,-2.7887612390614502,0.17240088948404242,1.0,22.96386100157374,24.665061444218747,3.7822137553311115,22.877234923389807,1.6167091975039054,1
115.55606790960722,-32.31633000000009,SIMP,2024,-2.791694137129232,0.17249328798857558,1.0,22.96460641427188,24.666278870266172,3.7826110368087154,22.864418046132943,1.4408187043735428,1
115.57806790960723,-32.31633000000009,SIMP,2024,-2.7958850143444005,0.17262564328217778,1.0,22.965711422416415,24.668088871235284,3.783218765085284,22.82910717255939,1.2699753552617645,1
115.60006790960723,-32.31633000000009,SIMP,2024,-2.8021017376225177,0.17282413145704636,1.0,22.96744802933409,24.67094384513779,3.7842077801663265,22.919031129062834,1.1053240841198544,1
115.62206790960724,-32.31633000000009,SIMP,2024,-2.811453716343744,0.1731329829340497,1.0,22.97036278708429,24.675760896456104,3.7859398278978253,22.944369050635355,0.9474555206218073,1
115.64406790960724,-32.31633000000009,SIMP,2024,-2.8237677278862474,0.17359327092011442,1.0,22.975499713087757,24.68433334214313,3.789197256151462,23.32863027568077,0.7951793226384315,1
115.66606790960725,-32.31633000000009,SIMP,2024,-3.4641310195654387,0.1728170298293857,1.1650864101987475,22.97366617477668,24.701200756076037,3.801372557749757,23.18699281365608,0.7198153814975916,1
115.68806790960726,-32.31633000000009,SIMP,2024,-2.9680714427410115,0.15901295495039267,1.3000811755860795,22.906422363427748,24.621464971592875,3.784083022359152,22.992940895298002,0.4527766998389823,1
115.71006790960726,-32.31633000000009,SIMP,2024,-6.024158710996237,0.1436923391138479,2.0,22.781227910644596,24.502452654297596,3.748584329155458,19.781772769246462,0.17451281309106353,1
115.73206790960727,-32.31633000000009,SIMP,2024,-4.896653467343848,0.13886500098401067,2.0,22.7584102517987,24.485580115169117,3.7376798067788304,18.531638137529473,0.6322677503988213,1
115.46609106262487,-32.294330000000095,SIMP,2024,-2.7831845701519975,0.17222082709130482,1.0,22.96212493665728,24.662186522645204,3.781151781340407,23.359755469767578,2.1827090822943993,1
115.48809106262487,-32.294330000000095,SIMP,2024,-2.784296966724166,0.17225516369851948,1.0,22.96230502841517,24.662466885250915,3.7811984112961508,23.38165988301234,1.9975464521087931,1
115.51009106262488,-32.294330000000095,SIMP,2024,-2.7857362180567833,0.17229920383707475,1.0,22.96253685201838,24.662828091967175,3.7812604172401,23.351284287534618,1.8149286648906122,1
115.53209106262489,-32.294330000000095,SIMP,2024,-2.7876619137489964,0.1723575442665545,1.0,22.962845274063024,24.663309127765217,3.7813459635582825,23.370602061548045,1.6356243830333614,1
115.55409106262489,-32.294330000000095,SIMP,2024,-2.790351610241057,0.17243809698969897,1.0,22.963273339565824,24.663977556882166,3.7814696630968583,22.874697640297498,1.4606927145215098,1
115.5760910626249,-32.294330000000095,SIMP,2024,-2.794328107678543,0.1725555919631806,1.0,22.963901726486366,24.66496018553399,3.7816599306136056,22.836501959912734,1.2915723135145734,1
115.5980910626249,-32.294330000000095,SIMP,2024,-2.8006860359519266,0.17274046345052502,1.0,22.96489846897443,24.666521542480425,3.781978415073697,22.788492482591206,1.130079760130844,1
115.62009106262491,-32.294330000000095,SIMP,2024,-2.8120797442884604,0.17306538149837472,1.0,22.9666686530127,24.66930052523915,3.782580678877279,22.86176896038241,0.9778424626612613,1
115.64209106262491,-32.294330000000095,SIMP,2024,-2.8364973707970593,0.17374501993444502,1.0,22.97042189570841,24.675208987104465,3.783955435258231,23.114745404211657,0.8327835441327729,1
115.66409106262492,-32.294330000000095,SIMP,2024,-2.907585171123044,0.17566106186917055,1.0,22.98115411312328,24.692157029204473,3.7882272109112227,23.58395667709571,0.6683227529339293,1
115.68609106262493,-32.294330000000095,SIMP,2024,-3.245843347452319,0.18401600391506917,1.0,23.023937560899835,24.759204100221687,3.805526810603784,23.18825561965708,0.3776646976195398,1
115.46413173766395,-32.272330000000096,SIMP,2024,-2.529588084787403,0.1704809377708371,1.0,23.00448308198184,24.713719939065744,3.810903091136675,23.710415138785493,2.147542963290139,1
115.48613173766395,-32.272330000000096,SIMP,2024,-2.532730743087697,0.17052210206700316,1.0,23.00414257618469,24.713301039389183,3.8105744370737886,23.565486298972594,1.957980923048307,1
115.50813173766396,-32.272330000000096,SIMP,2024,-3.4750124984088804,0.17508989269215883,1.0,22.902980158497794,24.648149959135505,3.8512422333914724,23.075335042722465,1.9051804642781576,1
115.53013173766396,-32.272330000000096,SIMP,2024,-3.471931130937778,0.17505894339829553,1.0,22.90297114851257,24.647854560194492,3.850871014344738,23.0233620766269,1.7343813298524515,1
115.55213173766397,-32.272330000000096,SIMP,2024,-3.4679641581527565,0.17501208168828855,1.0,22.90287666901521,24.647369306550516,3.850388106476651,22.547049512316725,1.5702952919304078,1
115.57413173766398,-32.272330000000096,SIMP,2024,-3.4626454125455157,0.1749367343144561,1.0,22.902602756200668,24.646533095943816,3.8497328783808773,22.26333582981364,1.41562256804988,1
115.59613173766398,-32.272330000000096,SIMP,2024,-3.45507509925667,0.17480535180336448,1.0,22.901931010584963,24.64499052121506,3.848789260195755,22.268592255025908,1.2747315020409005,1
115.61813173766399,-32.272330000000096,SIMP,2024,-3.4431740644766426,0.17454834490163845,1.0,22.900294511682848,24.641852587183052,3.847299779497877,22.043508772469142,1.1265099732542478,1
115.64013173766399,-32.272330000000096,SIMP,2024,-3.4204162323104184,0.17395010405729538,1.0,22.89598914261415,24.63448427154049,3.8445391149802113,22.027570365473895,0.9827440378949843,1
115.662131737664,-32.272330000000096,SIMP,2024,-3.3526547577932218,0.1721000322842789,1.0,22.882933880309174,24.613068354108336,3.8373785120572745,22.23605068214126,0.8191446421560284,1
115.684131737664,-32.272330000000096,SIMP,2024,-2.954336369866054,0.16324542057193572,1.0,22.78113487930905,24.473111574307936,3.823590239535219,22.017865712069053,0.6703188678762604,1
115.70613173766401,-32.272330000000096,CSMC,2024,-3.383191493551473,0.17003911863592047,1.0,22.547123898876315,24.28864430087746,3.9902692167945117,22.074373132377882,0.8334502553197515,1
115.72813173766401,-32.272330000000096,CSMC,2024,-3.523753880105415,0.17279138393980056,1.0,22.533044412906918,24.285413167389656,4.011941912624851,17.807188671706186,0.7740143635911177,1
115.46219979159426,-32.2503300000001,CSMC,2024,-1.7447335537398856,0.1358290126390968,1.0,23.006445162879867,24.70387406237706,3.8551091540386224,24.055964656648847,1.9849163786635395,1
115.48419979159426,-32.2503300000001,CSMC,2024,-1.741987760938508,0.13598588196466865,1.0,23.00587952336992,24.702904338530722,3.854560601180644,23.882241619688493,1.7959355835256228,1
115.50619979159427,-32.2503300000001,CSMC,2024,-3.0300031294088923,0.16660242280302748,1.0,22.90342909995144,24.632684933083812,3.8685826156248937,23.06952113415552,1.8686608773280695,1
115.52819979159428,-32.2503300000001,CSMC,2024,-3.0268080633529655,0.16651746086625993,1.0,22.903114423970898,24.632310389872735,3.8687106108310987,23.024831020349236,1.6822027831680602,1
115.55019979159428,-32.2503300000001,CSMC,2024,-3.0236878387854564,0.1664053641137555,1.0,22.902527175939188,24.631687507360258,3.8689407449636968,22.331757471116834,1.498505141211168,1
115.57219979159429,-32.2503300000001,CSMC,2024,-3.021365251423566,0.16625293691862134,1.0,22.90142725628612,24.630615364348152,3.8693615133469965,22.04566167011162,1.3186956478484497,1
115.59419979159429,-32.2503300000001,CSMC,2024,-3.021877731413199,0.16603907055381675,1.0,22.899294739878382,24.62867361042031,3.87016766664453,21.895286918672102,1.1447054918735688,1
115.6161997915943,-32.2503300000001,SIMP,2024,-3.0313525100955303,0.16573210936233196,1.0,22.89488472475674,24.624901815904455,3.871849214855186,21.819932021573088,0.9805038817625847,1
115.6381997915943,-32.2503300000001,CSMC,2024,-3.070453113510153,0.1653028913171364,1.0,22.884831982085892,24.61690129349116,3.875909704721701,21.41489706467379,0.8375889534866764,1
115.66019979159431,-32.2503300000001,CSMC,2024,-2.9209532623852517,0.154662324266928,1.024598136988899,22.729644838026655,24.47087061344085,3.938005637912767,21.545577252432558,0.9689134518213857,1
115.68219979159431,-32.2503300000001,CSMC,2024,-3.8339125814168185,0.16182006447208047,1.0189186065350864,22.602645007535806,24.381369125189963,3.999437717825396,21.343167271220125,0.8056664770095145,1
115.70419979159432,-32.2503300000001,CSMC,2024,-4.295246243426651,0.16480575801898406,1.0133323828034504,22.599740926980513,24.40903352188436,4.037450847463102,19.487055144645563,0.5493706942405564,1
115.72619979159433,-32.2503300000001,CSMC,2024,-3.565698960935235,0.16234740926224342,1.0273793933432573,22.519130129656638,24.289142089037483,4.028607076689896,17.317460069223575,0.7897822183070259,1
115.74819979159433,-32.2503300000001,CSMC,2024,-3.3486216662858355,0.16071789467002348,1.0335232089057196,22.50585737145921,24.26426384658135,4.020503607336346,18.063347536380174,0.7896023773944926,1
115.4602819136254,-32.2283300000001,CSMC,2024,-2.2495707381487255,0.12052283496123332,1.0,23.064173053707375,24.810130358739915,3.918011538946325,24.508642883011852,1.906520504189805,1
115.4822819136254,-32.2283300000001,CSMC,2024,-2.2490150480166906,0.12052471948411235,1.0,23.064177639963226,24.810104324149783,3.9179924632257968,24.42401276388581,1.709149581042062,1
115.5042819136254,-32.2283300000001,CSMC,2024,-1.77361632562802,0.1280257930997946,1.0,23.06844341347262,24.800255964737,3.912285495672606,24.033560325967127,1.5288552179995616,1
115.52628191362541,-32.2283300000001,CSMC,2024,-1.768839276351449,0.1281813792211526,1.0,23.068479855317594,24.800056237864993,3.9121467306326685,24.051158517488098,1.3355538562627765,1
115.54828191362542,-32.2283300000001,CSMC,2024,-2.02703495537527,0.12837123853502327,1.0,23.06448281726217,24.79818897317556,3.9087769613935075,24.020156097236573,1.1400927435151376,1
115.57028191362542,-32.2283300000001,CSMC,2024,-2.007913008314575,0.1287884177427263,1.0,23.064684807418175,24.797728497255335,3.9085145914105306,23.293342879016098,0.951576858255376,1
115.59228191362543,-32.2283300000001,CSMC,2024,-1.9750241711559617,0.12952615854560895,1.0,23.06503017344168,24.796942192675093,3.9080680361220552,23.2093295712272,0.7708894107782256,1
115.61428191362543,-32.2283300000001,CSMC,2024,-2.3924889065726522,0.1458216012957098,1.0316287956645165,22.808501080539603,24.558839136588702,3.979512956115228,22.56970043506546,1.0981061520827609,1
115.63628191362544,-32.2283300000001,CSMC,2024,-2.41767681232991,0.15162430456867576,1.0322027430237013,22.76554108081647,24.49882827499133,3.945229166538913,21.684807819294235,0.9547941257637629,1
115.65828191362544,-32.2283300000001,CSMC,2024,-2.25885283999772,0.15093533110542987,1.0324447860357713,22.79029983910517,24.523502463936584,3.9499379616312873,22.237175284970665,0.7934326268673808,1
115.70228191362546,-32.2283300000001,CSMC,2024,-2.347973259995208,0.14380020513094974,1.1108313958562772,22.434781567018092,24.186996394267194,4.0654141602079195,22.00171686835373,0.6477720018759011,1
115.72428191362546,-32.2283300000001,CSMC,2024,-2.7490917951742477,0.1431355379570054,1.095716311440662,22.51800355537054,24.275335372977032,4.051257923846248,20.058232821182408,1.0763209377545369,1
115.74628191362547,-32.2283300000001,CSMC,2024,-3.4744580915486685,0.14241983183651835,1.0542538618145818,22.73053481133525,24.49052121853167,4.0095814498345765,18.29406056688023,1.0363147670537578,1
115.45839247483399,-32.2063300000001,CSMC,2024,-2.251073190244106,0.12051707286865954,1.0,23.06415828219664,24.81020950414592,3.918069143470352,24.759065284977513,1.9217728371522749,1
115.48039247483399,-32.2063300000001,CSMC,2024,-2.250821477687021,0.12051777485377684,1.0,23.064159780520257,24.810199677854662,3.91806183541522,24.41068329042885,1.7241884062223254,1
115.502392474834,-32.2063300000001,CSMC,2024,-2.2504104877725077,0.12051903264612064,1.0,23.064162595584094,24.81018215117194,3.918048866730022,24.324863738696024,1.5267065092621213,1
115.524392474834,-32.2063300000001,CSMC,2024,-2.2497334249262533,0.12052123859223134,1.0,23.064167687212418,24.810151506901732,3.9180262707718962,24.314826618987023,1.3293761729276417,1
115.54639247483401,-32.2063300000001,CSMC,2024,-2.248593127287781,0.12052512397030228,1.0,23.064176873842484,24.810097666169263,3.917986682661887,24.262850754623933,1.1322839668998668,1
115.56839247483401,-32.2063300000001,CSMC,2024,-2.246606259768693,0.12053211994049474,1.0,23.06419379737522,24.810000954740122,3.917915768888341,24.067197761180186,0.9355980201356342,1
115.59039247483402,-32.2063300000001,CSMC,2024,-2.044750732904301,0.12785587943834265,1.0,23.06430839676796,24.798580096028886,3.908990515163204,23.168140067385295,0.7694573093080028,1
115.61239247483402,-32.2063300000001,CSMC,2024,-2.014910267176721,0.12843617753438297,1.0,23.064634805766897,24.797832048974374,3.908558666208875,23.06500529325075,0.5909853354358652,1
115.63439247483403,-32.2063300000001,CSMC,2024,-1.9436413914630668,0.1299556223640944,1.0,23.06539839286797,24.796088887732658,3.907561992831719,22.993536107126225,0.44591610521907793,1
115.65639247483404,-32.2063300000001,CSMC,2024,-1.64814406456255,0.13771079813361234,1.0243886686940138,22.938373545662795,24.661816148132967,3.9352639406564207,22.33717256525009,0.7474182180954358,1
115.70039247483405,-32.2063300000001,CSMC,2024,-1.782861060037789,0.14430148814837765,1.0431859331905837,22.84276074998995,24.565755356036824,3.9597297741888577,22.229279003464328,0.712771544604064,1
115.72239247483405,-32.2063300000001,CSMC,2024,-3.14440647543991,0.13751682381745156,1.062129190221822,22.758391497013807,24.49971346945143,3.9955674388371674,17.833914453972596,0.9373989988304788,1
115.74439247483406,-32.2063300000001,CSMC,2024,-4.502525263165373,0.13118023426123115,1.0183742462633223,23.019201817689567,24.7625748220793,3.9479993899943646,19.051402399232014,0.5836128083577193,1
115.76639247483406,-32.2063300000001,CSMC,2024,-4.38353238165438,0.1313878274587899,1.0169684527062521,23.027026505179972,24.77009284711764,3.9461766436866377,18.05930923112697,0.5039773896333356,1
115.45654447206653,-32.1843300000001,CSMC,2024,-2.252647093285616,0.12051108543427848,1.0,23.064143098665145,24.810291846003143,3.9181291603473327,25.12574647881724,1.937316210160907,1
115.47854447206653,-32.1843300000001,CSMC,2024,-2.252757795977866,0.12051039318788177,1.0,23.064141044900428,24.81030118374307,3.918135811944341,25.211595100472024,1.739596324699411,1
115.50054447206654,-32.1843300000001,CSMC,2024,-2.2528439424979787,0.12050973387379847,1.0,23.064138955039606,24.810309995469833,3.918142018216286,25.141864363582766,1.541939607724944,1
115.52254447206654,-32.1843300000001,CSMC,2024,-2.2528697739014496,0.1205092226802139,1.0,23.064137047233427,24.810316651857992,3.9181465532994006,25.07264574657678,1.3443749602192512,1
115.54454447206655,-32.1843300000001,CSMC,2024,-2.2527568662034883,0.1205091278896329,1.0,23.06413586387305,24.810317379045063,3.918146595100164,24.994168316021227,1.1469526646099772,1
115.56654447206655,-32.1843300000001,CSMC,2024,-2.2523208015227656,0.12051010810762723,1.0,23.06413680161444,24.810302952411647,3.9181352784239327,24.517615779244725,0.9497692738478385,1
115.58854447206656,-32.1843300000001,CSMC,2024,-2.2510805716506725,0.12051393512249176,1.0,23.064143787777702,24.81024865970843,3.9180942982233344,23.744545541301985,0.7530385304025692,1
115.61054447206656,-32.1843300000001,CSMC,2024,-2.2475781961523937,0.12052608199802023,1.0,23.064169644679755,24.810078586928118,3.9179677755483846,23.130207029056884,0.5573500613715139,1
115.63254447206657,-32.1843300000001,CSMC,2024,-2.2363575690422244,0.12056700423678503,1.0,23.064266975124184,24.809511866959724,3.9175513713388543,23.038872317857585,0.36506218751440267,1
115.65454447206658,-32.1843300000001,CSMC,2024,-2.193008120167954,0.12072406853048966,1.0,23.064703691938586,24.807375332490505,3.9160139965721146,23.12665841642086,0.1940696793684959,1
115.67654447206658,-32.1843300000001,CSMC,2024,-2.6430414815663434,0.12093657697726382,1.0,23.06243042625707,24.802733832035646,3.9111749298366023,23.004622589595034,0.1463414234205401,1
115.69854447206659,-32.1843300000001,CSMC,2024,-3.436717379760384,0.12740342847491953,1.0,23.064600860589845,24.797869079791308,3.9085220507771035,22.26168259532837,0.3561725890706008,1
115.72054447206659,-32.1843300000001,CSMC,2024,-4.345277915093109,0.1321672219264464,1.0226807863121097,22.979302429761443,24.722045144153935,3.949403047602969,15.785233805242171,0.6549241635374032,1
115.7425444720666,-32.1843300000001,CSMC,2024,-5.0155609647313995,0.12883749959768342,1.0032011881832943,23.10993707999345,24.854218163431984,3.9316596113687643,20.656370035811637,0.1298957807420466,1
115.7645444720666,-32.1843300000001,CSMC,2024,-4.619281065609022,0.12955760694259233,1.004210390325131,23.09659712965265,24.83532286831918,3.921418362657371,19.22316390332994,0.18757259061249096,1
115.45474579269296,-32.162330000000104,CSMC,2024,-2.254166953249186,0.12050535580503693,1.0,23.064128734201113,24.810370743452072,3.918186752266723,25.195624435074954,1.9530658702552932,1
115.47674579269297,-32.162330000000104,CSMC,2024,-2.2546370976479806,0.12050329557307216,1.0,23.064123282425825,24.81039893777597,3.918207184739171,25.149477943960395,1.7552865080809081,1
115.49874579269297,-32.162330000000104,CSMC,2024,-2.2552263063945412,0.12050071652391306,1.0,23.064116433701184,24.810434217419747,3.9182327394371304,25.113142640006426,1.5575509251488875,1
115.52074579269298,-32.162330000000104,CSMC,2024,-2.2559863155014632,0.12049739470556003,1.0,23.06410757265601,24.810479633265192,3.9182656155025164,25.057831107126724,1.3598767101054814,1
115.54274579269298,-32.162330000000104,CSMC,2024,-2.257003866858505,0.12049295583839253,1.0,23.064095660659316,24.810540277866068,3.91830947843152,24.98862000608003,1.1622922463943797,1
115.56474579269299,-32.162330000000104,CSMC,2024,-2.2584362820289123,0.12048672407512875,1.0,23.064078796852147,24.81062533148041,3.9183709226720236,24.944755927165456,0.9648463704895653,1
115.586745792693,-32.162330000000104,CSMC,2024,-2.2606013479794007,0.12047734294384826,1.0,23.064053090944483,24.810753173588697,3.918463111356853,24.821645679480717,0.7676303593493662,1
115.608745792693,-32.162330000000104,CSMC,2024,-2.264250759813484,0.12046163706339343,1.0,23.064009147225793,24.810966652347847,3.9186165799403962,24.672205699321985,0.5708342858280611,1
115.630745792693,-32.162330000000104,CSMC,2024,-2.2716849551653517,0.1204300865258054,1.0,23.063917061726293,24.81139316735927,3.918921203241756,24.622209249976578,0.374908595850551,1
115.65274579269301,-32.162330000000104,CSMC,2024,-2.2947802000974318,0.12033676610338886,1.0,23.06360453818522,24.812630172851012,3.9197835421415217,24.722317626377755,0.18077854756980785,1
115.67474579269302,-32.162330000000104,CSMC,2024,-2.8725756949315935,0.12024918673562193,1.0,23.058888026881405,24.811087304051767,3.9163320042765344,22.34245240927381,0.11299502062459449,1
115.69674579269302,-32.162330000000104,CSMC,2024,-4.521185352912866,0.12026701744382272,1.0,23.058979915718005,24.810870617353356,3.9161982312260344,17.98521525399133,0.1633174126437156,1
115.71874579269303,-32.162330000000104,CSMC,2024,-4.689272046590339,0.12229077617635739,1.0,23.07627405769154,24.822541804563738,3.917261847699561,13.688490441902786,0.3698393327160544,1
115.74074579269303,-32.162330000000104,CSMC,2024,-4.782287630380571,0.13032383618010646,1.0,23.056787180835432,24.755016483389536,3.8356796975779037,17.23834239605122,0.5781510312003669,1
115.76274579269304,-32.162330000000104,CSMC,2024,-4.536270628446746,0.1296144212348274,1.0,23.100551121706978,24.823090199710954,3.884424088389541,14.458341206322011,0.24492781864820842,1
115.45309157374403,-32.140330000000105,CSMC,2024,-2.255516087469008,0.1205003277250172,1.0,23.06411627293211,24.81044006876543,3.9182374315725954,25.416143758746458,1.968153007279374,1
115.47509157374404,-32.140330000000105,CSMC,2024,-2.256280830739097,0.12049716359371238,1.0,23.064108154726455,24.81048352567001,3.918269057383682,25.388037845512148,1.7703881794639738,1
115.49709157374404,-32.140330000000105,CSMC,2024,-2.2572711699918897,0.12049307843389304,1.0,23.064097702700042,24.810539650077246,3.9183099171536555,25.650265414943515,1.5726678128571148,1
115.51909157374405,-32.140330000000105,CSMC,2024,-2.2585958488138984,0.1204876306819399,1.0,23.06408382166867,24.810614529589188,3.9183644607047494,25.651650667137638,1.3750080995529563,1
115.54109157374405,-32.140330000000105,CSMC,2024,-2.2604409751472723,0.12048006394882133,1.0,23.064064662451308,24.810718608548022,3.9184403363477327,25.691334942386685,1.1774337352576707,1
115.56309157374406,-32.140330000000105,CSMC,2024,-2.263146930299478,0.12046899028053232,1.0,23.064036907405182,24.810871098232283,3.918551651313931,25.546139093063566,0.9799838585456448,1
115.58509157374407,-32.140330000000105,CSMC,2024,-2.836115933775049,0.12081872407182839,1.0,23.022696612936077,24.72367942451402,3.85443271965831,27.33085908150911,0.8843825831528399,1
115.60709157374407,-32.140330000000105,CSMC,2024,-2.82496858096572,0.1207901430307868,1.0,23.023756618866226,24.726261431228377,3.856337584320425,27.300898069125083,0.7091294109903866,1
115.62909157374408,-32.140330000000105,CSMC,2024,-2.806678282192228,0.12074597616525187,1.0,23.02542892410882,24.730289628097243,3.859320281308362,27.1834927929063,0.5466494617452922,1
115.65109157374408,-32.140330000000105,CSMC,2024,-2.7802698103398713,0.12069365183199897,1.0,23.027570046228576,24.735240036169813,3.863036298687235,27.287279802386024,0.4150785018170173,1
115.67309157374409,-32.140330000000105,CSMC,2024,-3.481490825558305,0.11970492838297704,1.0,23.06051338340849,24.82040938087985,3.9246827434153952,26.511617481533232,0.1818115639899628,1
115.6950915737441,-32.140330000000105,CSMC,2024,-4.569533400533158,0.12088275166220741,1.0,23.019092443392392,24.716525213308497,3.8487630921357376,19.64283776587669,0.43831937860404674,1
115.7170915737441,-32.140330000000105,CSMC,2024,-4.482569055449017,0.13062839496087153,1.0,22.923116969506374,24.52951575196213,3.6730360627097958,13.138775107017116,0.656218210853352,1
115.7390915737441,-32.140330000000105,CSMC,2024,-4.008051065159071,0.1369294222479113,1.0,22.88182722634335,24.44133389088784,3.5720382530784476,12.467056878730927,0.2950142311930621,1
115.4516568925348,-32.11833000000011,CSMC,2024,-2.8717989416579335,0.12092236548954363,1.0,23.018978514404445,24.714456562136014,3.8476686386388264,25.78037437614804,2.0357769064264284,1
115.4736568925348,-32.11833000000011,CSMC,2024,-2.8729875196099663,0.12092706433412855,1.0,23.01881955417692,24.714049127137734,3.8473729315704333,25.838967051412595,1.8433198601372547,1
115.49565689253481,-32.11833000000011,CSMC,2024,-2.874874298685319,0.12093423963637938,1.0,23.018575324136325,24.71342529688174,3.8469196745548646,25.795327971691997,1.652375352729293,1
115.51765689253482,-32.11833000000011,CSMC,2024,-2.877935040469758,0.12094551484914093,1.0,23.01818953719873,24.712442780088914,3.846205142405001,25.772230519752828,1.463697312263683,1
115.53965689253482,-32.11833000000011,CSMC,2024,-2.883079057213913,0.12096395682744332,1.0,23.017555619546773,24.710832505265692,3.8450331122256367,27.5903346427417,1.278650497570405,1
115.56165689253483,-32.11833000000011,CSMC,2024,-2.8921888619457685,0.12099583644824309,1.0,23.016455101572973,24.708043676210593,3.843001728591855,27.588467423490876,1.099969940257807,1
115.58365689253483,-32.11833000000011,CSMC,2024,-2.909585747007019,0.12105535529850693,1.0,23.014391752506164,24.702827278387677,3.8391992429718886,27.49370635915967,0.9339204158591323,1
115.60565689253484,-32.11833000000011,CSMC,2024,-2.946624482716313,0.12117928658753117,1.0,23.0100761526483,24.691944140767614,3.831259673658961,27.11080438446535,0.7975315293872258,1
115.62765689253484,-32.11833000000011,CSMC,2024,-3.0386927192827886,0.12148059159257257,1.0,22.999532089192456,24.66542698311926,3.811897631676857,26.944690894313762,0.7465078861268617,1
115.64965689253485,-32.11833000000011,CSMC,2024,-3.312031089826101,0.12235857707009007,1.0,22.968660810539134,24.58799429413871,3.7553106836933217,26.586653364813934,0.8993917288984947,1
115.67165689253486,-32.11833000000011,CSMC,2024,-3.9955431817617306,0.12430273613627936,1.0,22.90014191971768,24.41635437064651,3.629826141124171,26.25636586111572,0.10558444174244613,1
115.69365689253486,-32.11833000000011,CSMC,2024,-4.253051124631333,0.1252301486637963,1.0,22.912744235525476,24.459531741695177,3.6537028557269378,22.25761876935626,0.3142922329731054,1
115.71565689253487,-32.11833000000011,CSMC,2024,-4.297290079220308,0.13181006166017414,1.0,22.885380859718204,24.4384463705273,3.5863812031810305,13.067249896739725,0.44537471199589646,1
115.73765689253487,-32.11833000000011,CSMC,2024,-4.02031322011997,0.13599270139672656,1.0,22.864558153270668,24.40770009819747,3.5418556909985908,13.958223351058377,0.18262523266035724,1
115.75965689253488,-32.11833000000011,CSMC,2024,-4.787940057895197,0.12494455566037488,1.0,22.90524231513008,24.46732832172988,3.5454027875157204,17.73186327305633,0.07115042605425063,1
115.45299158760884,-32.09633000000011,CSMC,2024,-2.8846173711684853,0.12096407890899769,1.0,23.017517679474054,24.71078424772936,3.8449868677202037,25.73064234558971,2.02840580487964,1
115.47499158760884,-32.09633000000011,CSMC,2024,-2.8886186341127065,0.1209778505196001,1.0,23.01704038622428,24.70957740945932,3.8441071871606303,25.840180309445827,1.837206682187547,1
115.49699158760885,-32.09633000000011,CSMC,2024,-2.894315499644836,0.12099728108033192,1.0,23.01636587617258,24.707873449463957,3.842864789927131,27.751406126427778,1.6481345086035049,1
115.51899158760885,-32.09633000000011,CSMC,2024,-2.902686036543362,0.1210255753575638,1.0,23.015382046813105,24.70539037621887,3.841053789597301,27.635050661373505,1.4623849329767005,1
115.54099158760886,-32.09633000000011,CSMC,2024,-2.9154654060361933,0.12106838222785005,1.0,23.013891011882034,24.701630815836612,3.838310951221121,27.46211477113484,1.2821966108692096,1
115.56299158760886,-32.09633000000011,CSMC,2024,-2.935902885639998,0.12113620682383808,1.0,23.011524154927255,24.695669129430105,3.833960076059681,27.420285559417948,1.1121407119323712,1
115.58499158760887,-32.09633000000011,CSMC,2024,-2.9704282264594126,0.12124968816405578,1.0,23.007555934819525,24.685685263447724,3.826671140619772,27.34185587427284,0.9624494789294198,1
115.60699158760887,-32.09633000000011,CSMC,2024,-3.032251326643226,0.12145093945514358,1.0,23.000503051852203,24.66796227682955,3.813727018086882,27.15723913166562,0.857519567032271,1
115.62899158760888,-32.09633000000011,CSMC,2024,-3.147014877459016,0.12182125183284656,1.0,22.987497030940098,24.63531949496277,3.7898768371328297,26.68579228561873,0.8510091324812482,1
115.65099158760889,-32.09633000000011,CSMC,2024,-3.3414210280699805,0.12244462381740391,1.0,22.965565190456214,24.580327429195332,3.7496849558508583,26.37714457385919,0.8636618950497624,1
115.67299158760889,-32.09633000000011,CSMC,2024,-3.9821644305541675,0.12301719170883783,1.0,22.945386703186795,24.52977919556536,3.7127298123145303,26.241847002258076,0.5638553491075818,1
115.6949915876089,-32.09633000000011,CSMC,2024,-4.395312814990114,0.1267740050694895,1.0,22.90307205738878,24.449220432899263,3.621600786371502,21.436546178658553,0.3094891669546142,1
115.7169915876089,-32.09633000000011,CSMC,2024,-4.454627522488453,0.12898207144954393,1.0,22.89595698685766,24.451692946609175,3.5927045606712342,14.153015022426143,0.4718951443144023,1
115.73899158760891,-32.09633000000011,CSMC,2024,-4.567322692663361,0.12834652804975347,1.0,22.894511600049736,24.45271243400938,3.5631514397150057,14.710157809210619,0.30245731362778683,1
115.45530478086975,-32.07433000000011,CSMC,2024,-2.8967259751029695,0.12100331251936686,1.0,23.01614239280718,24.707328803108474,3.8424630459319187,27.683745286881518,2.0130838914919074,1
115.47730478086976,-32.07433000000011,CSMC,2024,-2.903075522447525,0.12102459641922578,1.0,23.015401016402574,24.70545949610584,3.841099260211481,27.68393631421838,1.8232143909295975,1
115.49930478086976,-32.07433000000011,CSMC,2024,-2.9117606706695622,0.12105354763492134,1.0,23.014391493134372,24.702915593730044,3.8392429599473243,27.600477184628836,1.6360454521632455,1
115.52130478086977,-32.07433000000011,CSMC,2024,-2.9239215202000315,0.12109385360633836,1.0,23.012984442341025,24.699372194088795,3.8366568002491084,27.588872047369424,1.4531072487961507,1
115.54330478086978,-32.07433000000011,CSMC,2024,-2.941380442897586,0.12115137896743329,1.0,23.010973837420167,24.69431227761238,3.83296300856717,27.48221517858233,1.2771776468371587,1
115.56530478086978,-32.07433000000011,CSMC,2024,-2.967064763451488,0.12123549427326076,1.0,23.008030031228074,24.686909238195728,3.8275574566946893,27.407909270772354,1.113559373834093,1
115.58730478086979,-32.07433000000011,CSMC,2024,-3.0055219755594655,0.12136067408538194,1.0,23.00364302331763,24.675885338744628,3.8195060449115967,27.37121086765909,0.9726208156998514,1
115.60930478086979,-32.07433000000011,CSMC,2024,-3.0628329115794344,0.12154613926787847,1.0,22.997134202213743,24.6595423278547,3.8075668038285775,27.04079980153956,0.8733894509214635,1
115.6313047808698,-32.07433000000011,CSMC,2024,-3.1428570577459496,0.12180379156885247,1.0,22.988080359027975,24.636825282219355,3.790967265341209,26.973099784961597,0.8410387739427609,1
115.6533047808698,-32.07433000000011,CSMC,2024,-3.2329932020715115,0.12209277529137602,1.0,22.97791453412774,24.6113335049026,3.772336615890005,26.869786832389824,0.877858788389337,1
115.67530478086981,-32.07433000000011,CSMC,2024,-3.8007535699866675,0.12647938295809835,1.0,22.913157200626802,24.469782793283468,3.6349381198610264,26.128241757048812,0.28967204813003156,1
115.69730478086981,-32.07433000000011,CSMC,2024,-4.528039806540069,0.12722857985035932,1.0,22.906056846037355,24.46455192288286,3.617639521209545,20.27043160617555,0.3929634025403073,1
115.71930478086982,-32.07433000000011,CSMC,2024,-4.556527680237299,0.12790384145103093,1.0,22.902048563327764,24.4627773277909,3.5982783624476915,14.773175679336672,0.46734123587983256,1
115.74130478086983,-32.07433000000011,CSMC,2024,-4.610310982202307,0.12773479103003113,1.0,22.900382494219524,24.46226560313889,3.5803753237317153,15.324636797904331,0.28832000539436964,1
115.45761797413068,-32.05233000000011,CSMC,2024,-2.9072738832936826,0.12103732113378812,1.0,23.014949026053753,24.704332165437055,3.840273928272363,27.56401773397147,1.9981883592750427,1
115.47961797413069,-32.05233000000011,CSMC,2024,-2.915185754765095,0.12106354050015562,1.0,23.01403367017143,24.702027090437646,3.8385915442198373,27.56401773397147,1.8095293714625755,1
115.5016179741307,-32.05233000000011,CSMC,2024,-2.925592962738676,0.12109788531504542,1.0,23.01283363774288,24.699006546552873,3.836386638334758,27.56712833762707,1.6239747088366019,1
115.5236179741307,-32.05233000000011,CSMC,2024,-2.9394571975282227,0.12114344213540744,1.0,23.0112404305313,24.69499835235407,3.833460313149113,27.5735185768246,1.4431787019761928,1
115.5456179741307,-32.05233000000011,CSMC,2024,-2.9581034849119745,0.12120444279701618,1.0,23.00910510423933,24.68962912367252,3.8295396558190924,27.429640494652805,1.2699651155966007,1
115.56761797413071,-32.05233000000011,CSMC,2024,-2.9832294603795675,0.12128627603486529,1.0,23.006237689634677,24.682423059021353,3.824276794965018,27.43952957644293,1.1092290292862599,1
115.58961797413072,-32.05233000000011,CSMC,2024,-3.0166050235459334,0.12139450153416657,1.0,23.002441646529768,24.672888656136397,3.817312202508587,27.386403066781096,0.9692332860505796,1
115.61161797413072,-32.05233000000011,CSMC,2024,-3.058897420679928,0.12153106954100104,1.0,22.997646703076104,24.660852023552604,3.8085182463872305,27.09045983408116,0.8622288722625194,1
115.63361797413073,-32.05233000000011,CSMC,2024,-3.106853102610656,0.1216853127440386,1.0,22.99222603735904,24.647251832162176,3.7985802767628765,27.102238970554595,0.8003751520242681,1
115.65561797413073,-32.05233000000011,CSMC,2024,-3.750261123563229,0.12648597791910346,1.0,22.919319765541676,24.486590894329336,3.6432329836738044,26.778727487585712,0.41181951657932697,1
115.67761797413074,-32.05233000000011,CSMC,2024,-3.8201609063319615,0.1268569928377557,1.0,22.914825079028002,24.478962956830344,3.6319385091206673,26.442853610246928,0.32221642188386057,1
115.69961797413075,-32.05233000000011,CSMC,2024,-4.601443300626149,0.1272476289108369,1.0,22.908454624721067,24.47313973788073,3.6174715559852455,20.374351700120258,0.44771617478612646,1
115.72161797413075,-32.05233000000011,CSMC,2024,-4.611166193490229,0.12754697490834688,1.0,22.905739543697656,24.47056850514984,3.6048278289734323,15.511403051064262,0.45343051159531955,1
115.74361797413076,-32.05233000000011,CSMC,2024,-4.632540171658107,0.12758192636547444,1.0,22.90415959836819,24.469304864075365,3.5939770674120006,16.195233867975286,0.2979535283833193,1
115.4599311673916,-32.03033000000011,CSMC,2024,-2.9157903262820004,0.12106463400344666,1.0,23.01398957705014,24.70192436189579,3.8385146298595303,27.762002581863065,1.9835689916479273,1
115.48193116739161,-32.03033000000011,CSMC,2024,-2.924428095000498,0.12109307671983627,1.0,23.01299532478348,24.699422399351842,3.836688127632211,27.556581462627072,1.7959336680442015,1
115.50393116739161,-32.03033000000011,CSMC,2024,-2.9353373073053857,0.12112887764667339,1.0,23.01174298138051,24.69627219682157,3.834388105860325,27.55192000429374,1.6116217230484893,1
115.52593116739162,-32.03033000000011,CSMC,2024,-2.9491471763264028,0.12117404108444634,1.0,23.010161967202823,24.692296870366324,3.8314852653244453,27.535564892291205,1.4322488626851093,1
115.54793116739162,-32.03033000000011,CSMC,2024,-2.966557159935912,0.12123077836906879,1.0,23.008174265267527,24.687301101171297,3.8278367833583773,27.50137836518439,1.26040637135357,1
115.56993116739163,-32.03033000000011,CSMC,2024,-2.9881684527952523,0.12130095910342337,1.0,23.005713644158053,24.68111945250469,3.8233215996557153,27.429640494652805,1.1002399719260212,1
115.59193116739164,-32.03033000000011,CSMC,2024,-3.014070224986608,0.12138477857307473,1.0,23.00277247516623,24.673733852199568,3.817926258596536,27.40855699597555,0.9581260829984346,1
115.61393116739164,-32.03033000000011,CSMC,2024,-3.043066664263409,0.12147828350494533,1.0,22.999488810573073,24.665491894306626,3.8119044678566185,27.39387373980271,0.8428234077932663,1
115.63593116739165,-32.03033000000011,CSMC,2024,-3.21858546303017,0.12574308135265116,1.0,22.952678940403242,24.5666859479988,3.7245251750142083,27.639185776149358,0.8686692663630304,1
115.65793116739165,-32.03033000000011,CSMC,2024,-3.7725747077543232,0.1267283371086194,1.0,22.919377981344933,24.489793872216893,3.6397860520290037,27.618257165578495,0.4162230706923776,1
115.67993116739166,-32.03033000000011,CSMC,2024,-3.831750231421425,0.1269914967593914,1.0,22.915972926325093,24.484105083907988,3.630714475624438,26.92749162705434,0.349186892756003,1
115.70193116739166,-32.03033000000011,CSMC,2024,-4.646310201064119,0.1272095506029987,1.0,22.910384609823115,24.47893523525496,3.619272390784113,20.749988681999092,0.49045315158845154,1
115.72393116739167,-32.03033000000011,CSMC,2024,-4.647669973660609,0.12739189491135144,1.0,22.908401339431286,24.476531376875254,3.6107180628573783,15.7343903561422,0.44915254307697233,1
115.74593116739167,-32.03033000000011,CSMC,2024,-4.656049632350058,0.12747116790760038,1.0,22.907093993481453,24.4751857815811,3.603588982284635,16.27657273194277,0.3129073853278198,1
115.46224436065252,-32.008330000000115,CSMC,2024,-2.922160548316639,0.12108492872764956,1.0,23.013275737301534,24.700134222170103,3.8372063350713077,27.872374181412198,1.969162313918079,1
115.57224436065255,-32.008330000000115,CSMC,2024,-2.9865019770216805,0.12129450353283015,1.0,23.005933053585764,24.68168034880601,3.82372902388169,27.49067040153303,1.0889154226901028,1
115.59424436065255,-32.008330000000115,CSMC,2024,-3.0057467608651693,0.12135668865422106,1.0,23.00375049414009,24.676200434576806,3.819725656267671,28.22326006738583,0.9446519579810158,1
115.61624436065256,-32.008330000000115,CSMC,2024,-3.1761448778214842,0.12571761091641517,1.0,22.956393776505777,24.576446519420827,3.7312631162673204,27.60512096133455,0.9998166639010614,1
115.63824436065256,-32.008330000000115,CSMC,2024,-3.7427010139193837,0.12668144681435442,1.0,22.92227207292981,24.497001190904562,3.644552013987646,27.50357809212746,0.5480218424206341,1
115.66024436065257,-32.008330000000115,CSMC,2024,-3.7856235515315992,0.1268528615076567,1.0,22.919607191709694,24.492109428134988,3.6379687349812158,27.550021627180364,0.42490422877371165,1
115.68224436065258,-32.008330000000115,CSMC,2024,-3.8335101682388077,0.12704095753068764,1.0,22.916996129675656,24.487726352449975,3.630839091904486,26.689158683052554,0.376755517027975,1
115.70424436065258,-32.008330000000115,CSMC,2024,-4.6770434755682935,0.12717301335823092,1.0,22.911956403767885,24.483281258974436,3.6216409383450516,19.902924653524835,0.5279999006024894,1
115.72624436065259,-32.008330000000115,CSMC,2024,-4.675091715995818,0.12730296367077754,1.0,22.910450385405593,24.48123503198874,3.615569944562541,15.83486462818816,0.4502769611319518,1
115.74824436065259,-32.008330000000115,CSMC,2024,-4.677928528735372,0.12738400750592646,1.0,22.90938948652237,24.479991452397492,3.6105401286111056,16.30273650559197,0.3312447943749989,1
115.46455755391344,-31.986330000000116,CSMC,2024,-2.9265393162998525,0.12109874433603113,1.0,23.01278889438689,24.6989145868783,3.836314691507347,27.900308752820724,1.95498474056504,1
115.48655755391344,-31.986330000000116,CSMC,2024,-2.9347580806498628,0.12112562174020561,1.0,23.0118480617044,24.69654887076954,3.834587228374249,27.857282167523305,1.7689124912385736,1
115.50855755391345,-31.986330000000116,CSMC,2024,-2.944357420158367,0.12115693597004756,1.0,23.0107513438812,24.693791989091153,3.8325739450331233,27.659257439466874,1.5862786510076643,1
115.53055755391345,-31.986330000000116,CSMC,2024,-2.9554279143307363,0.12119295740830999,1.0,23.009489077531754,24.690619921637985,3.8302572367798784,27.367597134354693,1.408501611274291,1
115.55255755391346,-31.986330000000116,CSMC,2024,-2.9679273365544807,0.12123352200903549,1.0,23.008066806107195,24.687046885902678,3.8276474203019157,28.133972038285307,1.2377149466363713,1
115.57455755391346,-31.986330000000116,CSMC,2024,-2.981575388778547,0.12127769363464742,1.0,23.006517155149695,24.683155119590097,3.824804499231663,28.11963523272975,1.0771606896528008,1
115.59655755391347,-31.986330000000116,CSMC,2024,-2.9957322612278183,0.12132337681816086,1.0,23.004913472230434,24.679129059337367,3.82186314943181,28.11963523272975,0.9317718514842354,1
115.61855755391348,-31.986330000000116,CSMC,2024,-5.240899127010267,0.12729070982577545,1.6636144048995687,22.86685126377859,24.357326680374793,3.4901461630269788,17.81117121932874,0.9403968408706279,1
115.64055755391348,-31.986330000000116,CSMC,2024,-5.252997769719892,0.12730704962526418,1.6666457867576492,22.866824256998623,24.3577060379044,3.488976952935868,17.663903957974817,0.8503708427435208,1
115.66255755391349,-31.986330000000116,CSMC,2024,-5.271000716980151,0.1273314658270891,1.6717456633258505,22.866752559365327,24.358143528807233,3.487242609258833,17.6047126400335,0.8033298971725802,1
115.68455755391349,-31.986330000000116,CSMC,2024,-5.293432954887033,0.12735943803182445,1.6780063549066115,22.866675149737784,24.358708454911532,3.4850974271901447,17.24734232862356,0.8060615625962759,1
115.7065575539135,-31.986330000000116,CSMC,2024,-5.317557494010692,0.12738455377240546,1.6840860159339037,22.866640608051377,24.359455948221882,3.482817715464759,16.985085964205442,0.7496488059402812,1
115.7285575539135,-31.986330000000116,CSMC,2024,-5.340394512187907,0.12740178495368348,1.6888947628797812,22.866676623646168,24.3603664002472,3.4806947522822522,15.938630483525317,0.64138505077489,1
115.75055755391351,-31.986330000000116,CSMC,2024,-5.359971129437956,0.12741067895441544,1.6922484186884825,22.86676489252916,24.361311490562894,3.478907237418644,16.538912281152676,0.5814062949075259,1
115.46687074717435,-31.964330000000118,CSMC,2024,-5.152614456918738,0.12141777652022029,2.4365139272253433,23.011509448042936,24.544559048083233,3.5607120317054934,18.14777395239556,2.149992745272795,1
115.48887074717436,-31.964330000000118,CSMC,2024,-5.18114726052243,0.12142666289049238,2.450350325785268,23.010908302968794,24.542240866552348,3.5575990018298356,18.111797296302058,1.981119581186716,1
115.51087074717437,-31.964330000000118,CSMC,2024,-5.217089546004717,0.12143522021196371,2.468406919840668,23.010238687192498,24.539493992721027,3.553745983691447,18.101308165867273,1.819618663734901,1
115.53287074717437,-31.964330000000118,CSMC,2024,-6.428775616943094,0.12470989547424344,3.155374497682089,22.986554774623798,24.440311852975693,3.4244469465587293,17.31847465288454,1.9742571058713003,1
115.55487074717438,-31.964330000000118,CSMC,2024,-6.451258652877182,0.12471283493438566,3.1703620146337816,22.986367561340334,24.439470002701597,3.4226441900771194,17.238581858154113,1.7894522108823856,1
115.57687074717438,-31.964330000000118,CSMC,2024,-6.481754299449179,0.12471995022266341,3.191025166161404,22.986162976831825,24.438384565345377,3.420205522888481,17.258084530015932,1.600057949988849,1
115.59887074717439,-31.964330000000118,MMP,2024,-6.52161351498704,0.12473284056356901,3.2182195467662336,22.9859102167529,24.436980829133844,3.4170235226350125,17.746333357919582,1.411296961685875,1
115.6208707471744,-31.964330000000118,MMP,2024,-6.571524745498564,0.12475340498583803,3.2522504869747944,22.98555812987773,24.43517796961165,3.4130431143799935,17.708869072205296,1.2235979463270263,1
115.6428707471744,-31.964330000000118,MMP,2024,-6.63083360486164,0.12478360166581945,3.292420855710967,22.98504222601209,24.43291621612174,3.408315987694126,17.727176942575664,1.0381557266077681,1
115.6648707471744,-31.964330000000118,MMP,2024,-6.69687050956183,0.12482491590143421,3.336677868395764,22.98431364177325,24.43021002581317,3.4030550839055578,17.706148389380672,0.8577804004020261,1
115.68687074717441,-31.964330000000118,MMP,2024,-6.764710022743028,0.12487754134255358,3.3816581943083777,22.983390475483777,24.4272161028278,3.3976553042629476,17.23922894084075,0.6886063888328512,1
115.70887074717442,-31.964330000000118,MMP,2024,-6.976025906871588,0.1247010107889651,3.394715402601917,22.98469099018468,24.43932864166461,3.3805211765971452,15.656939906818849,0.5349778448658021,1
115.73087074717442,-31.964330000000118,MMP,2024,-6.973408612379219,0.1247518583022034,3.37895770239684,22.982118610637407,24.436740444216145,3.3806677703817254,14.392503108417099,0.4584088903862759,1
115.75287074717443,-31.964330000000118,MMP,2024,-6.960882500845786,0.12479757501946322,3.3575736444407025,22.980132722480786,24.43527448892847,3.3816281585738373,14.588860451846037,0.46538816782478765,1
115.46918394043529,-31.94233000000012,MMP,2024,-6.14416199430715,0.12199633798776933,3.2607622699109338,23.046158208334784,24.499133969873718,3.4142484703781113,17.84451714565914,2.365933169105971,0
115.49118394043529,-31.94233000000012,MMP,2024,-6.1660660130715,0.12197523959328137,3.2775158314429653,23.046646603636596,24.499163726220846,3.4125523094620407,17.84451714565914,2.1785563320972545,1
115.5131839404353,-31.94233000000012,MMP,2024,-6.967440520739624,0.12431582542552368,4.0,23.064642350858303,24.497097566782045,3.35272379815815,17.16022502339449,2.0327166839805204,1
115.5351839404353,-31.94233000000012,MMP,2024,-6.977512419883828,0.12431699795697079,4.0,23.063477142265047,24.49574505154404,3.352324232265413,17.711370860896572,1.8578383313923856,1
115.55718394043531,-31.94233000000012,MMP,2024,-6.990568460970493,0.12432208424172153,4.0,23.06192376920462,24.493922781241235,3.3517850922484707,17.69424740410645,1.6892859198440096,1
115.57918394043531,-31.94233000000012,MMP,2024,-7.007437076978684,0.12433291917701839,4.0,23.0598621918121,24.491479108053667,3.3510586912572355,17.69424740410645,1.5296020065118303,1
115.60118394043532,-31.94233000000012,MMP,2024,-7.029038116179155,0.12435195895650857,4.0,23.05715190063801,24.48823304055971,3.3500865957869177,17.657475553657516,1.3763009669730473,1
115.62318394043533,-31.94233000000012,MMP,2024,-7.056198581143784,0.12438224787374591,4.0,23.05365332858246,24.48399911888419,3.3488069415696073,17.64192283256908,1.1903989387713578,1
115.64518394043533,-31.94233000000012,MMP,2024,-7.089231533346155,0.12442704507677221,4.0,23.0492831533708,24.47865577604286,3.3471767503322303,17.67199448159906,1.007414603872494,1
115.66718394043534,-31.94233000000012,MMP,2024,-7.127193187347082,0.12448884038053817,4.0,23.044119580628067,24.472280082854656,3.3452184502352256,17.67266961195716,0.8300288838147946,1
115.68918394043534,-31.94233000000012,MMP,2024,-7.166977439458882,0.12456768021809016,4.0,23.03854092900573,24.46533055727934,3.3430856459165073,17.269529633826366,0.6646126105268703,1
115.71118394043535,-31.94233000000012,MMP,2024,-7.202999870654408,0.12465938586382001,4.0,23.03329322169801,24.458744071579275,3.341099793366852,15.685636284491135,0.5256948628782543,1
115.73318394043535,-31.94233000000012,MMP,2024,-7.228638474355717,0.12475499258390277,4.0,23.0293122567452,24.45371515200318,3.339669874548283,14.627046404748322,0.4421449538412565,1
115.4714971336962,-31.92033000000012,MMP,2024,-6.942173534350065,0.12429231159586315,4.0,23.067753224957578,24.500765123106277,3.3537661554518223,17.607023209085153,2.369294572056863,0
115.49349713369621,-31.92033000000012,MMP,2024,-6.947006242733326,0.12428483355201074,4.0,23.067282738596056,24.500254881949452,3.353610963007664,17.09203886150384,2.1857551739224506,1
115.51549713369621,-31.92033000000012,MMP,2024,-6.953603351092463,0.12427826567078863,4.0,23.066602332285257,24.49949960976112,3.353385275460273,17.082325319837175,2.0055020983924923,1
115.53749713369622,-31.92033000000012,MMP,2024,-6.9626343676452995,0.12427348287761576,4.0,23.065624973864377,24.49839400992917,3.3530578202921495,17.081117173414356,1.8297555481806762,1
115.55949713369623,-31.92033000000012,MMP,2024,-6.975036799493353,0.1242718843883522,4.0,23.064225458562735,24.496784710102194,3.3525820712552803,17.629060152122324,1.6603495366129042,1
115.58149713369623,-31.92033000000012,MMP,2024,-6.992103306753912,0.12427567448459355,4.0,23.062225532099024,24.494450149491428,3.3518890731782593,17.59118986692912,1.5000875495924355,1
115.60349713369624,-31.92033000000012,MMP,2024,-7.0155469245095805,0.12428823474060183,4.0,23.059379281917074,24.491079243840513,3.35087901615677,17.56287519240611,1.3532701097757875,1
115.62549713369624,-31.92033000000012,MMP,2024,-7.047436405234163,0.12431449067639314,4.0,23.055372556533534,24.48626548479136,3.3494166934433527,17.532463155369076,1.1712458520301174,1
115.64749713369625,-31.92033000000012,MMP,2024,-7.089730707242634,0.12436090400834174,4.0,23.049875013215612,24.479565976959304,3.3473479793534433,17.516910434280643,0.9857781464826451,1
115.66949713369625,-31.92033000000012,MMP,2024,-7.142901199057846,0.12443423516226744,4.0,23.042724377493236,24.47073186201594,3.344577226529214,17.494590352096655,0.8031655416061131,1
115.69149713369626,-31.92033000000012,MMP,2024,-7.203217029681619,0.1245380501625273,4.0,23.034322084619145,24.460223813462054,3.341253357274379,17.107984013936992,0.6293057544461188,1
115.71349713369626,-31.92033000000012,MMP,2024,-7.2600158619778945,0.12466763317559972,4.0,23.026071510501602,24.449805163728286,3.337995831227642,14.725584278292226,0.4808057799845347,1
115.73549713369627,-31.92033000000012,MMP,2024,-7.297959504785681,0.12480716773777054,4.0,23.02013230363711,24.442253625491364,3.3357935180515863,13.196738439160894,0.39415701652392865,1
115.47381032695712,-31.898330000000122,MMP,2024,-6.928619254047535,0.1242628202739965,4.0,23.069583887251817,24.502973939797833,3.3543688598224644,17.420924692213536,2.3434936976356937,0
115.49581032695713,-31.898330000000122,MMP,2024,-6.931601655339395,0.12425003126478744,4.0,23.06938201598667,24.5027967864744,3.3543080276026136,17.008141099158166,2.1590699184551014,1
115.51781032695713,-31.898330000000122,MMP,2024,-6.936092603495192,0.12423687745390331,4.0,23.069015565945396,24.502434612744985,3.354195281502711,17.04660470596031,1.9776972362579122,1
115.53981032695714,-31.898330000000122,MMP,2024,-6.942806610487571,0.12422392808253205,4.0,23.068397267233905,24.501784626763985,3.354001094348074,17.086996141668326,1.8005448934030384,1
115.56181032695714,-31.898330000000122,MMP,2024,-6.952841378816427,0.1242122858902566,4.0,23.06738899600403,24.500681800754737,3.353676956788509,17.07582484537203,1.6294266177090548,1
115.58381032695715,-31.898330000000122,MMP,2024,-6.967899212028857,0.12420402177158382,4.0,23.065769282308835,24.498857188887694,3.353141479196577,17.07582484537203,1.4672484186189394,1
115.60581032695715,-31.898330000000122,MMP,2024,-6.990617508345228,0.12420294179274832,4.0,23.06318135983793,24.49586923736374,3.3522561603029506,17.073677200444493,1.3187846457716164,1
115.62781032695716,-31.898330000000122,MMP,2024,-7.024982155793565,0.12421583552638568,4.0,23.059059810352146,24.49100216612146,3.350786637382949,17.058617676634967,1.1581756703690287,1
115.64981032695717,-31.898330000000122,MMP,2024,-7.0765291842343,0.12425404763383573,4.0,23.052568916735858,24.483168299994432,3.3483584596556617,17.463993188910273,0.9710630257666503,1
115.67181032695717,-31.898330000000122,MMP,2024,-7.151096187918009,0.12433373574663305,4.0,23.042728328589153,24.471039183191102,3.3444850994716453,17.41690984915053,0.7818061765331686,1
115.69381032695718,-31.898330000000122,MMP,2024,-7.248731535267087,0.1244699210937817,4.0,23.029255235119,24.454118593298812,3.3389429611906305,17.03514557748919,0.5942756335484696,1
115.71581032695718,-31.898330000000122,MMP,2024,-7.349937840569214,0.12466137790960215,4.0,23.014628498308163,24.435491267340517,3.332823145253887,12.520153361638382,0.43043608087115925,1
115.73781032695719,-31.898330000000122,MMP,2024,-7.411845319318873,0.12488083268603581,4.0,23.004856150593383,24.42295580385269,3.329030221049556,11.26613370370172,0.3420775238942899,1
115.47612352021804,-31.876330000000124,MMP,2024,-7.28628494398839,0.12464591956233556,4.0,23.103548164535823,24.52534795486787,3.322532419178993,16.96185813165719,2.343659245472008,0
115.49812352021804,-31.876330000000124,MMP,2024,-6.913659854375082,0.12421440040258541,4.0,23.071767873950776,24.50566213397413,3.355090559496109,16.99223047756525,2.1322455322278495,1
115.52012352021805,-31.876330000000124,MMP,2024,-6.914992815417384,0.1241935178645947,4.0,23.071844881825168,24.50584483419205,3.3551324111523,16.992381822362432,1.9494163644945162,1
115.54212352021806,-31.876330000000124,MMP,2024,-6.917821405885105,0.12417041845323229,4.0,23.071783830984533,24.505885739474518,3.3551376307779677,16.99705264419358,1.7702663930554716,1
115.56412352021806,-31.876330000000124,MMP,2024,-6.923126906630172,0.12414528712014611,4.0,23.0714744117134,24.505660099644697,3.3550724519250545,16.99192708302635,1.5963826138357786,1
115.58612352021807,-31.876330000000124,MMP,2024,-6.93261987925319,0.12411898269814042,4.0,23.070715479664894,24.504935123446852,3.354871536001277,16.992549557773827,1.4303952074344297,1
115.60812352021807,-31.876330000000124,MMP,2024,-6.9493740510483475,0.12409396284189365,4.0,23.069127734977055,24.50326066038616,3.354402630443553,17.019046699328257,1.2769032581197697,1
115.63012352021808,-31.876330000000124,MMP,2024,-6.979066353724376,0.12407644557759676,4.0,23.065970837115156,24.49973238037596,3.3533845937153015,17.00630374899156,1.1443609148565803,1
115.65212352021808,-31.876330000000124,MMP,2024,-7.032315668596595,0.12408128615228518,4.0,23.05976583920113,24.492482146853636,3.3511964382495356,17.004156104064027,0.9713167310690856,1
115.67412352021809,-31.876330000000124,MMP,2024,-7.12816918417039,0.12414079052986349,4.0,23.047648150809135,24.477752992851695,3.346493385546176,16.91929205541426,0.7770497214758668,1
115.6961235202181,-31.876330000000124,MMP,2024,-7.292254955617968,0.12430595758644672,4.0,23.025374596679242,24.449728613957266,3.3370117720463655,16.6119298185723,0.566428541009623,1
115.7181235202181,-31.876330000000124,MMP,2024,-7.510643907635395,0.12459399028273746,4.0,22.99407748302503,24.4093938929503,3.322845548981604,10.950649409108825,0.3882951317006692,1
115.7401235202181,-31.876330000000124,MMP,2024,-7.6295575798580515,0.12496877024946436,4.0,22.97524609029384,24.384933925418647,3.3149819144399,10.977003662801629,0.33693732492183687,1
115.47843671347897,-31.854330000000125,MMP,2024,-7.284985813565775,0.12474592782068165,4.0,23.105415534526617,24.5271098969633,3.322408026837627,16.941419556921744,2.321199412376464,0
115.50043671347898,-31.854330000000125,MMP,2024,-7.27668075172589,0.12469574990657152,4.0,23.105782192997893,24.527843325493706,3.3229990242126193,16.94729852517571,2.136201994495128,1
115.52243671347898,-31.854330000000125,MMP,2024,-7.266391458425397,0.12462957861347748,4.0,23.10617468373422,24.528698827019838,3.3237421250037538,16.94729852517571,1.9533185334716028,1
115.54443671347899,-31.854330000000125,MMP,2024,-7.253481995769493,0.12454076904003647,4.0,23.106582231796295,24.529701803023276,3.324692506708272,16.951969347006862,1.7730761147561869,1
115.56643671347899,-31.854330000000125,MMP,2024,-6.8865477596599405,0.12407638125041588,4.0,23.07631761253381,24.511479042703623,3.3566785806659407,16.987053250454604,1.5617872866212101,1
115.588436713479,-31.854330000000125,MMP,2024,-6.886129689762597,0.1240273527962623,4.0,23.07695411759266,24.51248012625237,3.3569841405025422,16.957952573546635,1.3900484961928772,1
115.610436713479,-31.854330000000125,MMP,2024,-6.889224787558387,0.12396807763088469,4.0,23.077360002237405,24.513313812578346,3.35727892554532,16.925831150987715,1.2273812445048127,1
115.63243671347901,-31.854330000000125,MMP,2024,-6.900348741319312,0.12389726171753561,4.0,23.077074881808837,24.513491752872785,3.3574497073838265,16.925831150987715,1.080013999156542,1
115.65443671347901,-31.854330000000125,MMP,2024,-6.930556060716495,0.12381857885284751,4.0,23.074829798666748,24.511563086427167,3.3570968506579457,16.932209016948914,0.9615308717246464,1
115.67643671347902,-31.854330000000125,MMP,2024,-7.009710732970117,0.12376100796577877,4.0,23.06668540783614,24.50265769967678,3.3546404547446915,16.910762568335798,0.8265740096423188,1
115.69843671347903,-31.854330000000125,MMP,2024,-7.230402082135685,0.12386189027345197,4.0,23.0385795022023,24.4681211825222,3.343146318822613,16.614360154124796,0.5929722931062751,1
115.72043671347903,-31.854330000000125,MMP,2024,-7.8272684677320195,0.12426893678182384,4.0,22.953668296213138,24.35708670278316,3.301261938142352,11.039468451848157,0.46456759545761445,1
115.74243671347904,-31.854330000000125,MMP,2024,-8.139278268696641,0.12482390468506356,4.0,22.905798908824362,24.293735474868555,3.2782085954854994,12.366929928937958,0.6541912226812496,1
115.48042389367453,-31.832330000000127,MMP,2024,-7.6260127035217256,0.1297149388655619,4.0,23.194514608872037,24.63032803517614,3.3559428675595804,16.855851396849413,2.331438856967445,0
115.50242389367453,-31.832330000000127,MMP,2024,-7.613647945690747,0.12965046168852354,4.0,23.194824733306618,24.630920732091557,3.3563293590263266,16.855570462505977,2.14840969117694,1
115.52442389367454,-31.832330000000127,MMP,2024,-7.597500241628664,0.1295659515790951,4.0,23.19524645449559,24.631724649770437,3.3568573003711135,16.85320645787635,1.96748742673121,1
115.54642389367454,-31.832330000000127,MMP,2024,-7.575833520215161,0.12945208173968356,4.0,23.19583607061422,24.632846027303614,3.357598339202309,16.850516168596386,1.7889403503564365,1
115.56842389367455,-31.832330000000127,MMP,2024,-7.2332036374959054,0.12465331501839513,4.0,23.111293215698755,24.53489261911614,3.325595320041116,16.895015064599455,1.5742083438665622,1
115.59042389367455,-31.832330000000127,MMP,2024,-7.206168699745518,0.12452602358603729,4.0,23.113057205039482,24.53777981803059,3.327428577189494,16.862893642040536,1.3984087409143409,1
115.61242389367456,-31.832330000000127,MMP,2024,-7.166963275439086,0.12432763963744155,4.0,23.11544842101069,24.541851149698896,3.3301486647790512,16.871689938336832,1.2250960634220478,1
115.63442389367457,-31.832330000000127,MMP,2024,-6.79350145307971,0.12371756895113319,4.0,23.091010864452176,24.530171931194243,3.3620800351672275,16.8966734169226,1.0078812105545114,1
115.65642389367457,-31.832330000000127,MMP,2024,-6.764822427801435,0.12351538308732272,4.0,23.097134766928786,24.53872289502756,3.3649654424290754,16.9254319332079,0.845359859178318,1
115.67842389367458,-31.832330000000127,MMP,2024,-6.7291039211963355,0.1231626565390755,4.0,23.107014216554482,24.553467675488772,3.370583581052034,16.97493418528352,0.6907431189726566,1
115.70042389367458,-31.832330000000127,MMP,2024,-6.679477522085963,0.1223764256209608,4.0,23.12770289603617,24.586698256138664,3.3848142575692233,16.72970859288362,0.5428294775192102,1
115.72242389367459,-31.832330000000127,MMP,2024,-6.862997895316182,0.12251875998484758,4.0,23.111271500914153,24.57262629223576,3.3854065136539737,10.524007675559961,0.6254945734870966,1
115.7444238936746,-31.832330000000127,MMP,2024,-7.395521942567032,0.13271946001501514,4.0,22.96489316008071,24.381831154837368,3.355237154221292,11.243747000896251,0.08223722335551387,1
115.48196884595507,-31.81033000000013,MMP,2024,-7.754576476492611,0.11867694840942973,4.0,23.18371945018049,24.62084919100129,3.348840028612395,17.01040795102682,2.326515021285379,0
115.50396884595507,-31.81033000000013,MMP,2024,-7.64992203578048,0.12985564099875635,4.0,23.19338453651645,24.628199791235012,3.3545102421761364,16.850677785738306,2.132976844989143,1
115.52596884595508,-31.81033000000013,MMP,2024,-7.641494086374294,0.12981539626323976,4.0,23.19348595814356,24.62839810974535,3.354634692108565,16.84798749645834,1.9580499361761505,1
115.54796884595508,-31.81033000000013,MMP,2024,-7.6301739831312165,0.12976122700144732,4.0,23.19363956021614,24.628694456090077,3.3548276255879976,16.81976837819235,1.7885848935681858,1
115.56996884595509,-31.81033000000013,MMP,2024,-7.614367859481666,0.12968543788998108,4.0,23.193879819296818,24.629152633674824,3.3551353988830668,16.78764695563343,1.618165407927152,1
115.5919688459551,-31.81033000000013,MMP,2024,-7.591184120551847,0.129574075196605,4.0,23.19427194375296,24.629892852600356,3.3556462581076936,16.787366021289998,1.4520098599329045,1
115.6139688459551,-31.81033000000013,MMP,2024,-7.554931416544587,0.1293997231096728,4.0,23.19494845081513,24.63115850370726,3.3565406950327983,16.782634508314437,1.290749021004971,1
115.6359688459551,-31.81033000000013,MMP,2024,-7.493202008615901,0.12910286989379158,4.0,23.196201798057732,24.633484831301182,3.3582197502020312,16.786745672034975,1.1324517229505568,1
115.65796884595511,-31.81033000000013,MMP,2024,-7.37535832267451,0.1285381097876123,4.0,23.19872911247386,24.63814292949314,3.361647728574531,16.830771364061345,0.9682264128933897,1
115.67996884595512,-31.81033000000013,MMP,2024,-7.1161112204168,0.12731337455454173,4.0,23.204131359345897,24.64802908778001,3.3690900024274235,16.60751937107244,0.7670984849241393,1
115.70196884595512,-31.81033000000013,MMP,2024,-6.374177535318019,0.12451497866465254,4.0,23.20023325190196,24.654786000766816,3.3931212413879095,16.733770396508024,0.3971347294186827,1
115.72396884595513,-31.81033000000013,MMP,2024,-6.10722561978239,0.12343951418593568,4.0,23.20014949282874,24.652126162627752,3.389493514405064,11.030424833293505,0.2623541054402718,1
115.48350313626732,-31.78833000000013,MMP,2024,-7.827748163582829,0.11840939153670388,4.0,23.181860220081,24.617789000536398,3.347062701838321,17.015503850497723,2.3034414349838226,0
115.50550313626732,-31.78833000000013,MMP,2024,-7.8251064001176225,0.11846227592371347,4.0,23.18172388298892,24.61749387347169,3.3468346758021985,17.00412190605328,2.123587737647915,1
115.52750313626733,-31.78833000000013,MMP,2024,-7.820550430894116,0.11853942747811833,4.0,23.181559836620043,24.61712649090887,3.3465413046488584,17.000608542278368,1.9472360606602286,1
115.54950313626733,-31.78833000000013,MMP,2024,-8.859822880765972,0.12477545178652182,4.0,23.155821789023406,24.56420197719934,3.3197790350926297,16.812529377126033,1.6017624495027665,1
115.57150313626734,-31.78833000000013,MMP,2024,-8.843235881545503,0.12495080080627169,4.0,23.15579771186026,24.564003532322264,3.3195036675253804,16.812529377126033,1.4153006011328448,1
115.59350313626734,-31.78833000000013,MMP,2024,-8.817761972364421,0.12524021800121865,4.0,23.155784076366576,24.56372198554688,3.3191018171461977,16.815815120167212,1.231812551206452,1
115.61550313626735,-31.78833000000013,MMP,2024,-7.709035621420099,0.13025573499185944,4.0,23.18906178807195,24.620074658472163,3.349041876677644,16.812951188437665,1.2710042839289828,1
115.63750313626736,-31.78833000000013,MMP,2024,-7.727191934862741,0.13039831990098316,4.0,23.187303411776774,24.61674570105778,3.346859997919924,16.832465002170228,1.1235987586221017,1
115.65950313626736,-31.78833000000013,MMP,2024,-7.7655905266694925,0.13068408873667808,4.0,23.184128002215726,24.61070810010868,3.3429527308578515,16.849078377011637,0.9814439479286132,1
115.68150313626737,-31.78833000000013,MMP,2024,-7.855346048967961,0.13131199123295859,4.0,23.17801284548079,24.599019235147995,3.3355039516479565,16.421444560630068,0.8312637539752201,1
115.70350313626737,-31.78833000000013,MMP,2024,-8.115575988412917,0.1328815058524974,4.0,23.16871531614201,24.58072371543278,3.32483284702131,16.42123327310855,0.6412141441873143,1
115.72550313626738,-31.78833000000013,MMP,2024,-9.384370590811232,0.13906052824086929,4.0,23.17884825597992,24.59314268222362,3.3461031626903988,11.268889300882197,0.4459584961818964,1
115.4850065988485,-31.76633000000013,MMP,2024,-8.930310835717869,0.12417240474644942,4.0,23.155482146486854,24.56422086506243,3.3200939732595396,16.89287675815683,2.1601703081985746,1
115.5070065988485,-31.76633000000013,MMP,2024,-8.934484764071438,0.124133355793865,4.0,23.15536388731096,24.564064572944552,3.319953158928216,16.874925369267945,1.969030485480553,1
115.52900659884851,-31.76633000000013,MMP,2024,-8.939775443717199,0.1240928954452158,4.0,23.155213682809958,24.5638593212707,3.3197662766210354,16.858113183944216,1.7793394535363547,1
115.55100659884852,-31.76633000000013,MMP,2024,-8.946636930314474,0.12405400133576648,4.0,23.155017230250333,24.56358045076073,3.319509321057055,16.825991761385293,1.5915736949047268,1
115.57300659884852,-31.76633000000013,MMP,2024,-8.955771143395319,0.12402387971141449,4.0,23.154750601934172,24.563184966070637,3.3191399036714286,16.825991761385293,1.406411847794983,1
115.59500659884853,-31.76633000000013,MMP,2024,-8.968287606791733,0.12402004052159289,4.0,23.154370882133193,24.562592107419615,3.3185772525994155,16.820728451200107,1.2248115917446158,1
115.61700659884853,-31.76633000000013,MMP,2024,-8.985946204092691,0.1240870369274968,4.0,23.153793701785293,24.56163488763898,3.317651638580576,16.820728451200107,1.0480275058537472,1
115.63900659884854,-31.76633000000013,MMP,2024,-9.011375990549249,0.12434737356330061,4.0,23.15283065268449,24.55992110192276,3.3159574760027692,16.84024226493267,0.8771664165493891,1
115.66100659884854,-31.76633000000013,MMP,2024,-9.047431191936784,0.12517011143844148,4.0,23.150973825535555,24.55635717842691,3.312346462826143,16.848337211116387,0.7102962440391158,1
115.68300659884855,-31.76633000000013,MMP,2024,-9.092336898237468,0.12767984762337856,4.0,23.146422338984962,24.547179301206732,3.3028485676959733,16.476971242743772,0.5292486091461963,1
115.70500659884856,-31.76633000000013,MMP,2024,-9.106282219919729,0.13341988753608242,4.0,23.131892593150262,24.51931579170965,3.2738683248363714,16.29918918836881,0.276908381747633,1
115.72700659884856,-31.76633000000013,MMP,2024,-9.26152916362628,0.13594609972847818,4.0,23.137353806035414,24.526636167919705,3.281469971000139,11.171483309443726,0.322403366641634,1
115.4864777198339,-31.744330000000133,MMP,2024,-8.97637191218939,0.12376506916319119,4.0,23.155083272948097,24.56395477407956,3.320018634856794,16.88149481371239,2.1493330089267793,1
115.5084777198339,-31.744330000000133,MMP,2024,-8.99028544421135,0.12363309201488633,4.0,23.154886483604074,24.563756683000875,3.3198774389447494,16.87214828194806,1.958934547593757,1
115.53047771983391,-31.744330000000133,MMP,2024,-9.008648087911736,0.1234642122430148,4.0,23.15463357757005,24.563502443509172,3.3196977339354468,16.858030541068775,1.7703905939329723,1
115.55247771983392,-31.744330000000133,MMP,2024,-9.033555740319757,0.12324104466230743,4.0,23.15430032302081,24.563169195405727,3.3194650257329865,16.844685375515727,1.584505487910483,1
115.57447771983392,-31.744330000000133,MMP,2024,-9.06844186815114,0.12293380990995857,4.0,23.15384844579388,24.562722761417874,3.319159057217331,16.844685375515727,1.4026517047588292,1
115.59647771983393,-31.744330000000133,MMP,2024,-9.119164272772718,0.12248769112365447,4.0,23.153215961434352,24.56211318125873,3.31875425309096,16.864391146874194,1.2273900262935036,1
115.61847771983393,-31.744330000000133,MMP,2024,-9.196135743844318,0.12179243125323339,4.0,23.15230188628548,24.561276056709186,3.3182315581886703,16.864391146874194,1.0640652029443431,1
115.64047771983394,-31.744330000000133,MMP,2024,-9.31851511334833,0.12060150281692628,4.0,23.150951674492827,24.560175929032123,3.3176457418676315,16.885809722511517,0.9253318885910264,1
115.66247771983394,-31.744330000000133,MMP,2024,-9.521774756433391,0.11830248020528014,4.0,23.14900692982204,24.55906995768449,3.317445724167942,16.92338970637796,0.8440707645210479,1
115.68447771983395,-31.744330000000133,MMP,2024,-9.859964590734469,0.1134594255101745,4.0,23.146755344963413,24.559581537553413,3.319629719079705,16.633378244820523,0.623903075898249,1
115.70647771983396,-31.744330000000133,MMP,2024,-10.187401059072096,0.1078926218425621,4.0,23.145704808158108,24.562562200246653,3.3243791426668676,16.671402300166214,0.37847994899807436,1
115.48341541426663,-31.722330000000134,MMP,2024,-9.015429983031536,0.12340634435369097,4.0,23.154781957432707,24.563799064087117,3.320027450959876,16.877675353256382,2.1786226117045326,1
115.50541541426664,-31.722330000000134,MMP,2024,-9.036521398118426,0.1231963373032108,4.0,23.1545399187201,24.563597753516177,3.319915193904752,16.898740353347875,1.9887926659795676,1
115.52741541426664,-31.722330000000134,MMP,2024,-9.064066325342111,0.12292136955231565,4.0,23.154234002162518,24.563351946346717,3.3197860458412634,16.87680679807465,1.8011690240343396,1
115.54941541426665,-31.722330000000134,MMP,2024,-9.10089486946543,0.12254924799213504,4.0,23.15384067652739,24.563052154566027,3.319643248721535,16.864391146874194,1.6168539337278822,1
115.57141541426665,-31.722330000000134,MMP,2024,-9.151488369918635,0.12202471317579996,4.0,23.153326256032443,24.56269232775321,3.319501589507374,16.864391146874194,1.4378396320481621,1
115.59341541426666,-31.722330000000134,MMP,2024,-9.223208477096392,0.12124695174863885,4.0,23.152643545966264,24.562283171603024,3.319407591794451,16.864391146874194,1.2680507857424674,1
115.61541541426666,-31.722330000000134,MMP,2024,-9.328669769950599,0.12001892503818919,4.0,23.151731580785167,24.561893319943668,3.319495112559949,16.87332368655673,1.115973862011989,1
115.63741541426667,-31.722330000000134,MMP,2024,-9.490513938537504,0.1179279901739678,4.0,23.150531565022593,24.561771816817938,3.3201396646838743,16.893782177718347,1.001474563288957,1
115.65941541426668,-31.722330000000134,MMP,2024,-9.750243155551878,0.11408395902911947,4.0,23.14905879303681,24.562674045469546,3.3223499867280655,16.903918368495166,0.7691948389629849,1
115.68141541426668,-31.722330000000134,MMP,2024,-10.164613538074782,0.10698860189114265,4.0,23.147595097586503,24.56626461032092,3.328182430560555,16.732270831553397,0.4385174949977584,1
115.70341541426669,-31.722330000000134,MMP,2024,-10.5896616911392,0.09888443287512129,4.0,23.14680229207922,24.571709472715614,3.336058581494933,16.6685595413926,0.09000839850854601,1
115.4721130485512,-31.700330000000136,MMP,2024,-9.038684480185232,0.12319469594190305,4.0,23.154644636058396,24.563773473820135,3.3201006282267134,16.8860149520131,2.279696310827923,1
115.4941130485512,-31.700330000000136,MMP,2024,-9.062020625425351,0.12295497265392419,4.0,23.154402161399243,24.56359740463923,3.320024750634641,16.853420886356535,2.089664135214958,1
115.5161130485512,-31.700330000000136,MMP,2024,-9.091661790117367,0.12264660294333533,4.0,23.154104358044684,24.56339320445341,3.3199486054986624,16.86836097760036,1.901755418974422,1
115.53811304855121,-31.700330000000136,MMP,2024,-9.129944713110513,0.12223990239462004,4.0,23.153734982578907,24.563160511049702,3.3198828493860915,16.864391146874194,1.7169869000223474,1
115.56011304855122,-31.700330000000136,MMP,2024,-9.180286360962787,0.12168791240107248,4.0,23.153273157461705,24.562906090017353,3.319850922071369,16.864391146874194,1.5371150606003612,1
115.58211304855122,-31.700330000000136,MMP,2024,-9.24774329412061,0.12091418032168248,4.0,23.15269356993704,24.5626541672416,3.3199028240592905,16.864391146874194,1.365354106020204,1
115.60411304855123,-31.700330000000136,MMP,2024,-9.339800814722455,0.11979190537805867,4.0,23.15196977708692,24.562468590915227,3.3201427129072445,16.87332368655673,1.2078945492108937,1
115.62611304855123,-31.700330000000136,MMP,2024,-9.467144668975152,0.11811397224124673,4.0,23.15108564893706,24.562494920108342,3.320777831668329,16.88730700936818,1.0769035397076412,1
115.64811304855124,-31.700330000000136,MMP,2024,-9.64251824637299,0.1155836548146414,4.0,23.150064237086372,24.563012201523264,3.3221687047744997,16.890374033778954,0.8810436363464854,1
115.67011304855124,-31.700330000000136,MMP,2024,-9.868319773991017,0.11201373639126631,4.0,23.149023330758457,24.56435437951292,3.324685567021774,16.927807624016218,0.6537107343696623,1
115.69211304855125,-31.700330000000136,MMP,2024,-10.087168789393553,0.10831377303632043,4.0,23.1482425628848,24.566203262725796,3.3277117784104218,16.673602807220888,0.4420841458448768,1
115.46081068283576,-31.678330000000138,MMP,2024,-9.053200582123225,0.12306840721258316,4.0,23.15457729309431,24.563783145817236,3.3201716230474387,17.70246220798734,2.3810006082489377,0
115.48281068283576,-31.678330000000138,MMP,2024,-9.076535074035009,0.12282502304450509,4.0,23.154348588522765,24.563632195829882,3.320121714914721,16.853420886356535,2.190647375942062,1
115.50481068283577,-31.678330000000138,MMP,2024,-9.105329631359858,0.12251999674111472,4.0,23.15407531760926,24.563463952210025,3.320079029882496,16.873126657714998,2.0022247102133575,1
115.52681068283577,-31.678330000000138,MMP,2024,-9.141231749465504,0.12213124119002285,4.0,23.153747357483855,24.563281177046253,3.320054291932786,16.870960591318635,1.8165720328592596,1
115.54881068283578,-31.678330000000138,MMP,2024,-9.186434436155592,0.12162704330919555,4.0,23.153353117275657,24.563092316547838,3.320066911483034,16.870960591318635,1.6350518783310792,1
115.57081068283578,-31.678330000000138,MMP,2024,-9.243796855275276,0.12096207024797125,4.0,23.152880736539533,24.5629166107974,3.3201510543792896,16.864391146874194,1.4599538432984607,1
115.59281068283579,-31.678330000000138,MMP,2024,-9.316839396069367,0.12007363589471043,4.0,23.15232131407908,24.562792090257954,3.3203642185686832,16.87332368655673,1.2952143822329514,1
115.6148106828358,-31.678330000000138,MMP,2024,-9.409246119736483,0.11888394344669603,4.0,23.151676030982408,24.56278462128522,3.3207945876000293,16.885157125108922,1.1475397223214585,1
115.6368106828358,-31.678330000000138,MMP,2024,-9.522854401029752,0.11732755433460461,4.0,23.15096957569812,24.562985902478836,3.321549267854524,16.88049977031094,1.00238763376152,1
115.6588106828358,-31.678330000000138,MMP,2024,-9.651906761778001,0.11545182214558698,4.0,23.15027070187456,24.56346259279221,3.3226720479124996,16.894061178039017,0.823379997464148,1
115.68081068283581,-31.678330000000138,MMP,2024,-9.771898636517786,0.11363955155811074,4.0,23.14971207396049,24.564104520661346,3.323926414443651,16.542040833003956,0.6680934907389966,1
115.44950831712032,-31.65633000000014,MMP,2024,-9.061227660390456,0.1230073692904988,4.0,23.15455850604699,24.563812079167914,3.32023372988176,17.406172086491154,2.4825527932762674,0
115.47150831712032,-31.65633000000014,MMP,2024,-9.083308812350593,0.12277584624212984,4.0,23.154349927147624,24.563682900774626,3.320200533351276,17.692117764899756,2.2918246662217547,0
115.49350831712033,-31.65633000000014,MMP,2024,-9.109823840881912,0.1224935290991845,4.0,23.154106818238652,24.56354292572823,3.3201765929208245,16.873126657714998,2.1028010261958205,1
115.51550831712034,-31.65633000000014,MMP,2024,-9.141831169182396,0.12214579606256117,4.0,23.153823330667958,24.563395312776862,3.320170258537893,16.868886826365795,1.9161432550353101,1
115.53750831712034,-31.65633000000014,MMP,2024,-9.180603193131848,0.12171367389940055,4.0,23.153493634437005,24.563246841996666,3.3201947734402277,16.85851217862022,1.7328640327958054,1
115.55950831712035,-31.65633000000014,MMP,2024,-9.227578665754493,0.12117347647937649,4.0,23.153113102078958,24.56311002220534,3.3202703116614076,16.870960591318635,1.5545465076606877,1
115.58150831712035,-31.65633000000014,MMP,2024,-9.284167808077301,0.12049826673735624,4.0,23.152680621942427,24.56300542820493,3.3204255601274686,16.872865353223396,1.3836901334712444,1
115.60350831712036,-31.65633000000014,MMP,2024,-9.351226850325789,0.11966440316005172,4.0,23.152202652569922,24.562962531212047,3.3206960992647456,16.87332368655673,1.2241872582988886,1
115.62550831712036,-31.65633000000014,MMP,2024,-9.427880115606177,0.11866972614728978,4.0,23.151699455876802,24.563014326578642,3.3211129833974278,16.88730700936818,1.0817320491814384,1
115.64750831712037,-31.65633000000014,MMP,2024,-9.509340908512415,0.11757214021520049,4.0,23.15121279498089,24.563177519047827,3.3216709619549296,16.878673170984342,0.9542894633413851,1
115.66950831712037,-31.65633000000014,MMP,2024,-9.584130680528895,0.11654543380908758,4.0,23.1508111322266,24.563414859562073,3.3222745254535604,16.888277548088716,0.8173357650173018,1
115.43820595140487,-31.63433000000014,MMP,2024,-9.064656514202031,0.1229928569702135,4.0,23.15457201776484,24.56385101489365,3.3202857985040324,17.409126631945696,2.5843881180410735,0
115.46020595140487,-31.63433000000014,MMP,2024,-9.084908274326736,0.122780762301857,4.0,23.154385317209314,24.563739846290762,3.3202627435225476,17.42794906596249,2.3932852948877144,0
115.48220595140488,-31.63433000000014,MMP,2024,-9.108638849464041,0.12252873990579169,4.0,23.154172394440533,24.563621678709197,3.3202484554659826,17.69004655678688,2.203673290005637,1
115.50420595140488,-31.63433000000014,MMP,2024,-9.136487397650018,0.12222778563027639,4.0,23.15393011621134,24.56349919720671,3.320248788404791,17.69453729752762,2.0160689520820645,1
115.52620595140489,-31.63433000000014,MMP,2024,-9.169140580581347,0.12186738511157622,4.0,23.15365592873686,24.56337722818109,3.3202721096366608,16.87355764819694,1.831227034627068,1
115.5482059514049,-31.63433000000014,MMP,2024,-9.20725085310581,0.12143622169974021,4.0,23.153348754885574,24.56326353103499,3.320329759832281,16.868225720286887,1.6502656610394297,1
115.5702059514049,-31.63433000000014,MMP,2024,-9.251259038997231,0.12092426581646541,4.0,23.153010465112178,24.56316933371219,3.3204357806255143,16.85851217862022,1.4748530010064977,1
115.5922059514049,-31.63433000000014,MMP,2024,-9.301052932604813,0.12032755490944089,4.0,23.15264807783063,24.563108778265455,3.320604685027622,16.879893131001175,1.3074626752901206,1
115.61420595140491,-31.63433000000014,MMP,2024,-9.35538560011592,0.11965742536045659,4.0,23.15227663984874,24.563095761250302,3.320845271902137,16.879893131001175,1.1516597104004955,1
115.63620595140492,-31.63433000000014,MMP,2024,-9.411052135755394,0.11895507264792816,4.0,23.151922156165508,24.563136494784562,3.321148669860994,16.88698372443552,1.012263744699205,1
115.65820595140492,-31.63433000000014,MMP,2024,-9.462120184908672,0.1183072250341774,4.0,23.151622806122834,24.563218555308797,3.321472841226507,16.889133608694777,0.8950901568661285,1
115.42690358568943,-31.612330000000142,MMP,2024,-9.064941812522246,0.12300975718361119,4.0,23.154606152005066,24.563894703383085,3.320328936121068,17.39896955522612,2.6865334781032937,0
115.44890358568944,-31.612330000000142,MMP,2024,-9.08319230192469,0.12281962896985935,4.0,23.154440662825376,24.56379827784093,3.320311849093761,17.398987743056807,2.495088407932108,0
115.47090358568944,-31.612330000000142,MMP,2024,-9.104125926411058,0.12259889734197085,4.0,23.15425544059372,24.563697113624702,3.320302169492036,17.415738968960728,2.304951005295241,0
115.49290358568945,-31.612330000000142,MMP,2024,-9.128109442150274,0.1223423068230029,4.0,23.15404898062037,24.563593294347225,3.320303819049521,17.693578964194288,2.1165303417890633,1
115.51490358568945,-31.612330000000142,MMP,2024,-9.155486492195191,0.12204440342334641,4.0,23.153820483147946,24.563490155722683,3.3203219441688114,17.693578964194288,1.9304027938582915,1
115.53690358568946,-31.612330000000142,MMP,2024,-9.18650675773026,0.12170033839984949,4.0,23.153570466793916,24.5633925643622,3.3203628769560503,16.877797479546146,1.7473907407107663,1
115.55890358568946,-31.612330000000142,MMP,2024,-9.2212028320048,0.12130747012028564,4.0,23.153301657704592,24.563306963275664,3.3204335957913154,16.863749988264285,1.568678306038079,1
115.58090358568947,-31.612330000000142,MMP,2024,-9.259193969159961,0.12086820744995884,4.0,23.1530201664834,24.563240839549916,3.320540214657618,16.87838803289712,1.3959771726985852,1
115.60290358568948,-31.612330000000142,MMP,2024,-9.299407414398335,0.12039444934938741,4.0,23.152736835992368,24.563201145945214,3.320684951984712,16.877607030912994,1.231753972423853,1
115.62490358568948,-31.612330000000142,MMP,2024,-9.339754001970572,0.11991329136697566,4.0,23.152468382525722,24.56319137064886,3.320861424316674,16.877607030912994,1.0795228268141888,1
115.64690358568949,-31.612330000000142,MMP,2024,-9.376899239408685,0.11947183712627658,4.0,23.152237560850274,24.563207849508135,3.321049581027379,16.895191175934634,0.9441895323787088,1
115.415601219974,-31.590330000000144,MMP,2024,-9.063145171961397,0.12304681555777305,4.0,23.154652810661872,24.56394016821996,3.3203648472502434,17.405293629300196,2.7890006680001336,0
115.437601219974,-31.590330000000144,MMP,2024,-9.07943988673028,0.12287839697528748,4.0,23.15450675651991,24.56385586422454,3.320351239703042,17.39896955522612,2.5972602296117464,0
115.459601219974,-31.590330000000144,MMP,2024,-9.097789910900708,0.1226868097242139,4.0,23.154345890984775,24.563768224616652,3.320343570735764,17.420746534697457,2.4066776696056165,0
115.48160121997401,-31.590330000000144,MMP,2024,-9.118393819928063,0.12246914466128395,4.0,23.154169645523194,24.56367882530797,3.320344426531071,17.418675326584587,2.217584035852894,1
115.50360121997402,-31.590330000000144,MMP,2024,-9.141403741349887,0.1222228109147611,4.0,23.15397810631433,24.56358998983114,3.3203569677087392,17.693560776363597,2.030433726695518,1
115.52560121997402,-31.590330000000144,MMP,2024,-9.16687374039137,0.12194617151070299,4.0,23.153772415036453,24.563504880497497,3.320384780928213,17.69824978602544,1.845858564209233,1
115.54760121997403,-31.590330000000144,MMP,2024,-9.194681692272734,0.12163959609248626,4.0,23.153555296724022,24.56342744138704,3.320431444803672,17.69824978602544,1.664747973198798,1
115.56960121997403,-31.590330000000144,MMP,2024,-9.224420184679836,0.12130705544168736,4.0,23.15333169181553,24.563362056045467,3.3204996412560592,16.86765859065726,1.4883689261197506,1
115.59160121997404,-31.590330000000144,MMP,2024,-9.255261394089501,0.12095826231807194,4.0,23.153109400066594,24.563312775195747,3.3205896801869588,16.865245358634652,1.3185477112791595,1
115.61360121997404,-31.590330000000144,MMP,2024,-9.285822828923738,0.12061101837480298,4.0,23.152899530845602,24.56328207907464,3.320697528232095,16.855515861280157,1.1579498640793435,1
115.63560121997405,-31.590330000000144,MMP,2024,-9.314097868369785,0.12029277272775149,4.0,23.15271641538327,24.563269461407796,3.3208129576728775,16.877181683690768,1.0105128834855055,1
115.40429885425856,-31.568330000000145,MMP,2024,-9.060016474892194,0.12309605826093586,4.0,23.154706509698062,24.56398570941393,3.320395147689596,17.428077154747413,2.891788074452668,0
115.42629885425856,-31.568330000000145,MMP,2024,-9.074504018146554,0.12294773382891251,4.0,23.15457772986349,24.563911466730694,3.320383593842398,17.417303660164393,2.699802441338981,0
115.44829885425857,-31.568330000000145,MMP,2024,-9.090564812892394,0.12278195066869009,4.0,23.15443781938136,24.56383480474999,3.320376687075086,17.42707060877153,2.5088547046913843,0
115.47029885425857,-31.568330000000145,MMP,2024,-9.108296904162836,0.12259721273433732,4.0,23.154286726017737,24.563756917614892,3.3203761343920255,17.418675326584587,2.319219515179432,0
115.49229885425858,-31.568330000000145,MMP,2024,-9.127749250383394,0.12239249041236204,4.0,23.15412494748978,24.563679462655177,3.320383901453571,17.418675326584587,2.1312666942439207,1
115.51429885425858,-31.568330000000145,MMP,2024,-9.148886604388334,0.12216766747269352,4.0,23.153953788461898,24.563604586194383,3.320402072997641,17.429392077426336,1.9455011638593314,1
115.53629885425859,-31.568330000000145,MMP,2024,-9.171541459701691,0.1219241960763278,4.0,23.153775673413495,24.56353486373735,3.3204325597665205,17.69823159819475,1.7626226940206398,1
115.5582988542586,-31.568330000000145,MMP,2024,-9.195353451300525,0.12166598028800885,4.0,23.153594490441638,24.563473099589046,3.320476594766485,17.69823159819475,1.583617445398028,1
115.5802988542586,-31.568330000000145,MMP,2024,-9.219702126153623,0.12140043056250886,4.0,23.153415905566153,24.563421940573622,3.320533998508024,17.69824978602544,1.4099022714544471,1
115.6022988542586,-31.568330000000145,MMP,2024,-9.243648916140097,0.12113947286348194,4.0,23.153247537830303,24.56338331316165,3.3206022992920805,17.689069230469883,1.2435587636618128,1
115.62429885425861,-31.568330000000145,MMP,2024,-9.2659177469602,0.12090005515508918,4.0,23.153098834702657,24.563357812601044,3.320675988513946,16.877820903267487,1.0877182861520212,1
115.39299648854312,-31.546330000000147,MMP,2024,-9.056074366543516,0.12315202187479589,4.0,23.154763603377095,24.564030353056616,3.320421153528784,17.22588740071119,2.994884687462053,0
115.41499648854312,-31.546330000000147,MMP,2024,-9.068941964138896,0.12302164895112563,4.0,23.154649924355184,24.563964548849597,3.320410858686721,17.228489913938706,2.802701469317121,0
115.43699648854313,-31.546330000000147,MMP,2024,-9.083017303890598,0.12287812113166967,4.0,23.15452785304697,24.563896953468287,3.3204041671974593,17.428077154747413,2.611460641870225,0
115.45899648854314,-31.546330000000147,MMP,2024,-9.098339859668927,0.12272076998932806,4.0,23.154397606574705,24.56382848422425,3.3204022180341184,17.42707060877153,2.4213955511960035,0
115.48099648854314,-31.546330000000147,MMP,2024,-9.11490519667784,0.12254938795383503,4.0,23.154259843227095,24.563760357965176,3.3204062594558414,17.42889021855989,2.2328158624656784,1
115.50299648854315,-31.546330000000147,MMP,2024,-9.13264173396237,0.12236452778253726,4.0,23.154115826454465,24.563694095544424,3.320417543377383,17.422566144485817,2.046138579516617,1
115.52499648854315,-31.546330000000147,MMP,2024,-9.151381379148852,0.1221679029448038,4.0,23.153967611552336,24.563631477844034,3.320437138717227,17.43613630542056,1.8619346146151676,1
115.54699648854316,-31.546330000000147,MMP,2024,-9.170825444788473,0.1219628803965558,4.0,23.153818235678866,24.563574430665113,3.3204656461502084,17.440908262613263,1.6810006777780844,1
115.56899648854316,-31.546330000000147,MMP,2024,-9.190510225322488,0.12175501376816,4.0,23.15367187394833,24.563524824015715,3.32050281976771,17.69823159819475,1.504473705938174,1
115.59099648854317,-31.546330000000147,MMP,2024,-9.20978108586527,0.12155249290544283,4.0,23.1535339025241,24.563484196963742,3.3205471502098285,17.69823159819475,1.3340183603679592,1
115.61299648854317,-31.546330000000147,MMP,2024,-9.22778912417569,0.12136629327289666,4.0,23.15341079057016,24.563453465659563,3.3205955388849753,17.69823159819475,1.1721396658390653,1
115.38169412282768,-31.52433000000015,MMP,2024,-9.051672289362202,0.12321105711801231,4.0,23.154821709943683,24.56407354841198,3.320443867077276,17.49946720823258,3.0982738905557383,0
115.40369412282769,-31.52433000000015,MMP,2024,-9.063111907800256,0.12309640856457099,4.0,23.15472111761004,24.564014890232265,3.320434397544351,17.323252724497713,2.9059355850574065,0
115.4256941228277,-31.52433000000015,MMP,2024,-9.075483273381522,0.12297182276312844,4.0,23.154614170169026,24.5639548890699,3.320427720784784,17.229343088541878,2.714463490766108,0
115.4476941228277,-31.52433000000015,MMP,2024,-9.088792674749723,0.12283710306333123,4.0,23.154501212149576,24.563894262226977,3.320424609735684,17.304457178348677,2.5240600789157854,0
115.4696941228277,-31.52433000000015,MMP,2024,-9.103009763695393,0.1226924539534297,4.0,23.154382934317745,24.563833929102874,3.320425877847581,17.44985413421875,2.3349909370450175,0
115.49169412282771,-31.52433000000015,MMP,2024,-9.11805231701617,0.12253867785219309,4.0,23.154260478594615,24.563775009549666,3.320432305117365,17.42499940065866,2.1476097088919524,1
115.51369412282772,-31.52433000000015,MMP,2024,-9.133768201263276,0.12237741954076911,4.0,23.15413555062712,24.56371879455025,3.320444521288701,17.416928659917918,1.9623954406765562,1
115.53569412282772,-31.52433000000015,MMP,2024,-9.149915861737178,0.1222114448954831,4.0,23.1540105264928,24.563666679419757,3.3204628420669176,17.437017444712026,1.7800100735325697,1
115.55769412282773,-31.52433000000015,MMP,2024,-9.166146212191965,0.12204491748836156,4.0,23.15388853095508,24.56362005478978,3.320487067090526,17.440908262613263,1.6013895717034583,1
115.57969412282773,-31.52433000000015,MMP,2024,-9.181990852658709,0.12188360354401569,4.0,23.153773454816772,24.563580162630608,3.3205162711462606,17.440908262613263,1.427892376108926,1
115.60169412282774,-31.52433000000015,MMP,2024,-9.196863619786432,0.12173489881401403,4.0,23.153669871657286,24.563547943687862,3.320548650661736,17.440908262613263,1.2615459167032965,1
115.37039175711224,-31.50233000000015,MMP,2024,-9.04704817080442,0.12327078231178276,4.0,23.15487930491255,24.5641149980623,3.3204640281066777,17.260695045519224,3.201936305008779,0
115.39239175711225,-31.50233000000015,MMP,2024,-9.057240222155098,0.12316976077770958,4.0,23.154790009843556,24.564062442928055,3.3204551511996505,17.29405533980712,3.0094795749166914,0
115.41439175711226,-31.50233000000015,MMP,2024,-9.068155444163413,0.12306120293851036,4.0,23.154695879782544,24.564008874461457,3.320448449154458,17.541630869953305,2.817827874505135,0
115.43639175711226,-31.50233000000015,MMP,2024,-9.079782067632696,0.122945171672825,4.0,23.154597306937458,24.56395486379756,3.3204444574570853,17.570454742739138,2.6271600513290916,0
115.45839175711227,-31.50233000000015,MMP,2024,-9.092078744732001,0.12282205998811684,4.0,23.15449495269433,24.563901123754157,3.32044372169536,17.48043592468454,2.437708413654773,0
115.48039175711227,-31.50233000000015,MMP,2024,-9.10496454957069,0.1226927196404122,4.0,23.154389815176206,24.563848506032855,3.32044674733931,17.57426783090351,2.2497792615475842,1
115.50239175711228,-31.50233000000015,MMP,2024,-9.118307785271549,0.12255861133355334,4.0,23.154283297935766,24.56379798221744,3.3204539266256536,17.444026902863243,2.06378342443816,1
115.52439175711228,-31.50233000000015,MMP,2024,-9.131914601421443,0.12242196500940668,4.0,23.154177270717483,24.563750604086252,3.320465442569758,17.42889021855989,1.8802828791011859,1
115.54639175711229,-31.50233000000015,MMP,2024,-9.145519239284202,0.1222859266003197,4.0,23.154074108582115,24.563707441606248,3.3204811570896386,17.43527077804536,1.7000638614220682,1
115.5683917571123,-31.50233000000015,MMP,2024,-9.158778684962966,0.12215465212383338,4.0,23.153976691128754,24.56366950270305,3.3205005009955912,17.437017444712026,1.5242545023134124,1
115.3590893913968,-31.48033000000015,MMP,2024,-9.042360153700495,0.12332968316072955,4.0,23.15493544005872,24.564154559727033,3.3204821759430567,17.264057973017113,3.3058516889622007,0
115.3810893913968,-31.48033000000015,MMP,2024,-9.05146681181086,0.1232404093788896,4.0,23.154855888781928,24.56410725531311,3.3204737682970293,17.272260702084882,3.113307541997553,0
115.4030893913968,-31.48033000000015,MMP,2024,-9.061138419597828,0.12314539398425234,4.0,23.154772642215875,24.564059185342277,3.3204670678036994,17.314424363805607,2.921518816984039,0
115.42508939139681,-31.48033000000015,MMP,2024,-9.071354057455546,0.1230448344943197,4.0,23.154686096845303,24.56401081219448,3.3204624539990477,17.297511027637807,2.7306458520984687,0
115.44708939139682,-31.48033000000015,MMP,2024,-9.082069294571957,0.12293919285059143,4.0,23.154596857898262,24.563962700887288,3.320460304056469,17.297511027637807,2.5408951116527603,0
115.46908939139682,-31.48033000000015,MMP,2024,-9.09320958911311,0.12282927963934548,4.0,23.15450578321429,24.563915516546018,3.3204609590320087,17.32633490042364,2.352536377136692,0
115.49108939139683,-31.48033000000015,MMP,2024,-9.104663252500034,0.12271634732132997,4.0,23.154414025658962,24.563870012084426,3.320464677672864,17.502212904155872,2.1659280815792434,1
115.51308939139683,-31.48033000000015,MMP,2024,-9.11627468579504,0.1226021839452409,4.0,23.1543230680952,24.563827003901885,3.3204715788419317,17.5013597295527,1.9815555533793363,1
115.53508939139684,-31.48033000000015,MMP,2024,-9.127839025983233,0.12248919240944516,4.0,23.154234742508923,24.563787334971526,3.320481577351623,17.69979056083705,1.8000901974858305,1
115.55708939139684,-31.48033000000015,MMP,2024,-9.139099803182042,0.12238043291180419,4.0,23.154151222743916,24.563751827509762,3.3204943232397226,17.69979056083705,1.622483294667728,1
115.34778702568136,-31.458330000000153,MMP,2024,-9.03771166300426,0.12338683059270071,4.0,23.154989551877783,24.56419218752992,3.3204987035080786,17.278853440039107,3.4100001043039585,0
115.36978702568136,-31.458330000000153,MMP,2024,-9.045875178879777,0.12330766604399838,4.0,23.154918412840104,24.564149429569117,3.3204906997015455,17.273438654835292,3.2173944591354333,0
115.39178702568137,-31.458330000000153,MMP,2024,-9.05448296516638,0.12322410669122442,4.0,23.15484443787914,24.564106095105327,3.3204840491592553,17.32219855913188,3.025503567850885,0
115.41378702568137,-31.458330000000153,MMP,2024,-9.06351012687367,0.1231364121962043,4.0,23.154768005315667,24.564062563971813,3.3204790273526736,17.315036963011956,2.8344729339006958,0
115.43578702568138,-31.458330000000153,MMP,2024,-9.072913198265423,0.12304505132408466,4.0,23.154689655592307,24.564019292401074,3.3204759031122215,17.315036963011956,2.64448843492344,0
115.45778702568138,-31.458330000000153,MMP,2024,-9.082625750063347,0.12295075740625537,4.0,23.154610120017566,24.56397681103768,3.3204749159269675,17.297511027637807,2.455790903628095,0
115.47978702568139,-31.458330000000153,MMP,2024,-9.092553907050206,0.12285458687299708,4.0,23.154530347238435,24.563935716829914,3.3204762463611988,17.297511027637807,2.2686973903842613,1
115.5017870256814,-31.458330000000153,MMP,2024,-9.102572260878437,0.12275797488135518,4.0,23.154451523491634,24.563896657645124,3.320479980678547,17.33785282192396,2.0836328640444655,1
115.5237870256814,-31.458330000000153,MMP,2024,-9.112520893265469,0.1226627786400745,4.0,23.154375081410087,24.563860309317594,3.3204860727916237,17.258093061840377,1.9011785678103337,1
115.5457870256814,-31.458330000000153,MMP,2024,-9.122204452909761,0.12257129539311891,4.0,23.154302691141606,24.56382734627093,3.3204943092802717,17.25693665231602,1.7221474515290334,1
115.33648465996592,-31.436330000000154,MMP,2024,-9.033168760865399,0.12344168609450062,4.0,23.155041331966725,24.564227895703972,3.3205138990854026,17.5017000201649,3.4070191140099833,0
115.35848465996592,-31.436330000000154,MMP,2024,-9.040512211935843,0.12337122386383502,4.0,23.154977471387845,24.564189096748294,3.3205062633985616,17.411576285128042,3.321716946490825,0
115.38048465996593,-31.436330000000154,MMP,2024,-9.048207299134473,0.1232973827515843,4.0,23.15491142683563,24.564149867022437,3.3204997122045508,17.408426152308298,3.1297523394593347,0
115.40248465996594,-31.436330000000154,MMP,2024,-9.056228099900014,0.12322044325073568,4.0,23.154843547968476,24.564110522476547,3.3204944502611795,17.455979608715012,2.9386021183045528,0
115.42448465996594,-31.436330000000154,MMP,2024,-9.06453403864485,0.12314085039159103,4.0,23.15477431084847,24.56407143720565,3.320490674972627,17.323707818391142,2.748435389742777,0
115.44648465996595,-31.436330000000154,MMP,2024,-9.073066934656218,0.12305925054490068,4.0,23.154704336945123,24.564033041949614,3.320488561026088,17.313090534440526,2.5594694987993383,0
115.46848465996595,-31.436330000000154,MMP,2024,-9.081748108464932,0.1229765285959016,4.0,23.154634409809404,24.56399581863221,3.320488241140962,17.313090534440526,2.3719880487251257,0
115.49048465996596,-31.436330000000154,MMP,2024,-9.09047587534835,0.12289384139839397,4.0,23.15456548680105,24.563960290284857,3.320489783805818,17.313090534440526,2.1863674263809156,1
115.51248465996596,-31.436330000000154,MMP,2024,-9.099123880150879,0.12281264156321547,4.0,23.15449870257015,24.563927006183178,3.320493169993714,17.296177198272726,2.003116681612848,1
115.53448465996597,-31.436330000000154,MMP,2024,-9.10754084231991,0.12273468381323296,4.0,23.15443536050705,24.56389652278076,3.3204982722012457,17.322624999575215,1.8229387555785486,1
115.32518229425048,-31.414330000000156,MMP,2024,-9.028772084631894,0.1234939690929163,4.0,23.15509063962232,24.564261735546257,3.3205279768398634,17.72350406279095,3.3338531032309593,0
115.34718229425049,-31.414330000000156,MMP,2024,-9.035401176826621,0.12343101112848003,4.0,23.155033094885347,24.564226401637608,3.3205206880416926,17.728931146124285,3.426253591608685,0
115.36918229425049,-31.414330000000156,MMP,2024,-9.042310312052575,0.1233654450496998,4.0,23.154973863834844,24.564190750072427,3.32051427831684,17.694613532820632,3.2342384693533988,0
115.3911822942505,-31.414330000000156,MMP,2024,-9.049474164650912,0.12329754932246843,4.0,23.15491326364956,24.5641550464759,3.320508903424368,17.652812939978823,3.0429992970845867,0
115.4131822942505,-31.414330000000156,MMP,2024,-9.056855823506806,0.1232277318271041,4.0,23.154851710584907,24.564119601535417,3.3205047124699285,17.42827401433958,2.852691249447909,0
115.43518229425051,-31.414330000000156,MMP,2024,-9.064404788176363,0.12315655448493994,4.0,23.154789732642985,24.56408476986954,3.320501837407309,17.439671335768153,2.663512235123485,0
115.45718229425052,-31.414330000000156,MMP,2024,-9.072055077521744,0.1230847571253885,4.0,23.154727980148092,24.564050946249292,3.3205003802972066,17.439671335768153,2.4757182982809867,0
115.47918229425052,-31.414330000000156,MMP,2024,-9.079723673617965,0.12301327781342654,4.0,23.15466723247956,24.56401855877517,3.320500398965062,17.36939026004369,2.2896460048450877,0
115.50118229425053,-31.414330000000156,MMP,2024,-9.087309593208001,0.12294326583740817,4.0,23.15460839884406,24.563988058888537,3.3205018923247347,17.302172056179653,2.1057456257282983,1
115.52318229425053,-31.414330000000156,MMP,2024,-9.094693937654336,0.12287608262866662,4.0,23.154552510738515,24.563959908509517,3.3205047873543463,17.302172056179653,1.9246313023161907,1
115.31387992853504,-31.392330000000157,MMP,2024,-9.02454503735772,0.12354356728113054,4.0,23.155137443011302,24.564293780489116,3.3205410984869905,17.771228985630454,3.2626237830729967,0
115.33587992853505,-31.392330000000157,MMP,2024,-9.030550242839086,0.1234870974598416,4.0,23.155085397203838,24.56426149340087,3.320534141855477,17.7781271337786,3.3791673278724814,0
115.35787992853506,-31.392330000000157,MMP,2024,-9.036779774426336,0.12342860781835105,4.0,23.15503204726602,24.564228976846685,3.3205279060476025,17.71351140060301,3.3389382977480926,0
115.37987992853506,-31.392330000000157,MMP,2024,-9.04320974594366,0.12336836279379555,4.0,23.15497767770687,24.564196456181698,3.3205225121751707,17.72517770129105,3.1476349037341,0
115.40187992853507,-31.392330000000157,MMP,2024,-9.049807075496132,0.12330672884527547,4.0,23.154922651165325,24.564164192210686,3.320518075834261,17.738337890789552,2.957218233104061,0
115.42387992853507,-31.392330000000157,MMP,2024,-9.056528111706662,0.1232441910727559,4.0,23.154867416920727,24.564132480321142,3.3205146998482356,17.68497164138209,2.767869838795838,0
115.44587992853508,-31.392330000000157,MMP,2024,-9.063317383340804,0.12318136869065285,4.0,23.15481251762877,24.564101647793127,3.3205124656878744,17.6897169290805,2.5798226856559556,0
115.46787992853508,-31.392330000000157,MMP,2024,-9.070106624054212,0.12311902746581717,4.0,23.154758593102972,24.56407204903146,3.320511424021313,17.662388896337617,2.3933801925933875,0
115.48987992853509,-31.392330000000157,MMP,2024,-9.076814263097315,0.12305808666039586,4.0,23.15470637975995,24.564044058626507,3.320511585203494,17.68536029184026,2.2089440769790003,1
115.5118799285351,-31.392330000000157,MMP,2024,-9.083345603199856,0.12299961754042632,4.0,23.15465670423983,24.5640180623842,3.3205129109077873,17.364612788990854,2.027055829035404,1
115.30257756281961,-31.37033000000016,MMP,2024,-9.020499404790478,0.12359047627734403,4.0,23.155181779620754,24.56432411630733,3.3205533884604663,17.77400676340823,3.193463326402176,0
115.32457756281961,-31.37033000000016,MMP,2024,-9.025958081820152,0.12353963385661858,4.0,23.155134538726422,24.56429451978628,3.3205467517616887,17.77400676340823,3.306253655962316,0
115.34657756281962,-31.37033000000016,MMP,2024,-9.031597424165751,0.12348722333131028,4.0,23.15508628889597,24.56426476274474,3.3205407128827336,17.780904911556377,3.426812320943271,0
115.36857756281962,-31.37033000000016,MMP,2024,-9.037395370102022,0.12343348943570287,4.0,23.155037283645054,24.564235037873946,3.3205353679286116,17.7809172096859,3.2524833319746205,0
115.39057756281963,-31.37033000000016,MMP,2024,-9.043322522672293,0.12337875764755747,4.0,23.15498783850052,24.56420556610416,3.32053080864579,17.72517770129105,3.0619843316229893,0
115.41257756281964,-31.37033000000016,MMP,2024,-9.04934119891704,0.12332344549466984,4.0,23.154938336753066,24.564176595924398,3.3205271173427082,17.767341363011774,2.872501508251774,0
115.43457756281964,-31.37033000000016,MMP,2024,-9.055404594874181,0.12326807267023548,4.0,23.154889233750826,24.56414840141301,3.320524361011858,17.74620484644863,2.684248229767436,0
115.45657756281965,-31.37033000000016,MMP,2024,-9.06145617051175,0.12321326866534422,4.0,23.15484105892917,24.564121278808067,3.3205225849672826,17.69768213921759,2.4974999556722834,0
115.47857756281965,-31.37033000000016,MMP,2024,-9.067429381058767,0.12315977630495568,4.0,23.154794414660632,24.564095541543224,3.320521806519373,17.68497164138209,2.3126177854667866,0
115.50057756281966,-31.37033000000016,MMP,2024,-9.073247897050067,0.12310844932371483,4.0,23.15474997096258,24.564071513811736,3.3205220094292622,17.662388896337617,2.1300830422513526,1
115.29127519710417,-31.34833000000016,MMP,2024,-9.016639209651657,0.12363475917754281,4.0,23.15522372971434,24.564352834662195,3.320564944467105,17.742258452791713,3.1265101033571807,0
115.31327519710418,-31.34833000000016,MMP,2024,-9.021617545816609,0.12358881464520893,4.0,23.155180702887073,24.564325623605775,3.320558616062994,17.75736324488971,3.2353207667749193,0
115.33527519710418,-31.34833000000016,MMP,2024,-9.02674210408578,0.12354165087020723,4.0,23.15513689635682,24.56429830599745,3.3205527889578526,17.75736324488971,3.3523297477857605,0
115.35727519710419,-31.34833000000016,MMP,2024,-9.031992768774105,0.12349349084003845,4.0,23.155092535183712,24.56427104772348,3.320547540837388,17.76427369116738,3.3575223808160497,0
115.37927519710419,-31.34833000000016,MMP,2024,-9.037343540365299,0.12344462175867375,4.0,23.1550478939726,24.56424403740646,3.3205429460467246,17.792482866251554,3.1669623138306178,0
115.4012751971042,-31.34833000000016,MMP,2024,-9.042761871614971,0.12339540279674444,4.0,23.15500330078033,24.56421748585828,3.3205390719885206,17.834646527972282,2.977373209915513,0
115.4232751971042,-31.34833000000016,MMP,2024,-9.048208105082887,0.12334627174742219,4.0,23.154959139842372,24.564191624599935,3.3205359750275383,17.834747172094662,2.7889515978198025,0
115.44527519710421,-31.34833000000016,MMP,2024,-9.053635084263417,0.12329774969879723,4.0,23.1549158525637,24.56416670332958,3.320533696117875,17.77798609644863,2.601949080556984,0
115.46727519710421,-31.34833000000016,MMP,2024,-9.058988023364993,0.12325044264928384,4.0,23.15487393615723,24.564142986279016,3.320532256492795,17.77798609644863,2.4166923960034676,0
115.48927519710422,-31.34833000000016,MMP,2024,-9.06420472905319,0.12320503886193168,4.0,23.154833939296196,24.564120747482566,3.3205316538838328,17.74620484644863,2.2336124866064004,1
115.27997283138872,-31.326330000000162,MMP,2024,-9.012963358306655,0.12367651955592074,4.0,23.155263398571346,24.564380028857716,3.320575844829586,17.604717176393326,3.061908946985252,0
115.30197283138872,-31.326330000000162,MMP,2024,-9.01751807976951,0.12363485356646453,4.0,23.1552240814155,24.56435494069041,3.320569812901136,17.742258452791713,3.1664999586564413,0
115.32397283138873,-31.326330000000162,MMP,2024,-9.022191676295465,0.12359223924783214,4.0,23.15518416344743,24.56432978821565,3.3205642057862623,17.513243402574215,3.279740985352478,0
115.34597283138874,-31.326330000000162,MMP,2024,-9.026965952663218,0.12354887782308498,4.0,23.15514384410824,24.56430471510126,3.320559087332474,17.513243402574215,3.4007648967514648,0
115.36797283138874,-31.326330000000162,MMP,2024,-9.031817966246447,0.12350502186652593,4.0,23.155103362686265,24.564279883491192,3.3205545188832444,17.757375543019233,3.2721289042234267,0
115.38997283138875,-31.326330000000162,MMP,2024,-9.036719559634665,0.12346098065153667,4.0,23.155063000979055,24.564255473555438,3.3205505566900815,17.775839347733037,3.082456350148977,0
115.41197283138875,-31.326330000000162,MMP,2024,-9.041636979041431,0.12341712454958885,4.0,23.15502308500782,24.56423168235111,3.320547249011798,17.81800300945376,2.893897004385139,0
115.43397283138876,-31.326330000000162,MMP,2024,-9.04653062900604,0.12337388786293764,4.0,23.154983985396882,24.564208721909537,3.3205446330499555,17.818103653576145,2.706681907942576,0
115.45597283138876,-31.326330000000162,MMP,2024,-9.051355021410062,0.12333176936700596,4.0,23.154946115997056,24.56418681650202,3.320542731944376,17.834747172094662,2.5211084385261016,0
115.26867046567328,-31.304330000000164,MMP,2024,-9.009467458592875,0.12371588354320785,4.0,23.15530090466618,24.564405791084123,3.320586153612171,17.742258452791713,2.999811147516318,0
115.29067046567329,-31.304330000000164,MMP,2024,-9.013647298661928,0.12367796897915272,4.0,23.15526486522774,24.56438259881226,3.3205804059433857,17.742258452791713,3.0999296560093437,0
115.31267046567329,-31.304330000000164,MMP,2024,-9.017924167382983,0.12363931754915873,4.0,23.155228365202618,24.56435937525745,3.320575021877087,17.742258452791713,3.2091705119770144,0
115.3346704656733,-31.304330000000164,MMP,2024,-9.022281686521431,0.1236001097706203,4.0,23.1551915812426,24.564336245510823,3.3205700546654744,17.742258452791713,3.3266322500133336,0
115.3566704656733,-31.304330000000164,MMP,2024,-9.02669962439985,0.12356056746032974,4.0,23.155154722256697,24.564313349800525,3.320565555718619,17.757375543019233,3.377464110145445,0
115.37867046567331,-31.304330000000164,MMP,2024,-9.031153564439931,0.12352095744538481,4.0,23.155118031226475,24.564290843114616,3.3205615727205355,17.631399923186496,3.1877267381486747,0
115.40067046567331,-31.304330000000164,MMP,2024,-9.035614644879603,0.12348159447617897,4.0,23.155081786263562,24.564268894306224,3.320558147541822,17.573883167138266,2.999054631770472,0
115.42267046567332,-31.304330000000164,MMP,2024,-9.04004940537629,0.12344284290861336,4.0,23.155046300635767,24.564247684619048,3.320555314051809,17.573883167138266,2.8116609508473576,0
115.44467046567333,-31.304330000000164,MMP,2024,-9.044419780624931,0.12340511666067645,4.0,23.155011921470408,24.564227405595524,3.3205530959794785,17.573883167138266,2.625817761427262,0
115.25736809995784,-31.282330000000165,MMP,2024,-8.836146514191615,0.11550794818958363,3.747739782091194,23.23310949338332,24.619065281455605,3.275617521915318,17.57408805328309,2.6603441389143234,0
115.27936809995785,-31.282330000000165,MMP,2024,-8.881310515899058,0.1157976187113897,3.7573950834799814,23.229769649298184,24.616472285795798,3.2769531972316877,17.57408805328309,2.785098296001805,0
115.30136809995786,-31.282330000000165,MMP,2024,-8.926325640866889,0.11608452751423848,3.7670097875718347,23.226443950598075,24.613891570045066,3.2782849776057463,17.562582618500482,2.918129569136568,0
115.32336809995786,-31.282330000000165,MMP,2024,-9.017909621275873,0.12364759705068469,4.0,23.15523607900058,24.564365823209986,3.320580483680055,17.742258452791713,3.254426063433961,0
115.34536809995787,-31.282330000000165,MMP,2024,-9.021947737950116,0.12361178844733602,4.0,23.155202391257127,24.564344653989103,3.3205760837480973,17.742258452791713,3.375902474720479,0
115.36736809995787,-31.282330000000165,MMP,2024,-9.026011548266121,0.12357599579764661,4.0,23.155168902936172,24.56432384471374,3.320572127547366,17.757375543019233,3.2931637722600855,0
115.38936809995788,-31.282330000000165,MMP,2024,-9.03007625965044,0.12354048781876209,4.0,23.155135852506287,24.564303540945048,3.320568651776255,17.768941199584887,3.1043994293566834,0
115.41136809995788,-31.282330000000165,MMP,2024,-9.034113424056326,0.12350557211094768,4.0,23.155103506410384,24.564283898543433,3.320565687298813,17.811104861305616,2.916855130970416,0
115.43336809995789,-31.282330000000165,MMP,2024,-9.038090955817106,0.12347159480937535,4.0,23.155072157889588,24.56426508204138,3.3205632575915627,17.81800300945376,2.7307809457072936,0
115.2460657342424,-31.260330000000167,JBMP,2024,-8.699132526891805,0.11454417747569119,3.7180659781747876,23.24337037366684,24.627085988693178,3.2715798223872685,17.169981957604083,2.531761422911719,0
115.26806573424241,-31.260330000000167,JBMP,2024,-8.745877436729149,0.11485071220830517,3.728087504216238,23.239904686589185,24.62439144031742,3.272961756909583,17.335685326154145,2.654914393271919,0
115.29006573424242,-31.260330000000167,MMP,2024,-8.79280879863306,0.1151571447006204,3.7381424274532464,23.236427565918195,24.621688983676762,3.274349622177407,17.674082128459457,2.7870556377641247,0
115.31206573424242,-31.260330000000167,MMP,2024,-8.839654644334194,0.1154616329145072,3.748172072668513,23.232959329734353,24.618994476658106,3.2757354212000753,17.674082128459457,2.9268530565435262,0
115.33406573424243,-31.260330000000167,MMP,2024,-8.886146019363846,0.11576240799719258,3.7581186363479797,23.22952000097745,24.61632351691641,3.2771112417965855,17.57408805328309,3.073148172795521,0
115.35606573424243,-31.260330000000167,MMP,2024,-8.932021899971373,0.11605781376394927,3.7679262744148,23.226128931293434,24.613691144573213,3.2784694004078636,17.562594916629997,3.224946445718739,0
115.37806573424244,-31.260330000000167,MMP,2024,-9.024966608763428,0.12359448363453118,4.0,23.155185803640173,24.564335868938485,3.320578754578705,17.513255700703734,3.2099101911587478,0
115.40006573424245,-31.260330000000167,MMP,2024,-9.028657085544097,0.12356287200916075,4.0,23.155156201471577,24.564317633430377,3.3205757219166716,17.811104861305616,3.0222384542583014,0
115.42206573424245,-31.260330000000167,MMP,2024,-9.032292448706192,0.12353211865992292,4.0,23.15512750096345,24.56430013477281,3.3205731577570323,17.811104861305616,2.835965399106131,0
115.23476336852697,-31.23833000000017,JBMP,2024,-7.162374328338282,0.10087478033592488,3.689642860926258,23.324988620202053,24.689543695075105,3.230524501430081,17.428305826522873,1.8471524381522824,1
115.25676336852698,-31.23833000000017,JBMP,2024,-7.223390417941311,0.10117966503680575,3.696889929772316,23.32056089406584,24.68592711297184,3.231827585883602,17.215722913520352,1.9948570551970501,1
115.27876336852698,-31.23833000000017,JBMP,2024,-8.648949983557442,0.11414776933856129,3.707000496877179,23.24719542075423,24.630103750124874,3.270108875074527,17.159907883530007,2.6515657647121778,0
115.30076336852699,-31.23833000000017,JBMP,2024,-8.6978302761625,0.11447226566304343,3.7174946173570937,23.24356730066323,24.627281059136795,3.2715542320966446,17.169981957604083,2.7909929780941933,0
115.32276336852699,-31.23833000000017,JBMP,2024,-8.746699323617106,0.1147956626202506,3.7279809417301806,23.23994204836831,24.624461423085943,3.2729996745794274,17.174612000593502,2.937432975773059,0
115.344763368527,-31.23833000000017,MMP,2024,-8.795265764853475,0.1151160324114971,3.7383968288758327,23.236341353679947,24.621661738783544,3.2744366235421984,17.674082128459457,3.089770696111179,0
115.366763368527,-31.23833000000017,MMP,2024,-8.84324740745752,0.11543156329965076,3.748681844120298,23.232786148700576,24.61889828069402,3.2758567651061186,17.674094426588976,3.247061455463188,0
115.38876336852701,-31.23833000000017,MMP,2024,-8.890376292879848,0.11574059739271367,3.7587788674864977,23.229296224259475,24.616186399408107,3.277252198903494,17.68870985167315,3.1593341444881893,0
115.41076336852701,-31.23833000000017,MMP,2024,-8.936403129463722,0.11604166226097606,3.768635057996051,23.225889895856675,24.61354025974647,3.2786155679224556,17.621511486900513,2.9736363461156476,0
115.22346100281153,-31.21633000000017,JBMP,2024,-6.978944110588591,0.0999106583569928,3.666489369207222,23.338547527396532,24.700667466230943,3.2266267302386735,17.47892814219934,1.7017800750928558,1
115.24546100281154,-31.21633000000017,JBMP,2024,-7.036883967044616,0.10020288813805864,3.673457557043213,23.334328287080037,24.697218501227088,3.227863371844315,17.450475595903043,1.8471209851156567,1
115.26746100281154,-31.21633000000017,JBMP,2024,-7.096898579104615,0.10050521679460905,3.6807434482710595,23.329954443081697,24.693644589631372,3.229147962011762,17.45112108852771,2.0027599365330735,1
115.28946100281155,-31.21633000000017,JBMP,2024,-7.158746791277074,0.1008163401858078,3.688305903224471,23.32544467721201,24.68996096321429,3.230474960499092,17.449600787349084,2.1664612050782845,1
115.31146100281155,-31.21633000000017,JBMP,2024,-7.2221536844645104,0.1011348023688732,3.6960997565185023,23.320820067785128,24.686184787144196,3.231838076612349,17.398079185108735,2.336497498895595,0
115.33346100281156,-31.21633000000017,JBMP,2024,-8.647733802445641,0.11408780733106273,3.7064927202033537,23.24737252286237,24.630277506071536,3.2700858524555403,17.15682570760408,2.9501738466510905,0
115.35546100281157,-31.21633000000017,JBMP,2024,-8.69859412516143,0.11442917658928618,3.7174248845623143,23.243594173762872,24.627336412601707,3.2715903470781114,17.159920181659526,3.108393182101286,0
115.37746100281157,-31.21633000000017,JBMP,2024,-8.748905412389155,0.11476620977010224,3.7282350610259947,23.239858250481568,24.62442899002544,3.273079043347331,17.155879733505625,3.2710183577098086,0
115.39946100281158,-31.21633000000017,MMP,2024,-8.79837846430291,0.11509707918980924,3.7388614634021287,23.236186149365217,24.621571851116773,3.274543410149411,17.873882134368987,3.0945159073877133,0
115.2121586370961,-31.19433000000017,JBMP,2024,-5.886699272599785,0.09551008179351833,3.4470715249420785,23.436726324281842,24.798409162650426,3.2670220560119483,17.68444882732479,1.3178449544190678,1
115.2341586370961,-31.19433000000017,JBMP,2024,-5.932152024828147,0.09552134004931112,3.452597918225854,23.43396837923825,24.79627642327379,3.267724404907442,17.610877050529062,1.4688990498566947,1
115.2561586370961,-31.19433000000017,JBMP,2024,-5.980169832098509,0.0955356380308215,3.45849098306743,23.431050781413106,24.794026837516697,3.2684972054519457,17.552360681481442,1.6307451432433944,1
115.27815863709611,-31.19433000000017,JBMP,2024,-6.969234808998523,0.09982528127658626,3.664277533188978,23.339444267169483,24.701437767411,3.22643463293925,17.47892814219934,2.018241564617707,1
115.30015863709612,-31.19433000000017,JBMP,2024,-7.030202111738893,0.10013465795187676,3.6719239914360093,23.334976838022335,24.69778750287374,3.2277467395818036,17.450475595903043,2.18804906131961,1
115.32215863709612,-31.19433000000017,JBMP,2024,-7.092845605190527,0.10045220767810237,3.679819189160716,23.330385005785622,24.69403657700846,3.2290972053393436,17.45112108852771,2.363247207315887,0
115.34415863709613,-31.19433000000017,JBMP,2024,-7.156861355646477,0.10077634871198111,3.6879124577272493,23.325692034041165,24.690203885266207,3.2304789954332294,17.404374145934945,2.5426828610228465,0
115.36615863709613,-31.19433000000017,JBMP,2024,-7.2219188124156295,0.10110539177551912,3.696150957769921,23.320922967243014,24.68630975505591,3.231884507685153,17.398091483238254,2.725467133384785,0
115.38815863709614,-31.19433000000017,JBMP,2024,-8.64944952235903,0.11406425130635274,3.706681182628766,23.24731223196688,24.630257881216203,3.2701496766613647,17.32578254341546,3.2183439535647875,0
115.20085627138064,-31.172330000000173,JBMP,2024,-5.752648746242336,0.09542613288120808,3.429884664303042,23.44492834021914,24.80461764896565,3.2643209432497,17.52685363878916,1.207863489152919,1
115.22285627138065,-31.172330000000173,JBMP,2024,-5.7926660921028725,0.09543581803772565,3.434808381912419,23.442496687233138,24.802737886202415,3.2649412741364645,17.52685363878916,1.3544091301600465,1
115.24485627138066,-31.172330000000173,JBMP,2024,-5.835162767194659,0.09544896378740303,3.4401064353262063,23.439909353221324,24.800745726034624,3.2656370149903924,17.736540465432054,1.5133181576447854,1
115.26685627138066,-31.172330000000173,JBMP,2024,-5.880135215397234,0.09546535131286268,3.445768296395984,23.43716723266751,24.798641157319306,3.2664049228113243,17.50871581265428,1.6811404399873155,1
115.28885627138067,-31.172330000000173,JBMP,2024,-5.927550897793462,0.09548472947327002,3.451779154843968,23.43427303198509,24.796425497190267,3.267240970226307,17.640325352998193,1.855505873219573,1
115.31085627138067,-31.172330000000173,JBMP,2024,-5.977345154336608,0.09550682103573942,3.4581199355181336,23.431231433560654,24.794101542011663,3.2681404052307914,17.54299146851848,2.0347740159402523,1
115.33285627138068,-31.172330000000173,JBMP,2024,-6.9635543143413425,0.0997697973689471,3.663413067285261,23.33995719257079,24.701892435891754,3.2263508243789074,17.469558929236378,2.396502674173562,0
115.35485627138068,-31.172330000000173,JBMP,2024,-7.026954015566238,0.10009384487766482,3.6716506848917927,23.335284280070788,24.698074831528366,3.2277241100039435,17.4411186810696,2.5798004487341366,0
115.37685627138069,-31.172330000000173,JBMP,2024,-7.091517502841899,0.10042359858748127,3.6800446409452823,23.330526019627904,24.694187911340375,3.2291232439450304,17.446091143792067,2.7658957318010726,0
115.1895539056652,-31.150330000000174,JBMP,2024,-5.6307173940710395,0.09533874490059237,3.413824477487168,23.452418034437205,24.81025354299713,3.2617091480900724,17.520770643659294,1.1031957887906685,1
115.21155390566521,-31.150330000000174,JBMP,2024,-5.665685525014843,0.09534663237261522,3.418180792447464,23.450290044166277,24.808608288132753,3.2622489866429136,17.528524935085454,1.2442876481306504,1
115.23355390566522,-31.150330000000174,JBMP,2024,-5.703018881996109,0.09535846286596217,3.4229193623964163,23.448011820459545,24.806856457951323,3.262869798976737,17.528524935085454,1.399735029705999,1
115.25555390566522,-31.150330000000174,JBMP,2024,-5.742744057918359,0.09537400590918176,3.4280318369483687,23.44558252497512,24.804996627504256,3.263568481885488,17.52685363878916,1.5653161181654978,1
115.27755390566523,-31.150330000000174,JBMP,2024,-5.784863316490146,0.09539299172105364,3.4335056990080632,23.443002878785677,24.803028477121714,3.264341094991555,17.52685363878916,1.7381827275307,1
115.29955390566523,-31.150330000000174,JBMP,2024,-5.829351180233789,0.0954151187628076,3.4393243475473207,23.440275336585405,24.8009529563981,3.265182939224961,17.509914693282507,1.916405624523109,1
115.32155390566524,-31.150330000000174,JBMP,2024,-5.87615147105037,0.09544006156528025,3.445467230320375,23.437404233705603,24.798772427421245,3.2660886437053827,17.3303907910659,2.0986573236640744,1
115.34355390566525,-31.150330000000174,JBMP,2024,-5.9251749735140615,0.09546747852087493,3.4519100218220715,23.434395897267393,24.79649077922035,3.2670522578050996,17.51078371388885,2.284005165795134,0
115.36555390566525,-31.150330000000174,JBMP,2024,-5.9762978774649085,0.09549701937880248,3.4586248451132975,23.431258713305905,24.794113506018935,3.268067345918808,17.544295433314666,2.4717787239324007,0
115.38755390566526,-31.150330000000174,JBMP,2024,-6.962375243659234,0.09974784819880593,3.6640247587339556,23.340042860359063,24.701995154273114,3.2263864714847004,17.487224846894517,2.81183599416662,0
115.17825153994977,-31.128330000000176,JBMP,2024,-5.5205543582357555,0.09524760027763766,3.3988280386161818,23.45921800283785,24.815333381385063,3.259177137003483,17.520728976992626,1.004203115972979,1
115.20025153994978,-31.128330000000176,JBMP,2024,-5.550876474951129,0.09525341236733899,3.40265149215854,23.45737020125579,24.813903324720396,3.2596374220402264,17.520770643659294,1.138569553907563,1
115.22225153994978,-31.128330000000176,JBMP,2024,-5.583425388351054,0.09526372601975458,3.406866699923411,23.455378789065733,24.81237370330824,3.26018512674311,17.520770643659294,1.2898469906611436,1
115.24425153994979,-31.128330000000176,JBMP,2024,-5.6182529862089625,0.09527829698973464,3.4114668092023694,23.453241495404374,24.8107419067088,3.2608171956246914,17.520770643659294,1.4528068037793973,1
115.26625153994979,-31.128330000000176,JBMP,2024,-5.655391369977139,0.09529683244139711,3.4164407512997066,23.450957372925377,24.80900621137047,3.261529644792928,17.528524935085454,1.6239780521367766,1
115.2882515399498,-31.128330000000176,JBMP,2024,-5.694849201180952,0.09531900026562591,3.4217734264706743,23.448526978096723,24.80716595615797,3.2623176670133156,17.528524935085454,1.8010604050027614,1
115.3102515399498,-31.128330000000176,JBMP,2024,-5.7366083847809515,0.0953444387700511,3.427445933608398,23.44595253074191,24.80522170256809,3.2631757454658836,17.528524935085454,1.9825067819041162,1
115.33225153994981,-31.128330000000176,JBMP,2024,-5.780621258946095,0.09537276630133829,3.4334358289485167,23.443238044905094,24.803175371671582,3.2640977706846916,17.525869842492863,2.1672541038614526,1
115.35425153994981,-31.128330000000176,JBMP,2024,-5.826808446993061,0.09540359043220945,3.4397174035166733,23.44038942349278,24.801030350425375,3.265077156344646,17.29776304289912,2.354554219464187,0
115.37625153994982,-31.128330000000176,JBMP,2024,-5.875057506177374,0.09543651643099846,3.4462619749136456,23.437414509880952,24.798791560946274,3.2661069508862957,17.331694755862085,2.543867582143127,0
115.16694917423433,-31.106330000000177,JBMP,2024,-5.421724334825419,0.09515233022547898,3.384819050180466,23.465356164084046,24.819877684930066,3.256713497446898,17.398427923409862,0.9114801525822572,1
115.18894917423434,-31.106330000000177,JBMP,2024,-5.447812402345698,0.09515571695847024,3.3881414758161057,23.46376479715407,24.818643053596325,3.25709418918045,17.40562099238463,1.0374111304042777,1
115.21094917423434,-31.106330000000177,JBMP,2024,-5.475967161028447,0.09516425782893254,3.391868160771161,23.462037384459638,24.817316938012684,3.2575699454214644,17.40562099238463,1.1835617857775167,1
115.23294917423435,-31.106330000000177,JBMP,2024,-5.5062615863334905,0.09517769315110425,3.395993163089394,23.460170482694842,24.815895740418142,3.25813768067418,17.520728976992626,1.3433875777165736,1
115.25494917423435,-31.106330000000177,JBMP,2024,-5.538753392107165,0.09519570219809215,3.4005060527846926,23.458161751673348,24.81437653183913,3.25879323753376,17.520770643659294,1.5125970546972811,1
115.27694917423436,-31.106330000000177,JBMP,2024,-5.573481117258776,0.09521791486289115,3.4053922418165485,23.45601013888929,24.812757239991022,3.2595315279681443,17.520770643659294,1.6884069992751392,1
115.29894917423437,-31.106330000000177,JBMP,2024,-5.61046045107617,0.09524392387692997,3.4106333630175723,23.45371604823945,24.81103682647545,3.260346685335766,17.520770643659294,1.868989547954905,1
115.32094917423437,-31.106330000000177,JBMP,2024,-5.649680975986735,0.09527329695131803,3.4162076661966343,23.45128148552719,24.809215444932093,3.261232218269573,17.526772958474105,2.05311745244942,1
115.34294917423438,-31.106330000000177,JBMP,2024,-5.6911034891347265,0.09530558831198811,3.4220904077875507,23.448710173765953,24.8072945725708,3.2621811592993386,17.52754113878916,2.239945683820691,1
115.36494917423438,-31.106330000000177,JBMP,2024,-5.734658040032457,0.09534034922866903,3.4282542200910093,23.44600763195271,24.805277108577272,3.263186203172613,17.528845103585343,2.428877263367647,0
115.1556468085189,-31.08433000000018,JBMP,2024,-4.603693645917774,0.10111272312530543,3.2626214382310983,23.56027501087735,24.93965359763234,3.2683106001591646,20.604534476219662,1.0433615871659203,1
115.1776468085189,-31.08433000000018,JBMP,2024,-4.603324606325281,0.10112624206591306,3.2627435256233728,23.56042642099263,24.939907889235375,3.268335913555427,20.604534476219662,1.1369002428267054,1
115.1996468085189,-31.08433000000018,JBMP,2024,-4.6023014647666205,0.10115619111411071,3.2629482572511037,23.560685284621258,24.94034559273259,3.2684710162876596,20.615449654791092,1.2554456010413095,1
115.22164680851891,-31.08433000000018,JBMP,2024,-5.406292699607284,0.09507155590064585,3.381514497799733,23.466400937086725,24.820480483598814,3.2555138530179497,17.402866362755,1.2368794688234974,1
115.24364680851892,-31.08433000000018,JBMP,2024,-5.434481078377225,0.09508893343872511,3.385605486337949,23.464646985126926,24.819161334598355,3.2561155192607805,17.40562099238463,1.4037691498132665,1
115.26564680851892,-31.08433000000018,JBMP,2024,-5.464790807960989,0.09511118741131176,3.390086689661285,23.46275501995962,24.817748095617304,3.2568082800000657,17.40562099238463,1.578127954083576,1
115.28764680851893,-31.08433000000018,JBMP,2024,-5.49726798308691,0.09513785344137858,3.3949390688856855,23.460723886272095,24.81623828635931,3.2575856870565136,17.40562099238463,1.7577644799979222,1
115.30964680851893,-31.08433000000018,JBMP,2024,-5.5319360244336,0.09516843527645498,3.400140249585609,23.4585538471568,24.814630451551963,3.2584406068558684,17.520770643659294,1.9412429912608482,1
115.33164680851894,-31.08433000000018,JBMP,2024,-5.568792460169969,0.09520241958435625,3.4056650961704014,23.45624671589086,24.812924318043382,3.2593654175316793,17.519786847362997,2.1275972705276542,1
115.35364680851895,-31.08433000000018,JBMP,2024,-5.6078063845024575,0.09523928935024215,3.4114862248179496,23.453805955887525,24.811120920800075,3.260352188094592,17.521090812159184,2.316159048094444,0
115.14434444280346,-31.06233000000018,JBMP,2024,-4.614375559921474,0.1008183639388391,3.2615515919041282,23.558273206682337,24.93624319915743,3.26647048204676,20.62054588494982,0.9739684497775176,1
115.16634444280346,-31.06233000000018,JBMP,2024,-4.614253668191582,0.10082584727792847,3.261648546785824,23.558388963727875,24.936436388879258,3.2664517162603413,20.62054588494982,1.0544229295541057,1
115.18834444280347,-31.06233000000018,JBMP,2024,-4.613364560652086,0.10085196826081394,3.261852383782737,23.55862605404095,24.936836759078336,3.2665594288345363,20.604534476219662,1.1639622334524498,1
115.21034444280347,-31.06233000000018,JBMP,2024,-4.611746151045426,0.1008959795923322,3.262154618388928,23.558979572257662,24.93743592396355,3.266788173441602,20.604534476219662,1.2952085811880285,1
115.23234444280348,-31.06233000000018,JBMP,2024,-4.609449174463465,0.10095691911494292,3.262543454829519,23.559443298390097,24.938223240972718,3.2671307435043384,20.604534476219662,1.4422261005863068,1
115.25434444280349,-31.06233000000018,JBMP,2024,-4.606534401016302,0.10103364857170313,3.2630046432059387,23.560009930120835,24.939186210700186,3.2675785212056323,20.615449654791092,1.6006519831223116,1
115.27634444280349,-31.06233000000018,JBMP,2024,-4.603069631363103,0.10112489545964361,3.263522405845675,23.56067133493668,24.940310910873084,3.268121852934803,20.615449654791092,1.7673977507165848,1
115.2983444428035,-31.06233000000018,JBMP,2024,-5.426885286807,0.09505740443985335,3.385129572190363,23.465088357653034,24.819443723141603,3.2557046561973193,17.402866362755,1.8312950658962004,1
115.3203444428035,-31.06233000000018,JBMP,2024,-5.45938854236705,0.09509335507641745,3.390343418935008,23.463031139084357,24.817942224038504,3.2566126846201118,17.408991362755003,2.017167656570856,1
115.34234444280351,-31.06233000000018,JBMP,2024,-5.49403578542525,0.09513266852321796,3.3958671542879286,23.460840045144177,24.816344679318636,3.257588955624123,17.404637196088338,2.2053709811227207,1
115.13304207708802,-31.040330000000182,JBMP,2024,-4.6259838346216045,0.10050700291711939,3.260260385909762,23.556163241503643,24.932647568954614,3.264499770605916,20.65385551728508,0.9115771914642514,1
115.15504207708803,-31.040330000000182,JBMP,2024,-4.626200571782261,0.10050671165510347,3.260312624577277,23.556232775162286,24.932761527142556,3.2644233232321103,20.64950135061841,0.976374109630852,1
115.17704207708803,-31.040330000000182,JBMP,2024,-4.625511628507275,0.10052765371310196,3.260503159917275,23.556439871261954,24.933110473107273,3.264493371043547,20.655857832099894,1.0749943014843448,1
115.19904207708804,-31.040330000000182,JBMP,2024,-4.623957388126638,0.10056904583246237,3.2608227557956098,23.55677939948086,24.933685634676273,3.264704158827777,20.624336089375024,1.19909951586343,1
115.22104207708804,-31.040330000000182,JBMP,2024,-4.621595908654473,0.10062982380770148,3.261257339011465,23.557244516611696,24.93447529723701,3.265047572165908,20.60125887376656,1.3416104397468158,1
115.24304207708805,-31.040330000000182,JBMP,2024,-4.618499264861478,0.10070869136932202,3.261789158332968,23.55782695759204,24.935465305178052,3.265513587510055,20.60125887376656,1.4972532664504776,1
115.26504207708805,-31.040330000000182,JBMP,2024,-4.614749477022455,0.1008041743636592,3.2623980844367595,23.55851736040111,24.93663962153016,3.2660907699590767,20.60382515082284,1.6623155302377672,1
115.28704207708806,-31.040330000000182,JBMP,2024,-4.610434402222845,0.10091467617919954,3.2630629120923045,23.55930560034358,24.937980903533564,3.26676677757972,20.615449654791092,1.8342285146145303,1
115.30904207708807,-31.040330000000182,JBMP,2024,-4.605643906294367,0.10103853090457234,3.2637625483564388,23.56018111224569,24.939471057079206,3.26752883723313,20.615449654791092,2.011209834516298,1
115.33104207708807,-31.040330000000182,JBMP,2024,-4.600466547382751,0.10117405152150384,3.2644770047041134,23.56113318393292,24.941091741363845,3.26836416590621,20.615449654791092,2.192007345236818,1
115.12173971137257,-31.018330000000184,JBMP,2024,-4.638612347899182,0.10017782522916198,3.2587106035649263,23.553940671382605,24.928858962395473,3.262388717148644,20.70619248317412,0.8577305972468122,1
115.14373971137258,-31.018330000000184,JBMP,2024,-4.639292084849612,0.10016753085427933,3.258689041327311,23.55395048027789,24.928870516909,3.262236708076462,20.6863734596051,0.9038996613147515,1
115.16573971137258,-31.018330000000184,JBMP,2024,-4.638895730032957,0.100181533832067,3.2588465845336003,23.554116897471847,24.92914971211797,3.2622553205008984,20.669220681827323,0.989207257321831,1
115.18773971137259,-31.018330000000184,JBMP,2024,-4.6374643969730736,0.10021903836456245,3.25917381511668,23.554434716319452,24.92968764483096,3.2624386971689514,20.6863734596051,1.104598471528061,1
115.20973971137259,-31.018330000000184,JBMP,2024,-4.635063877823439,0.10027887717885003,3.2596541870375866,23.55489647302661,24.930471531675156,3.2627777795668558,20.6863734596051,1.2416847920662237,1
115.2317397113726,-31.018330000000184,JBMP,2024,-4.631779841767355,0.1003595732264088,3.2602655884049074,23.5554928111959,24.931485337734834,3.263260889048839,20.6863734596051,1.39404793859684,1
115.2537397113726,-31.018330000000184,JBMP,2024,-4.627712261621782,0.10045941046839241,3.260982181031802,23.556212904342168,24.93271050492807,3.263874393494511,20.655857832099894,1.5571762886116292,1
115.27573971137261,-31.018330000000184,JBMP,2024,-4.622969665389878,0.10057650759900384,3.26177629180164,23.557044899171373,24.934126715828807,3.264603395573963,20.60761535524804,1.727990273322593,1
115.29773971137261,-31.018330000000184,JBMP,2024,-4.617663730246013,0.10070888927266221,3.262620161107,23.55797634630536,24.935712635413623,3.265432387069621,20.60125887376656,1.9043907922530392,1
115.31973971137262,-31.018330000000184,JBMP,2024,-4.6119045993140215,0.10085455064339999,3.263487408298846,23.558994592489448,24.937446585963556,3.2663458277180037,20.60382515082284,2.084930146947473,1
115.11043734565713,-30.996330000000185,JBMP,2024,-4.652355114121104,0.09983022435380133,3.256861382468736,23.55160247377289,24.924872043025584,3.260128429226377,19.84419748678815,0.8141559840964094,1
115.13243734565714,-30.996330000000185,JBMP,2024,-4.653668131868246,0.09980705433824062,3.2567229589354327,23.55153521616528,24.924751409209176,3.259877185082453,19.865542972899263,0.8384554968901372,1
115.15443734565714,-30.996330000000185,JBMP,2024,-4.653694436530084,0.09981181014273821,3.2568166936770675,23.551646983034242,24.924936871790262,3.2598257606218333,19.99129750482567,0.9074958312761614,1
115.17643734565715,-30.996330000000185,JBMP,2024,-4.652472293522288,0.09984372704359999,3.257134237506309,23.55193276616761,24.925419869329033,3.2599686029205746,19.99129750482567,1.0121369220716723,1
115.19843734565715,-30.996330000000185,JBMP,2024,-4.650074877766879,0.09990154337807448,3.2576566416277193,23.552384547543053,24.92618666238091,3.260295759259437,19.971478481256646,1.1426051009300147,1
115.22043734565716,-30.996330000000185,JBMP,2024,-4.6466040112912514,0.09998357812540842,3.258356440265806,23.552991753307335,24.92721911708937,3.2607936246099865,20.659660496642136,1.29105503684923,1
115.24243734565717,-30.996330000000185,JBMP,2024,-4.642182464178147,0.10008782417765592,3.2592002718618858,23.55374180781267,24.928495661110173,3.2614458428176687,20.669220681827323,1.4519406065828675,1
115.26443734565717,-30.996330000000185,JBMP,2024,-4.636945781907111,0.10021204780868716,3.2601516663505845,23.554620730182148,24.929992312394084,3.262234260474551,20.6863734596051,1.621523478660217,1
115.28643734565718,-30.996330000000185,JBMP,2024,-4.631034501307404,0.10035388573805178,3.261173665022711,23.555613720426823,24.93168368931092,3.263139843272455,20.6863734596051,1.7973039668535578,1
115.30843734565718,-30.996330000000185,JBMP,2024,-4.624587399077742,0.10051093309605627,3.262231027767612,23.556705693414287,24.93354393016508,3.264143486616955,20.64950135061841,1.9775930635350278,1
115.0991349799417,-30.974330000000187,JBMP,2024,-4.667297256608264,0.09946396758091844,3.254670298411178,23.54914806846649,24.920685633113074,3.2577121704939285,19.84456320748721,0.7826261642082134,1
115.1211349799417,-30.974330000000187,JBMP,2024,-4.669478350942696,0.09942419728690383,3.254351349196019,23.548981342258426,24.920394305114574,3.2573301179577623,19.84456320748721,0.7818369119508556,1
115.1431349799417,-30.974330000000187,JBMP,2024,-4.670111837310012,0.0994166577539498,3.254333399382852,23.54902006250371,24.92045443223232,3.257183310865514,19.84738761224911,0.8310664129400833,1
115.16513497994171,-30.974330000000187,JBMP,2024,-4.669226231747168,0.09944069304430884,3.254611693911192,23.549259906975188,24.920858634754396,3.257267256627232,19.911421369965165,0.9223142243110117,1
115.18713497994172,-30.974330000000187,JBMP,2024,-4.666900069360569,0.09949497447329228,3.255165575124292,23.549692491181055,24.92159253870636,3.257571337052456,19.907112672875215,1.0445876421176736,1
115.20913497994172,-30.974330000000187,JBMP,2024,-4.6632538846273714,0.0995775969480626,3.255961190081242,23.550305924465224,24.922635736740926,3.25807975723424,19.895299180811723,1.1883008152507588,1
115.23113497994173,-30.974330000000187,JBMP,2024,-4.6584395062826305,0.09968620270127242,3.256955240102862,23.551085540960802,24.923963050473915,3.2587727728200973,19.88043301919556,1.3465562522151036,1
115.25313497994173,-30.974330000000187,JBMP,2024,-4.652628243811898,0.09981811753195102,3.258099149935795,23.55201471506847,24.925545937971624,3.259628033506643,19.85175018389814,1.514752059310653,1
115.27513497994174,-30.974330000000187,JBMP,2024,-4.645999438591486,0.0999704855853627,3.2593430720525625,23.553075675001413,24.92735389694717,3.260621892486405,20.6863734596051,1.6898736407722423,1
115.29713497994175,-30.974330000000187,JBMP,2024,-4.638730503596077,0.10014039165715885,3.260639284544962,23.55425024528493,24.929355744347948,3.2617305663325986,20.669220681827323,1.8699302197813559,1
115.08783261422626,-30.952330000000188,JBMP,2024,-4.683498393852498,0.09907945525785969,3.252098000987889,23.546580897183176,24.91630542770092,3.2551375560287306,19.85769390586156,0.7647236468261549,1
115.10983261422626,-30.952330000000188,JBMP,2024,-4.686873453315061,0.09901822805405258,3.251504468429625,23.54628560637725,24.915793351735793,3.254582292672635,19.845794434962094,0.7361410983972575,1
115.13183261422627,-30.952330000000188,JBMP,2024,-4.688378174690656,0.0989943368642198,3.2513006882417135,23.54622687330688,24.91568617837784,3.2543052472557212,19.88112082385098,0.7615347644647188,1
115.15383261422627,-30.952330000000188,JBMP,2024,-4.688018442129667,0.09900736988514662,3.2514903878404233,23.546401908938794,24.915979170877044,3.254304355471698,19.88112082385098,0.8359780210243257,1
115.17583261422628,-30.952330000000188,JBMP,2024,-4.685872664021668,0.09905599391231643,3.2520532492601046,23.54680237697701,24.91665803328336,3.254568918258266,19.84847036088802,0.947941469431135,1
115.19783261422629,-30.952330000000188,JBMP,2024,-4.682081929753393,0.09913807047316231,3.252948238115042,23.547415049454358,24.917700044763865,3.2550807687023275,19.854903485264984,1.0858240427972448,1
115.21983261422629,-30.952330000000188,JBMP,2024,-4.676835102163098,0.09925082047282018,3.2541189567381013,23.548222772545937,24.91907572922356,3.2558159491462098,19.872950360264987,1.2409538655209693,1
115.2418326142263,-30.952330000000188,JBMP,2024,-4.6703514553736065,0.0993910137056883,3.2554999725344542,23.549205599171678,24.920750811866068,3.2567466348704808,19.889670322787033,1.4075764299609448,1
115.2638326142263,-30.952330000000188,JBMP,2024,-4.662863440365715,0.09955515994871203,3.2570230724944973,23.55034194344671,24.92268821201536,3.257843047298719,19.895299180811723,1.5820028632288676,1
115.28583261422631,-30.952330000000188,JBMP,2024,-4.654601606254039,0.09973968290024081,3.2586226237511857,23.5516096384117,24.924849867380978,3.2590751544494165,19.886459253763462,1.7618592010761318,1
115.07653024851082,-30.93033000000019,JBMP,2024,-4.700963084158103,0.09867812502001065,3.2491174748376257,23.543910861261597,24.91174819112559,3.2524102071244,19.900910331025905,0.761551413821078,1
115.09853024851083,-30.93033000000019,JBMP,2024,-4.705986779674002,0.0985890790812098,3.2481105956345377,23.54344905091653,24.910950014050737,3.251624454927833,19.8743797975162,0.7036038156293415,1
115.12053024851083,-30.93033000000019,JBMP,2024,-4.708743947075701,0.09854339635989688,3.2476062424713517,23.543260230504554,24.910619375575685,3.2511687859415486,19.8743797975162,0.7010157201119578,1
115.14253024851084,-30.93033000000019,JBMP,2024,-4.709194215735306,0.09854114206325212,3.2476258680000023,23.54334460015123,24.910756695732896,3.2510460029667256,19.8743797975162,0.7543447605769238,1
115.16453024851084,-30.93033000000019,JBMP,2024,-4.707403381899446,0.09858110633083925,3.248154378171408,23.54369470768768,24.911349196103075,3.251246605237957,19.853509427145838,0.8531227986840988,1
115.18653024851085,-30.93033000000019,JBMP,2024,-4.70353248404121,0.09866093504720412,3.2491437118458193,23.544296155111763,24.912372124576677,3.251750121577181,19.876080359685517,0.9836860157346491,1
115.20853024851085,-30.93033000000019,JBMP,2024,-4.697817218679744,0.09877734792450002,3.2505203801244726,23.545128864502512,24.91379094630857,3.2525273916661774,19.88255022199913,1.1350411389836357,1
115.23053024851086,-30.93033000000019,JBMP,2024,-4.690542023384725,0.09892640609332541,3.2521952007885204,23.546168675108923,24.91556410524616,3.2535433646320664,19.849899759036166,1.2998650402290122,1
115.25253024851087,-30.93033000000019,JBMP,2024,-4.682013471340922,0.09910378934499359,3.25407330018873,23.54738902207256,24.917645924383404,3.2547599633324484,19.854903485264984,1.4735665466806505,1
115.27453024851087,-30.93033000000019,JBMP,2024,-4.672536771540564,0.09930504997199964,3.256062806708125,23.548762485562563,24.919989279668656,3.2561386468745455,19.872950360264987,1.653276422314856,1
115.06522788279538,-30.90833000000019,JBMP,2024,-4.719589549995379,0.09826307806597308,3.245731451608188,23.541158063794544,24.90704821115548,3.249549758913344,19.92272941471999,0.7734994797725662,1
115.08722788279539,-30.90833000000019,JBMP,2024,-4.72689770964912,0.0981378595459608,3.2441073107156013,23.540480122940508,24.905878426039294,3.2484558776711854,19.900103214723995,0.6862721237893243,1
115.1092278827954,-30.90833000000019,JBMP,2024,-4.73146211179743,0.09806303757303743,3.243124830459427,23.540117263646046,24.90524860204346,3.2477538290203825,19.878162783627317,0.6521420753310165,1
115.1312278827954,-30.90833000000019,JBMP,2024,-4.733153311800463,0.09803955193586962,3.2428403921877984,23.54007515915227,24.90516860909347,3.2474555908924434,19.878162783627317,0.6791722707425465,1
115.1532278827954,-30.90833000000019,JBMP,2024,-4.731998036345245,0.09806656519166014,3.24325483924605,23.54034885885913,24.905629976084445,3.2475554848021337,19.878162783627317,0.7608287567747112,1
115.17522788279541,-30.90833000000019,JBMP,2024,-4.728170224431678,0.09814158624098175,3.2443158875476117,23.54092337640927,24.906606915071222,3.2480314267229966,19.878162783627317,0.8819901562481474,1
115.19722788279542,-30.90833000000019,JBMP,2024,-4.721963435209009,0.09826075330616184,3.2459283425318333,23.541775302216767,24.908059116188085,3.248847964293815,19.882095075293982,1.0286951270241045,1
115.21922788279542,-30.90833000000019,JBMP,2024,-4.713751678987901,0.09841921661404282,3.247969217653092,23.542875083220203,24.909935693525547,3.249960403649644,19.861224704923615,1.1914423594544692,1
115.24122788279543,-30.90833000000019,JBMP,2024,-4.70394722160817,0.098611550842989,3.2503041368318972,23.54418952974661,24.912179519820878,3.2513192123674073,19.844575730055887,1.3644019895137627,1
115.26322788279543,-30.90833000000019,JBMP,2024,-4.6929627429832275,0.09883213666882032,3.2528018791791657,23.545684157640117,24.914731272333665,3.252874003799068,19.88255022199913,1.5440511454757841,1
115.05392551707995,-30.886330000000193,JBMP,2024,-4.739082893867682,0.0978400378707515,3.24200369283753,23.538358485178357,24.902267106090918,3.24659957934893,20.140605444906253,0.8001880559979867,1
115.07592551707995,-30.886330000000193,JBMP,2024,-4.74956206171106,0.09766769569808195,3.239465405012141,23.53739973255143,24.900614113380875,3.2450924353207915,20.12146971258302,0.6855698922188872,1
115.09792551707996,-30.886330000000193,JBMP,2024,-4.756745704875429,0.09755375726544349,3.237730462890717,23.536803328247448,24.899582472033728,3.2440484822727513,20.082738839432086,0.6178973660947886,1
115.11992551707996,-30.886330000000193,JBMP,2024,-4.760338600761542,0.09750070982118335,3.236921710729049,23.536584618251993,24.899198767835983,3.243496411356627,20.082738839432086,0.6129782398527588,1
115.14192551707997,-30.886330000000193,JBMP,2024,-4.760274235981176,0.09750856187082098,3.2370784989490122,23.536744220818267,24.899464134717114,3.2434395839760213,20.031264219723088,0.67216261138817,1
115.16392551707997,-30.886330000000193,JBMP,2024,-4.75671689606038,0.09757489541241801,3.238153744237895,23.537268029950795,24.900354274290656,3.243856438406234,20.01830624714012,0.7809219618448777,1
115.18592551707998,-30.886330000000193,JBMP,2024,-4.750027549569579,0.09769521264256696,3.2400264411861666,23.53812911439925,24.901822754540213,3.2447042961047896,20.01830624714012,0.921752629590357,1
115.20792551707999,-30.886330000000193,JBMP,2024,-4.740704368543581,0.09786348693980286,3.242525167685045,23.539290986982977,24.90380667486515,3.245925491993115,20.029360753448024,1.082071639109637,1
115.22992551707999,-30.886330000000193,JBMP,2024,-4.729313894193166,0.09807279302197161,3.245455697492838,23.540711454678963,24.906233329172842,3.247454334559374,19.878162783627317,1.2542958381776106,1
115.25192551708,-30.886330000000193,JBMP,2024,-4.716427811894951,0.09831590014692315,3.2486262066265104,23.542346290906632,24.90902655449059,3.249223525378001,19.882095075293982,1.4340178851684986,1
115.0426231513645,-30.864330000000194,JBMP,2024,-4.7588129640690635,0.09741878339072302,3.2381126355891943,23.535572371052638,24.897508347901418,3.2436420948620657,20.193089947780926,0.836261908387831,1
115.0646231513645,-30.864330000000194,JBMP,2024,-4.773683884469487,0.09718509379475154,3.2342363256072675,23.5342494043585,24.89522808026789,3.2415806252063475,20.173954215457695,0.7019479575778061,1
115.0866231513645,-30.864330000000194,JBMP,2024,-4.784675972178733,0.09701847655393722,3.231327657771149,23.533338834675906,24.893655406204235,3.240059779187215,20.165603245440057,0.601144798719431,1
115.10862315136451,-30.864330000000194,JBMP,2024,-4.791193482124756,0.09692408689415193,3.2296324259196734,23.532872654056995,24.892845705908435,3.239137934290118,20.118035950466513,0.5592308114423491,1
115.13062315136452,-30.864330000000194,JBMP,2024,-4.792967995019002,0.09690366602195814,3.2292748921485046,23.532862791879488,24.89281964870233,3.238837678630189,20.118035950466513,0.5889266000753659,1
115.15262315136452,-30.864330000000194,JBMP,2024,-4.790095640572342,0.09695535748455443,3.230238396933724,23.533299368406894,24.893560194336196,3.2391433457063226,20.117959561577624,0.6808343003121825,1
115.17462315136453,-30.864330000000194,JBMP,2024,-4.783004240832758,0.09707406802960895,3.2323763287663185,23.53415244969795,24.89501565712445,3.2400050184523175,20.150133172688736,0.813999954258166,1
115.19662315136453,-30.864330000000194,JBMP,2024,-4.772364150611044,0.09725225492180413,3.235447991123557,23.53537667295434,24.89710773185042,3.2413475688397475,20.07546701403526,0.9714301038391971,1
115.21862315136454,-30.864330000000194,JBMP,2024,-4.758972802551278,0.09748091484442493,3.239166288826964,23.53691732601005,24.89974202464803,3.2430819740424277,20.06978086684911,1.1429662882712412,1
115.24062315136455,-30.864330000000194,JBMP,2024,-4.743644596722021,0.09775054234075824,3.2432431807776725,23.538716348348146,24.902818435477393,3.2451160858694186,20.029360753448024,1.3229671708977646,1
115.03132078564906,-30.842330000000196,JBMP,2024,-4.777593703369722,0.0970151937412498,3.2344376692524563,23.532895986230134,24.89293766215092,3.24082186753732,20.193089947780926,0.865852849500879,1
115.05332078564906,-30.842330000000196,JBMP,2024,-4.798487585054116,0.09670210068371611,3.2286412960084627,23.531104108782852,24.889849033181896,3.2380212884388255,20.17450463032061,0.7348382641423354,1
115.07532078564907,-30.842330000000196,JBMP,2024,-4.815013365495988,0.09646450441840282,3.2239225180387328,23.529771100067716,24.88754811169076,3.235834032465656,20.06615861648139,0.60390425946525,1
115.09732078564907,-30.842330000000196,JBMP,2024,-4.8260472290536525,0.09631203061177553,3.220746928401049,23.52895672849636,24.886138377143215,3.234369728182854,20.057807646463754,0.5222822512866622,1
115.11932078564908,-30.842330000000196,JBMP,2024,-4.830905251864902,0.09624978547009225,3.219416911318899,23.528694807377,24.88567834123818,3.2336897185745372,20.038482249638356,0.5141217069368342,1
115.14132078564909,-30.842330000000196,JBMP,2024,-4.829475101157832,0.09627754609270887,3.2200083021961863,23.528986977127428,24.886170821318185,3.233796751373368,20.038482249638356,0.582439188740596,1
115.16332078564909,-30.842330000000196,JBMP,2024,-4.822216085805393,0.09638993519759548,3.2223646637516876,23.529802770924455,24.887563106453005,3.2346366901173864,20.005831786675397,0.7051681492520002,1
115.1853207856491,-30.842330000000196,JBMP,2024,-4.810032982502249,0.0965774987953559,3.226148346138741,23.531085777056504,24.889757672541673,3.2361112729389525,20.032468856781215,0.8590736071673143,1
115.2073207856491,-30.842330000000196,JBMP,2024,-4.794077755023054,0.09682829473714766,3.230924584157919,23.532763464608852,24.892629219084235,3.2380969738347303,20.118035950466513,1.0300395001877312,1
115.02001841993362,-30.820330000000197,JBMP,2024,-4.793373101599289,0.09665390248108195,3.2316833809874104,23.53047633224564,24.888808660538427,3.2383773826657225,20.162884866211257,0.9080800317215487,1
115.04201841993363,-30.820330000000197,JBMP,2024,-4.822334793725196,0.0962395647255318,3.223227777751894,23.52809140324941,24.884696619821828,3.2346078596629453,20.08529434880462,0.782955712364559,1
115.06401841993363,-30.820330000000197,JBMP,2024,-4.84682535191634,0.09590687961921103,3.215772653258828,23.526194511211187,24.881422510585892,3.231494379679596,20.062044033148055,0.6267535060541056,1
115.08601841993364,-30.820330000000197,JBMP,2024,-4.864839857525073,0.09567263372613113,3.2101548269072193,23.524889476246457,24.879166193146098,3.229231076312239,20.005196094435533,0.5066602175879098,1
115.10801841993364,-30.820330000000197,JBMP,2024,-4.874873649381441,0.09554820452298506,3.20703498485173,23.524250788388446,24.878056606947474,3.2279542755746635,19.98587069761014,0.4526758318627317,1
115.13001841993365,-30.820330000000197,JBMP,2024,-4.876282916882449,0.09553727757638363,3.206727674245477,23.524307087002793,24.878143208119187,3.2277131564196906,19.98587069761014,0.4872624878858032,1
115.15201841993365,-30.820330000000197,JBMP,2024,-4.869420170185495,0.09563521078546718,3.2091298718531256,23.525034899617072,24.879385222904833,3.2284610258268076,19.98587069761014,0.5949560953460097,1
115.17401841993366,-30.820330000000197,JBMP,2024,-4.855488361080329,0.09583030639168277,3.21377796331591,23.526365273381508,24.881663233079696,3.2300707672606466,19.98587069761014,0.7443883911771707,1
115.00871605421818,-30.7983300000002,JBMP,2024,-4.802883372028565,0.09637107921973968,3.231020418866849,23.528525058961925,24.885487257522215,3.2366771181540215,20.052118843754112,0.9610430379061795,1
115.03071605421819,-30.7983300000002,JBMP,2024,-4.8421446471355765,0.09583155734573602,3.219114470613772,23.525416682034724,24.880125442721898,3.2316823054072343,20.057124432879494,0.8294132030822986,1
115.0527160542182,-30.7983300000002,JBMP,2024,-4.877795923145962,0.09537377198191967,3.2076803506486837,23.522783047085188,24.875578236935485,3.227306628445335,20.074824035553057,0.668818242463059,1
115.0747160542182,-30.7983300000002,JBMP,2024,-4.9065038892597315,0.09502505580977544,3.1981154248998687,23.520791260159147,24.872135424373027,3.2238718368209165,19.077146142381885,0.5156134570881769,1
115.0967160542182,-30.7983300000002,JBMP,2024,-4.925232130287955,0.09480785641297686,3.1917595278343014,23.51958722758947,24.870049769784426,3.2216517200693913,19.078183840794587,0.4119853345245577,1
115.11871605421821,-30.7983300000002,JBMP,2024,-4.932090598607416,0.09473441222259331,3.1894964012778826,23.51925829311591,24.869472310073796,3.220802169717485,19.08090209476284,0.39876320269237714,1
115.14071605421822,-30.7983300000002,JBMP,2024,-4.926900407131147,0.09480360734956328,3.1914750709012383,23.519808224952644,24.870409180754407,3.2213188312661516,19.062205480805815,0.4831615984764433,1
115.16271605421822,-30.7983300000002,JBMP,2024,-4.911161633544121,0.09500168335899019,3.1971066125192578,23.52115810758306,24.872723375360724,3.2230453861905017,19.046962755938093,0.626533901633313,1
115.18471605421823,-30.7983300000002,JBMP,2024,-4.887473116836554,0.09530633686256673,3.205320273596191,23.523171587946656,24.87617864608265,3.2257262367057384,19.98587069761014,0.797270039331812,1
114.99741368850275,-30.7763300000002,JBMP,2024,-4.801466528677463,0.09621575363815392,3.234145640087857,23.527320318155663,24.883455459294456,3.2362413539424524,19.868576527475383,1.0226976679411242,1
115.01941368850275,-30.7763300000002,JBMP,2024,-4.852705738285592,0.09552996377334888,3.218289306498548,23.523386975585623,24.87666692732859,3.229800270051595,19.920334529881252,0.8782229063476421,1
115.04141368850276,-30.7763300000002,JBMP,2024,-4.903082260411652,0.0949141916480448,3.2015001510522714,23.51983612294321,24.870532597849103,3.223782800306968,18.98558844236586,0.7283841225456789,1
115.06341368850276,-30.7763300000002,JBMP,2024,-4.9476678583537925,0.09440886467263014,3.185827305016322,23.51690803143968,24.86546973996371,3.218670776747259,18.92921022567514,0.5498108814728309,1
115.08541368850277,-30.7763300000002,JBMP,2024,-4.9808663298738844,0.09405409893654598,3.173755944997824,23.514860676984963,24.861925796069446,3.2149656721317275,18.9270790678669,0.4007236945681125,1
115.10741368850277,-30.7763300000002,JBMP,2024,-4.998073743481075,0.09387944482611821,3.167431325069493,23.513900074868157,24.860257489783514,3.2130504947493885,18.898526323157906,0.3249709251657647,1
115.12941368850278,-30.7763300000002,JBMP,2024,-4.997396241927996,0.09389432064933743,3.1678208786628113,23.514108169517872,24.860606040998626,3.213057501407863,18.898526323157906,0.3702271096073217,1
115.15141368850279,-30.7763300000002,JBMP,2024,-4.9803049547621665,0.09408510562323363,3.174366823287632,23.515414027262107,24.862847673568716,3.214826422627514,18.899193375627046,0.5044093329791103,1
115.17341368850279,-30.7763300000002,JBMP,2024,-4.950799663132335,0.09442083613727575,3.185355094176575,23.517627186812152,24.86665182222859,3.2179809435285187,19.111517740305576,0.6760116563436416,1
114.98611132278731,-30.754330000000202,JBMP,2024,-4.783584175957383,0.09624650343282523,3.2430241685354786,23.52717488959763,24.883256938187973,3.2377073133470855,19.726483898938454,1.0863643133232341,1
115.00811132278731,-30.754330000000202,JBMP,2024,-4.846386623534341,0.09540560049759148,3.223729744658848,23.5224074782025,24.875024474557147,3.2297620724347818,19.94319136960789,0.9359159512863681,1
115.03011132278732,-30.754330000000202,JBMP,2024,-4.913879053690885,0.09460573881524273,3.200805571445273,23.517821438328024,24.86709611742272,3.221804497078633,18.95864975740113,0.8037116236975411,1
115.05211132278733,-30.754330000000202,JBMP,2024,-4.98026122588361,0.09389815977090683,3.1765414395761664,23.5136998467143,24.859964665954966,3.2144385360110976,18.991487600113974,0.6074970408204337,1
115.07411132278733,-30.754330000000202,JBMP,2024,-5.036637358448542,0.0933456780428974,3.1548793024045927,23.510435913242244,24.854313298061726,3.208466473453897,17.5262992581764,0.4244837439141328,1
115.09611132278734,-30.754330000000202,JBMP,2024,-5.073193675327221,0.09300866622486827,3.140424960322687,23.508445978228586,24.850864012021752,3.204698218019166,17.415056768798497,0.28255607144795714,1
115.11811132278734,-30.754330000000202,JBMP,2024,-5.083312175589595,0.09292296607958785,3.1364391680273864,23.508007320672633,24.85009634006051,3.203633608267422,17.395731371973103,0.25955665980911047,1
115.14011132278735,-30.754330000000202,JBMP,2024,-5.066866967300055,0.09308383370542556,3.143166009983981,23.509125350477902,24.852017821542738,3.2052270205536035,17.417449886483283,0.3767891781711225,1
115.16211132278735,-30.754330000000202,JBMP,2024,-5.029841087965725,0.09344960946834045,3.1579532839574624,23.511543410414962,24.85618200929841,3.208937968573727,17.54660936570006,0.5505081536824976,1
114.97480895707187,-30.732330000000204,JBMP,2024,-4.744696877791788,0.09652015236160635,3.258981564484905,23.52834931803331,24.885347116699634,3.2416829576691697,20.03631825505134,1.1170289228805552,1
114.99680895707188,-30.732330000000204,JBMP,2024,-4.814525564926153,0.09553860957923334,3.238732236973491,23.522900212783576,24.87593404271283,3.2325069515341767,19.902980903795516,1.0002163287501915,1
115.01880895707188,-30.732330000000204,JBMP,2024,-4.89701816793976,0.09455313199625985,3.2111076659832305,23.517349812806273,24.86633132067566,3.2226530534883766,19.89054059599878,0.8562434982492506,1
115.04080895707189,-30.732330000000204,JBMP,2024,-4.988333650695308,0.09361450309488005,3.17714448024544,23.511920876848045,24.85692898833252,3.212661068206296,18.954448248262125,0.6860749886218025,1
115.0628089570719,-30.732330000000204,JBMP,2024,-5.078018661196672,0.09280182262361644,3.1412792215009135,23.507067736615394,24.848518887468405,3.20353414053304,17.410583033428928,0.48200108221641685,1
115.0848089570719,-30.732330000000204,JBMP,2024,-5.148873836026127,0.09221659412458934,3.1116243737853204,23.5034768410488,24.842293820844997,3.196686003438737,17.397488263808114,0.2921773149246149,1
115.1068089570719,-30.732330000000204,JBMP,2024,-5.1832807926001685,0.09194949302209526,3.0968987037864606,23.501835993713442,24.839445933811827,3.193443463126529,17.563074038617245,0.16853410487029133,1
115.12880895707191,-30.732330000000204,JBMP,2024,-5.173882555808744,0.09203127433926976,3.100997352128389,23.502439202604535,24.840481858703942,3.194282512037895,17.58263899720938,0.24319374912814012,1
115.15080895707192,-30.732330000000204,JBMP,2024,-5.128149723757399,0.09241437154992466,3.1205519771068073,23.505004498388963,24.84490898626402,3.198539607629416,17.443512679592956,0.42079445248018127,1
114.96350659135642,-30.710330000000205,JBMP,2024,-4.684477225350623,0.09707453364633785,3.2811462647518246,23.530930244063907,24.88988171973916,3.248494611257784,20.063538124880587,1.1470998292019328,1
114.98550659135643,-30.710330000000205,JBMP,2024,-4.751981996959061,0.09599317710585117,3.264685060880814,23.52511092820422,24.879830183196244,3.238765015221159,19.987020700703518,1.068016233008298,1
115.00750659135643,-30.710330000000205,JBMP,2024,-4.839112808420244,0.09486020885528916,3.2378925651178037,23.518957093473553,24.86917743754205,3.2276792530371337,19.933049399309667,0.9121964214549878,1
115.02950659135644,-30.710330000000205,JBMP,2024,-4.948054743031979,0.09371234267745297,3.198381268367604,23.512508579100356,24.857997523539876,3.2154491694879273,18.953326780609405,0.7840862687711576,1
115.05150659135644,-30.710330000000205,JBMP,2024,-5.073731686456887,0.09262062399486946,3.1473558476511974,23.506045782968148,24.846784183629737,3.202840298888428,17.507330663499474,0.5680154098972452,1
115.07350659135645,-30.710330000000205,JBMP,2024,-5.196163926577611,0.09170865199101583,3.093966777979826,23.50033154848313,24.836868040805683,3.191582930372977,17.561338346856637,0.35493045396494816,1
115.09550659135645,-30.710330000000205,JBMP,2024,-5.280138060510814,0.09114230777735363,3.055875543858615,23.496624428681038,24.830435572705163,3.1842752599925106,17.372897833617042,0.1567831073713136,1
115.11750659135646,-30.710330000000205,JBMP,2024,-5.295704811557763,0.09104524156034956,3.0486988518023654,23.49599965366112,24.82934852852373,3.182946082155824,17.34826606105185,0.10767815877141583,1
115.13950659135647,-30.710330000000205,JBMP,2024,-5.244329602024542,0.09139897418099016,3.0721813108524385,23.498443144619166,24.833575086518536,3.187336273700815,17.595971304931176,0.2900773480555812,1
114.95220422564098,-30.688330000000207,JBMP,2024,-4.609240369621833,0.09791758785884068,3.305285201673132,23.534773967668627,24.896616119920818,3.2579864566985783,20.84993167340718,1.179084134145589,1
114.97420422564099,-30.688330000000207,JBMP,2024,-4.663421849390439,0.09679102670506698,3.297878230379882,23.52891207481155,24.88650225099593,3.2486006854077165,20.055638819325033,1.0795322946849049,1
114.996204225641,-30.688330000000207,JBMP,2024,-4.7379686544196264,0.09557575393202922,3.280875321114869,23.52268096553385,24.875716466235385,3.2374706085051295,20.04070549050108,0.9755361526768519,1
115.018204225641,-30.688330000000207,JBMP,2024,-4.84116644467619,0.09429696588669204,3.248417592509663,23.515971308985442,24.864073069921428,3.2244720819495822,19.935135172718358,0.8246926684596849,1
115.040204225641,-30.688330000000207,JBMP,2024,-4.980144674725778,0.09300632953555339,3.194562658978154,23.50873209960318,24.851493131166386,3.2097645133123094,18.965074069971283,0.6809511949529797,1
115.06220422564101,-30.688330000000207,JBMP,2024,-5.149315395618083,0.09180185631081278,3.1199966607465837,23.501281706341196,24.83854272544387,3.1943828948986073,17.563818588258755,0.4558492412422048,1
115.08420422564102,-30.688330000000207,JBMP,2024,-5.309222161230477,0.09086611557721591,3.0443357173787913,23.494911940987652,24.82747586690491,3.1813089880579812,17.213634963695426,0.236928317497239,1
115.10620422564102,-30.688330000000207,JBMP,2024,-5.388876296446319,0.09044361329620164,3.0054686195591738,23.491856830188446,24.822171598925735,3.1751352702383957,16.82916787715543,0.03470607787582009,1
115.12820422564103,-30.688330000000207,JBMP,2024,-5.35213805026013,0.09064299325664758,3.02338819688485,23.493326092650882,24.824718575521977,3.177975641490946,16.926130862665296,0.16911991828645206,1
114.94167888925872,-30.666330000000208,JBMP,2024,-4.53140627916625,0.09899579443731125,3.324952115819526,23.539415777443708,24.904746543860536,3.269310930920732,20.800791332367385,1.2117146345215104,1
114.96367888925873,-30.666330000000208,JBMP,2024,-4.565959828734453,0.09787477680870751,3.3288737340852195,23.53366045660997,24.894843446433267,3.2610144786653996,20.849057996158507,1.0916295460610907,1
114.98567888925874,-30.666330000000208,JBMP,2024,-4.61453534072115,0.09663129565013508,3.32828356499006,23.52766726421341,24.884484188733637,3.250880295982118,20.86609398601741,1.0059661088889567,1
115.00767888925874,-30.666330000000208,JBMP,2024,-4.685367894764155,0.0952854901853635,3.317596345038708,23.521358225052957,24.873533078144742,3.238708335002455,20.11034859369921,0.8710954459035616,1
115.02967888925875,-30.666330000000208,JBMP,2024,-4.791102161650716,0.09389812749429295,3.2872489303063355,23.514618797112302,24.861800227861906,3.224489474417296,20.04094916495264,0.7245358764001404,1
115.05167888925875,-30.666330000000208,JBMP,2024,-4.945820660345028,0.09257329389709854,3.225456507012145,23.50735696578619,24.849144778377195,3.2085515059559873,18.98334291917763,0.5911425286165961,1
115.07367888925876,-30.666330000000208,JBMP,2024,-5.143279508678159,0.09145159526211798,3.132000305962632,23.4999517646384,24.836247929370032,3.192345687676136,17.580971366036536,0.3594160689261146,1
115.09567888925876,-30.666330000000208,JBMP,2024,-5.310470722030245,0.09073315829825891,3.0467467784939286,23.49435914121264,24.82651979864368,3.18037459664009,17.247400290575335,0.13916365942626394,1
115.11767888925877,-30.666330000000208,JBMP,2024,-5.33939526569242,0.09062889006476324,3.031516809377708,23.49347072208184,24.82497366880052,3.178437117921439,17.028385735300372,0.08322223881346016,1
114.93154738966177,-30.64433000000021,JBMP,2024,-4.460093206504311,0.10030315842446669,3.334917183774204,23.544772144264652,24.91411795406065,3.2819571832517545,20.764030415747776,1.2485273960737566,1
114.95354738966178,-30.64433000000021,JBMP,2024,-4.475264960927404,0.09924627676250797,3.3479740351150196,23.5390860259951,24.90438320717395,3.2753628216811115,20.8136168729701,1.1090398936327501,1
114.97554738966178,-30.64433000000021,JBMP,2024,-4.49565468990998,0.09802778797453363,3.363202461235257,23.53329638279151,24.894415407372737,3.266921246238138,20.81897052922729,0.9976948417564805,1
114.99754738966179,-30.64433000000021,JBMP,2024,-4.524530576677952,0.09663045269858415,3.3792945090732545,23.527398736504956,24.88419586289732,3.2562739924246524,20.86507381405974,0.9269071458070847,1
115.0195473896618,-30.64433000000021,JBMP,2024,-4.567732712406637,0.09509471653849466,3.3916261749432426,23.521426681626643,24.873783332166255,3.243466421021901,20.95837560232281,0.7558296157726849,1
115.0415473896618,-30.64433000000021,JBMP,2024,-4.63593465721065,0.0935726642772117,3.3892956158508794,23.51551133718152,24.863425945107643,3.2293127588526134,20.913275734597942,0.597774290178928,1
115.0635473896618,-30.64433000000021,JBMP,2024,-4.744524604420129,0.09232228050161166,3.355370293015116,23.509875819737857,24.85355040133049,3.2153495796268414,20.110772673477463,0.5034808320189534,1
115.08554738966181,-30.64433000000021,JBMP,2024,-4.890241460506546,0.09156060174495342,3.2855655661033216,23.504984649111332,24.844998910136436,3.2035568194341844,19.955009549113573,0.36554932583098165,1
115.10754738966182,-30.64433000000021,JBMP,2024,-5.000605661048211,0.09131678405225388,3.223921145451086,23.50227260545437,24.8402661585182,3.1971307965923073,17.455354222502205,0.23410059650664744,1
114.92141589006484,-30.62233000000021,JBMP,2024,-4.401246380828911,0.10181493302789096,3.332830794828096,23.550939654221374,24.924870897607143,3.295248222678409,20.704722086923827,1.293523449170023,1
114.94341589006484,-30.62233000000021,JBMP,2024,-4.402154317111146,0.10089965026900684,3.3491950883044384,23.545198712737516,24.915117428646866,3.290956490890945,20.766029158131943,1.1361172112312028,1
114.96541589006485,-30.62233000000021,JBMP,2024,-4.40199486551535,0.09981358472384184,3.371831782571623,23.539432698049495,24.905267698775493,3.285016420026161,20.871068174285536,0.9998646557172721,1
114.98741589006485,-30.62233000000021,JBMP,2024,-4.400116838689961,0.09846451621553343,3.4041552538457376,23.533621592745266,24.89525919570206,3.276547913979128,20.946936072339575,0.8981289796120688,1
115.00941589006486,-30.62233000000021,JBMP,2024,-4.3949879602888,0.09674809297651442,3.450398963408548,23.527706756906777,24.884963318914327,3.2646323586473547,22.245066900817328,0.8342056985773744,1
115.03141589006486,-30.62233000000021,JBMP,2024,-4.38398516341067,0.09465187958594612,3.512666906469906,23.521764426091295,24.87450586876606,3.2492272992596947,21.809429660332047,0.6306067243638648,1
115.05341589006487,-30.62233000000021,JBMP,2024,-4.367901476180581,0.09247250254204614,3.581931744833024,23.51636274431139,24.864919132176055,3.2327959605855257,21.769500346707538,0.4353211243136838,1
115.07541589006487,-30.62233000000021,JBMP,2024,-4.3678578815806,0.09092266741762196,3.624789829661724,23.512578515496823,24.858176149009168,3.2204068447363783,21.69842411717184,0.29425087559549,1
115.09741589006488,-30.62233000000021,JBMP,2024,-4.426583798113211,0.09060762551522109,3.5977909284744753,23.510967018386225,24.85531904069177,3.215256485362887,20.460198863376387,0.31058011537841007,1
114.9112843904679,-30.600330000000213,JBMP,2024,-4.356376980591972,0.10345579756899304,3.3207776726240934,23.55809701708516,24.937271817262506,3.308176688963352,22.050371912608057,1.3481466835192857,1
114.9332843904679,-30.600330000000213,JBMP,2024,-4.349300571057548,0.10274470590340525,3.334398336074885,23.55215424323741,24.92726779852923,3.3065908544000475,22.55598118108213,1.1752689762357778,1
114.95528439046791,-30.600330000000213,JBMP,2024,-4.338568769487656,0.10193233598246222,3.353600523157288,23.546250035025782,24.917299793873013,3.3041540906290656,22.600972054054438,1.0155004420902192,1
114.97728439046791,-30.600330000000213,JBMP,2024,-4.32269771073934,0.10090688868649349,3.3830559122402946,23.54041601923018,24.90738518622929,3.299790236085544,22.72097881398467,0.8793610547961178,1
114.99928439046792,-30.600330000000213,JBMP,2024,-4.298953774458392,0.09942320128807904,3.4320930666334055,23.534464166563495,24.897137651524346,3.291335514722885,22.87211683193156,0.7881629891170271,1
115.02128439046793,-30.600330000000213,JBMP,2024,-4.261247108009769,0.09704781038801276,3.5174099831664436,23.52784680099898,24.885522109474053,3.2752253435167904,22.38097333497966,0.742319966686287,1
115.04328439046793,-30.600330000000213,JBMP,2024,-4.198468285999924,0.09339536922295148,3.656937453671699,23.52000174197455,24.871504200882814,3.2486838800737057,22.129009417832997,0.49747636852627036,1
115.06528439046794,-30.600330000000213,JBMP,2024,-4.112717299572842,0.08928645779656748,3.8252053710789546,23.512271030795134,24.85756185020123,3.218732359986782,24.233098583352614,0.2412371040176095,1
115.08728439046794,-30.600330000000213,JBMP,2024,-4.071568931714343,0.08746013704997047,3.902116995034594,23.50899329062947,24.85163061832427,3.2054546500784586,25.782431885124208,0.08789413187284999,1
114.9011535887324,-30.578330000000214,JBMP,2024,-4.323383482255924,0.10514504036381005,3.303525352617487,23.566602188167902,24.951886506333224,3.3197305536154373,22.408428678833978,1.4132776931300206,1
114.9231535887324,-30.578330000000214,JBMP,2024,-4.313231960604875,0.10463283344973108,3.311409148906693,23.560309586045054,24.941378236587017,3.320644958525464,22.517556277935757,1.2286217157434183,1
114.94515358873241,-30.578330000000214,JBMP,2024,-4.299171655951774,0.10413777738651317,3.320994112351318,23.554030966616594,24.930905364959944,3.3219453569676327,22.604224717093558,1.0499941426157726,1
114.96715358873242,-30.578330000000214,JBMP,2024,-4.280267988186315,0.10364164142466882,3.3339947741052027,23.548003032313872,24.92085294391001,3.3232927150581157,22.630279618789082,0.8817213428138352,1
114.98915358873242,-30.578330000000214,JBMP,2024,-4.255639295904807,0.10302082006483727,3.3553833610544954,23.54236184317047,24.911405255511735,3.323364898497528,22.61424013721088,0.7344175085678717,1
115.01115358873243,-30.578330000000214,JBMP,2024,-4.223699049754737,0.10183868530234935,3.3998909891535907,23.53677241949866,24.901868484976305,3.3181199819840796,22.699586684442167,0.6379594861796142,1
115.03315358873243,-30.578330000000214,JBMP,2024,-4.177555889745659,0.09889613018285834,3.5076618311350813,23.529578882341724,24.889130494800387,3.297249312129931,22.384828715574784,0.6670645749857724,1
115.05515358873244,-30.578330000000214,JBMP,2024,-4.098719446368905,0.09253857782292067,3.737956194537413,23.51796113289603,24.86803156866064,3.247514105384345,24.645784827085723,0.390754637601865,1
115.07715358873244,-30.578330000000214,JBMP,2024,-4.012244193580022,0.086258009843542,3.971658074625308,23.50701220907974,24.848071943723617,3.198410701076833,27.177991164254593,0.08182495975266137,1
114.89102626113323,-30.556330000000216,JBMP,2024,-4.298700309249314,0.10685032732274514,3.2854585451442144,23.576978939990198,24.969572228512956,3.3293267514402674,21.872271346909667,1.4890616759484672,1
114.91302626113324,-30.556330000000216,JBMP,2024,-4.288455127582905,0.10646690115965571,3.2881795187984033,23.570309875655223,24.958487456565898,3.3318828313689015,22.349430006160034,1.2966282921907335,1
114.93502626113325,-30.556330000000216,JBMP,2024,-4.275055118695677,0.10617435571732055,3.289092285411657,23.563401612663277,24.947044687320354,3.335751500410054,22.5589186529802,1.1060168026715935,1
114.95702626113325,-30.556330000000216,JBMP,2024,-4.258039338824147,0.10605887846324731,3.2864622018191305,23.556624225784173,24.935882386149647,3.3415081630578194,22.590582158070788,0.917574614818792,1
114.97902626113326,-30.556330000000216,JBMP,2024,-4.237652591105873,0.10623404694569744,3.277640188809115,23.55051778493632,24.925926672010554,3.349816168033363,22.618039648781906,0.7314292787176854,1
115.00102626113326,-30.556330000000216,JBMP,2024,-4.215686640297823,0.10679646080872768,3.2599486959869775,23.545743333027858,24.91829444539938,3.3609717018837433,22.651782997556055,0.5486677743836574,1
115.02302626113327,-30.556330000000216,JBMP,2024,-4.195679992013892,0.10754938499542895,3.2388526091696725,23.542678138072795,24.913535035729534,3.3724456287834754,22.818710915015675,0.38301040010326426,1
115.04502626113327,-30.556330000000216,JBMP,2024,-4.175677099030075,0.10669819423997438,3.270905429232474,23.53937197611041,24.90784534328154,3.3678662522230907,22.824292966334593,0.33852942271346564,1
115.06702626113328,-30.556330000000216,JBMP,2024,-4.130076724697216,0.09993855684795577,3.4989493436819528,23.529149101809754,24.888851246249658,3.3109215979705016,25.173879254543415,0.5968667045610412,1
115.08902626113328,-30.556330000000216,JBMP,2024,-4.090447347034507,0.09348278029433021,3.7153748487331244,23.519753378958985,24.871309218686186,3.2559888757911066,24.66125516582509,0.3194421970626835,1
114.88089893353407,-30.534330000000217,JBMP,2024,-3.920129100143148,0.11345441323152906,3.418528219903038,23.622751176983538,25.087232281196904,3.3889166035029286,25.344509646435814,1.6114302742700894,1
114.90289893353408,-30.534330000000217,JBMP,2024,-4.269721394661609,0.10828796555638404,3.2684564123673505,23.583035304416903,24.98006654793333,3.3402492045331607,21.892238358620112,1.378609557557645,1
114.92489893353408,-30.534330000000217,JBMP,2024,-4.2586562134438255,0.10804402116756791,3.2651242686725594,23.575594387790147,24.9677594163716,3.344944320591127,21.83671484024537,1.1815687120616873,1
114.94689893353409,-30.534330000000217,JBMP,2024,-4.245314727598093,0.10798489151955645,3.2559258206312003,23.567744236868624,24.954844227466133,3.3520033228167954,21.904777867646715,0.9839542557732583,1
114.96889893353409,-30.534330000000217,JBMP,2024,-4.230011211591685,0.10829172621998912,3.235928176345791,23.56003298036735,24.942282726365566,3.3627636322466827,22.11726975849707,0.7842016821353823,1
114.9908989335341,-30.534330000000217,JBMP,2024,-4.214348206528258,0.10924726852007807,3.196927739807848,23.553371865218907,24.93166581191835,3.379199982519985,22.181148396498905,0.5782373774776646,1
115.0128989335341,-30.534330000000217,JBMP,2024,-4.202199666483667,0.1111906398484846,3.1284484847254923,23.549055155875045,24.925229558171033,3.4033920579391785,22.842646962537998,0.35926524187042796,1
115.03489893353411,-30.534330000000217,JBMP,2024,-4.198729967802001,0.11391545464983766,3.0369422549910756,23.54812556121738,24.92461236330394,3.432035264110148,23.052115269224604,0.13091998760565135,1
115.05689893353411,-30.534330000000217,JBMP,2024,-4.198094227253901,0.1142459787740165,3.025907960998734,23.547988749069702,24.924498285371893,3.4355431790282434,23.073042010596662,0.08235382008909602,1
115.07889893353412,-30.534330000000217,JBMP,2024,-4.179285543165052,0.10815748843207688,3.2270381151594454,23.54232371492114,24.913182149888087,3.3798636682622596,22.484290978613185,0.38942054014834576,1
114.87080693797103,-30.51233000000022,JBMP,2024,-3.8807800712164258,0.11540528749385187,3.4221735402859785,23.639796257826834,25.12399100725547,3.3982337168172374,25.33465666843723,1.6978445782825071,1
114.89280693797103,-30.51233000000022,JBMP,2024,-3.9066214666911954,0.11474481053801114,3.404953054206237,23.630936875382304,25.10442445913729,3.396506270041782,25.102320353832518,1.55492974019246,1
114.91480693797104,-30.51233000000022,JBMP,2024,-3.9377361610803985,0.11401083835951513,3.3823003135027814,23.620286947644722,25.08104834477732,3.3950701923541424,25.13246371365137,1.3443261302127085,1
114.93680693797104,-30.51233000000022,JBMP,2024,-3.974630475705498,0.11325887974327555,3.3519563153035383,23.607795875716423,25.053814417287313,3.394508559283508,25.100407299353108,1.1260868186181796,1
114.95880693797105,-30.51233000000022,JBMP,2024,-4.017365298678385,0.11260859318457275,3.3106565194474507,23.593744517555137,25.02337570107432,3.395826961337598,25.441223745021734,0.9033768462356163,1
114.98080693797105,-30.51233000000022,JBMP,2024,-4.065078174085883,0.11226769888706921,3.2542675352258197,23.578998827745636,24.9915922001753,3.400523016163107,25.278449109105114,0.6783282975070161,1
115.00280693797106,-30.51233000000022,JBMP,2024,-4.205038965264624,0.11126911537214217,3.1434688759278067,23.557091164688387,24.938474986097237,3.3969688684416504,22.28983928855438,0.45169925899984875,1
115.02480693797106,-30.51233000000022,JBMP,2024,-4.200115481502609,0.11279178109119346,3.081877446875303,23.551499193141456,24.929787811298123,3.417600258222227,22.929040838103518,0.2378876160825307,1
115.04680693797107,-30.51233000000022,JBMP,2024,-4.198848775275292,0.11373977186468566,3.0457894864299195,23.54938904559168,24.926632913037874,3.4291377533733,23.049560626655015,0.06409423377659389,1
114.86072528045379,-30.49033000000022,JBMP,2024,-3.771557903955277,0.11234144419470725,3.6426088946445336,23.609320424084196,25.141043279216763,3.4263076817982094,24.625827927528945,1.7685476259656265,1
114.8827252804538,-30.49033000000022,JBMP,2024,-3.8553464310688703,0.11697922886335263,3.417143192174406,23.652032543004704,25.150109322318535,3.4064287714008215,25.07492438952023,1.6116484177310224,1
114.9047252804538,-30.49033000000022,JBMP,2024,-3.880864225932019,0.11643435532411932,3.398077049177619,23.64392355849585,25.13187547362247,3.40524967943304,25.14575557272913,1.5067751901554867,1
114.92672528045381,-30.49033000000022,JBMP,2024,-3.9123626103540254,0.11579155535700766,3.373303479223496,23.63377847627815,25.109275915315635,3.40424917431336,25.095764858255396,1.2961761791416164,1
114.94872528045381,-30.49033000000022,JBMP,2024,-3.950311993671589,0.11508173163043149,3.341125909741818,23.621429614532854,25.08205947570312,3.4038651093533105,25.18488315554703,1.0777684408037456,1
114.97072528045382,-30.49033000000022,JBMP,2024,-3.9941537867164936,0.11438333461080122,3.300016039585388,23.60713733456165,25.050904832365724,3.4047590331895825,25.22005023557349,0.852397907538335,1
114.99272528045383,-30.49033000000022,JBMP,2024,-4.04108878655254,0.1138241348413301,3.2503743343710636,23.592015601966807,25.018273820540582,3.407572259384937,25.716892008705845,0.6247905422679444,1
115.01472528045383,-30.49033000000022,JBMP,2024,-4.08428584525957,0.11350863616263168,3.1990197481158273,23.578420747889982,24.989172273268487,3.4119912821806744,25.40035615521756,0.40697562763241835,1
115.03672528045384,-30.49033000000022,JBMP,2024,-4.1120931205622835,0.11332171343649376,3.1652963591050205,23.569599463826794,24.970393381599735,3.4150793074454735,25.21395163827885,0.23375030745321354,1
115.05872528045384,-30.49033000000022,JBMP,2024,-4.113388801758834,0.1128217186040901,3.176117615350393,23.567649184528985,24.96628662202162,3.4114431220023462,25.171630127035467,0.22609119600614114,1
114.85064362293656,-30.468330000000222,JBMP,2024,-4.0996563933708075,0.12089523054044961,3.703510013826073,23.66374560371306,25.306873735515506,3.5022660981942026,24.76738687498078,1.5308732547431239,1
114.87264362293656,-30.468330000000222,JBMP,2024,-4.1016433690622005,0.12073958107431951,3.6848562619606695,23.660691678562614,25.296766191667057,3.5006897693374084,24.07685281621212,1.3725680683824855,1
114.89464362293657,-30.468330000000222,JBMP,2024,-3.7356279008549227,0.12621779265759087,3.4416904759150584,23.708490847338688,25.31285461193089,3.483324414737668,24.902992223269116,1.163099168177294,1
114.91664362293658,-30.468330000000222,JBMP,2024,-3.759866374818939,0.12580499591628005,3.416672635425433,23.702051906060987,25.29531098523394,3.4810854473075037,25.295392310777203,1.0369960561606164,1
114.93864362293658,-30.468330000000222,JBMP,2024,-3.791322398273852,0.12523633995810685,3.3846282512339467,23.693330306315133,25.2720470993222,3.4782090984993412,25.34649448251683,0.9542108126483518,1
114.96064362293659,-30.468330000000222,JBMP,2024,-3.89979567980729,0.11758312981078808,3.350273146468833,23.64536124774326,25.131821512830758,3.413770834457577,25.129544758382444,1.105149351391761,1
114.98264362293659,-30.468330000000222,JBMP,2024,-3.9378532903556915,0.11689197134952291,3.318269936004897,23.63341172783888,25.10512897053304,3.4131800677416217,25.256549980749984,0.8994500456965998,1
115.0046436229366,-30.468330000000222,JBMP,2024,-3.9758787762813967,0.11616800870938257,3.2861372909244437,23.62089912476316,25.07764951441651,3.4127952106946204,25.314796095712577,0.7005169930073738,1
115.0266436229366,-30.468330000000222,JBMP,2024,-4.006322250174964,0.11549371039184703,3.2622431898373137,23.610323438810457,25.054697423888616,3.4120163785835724,25.62769882754121,0.5358201581068172,1
115.04864362293661,-30.468330000000222,JBMP,2024,-4.021204183896967,0.11489097461204417,3.257571591502893,23.604354022009097,25.041751568998794,3.4094789282681424,25.602632509055276,0.456025279342068,1
114.84056196541933,-30.446330000000223,JBMP,2024,-4.092102693412463,0.12134585006183461,3.7575434373890535,23.672591626892498,25.33614916917099,3.5068293559805723,25.074755311001613,1.5724455187138677,1
114.86256196541933,-30.446330000000223,JBMP,2024,-4.092236728291666,0.12128609325779374,3.750392169214993,23.67142079953198,25.332273333710983,3.5062240464896965,24.94039177658917,1.3954920274603697,1
114.88456196541934,-30.446330000000223,JBMP,2024,-4.092735183573605,0.12120114177446546,3.7402209791376744,23.669755563617908,25.32676119467503,3.5053635855479373,24.587760288755014,1.2275662150759128,1
114.90656196541934,-30.446330000000223,JBMP,2024,-3.6883372150952063,0.12727359764758298,3.487333020919848,23.723832668225622,25.35087276026113,3.4874750456278027,25.029374519540678,1.0104512806609716,1
114.92856196541935,-30.446330000000223,JBMP,2024,-3.704065856890124,0.1271463656742469,3.469486581943827,23.721221605844367,25.341676240567818,3.4859181100072507,24.99607209353807,0.863136577252978,1
114.95056196541935,-30.446330000000223,JBMP,2024,-3.72489505471145,0.1269566636464997,3.4461854129255878,23.717530902840874,25.329199250042556,3.4838817129886217,24.90634176030615,0.7484767830335923,1
114.97256196541936,-30.446330000000223,JBMP,2024,-3.7509397586208237,0.126680831826515,3.4175711358104044,23.712488621434243,25.313025077004326,3.4813725438194245,25.267443762596315,0.6862949577859128,1
114.99456196541936,-30.446330000000223,JBMP,2024,-3.780682780137528,0.1263130034662375,3.385554541313048,23.706143760548272,25.293752031827275,3.478552179321973,25.31046088342503,0.692154940544476,1
115.01656196541937,-30.446330000000223,JBMP,2024,-3.8101800631703253,0.12589929124409613,3.3544000771485853,23.699307551751613,25.273890253594004,3.4757953177943612,25.408573588612697,0.7596839749374364,1
115.03856196541938,-30.446330000000223,JBMP,2024,-3.833644503943542,0.12555288263075376,3.3298642536452063,23.693678473004617,25.257838584572564,3.473620374379848,25.498134727705082,0.8624366792063364,1
114.8304803079021,-30.424330000000225,JBMP,2024,-4.02201475975471,0.12917666541938516,3.771722832996452,23.76622388967171,25.496777912157338,3.5099841656377837,25.94268240680739,1.5942283453969568,1
114.85248030790211,-30.424330000000225,JBMP,2024,-4.020771728017768,0.12921368481332102,3.770262674098418,23.766568829584177,25.496963644957656,3.509871789665263,25.9385662970382,1.402769021676467,1
114.87448030790212,-30.424330000000225,JBMP,2024,-4.019170119286726,0.12928038155653895,3.7676352246771954,23.767189569816047,25.497298747343585,3.509670541207656,25.9385662970382,1.2136783056242482,1
114.89648030790212,-30.424330000000225,JBMP,2024,-4.017132977672,0.12939148738129744,3.7632615817773627,23.768222897595418,25.4978574432696,3.5093365032475865,25.895948241482643,1.0284518202291233,1
114.91848030790213,-30.424330000000225,JBMP,2024,-4.014604419063142,0.12956706921645714,3.7563534720059883,23.76985507565145,25.49874087830127,3.5088099590524267,25.567110699294567,0.8499630754837588,1
114.94048030790213,-30.424330000000225,JBMP,2024,-4.0115928165005,0.12983098859857997,3.745974009715911,23.772307488931272,25.50006938914324,3.508020066039405,25.57837202175833,0.684101683665676,1
114.96248030790214,-30.424330000000225,JBMP,2024,-4.0082306847390194,0.1302030969364067,3.7313445208859313,23.775764147896805,25.501943198738445,3.506908169547387,25.548711237980243,0.5434183761561889,1
114.98448030790215,-30.424330000000225,JBMP,2024,-4.004825928671954,0.13068067609490494,3.712573563369773,23.78019942635241,25.504348864174993,3.505483020513275,25.552310444329446,0.45263550355661236,1
115.00648030790215,-30.424330000000225,JBMP,2024,-3.6898751673868437,0.12933766241647313,3.4624009137677363,23.74674151790416,25.382494140440215,3.485853552807769,25.747743437128406,0.46645525566625323,1
115.02848030790216,-30.424330000000225,JBMP,2024,-3.710443325843055,0.12944780805660255,3.4365498546582467,23.746433991520377,25.37500264697414,3.4836844140138274,25.84953823454617,0.5402537220700451,1
115.05048030790216,-30.424330000000225,JBMP,2024,-3.7284537942933524,0.1293946673393786,3.415618286418255,23.744497314459725,25.366112227427585,3.481894608991403,25.802160482316516,0.6675020673912734,1
114.82039865038487,-30.402330000000227,JBMP,2024,-4.023765504145768,0.1290084991097801,3.7783354957175947,23.764661464871836,25.495931255175012,3.510487101948476,25.895076928896728,1.6780916557289531,1
114.84239865038488,-30.402330000000227,JBMP,2024,-4.022740855662374,0.12900635203046468,3.7784144942439672,23.764642722763497,25.49591966120419,3.5104915076874175,25.848110964134726,1.4850431259291073,1
114.86439865038489,-30.402330000000227,JBMP,2024,-4.021331430441226,0.12902400768162067,3.7777138133954566,23.764808187513907,25.496007623411376,3.510436320524867,26.075327418490225,1.2936356023925788,1
114.88639865038489,-30.402330000000227,JBMP,2024,-4.019395971590542,0.12907604556623478,3.775660157937578,23.76529331604065,25.496268544695436,3.510277938291414,26.075327418490225,1.104870999927907,1
114.9083986503849,-30.402330000000227,JBMP,2024,-4.016766126655108,0.12918682716430877,3.771295958553006,23.766324365937855,25.496825130773892,3.5099436427704878,26.068937372193925,0.92069695780988,1
114.9303986503849,-30.402330000000227,JBMP,2024,-4.013286076261479,0.1293955017204082,3.763083055454662,23.768264788019152,25.497874667922332,3.509316822634941,25.933240995260007,0.74523475986001,1
114.95239865038491,-30.402330000000227,JBMP,2024,-4.00891301142622,0.12975856540912964,3.748802861701046,23.77163882670845,25.499702022315958,3.5082296149504706,25.963654464079504,0.5878846648361241,1
114.97439865038491,-30.402330000000227,JBMP,2024,-4.003877314556397,0.1303360218087468,3.726100835207157,23.7770028772728,25.50261000226062,3.5065043961054068,26.088864320622914,0.4700623922018618,1
114.99639865038492,-30.402330000000227,JBMP,2024,-3.9988192782544596,0.13113314880767482,3.694773752933891,23.784405017599006,25.50662580327386,3.5041269833434314,26.54846387825798,0.4282458754465755,1
115.01839865038492,-30.402330000000227,JBMP,2024,-3.9947902581845196,0.1320041029515727,3.6605541518653326,23.792490743961558,25.511014817538825,3.5015326820914754,26.92950381803349,0.4795832882550603,1
115.04039865038493,-30.402330000000227,JBMP,2024,-3.992936148106884,0.13266615197270315,3.634549338605491,23.79863550171285,25.51435209652346,3.499563224429498,26.93356327686672,0.5918594436111748,1
114.81031699286764,-30.380330000000228,JBMP,2024,-4.025671516489282,0.12885931218397054,3.784203671121035,23.763274971523416,25.495180415896805,3.5109339532575374,26.18216032158261,1.763500307398605,1
114.83231699286765,-30.380330000000228,JBMP,2024,-4.024996711176483,0.12881693876485695,3.7858641573588194,23.7628825549088,25.49496625357667,3.511058553264646,26.045224454336594,1.569242664896991,1
114.85431699286765,-30.380330000000228,JBMP,2024,-4.0239899524798775,0.12877965742500833,3.7873229246590783,23.76253777902031,25.49477751321233,3.511167372180613,25.955593004822834,1.3760646865990371,1
114.87631699286766,-30.380330000000228,JBMP,2024,-4.022477540878327,0.12875626301916865,3.788233651166777,23.762322465098546,25.49465840308564,3.5112339255695484,26.21673619929778,1.184563909104744,1
114.89831699286766,-30.380330000000228,JBMP,2024,-4.020194057822724,0.1287646270034304,3.787893051931871,23.762402776080453,25.4946988214663,3.511204564408147,26.209929486334815,0.995884453811181,1
114.92031699286767,-30.380330000000228,JBMP,2024,-4.016760547961782,0.12884130690047071,3.784863381669795,23.763118415964566,25.49508278992888,3.5109698724863234,26.15502802771393,0.8124700449390762,1
114.94231699286767,-30.380330000000228,JBMP,2024,-4.0117337041072165,0.12906067489427375,3.7762215955715224,23.765160055238862,25.4961849522888,3.5103079552665593,26.417380861162687,0.6402473594721072,1
114.96431699286768,-30.380330000000228,JBMP,2024,-4.0048705855274696,0.12956520042010417,3.756372082351282,23.769849905063744,25.49872354353869,3.5087951765195005,26.629616452061317,0.49526230995227666,1
114.98631699286769,-30.380330000000228,JBMP,2024,-3.9966380337237397,0.130567883745888,3.716954972731362,23.779163438337786,25.503773220124437,3.505800365945209,26.933974514356077,0.41796108323639786,1
115.00831699286769,-30.380330000000228,JBMP,2024,-3.988474743297694,0.13213767625154507,3.655272942851212,23.793738169780134,25.511683148675314,3.5011225049820225,27.112946950828288,0.4558090377182304,1
115.0303169928677,-30.380330000000228,JBMP,2024,-3.983061227896518,0.13367899357501464,3.594725826572761,23.80804496076912,25.519451911519415,3.496535450709994,27.384975858288588,0.5740716791595625,1
114.80023533535041,-30.35833000000023,JBMP,2024,-4.027570488488361,0.12874170375015803,3.7888317331359347,23.76218151217352,25.49458879714495,3.511286964356699,26.44455925004947,1.8502981733068768,1
114.82223533535041,-30.35833000000023,JBMP,2024,-4.0273231710536885,0.128665683282196,3.791815752553081,23.761476380633074,25.49420530024178,3.51151236307214,26.421482341165948,1.6551827849183274,1
114.84423533535042,-30.35833000000023,JBMP,2024,-4.026873762630371,0.12858025217673288,3.795168273929421,23.76068415852439,25.493774201051433,3.5117653328258,26.421482341165948,1.4607604736677453,1
114.86623533535042,-30.35833000000023,JBMP,2024,-4.026081666912276,0.1284858094166631,3.7988728743128055,23.759808715879174,25.49329740227953,3.5120444078576223,26.22049014794753,1.2673478066790123,1
114.88823533535043,-30.35833000000023,JBMP,2024,-4.024691340613223,0.1283859723232623,3.8027860982884736,23.758883930897305,25.492792940415296,3.5123383189394737,26.11608883439919,1.0755084815195122,1
114.91023533535044,-30.35833000000023,JBMP,2024,-4.022226840085295,0.12829334845180554,3.80641015096382,23.758027392685033,25.492323995523353,3.5126086037620543,26.396534844818248,0.8863656111781817,1
114.93223533535044,-30.35833000000023,JBMP,2024,-4.017810492917727,0.1282462008247611,3.808237251806757,23.75759531113257,25.492082746584938,3.5127396424026567,26.418092812891842,0.7025328675176137,1
114.95423533535045,-30.35833000000023,JBMP,2024,-4.010024242256864,0.1283596133471825,3.803739209326248,23.758657556875715,25.492648189005664,3.5123861968542927,26.56704774818737,0.5315329198668612,1
114.97623533535045,-30.35833000000023,JBMP,2024,-3.99773395527436,0.12898425005686417,3.7791387659161084,23.764469552409835,25.495787467257653,3.5105038435425353,26.855885144532056,0.40078071002953575,1
114.99823533535046,-30.35833000000023,JBMP,2024,-3.98281579052358,0.131052590358379,3.697838926435192,23.783679340012057,25.506205406938655,3.504329836479861,27.37287724910958,0.4015530109718722,1
115.02023533535046,-30.35833000000023,JBMP,2024,-3.9674274039290625,0.1351945589462863,3.535129007397751,23.822126339353137,25.527082020339954,3.4920022755284705,27.612571579881134,0.5974126307183911,1
115.04223533535047,-30.35833000000023,JBMP,2024,-3.962630242643576,0.13740910830887706,3.4481548862022287,23.8426778898949,25.538246899372588,3.4854188332142093,27.940475386688934,0.5536709422761187,1
114.79015367783317,-30.33633000000023,JBMP,2024,-4.029297044068381,0.12866210650877208,3.79196619810854,23.76144097180548,25.494188707841197,3.511526697945557,26.465909093484683,1.9383143189567598,1
114.81215367783318,-30.33633000000023,JBMP,2024,-4.029471860282779,0.12856406863033726,3.795817013882466,23.76053105004196,25.493694509115922,3.5118183245236745,26.47295915435041,1.7426415156143085,1
114.83415367783319,-30.33633000000023,JBMP,2024,-4.029607216666612,0.12844685382915744,3.8004207198936357,23.75944322035745,25.493103589905203,3.5121668627173155,26.432464362683742,1.5474324637275012,1
114.85615367783319,-30.33633000000023,JBMP,2024,-4.029647908905392,0.12830457003709198,3.80600842254859,23.75812286925094,25.492386201633895,3.51258971775549,26.42081930095535,1.3528509196596072,1
114.8781536778332,-30.33633000000023,JBMP,2024,-4.029475489247287,0.12812895042601832,3.812904157632269,23.756493419720087,25.491500574475552,3.5131112295352533,26.5016373570773,1.1591542980144915,1
114.9001536778332,-30.33633000000023,JBMP,2024,-4.028819866361707,0.12790849070769258,3.8215582868639704,23.754448432976805,25.49038849789425,3.5137650571833685,26.50938916111398,0.9667789187519121,1
114.92215367783321,-30.33633000000023,JBMP,2024,-4.027010487630204,0.12762838422330652,3.8325486208085806,23.75185132298159,25.48897478736752,3.514593842497993,26.286993109487963,0.7765485824218518,1
114.94415367783321,-30.33633000000023,JBMP,2024,-4.022195579887243,0.12727710006467857,3.8463172244869233,23.748597479589254,25.487199748780867,3.5156278555809872,26.142696837917004,0.5902946316108479,1
114.96615367783322,-30.33633000000023,JBMP,2024,-4.008832633902226,0.12689748767866132,3.8611450114089996,23.74509260327312,25.485274180602946,3.51672626715103,26.195818785039332,0.413399048669102,1
114.98815367783322,-30.33633000000023,JBMP,2024,-3.9760640326806147,0.1269890376195249,3.857324188704938,23.745992265518467,25.485703197873665,3.5163704686992974,26.53751289863853,0.27491975004914637,1
115.01015367783323,-30.33633000000023,JBMP,2024,-3.9553705792595855,0.13219027553513457,3.6529868153333,23.794275261045975,25.511916506968717,3.500884336699593,27.386273935672488,0.4429456351726695,1
115.03215367783324,-30.33633000000023,JBMP,2024,-3.911520351899935,0.14658216857371087,3.0877047527435586,23.927847807405197,25.584466712015114,3.4580793396770173,30.738049081103497,0.10693556341684375,1
114.78011568108064,-30.314330000000233,JBMP,2024,-4.030729612370011,0.12861993286939452,3.7936295141273897,23.761048037173587,25.49397709474834,3.5116546673447284,26.56564734632483,2.026982878749857,1
114.80211568108065,-30.314330000000233,JBMP,2024,-4.031247088443572,0.12851236002793034,3.7978565057455604,23.760049250926187,25.493435070083212,3.5119752707288407,26.488815841359724,1.830986774405267,1
114.82411568108066,-30.314330000000233,JBMP,2024,-4.031862886333241,0.1283819730881885,3.802979932625325,23.75883864764514,25.492778088662337,3.5123638577718315,26.47876086450787,1.6353410891119051,1
114.84611568108066,-30.314330000000233,JBMP,2024,-4.032605578210117,0.12822076991689585,3.809314209355672,23.75734193469633,25.49196582700173,3.5128442689754085,26.32937286067898,1.4401487844447094,1
114.86811568108067,-30.314330000000233,JBMP,2024,-4.033513678152469,0.12801659725955236,3.8173368428815784,23.755446282402644,25.490937042178757,3.5134527081410836,26.58647187928818,1.245559583429689,1
114.89011568108067,-30.314330000000233,JBMP,2024,-4.034636578093578,0.12775015679082946,3.827806047753723,23.75297253258501,25.489594482003316,3.5142466543307003,26.53448552016119,1.0518045455273854,1
114.91211568108068,-30.314330000000233,JBMP,2024,-4.036023892702217,0.127389156461766,3.8419904807916545,23.749620913901328,25.487775403474078,3.5153222617812263,26.306499058819085,0.8592772680348557,1
114.93411568108068,-30.314330000000233,JBMP,2024,-4.037648334505546,0.126876316133446,3.8621402682442767,23.744859739928916,25.4851910962971,3.5168500024067026,26.048041957395952,0.6687777534933665,1
114.95611568108069,-30.314330000000233,JBMP,2024,-4.038894319325592,0.12610509315386847,3.8924395845916604,23.7377003086298,25.4813043890965,3.5191465418311303,25.56250419255077,0.48250370362754513,1
114.9781156810807,-30.314330000000233,JBMP,2024,-4.03355020160664,0.12489383327444879,3.940012164499549,23.72645916824927,25.475197929863903,3.5227479888712727,24.250742896010383,0.30909776724880866,1
115.0001156810807,-30.314330000000233,JBMP,2024,-3.5791770573336854,0.12331308703220545,3.9976108474571785,23.712785621560876,25.466580846220122,3.5257828177876043,23.690272166122988,0.06779992349211471,1
114.7701647850961,-30.292330000000234,JBMP,2024,-4.031815415139737,0.1286095863331028,3.7940412007920754,23.760950832982925,25.493925702520098,3.511687407043072,26.806287873198485,2.1157485426396376,1
114.7921647850961,-30.292330000000234,JBMP,2024,-4.032560405314846,0.12850258387583707,3.798246921816834,23.759957088824947,25.493386716815778,3.512006734521565,26.95083753354469,1.91959696622624,1
114.81416478509611,-30.292330000000234,JBMP,2024,-4.0334846313847965,0.12837386372538673,3.803306422072457,23.758761612743097,25.492738360368282,3.5123909362821526,26.738863845814244,1.7237535972333773,1
114.83616478509612,-30.292330000000234,JBMP,2024,-4.034660819708783,0.12821641969590267,3.8094952209903123,23.75729930593412,25.491945362589956,3.512860973599419,26.65729038521697,1.5283079139844857,1
114.85816478509612,-30.292330000000234,JBMP,2024,-4.036207001916985,0.12802009967469072,3.8172126253004026,23.75547582258032,25.490956626219923,3.513447246981336,26.645840908566402,1.3333933212007636,1
114.88016478509613,-30.292330000000234,JBMP,2024,-4.038328337693634,0.12776984860260546,3.82705095799704,23.75315121454936,25.489696401461064,3.5141949025621795,26.60919958901136,1.1392260158298997,1
114.90216478509613,-30.292330000000234,JBMP,2024,-4.041415750271978,0.12744298591081626,3.8399030147305497,23.750114547472013,25.48805063652926,3.515172122736932,26.55379287260645,0.9462043409846879,1
114.92416478509614,-30.292330000000234,JBMP,2024,-4.046315638968018,0.1270057431355278,3.857099475863265,23.746051451144716,25.485849728297435,3.516480950233809,26.434550245387484,0.7552156298621967,1
114.94616478509614,-30.292330000000234,JBMP,2024,-4.055224119410423,0.1264135188140439,3.880403347752067,23.740545495848856,25.482870450430376,3.5182581831263247,25.402016057349023,0.5688087997039162,1
114.96816478509615,-30.292330000000234,JBMP,2024,-4.075309385030374,0.12564482266750035,3.91069115390349,23.73339002227193,25.479009153922235,3.5205797788493163,24.857446442384358,0.3968068268722593,1
114.99016478509616,-30.292330000000234,JBMP,2024,-4.1279825276397375,0.12492670014279145,3.9390877964633306,23.72668276262056,25.47541656029459,3.522786319464355,23.998175634626776,0.282985841945628,1
115.01216478509616,-30.292330000000234,JBMP,2024,-4.142404115059952,0.12553288392990133,3.9152783058426968,23.73230879456755,25.478472372914283,3.520983411578596,24.2302574016797,0.285995938855303,1
115.03416478509617,-30.292330000000234,JBMP,2024,-4.068405627906311,0.12873086481320792,3.789435949037642,23.762041258145977,25.494559937882617,3.511385462713773,25.88805589716401,0.43213931528660354,1
114.7602237265344,-30.270330000000236,JBMP,2024,-4.094819099053726,0.12568355667182474,4.0,23.653619402680444,25.373241042841496,3.458413784021174,25.832185342053183,2.24449422891976,1
114.78222372653441,-30.270330000000236,JBMP,2024,-4.033419346698127,0.1285240003269161,3.7974100929936734,23.76015488769151,25.493495308261096,3.511944656301971,27.08918215302881,2.0089602824782826,1
114.80422372653442,-30.270330000000236,JBMP,2024,-4.034484080586715,0.12840604741718376,3.8020474234742725,23.75905917813082,25.492901337421642,3.5122971098195905,27.209796343479727,1.813068414367392,1
114.82622372653442,-30.270330000000236,JBMP,2024,-4.035831678035698,0.12826511349033026,3.8075886527113045,23.757749900761564,25.492191699428318,3.5127183802724886,27.220576990813132,1.6175728892394636,1
114.84822372653443,-30.270330000000236,JBMP,2024,-4.0375830701757245,0.1280948356817143,3.8142842650221294,23.75616787570765,25.491334400379472,3.5132276020896565,27.14941850867028,1.4226171529239324,1
114.87022372653443,-30.270330000000236,JBMP,2024,-4.03993365524967,0.12788702113584408,3.822456979129914,23.75423685959177,25.490288272777757,3.5138494848366615,27.044665839204743,1.228439399492595,1
114.89222372653444,-30.270330000000236,JBMP,2024,-4.043214083963111,0.12763182848656832,3.8324949032195677,23.751865166947788,25.489003931285406,3.5146138785839627,26.76832209421516,1.0354772016747305,1
114.91422372653444,-30.270330000000236,JBMP,2024,-4.048007922944624,0.12731991118949437,3.8447678562700007,23.748965450106056,25.48743465055583,3.5155495872344162,26.591065611588316,0.8446419291556363,1
114.93622372653445,-30.270330000000236,JBMP,2024,-4.055351915271006,0.12695115282041,3.859284925074312,23.745535625603903,25.485580495672014,3.5166586327915934,25.640607960128875,0.6581306910801887,1
114.95822372653446,-30.270330000000236,JBMP,2024,-4.066798138030602,0.12656292683977827,3.874583553504969,23.741921362199445,25.48363064675133,3.5178318590428614,25.552113351778285,0.4821297484967026,1
114.98022372653446,-30.270330000000236,JBMP,2024,-4.082286463726227,0.1263024275420448,3.8848765802303133,23.739490048903495,25.48232629502354,3.5186293613630615,25.43927306321721,0.336357635293049,1
115.00222372653447,-30.270330000000236,JBMP,2024,-4.091083579770918,0.1265183835669833,3.876421167805657,23.741488388022532,25.483418820159404,3.5179970297823786,25.51007981571894,0.2766806749918609,1
115.02422372653447,-30.270330000000236,JBMP,2024,-4.07793353411347,0.12754735288760435,3.8359543973337966,23.751049706716234,25.48859852067596,3.514917651302553,25.75583684436026,0.3553526383134962,1
114.7502826679727,-30.248330000000237,JBMP,2024,-4.099051638448464,0.12598415724532439,4.0,23.64600209865712,25.360999845424615,3.4494679060249984,26.04697342269486,2.3446628996015377,0
114.7722826679727,-30.248330000000237,JBMP,2024,-4.098846046883354,0.1259427954345886,4.0,23.647051580510706,25.362686905554376,3.4507010097151105,25.842979251842905,2.1515878722944968,1
114.79428266797271,-30.248330000000237,JBMP,2024,-4.098601927537872,0.12588990417226506,4.0,23.6483936499981,25.364844323695742,3.4522779138981967,26.10616769313189,1.958970047907175,1
114.81628266797271,-30.248330000000237,JBMP,2024,-4.098320391732809,0.12582180616765434,4.0,23.65012166745516,25.367622199287325,3.4543083371589027,26.130055204154818,1.7668059114188202,1
114.83828266797272,-30.248330000000237,JBMP,2024,-4.098015464520017,0.12573374944837476,4.0,23.65235631539575,25.371214573119403,3.456934123506968,26.11048417622442,1.5750653427759311,1
114.86028266797273,-30.248330000000237,JBMP,2024,-4.097731528644534,0.12561995053266709,4.0,23.655244553387895,25.3758577663357,3.4603280356474126,26.130932506250875,1.3837071155312435,1
114.88228266797273,-30.248330000000237,JBMP,2024,-4.097578697486603,0.12547428299453378,4.0,23.658942236553155,25.381802473322303,3.464673370202528,26.099837598843465,1.192769728886939,1
114.90428266797274,-30.248330000000237,JBMP,2024,-4.097795537349243,0.12529248534549134,4.0,23.663558226214832,25.3892239685094,3.4700983453685414,26.13022232657715,1.0026798608782,1
114.92628266797274,-30.248330000000237,JBMP,2024,-4.051705290533109,0.12741925035339915,3.8408828096525918,23.749883698577936,25.487937847364297,3.515260357098621,26.098069846844062,0.7487401357326452,1
114.94828266797275,-30.248330000000237,JBMP,2024,-4.057972070157622,0.12721931707638504,3.848762902606703,23.74802206595762,25.48693389608778,3.5158650869882466,25.81455914583596,0.5705071601511404,1
114.97028266797275,-30.248330000000237,JBMP,2024,-4.064693352059549,0.12711693600065127,3.8528120886803756,23.747065662503175,25.486421815468923,3.5161799438984054,25.761361113317953,0.4128689874565409,1
114.99228266797276,-30.248330000000237,JBMP,2024,-4.0688950962168065,0.12723429183795645,3.84821865490453,23.748151288019688,25.487015729490082,3.51583685616756,25.78337012456134,0.3109554241326135,1
115.01428266797276,-30.248330000000237,JBMP,2024,-4.06659703762699,0.12768018096250838,3.830695241437244,23.752291819686313,25.489262052583445,3.514507011197878,25.84449302896505,0.32495295533592333,1
114.740341609411,-30.22633000000024,JBMP,2024,-4.368110453509411,0.13160938271363667,4.0,23.50014386269496,25.125344997964195,3.276767816159343,22.030116155481867,2.316528597462252,0
114.76234160941101,-30.22633000000024,JBMP,2024,-4.098977557877743,0.1291493480683602,4.0,23.569033082474856,25.238537063062147,3.360444284450668,25.58769522528054,2.295321328277076,0
114.78434160941102,-30.22633000000024,JBMP,2024,-4.099556977830502,0.12915193329088345,4.0,23.56896367800416,25.238424050990368,3.360361127095314,25.67130878142414,2.1192667810047325,1
114.80634160941102,-30.22633000000024,JBMP,2024,-4.100379876667121,0.12915314688407292,4.0,23.568929199185064,25.238367229112118,3.360319058114498,24.7402896317031,1.9475524276349292,1
114.82834160941103,-30.22633000000024,JBMP,2024,-4.101550323982795,0.12915195533625717,4.0,23.56895622236228,25.238409453042333,3.360349452860466,24.827029094023857,1.7815411180267091,1
114.85034160941103,-30.22633000000024,JBMP,2024,-4.103219082709198,0.12914667025349758,4.0,23.569088219827982,25.238620844813127,3.3605036569197573,24.83730573872577,1.6231774620228534,1
114.87234160941104,-30.22633000000024,JBMP,2024,-4.10559991569738,0.1291345742707017,4.0,23.569395237972433,25.23911442125891,3.360864436324709,24.83730573872577,1.4752727524411986,1
114.89434160941104,-30.22633000000024,JBMP,2024,-4.108978850535397,0.12911146015390906,4.0,23.56998584944697,25.240065404965218,3.3615601298166613,24.834073477252343,1.3418882091348943,1
114.91634160941105,-30.22633000000024,JBMP,2024,-4.110850275047885,0.12628211749698898,4.0,23.6384769646381,25.348916351819927,3.440640963210962,25.1308303160967,1.0060875101320932,1
114.93834160941105,-30.22633000000024,JBMP,2024,-4.112981379389805,0.12623639926129365,4.0,23.63964390996863,25.350794861022923,3.442015009392734,25.126333738642018,0.8569877549240907,1
114.96034160941106,-30.22633000000024,JBMP,2024,-4.115154175820485,0.12616313769043028,4.0,23.641509679683097,25.353796727890913,3.4442101330343884,25.132250984012384,0.7277001746962108,1
114.98234160941107,-30.22633000000024,JBMP,2024,-4.116821792085373,0.12606707785539156,4.0,23.643952153592515,25.35772498949093,3.447082119403649,25.026144778703166,0.6315136161227525,1
114.73040055084931,-30.20433000000024,JBMP,2024,-4.332260320885011,0.13187222314870206,4.0,23.49378433262815,25.115239236409103,3.2694264109040696,23.590092130096018,2.392480100646527,0
114.75240055084932,-30.20433000000024,JBMP,2024,-4.326623732515109,0.1319113503691521,4.0,23.492837633788525,25.113734862243522,3.2683335471604646,23.06953524193168,2.197185989568647,1
114.77440055084932,-30.20433000000024,JBMP,2024,-4.319798704933887,0.1319583217433933,4.0,23.491701142492225,25.11192889388908,3.26702158808683,22.556768669727376,2.0021314570716213,1
114.79640055084933,-30.20433000000024,JBMP,2024,-4.311462179158914,0.1320151317056042,4.0,23.49032660260195,25.109744648790276,3.2654348270733538,21.17895929681701,1.807329803507744,1
114.81840055084933,-30.20433000000024,JBMP,2024,-4.301199194610337,0.1320842573249579,4.0,23.488654080432536,25.107086887908235,3.263504077015544,20.631930703932447,1.6127934895944935,1
114.84040055084934,-30.20433000000024,JBMP,2024,-4.28849159621378,0.13216863066682982,4.0,23.48661263348264,25.103842878384526,3.2611474422942934,20.710914067698642,1.418545330212471,1
114.86240055084934,-30.20433000000024,JBMP,2024,-4.272732536115615,0.13227136025453715,4.0,23.48412704978007,25.099893102857166,3.25827809863764,20.684162416102794,1.2246588601447208,1
114.88440055084935,-30.20433000000024,JBMP,2024,-4.253312964880014,0.13239485171007573,4.0,23.481139124332845,25.095145069308007,3.254828854534667,20.670928461651446,1.0313821688219258,1
114.90640055084936,-30.20433000000024,JBMP,2024,-4.2298753766976915,0.13253869186198827,4.0,23.477658853990594,25.08961466346723,3.250811250291592,20.548648451781087,0.839494527159999,1
114.92840055084936,-30.20433000000024,JBMP,2024,-4.2028902777529975,0.13269551931310936,4.0,23.47386435071921,25.083584918363783,3.2464308973464853,20.536498736460175,0.6513289182943974,1
114.95040055084937,-30.20433000000024,JBMP,2024,-4.174682605666948,0.1328451775506984,4.0,23.47024330945341,25.07783081715993,3.2422507879517575,20.519981778796932,0.4739179091098105,1
114.97240055084937,-30.20433000000024,JBMP,2024,-4.150609104708921,0.13295181617711757,4.0,23.467663144986602,25.073730745833814,3.2392722608000497,20.510914394065253,0.3298504593268468,1
114.99440055084938,-30.20433000000024,JBMP,2024,-4.138811429610974,0.13297460228476726,4.0,23.467111825945196,25.072854659281074,3.2386358212415587,24.575207579418976,0.2815056667222486,1
114.7204594922876,-30.182330000000242,JBMP,2024,-4.30406664852154,0.13208052282533644,4.0,23.488744438153255,25.10723047297988,3.2636083854532463,23.647243226659477,2.472424326730131,0
114.74245949228761,-30.182330000000242,JBMP,2024,-4.294897241247081,0.13214623268088607,4.0,23.487154561763237,25.104704042326855,3.261773041212033,23.95606098411674,2.275481402570966,1
114.76445949228761,-30.182330000000242,JBMP,2024,-4.28394280215686,0.13222442978134125,4.0,23.485262551459126,25.10169749863694,3.259588915302768,22.93341300583277,2.0783823969194195,1
114.78645949228762,-30.182330000000242,JBMP,2024,-4.270779721959367,0.13231796300354215,4.0,23.48299947751966,25.09810130750749,3.2569764356481903,22.87155554187295,1.8810308145316303,1
114.80845949228762,-30.182330000000242,JBMP,2024,-4.2548913806339135,0.13243022341058552,4.0,23.48028329180901,25.093785088409096,3.253840886348013,22.51190401146394,1.6832993896951705,1
114.83045949228763,-30.182330000000242,JBMP,2024,-4.235671963049226,0.13256501830460132,4.0,23.477021875120467,25.088602457139178,3.2500759255151577,22.552193223535085,1.4850341091648198,1
114.85245949228764,-30.182330000000242,JBMP,2024,-4.212463762832339,0.13272611334230264,4.0,23.47312411587494,25.082408630689628,3.245576374462122,21.03637984688725,1.2860802189574574,1
114.87445949228764,-30.182330000000242,JBMP,2024,-4.184662511682173,0.13291610000691575,4.0,23.468527312093205,25.07510397099847,3.240269850381548,20.525044470500024,1.0863593835015946,1
114.89645949228765,-30.182330000000242,JBMP,2024,-4.151936768328484,0.1331340698320078,4.0,23.463253444486096,25.066723407033724,3.234181727680702,20.494315112130266,0.8860532639827604,1
114.91845949228765,-30.182330000000242,JBMP,2024,-4.114585602271707,0.1333716133680018,4.0,23.457505983069233,25.057590267632577,3.2275468909856966,24.363659944795483,0.685999868157182,1
114.94045949228766,-30.182330000000242,JBMP,2024,-4.073963057442532,0.13360755966079604,4.0,23.45179716759415,25.048518539478593,3.220956666945583,25.570360353652596,0.48862593080415356,1
114.96245949228766,-30.182330000000242,JBMP,2024,-4.032916936596412,0.13380453211363633,4.0,23.44703133985589,25.04094528827456,3.215455022573146,27.13056535279838,0.30147742158352203,1
114.98445949228767,-30.182330000000242,JBMP,2024,-3.9976344534328447,0.13391454070184777,4.0,23.444369637807785,25.036715647727803,3.2123823689024134,26.730523135965633,0.16299550117874567,1
114.71051843372591,-30.160330000000243,JBMP,2024,-4.282573922914643,0.13224054249604994,4.0,23.48487269784461,25.10107799253693,3.259138870512628,23.78126899602061,2.555357838691686,0
114.73251843372591,-30.160330000000243,JBMP,2024,-4.271407959333773,0.13232184029697788,4.0,23.482905664845156,25.097952232259875,3.2568681388315377,23.81002916227512,2.3575438734777485,0
114.75451843372592,-30.160330000000243,JBMP,2024,-4.258305956485385,0.13241711747230292,4.0,23.480600395258264,25.094288989139617,3.2542069487621137,23.202386185229855,2.1594511855559957,1
114.77651843372593,-30.160330000000243,JBMP,2024,-4.242890124514316,0.1325290723115369,4.0,23.477891602883695,25.08998451859666,3.2510799342869574,22.864555464395746,1.9609834417475154,1
114.79851843372593,-30.160330000000243,JBMP,2024,-4.224735043282002,0.1326607183051473,4.0,23.47470637510726,25.084922957118188,3.247402925499908,22.84080535416647,1.7620291346838732,1
114.82051843372594,-30.160330000000243,JBMP,2024,-4.203395116383836,0.1328151543727612,4.0,23.470969732321894,25.078985156587517,3.243089366370004,22.401353627174654,1.5624750460979595,1
114.84251843372594,-30.160330000000243,JBMP,2024,-4.178468829107649,0.13299502809780123,4.0,23.46661761518155,25.07206932198684,3.2380653071533683,22.30989806645619,1.3622399679820283,1
114.86451843372595,-30.160330000000243,JBMP,2024,-4.149721692936902,0.1332014709836468,4.0,23.461622646506783,25.064131948962086,3.2322991437900948,26.196349551959315,1.1613443154771594,1
114.88651843372595,-30.160330000000243,JBMP,2024,-4.117279702360543,0.13343224626165368,4.0,23.456038945814775,25.055259037411133,3.2258533515423164,26.099598727267374,0.9600353805312434,1
114.90851843372596,-30.160330000000243,JBMP,2024,-4.081837028416392,0.13367900567405536,4.0,23.450068502560697,25.045771563451556,3.218961105885581,25.96825502772684,0.7589906815474989,1
114.93051843372596,-30.160330000000243,JBMP,2024,-4.04458467930834,0.13392420604159433,4.0,23.444135781024265,25.036344032078933,3.212112405964664,27.098071840292366,0.5596803839362654,1
114.95251843372597,-30.160330000000243,JBMP,2024,-4.005931278565869,0.1341395679720781,4.0,23.43892501247635,25.028063737165503,3.2060971244580485,26.82300692038941,0.3656363268071028,1
114.97451843372598,-30.160330000000243,JBMP,2024,-3.9604056423561502,0.13428854974628984,4.0,23.4353203385141,25.022335644812188,3.2019359093852375,28.245801331948385,0.19287852855254126,1
114.99651843372598,-30.160330000000243,JBMP,2024,-3.8915340014323574,0.13433377821415643,4.0,23.43422601753871,25.020596688202843,3.2006726314896543,28.629359791241423,0.1573832712517012,1
114.7005773751642,-30.138330000000245,JBMP,2024,-4.266651041424635,0.13235994152697056,4.0,23.4819837902574,25.09648730565843,3.255803932062776,24.299430454353946,2.6405082090342935,0
114.7225773751642,-30.138330000000245,JBMP,2024,-4.254578931054566,0.1324488346257359,4.0,23.47983298597118,25.09306951927487,3.253321055855883,23.726815261349486,2.442283022653785,0
114.74457737516421,-30.138330000000245,JBMP,2024,-4.240666631503674,0.13255136702824524,4.0,23.477352173243794,25.089127325178385,3.2504572197857926,23.13361104957814,2.243774203785899,1
114.76657737516422,-30.138330000000245,JBMP,2024,-4.22463253150791,0.1326696983931986,4.0,23.47448909826418,25.08457768821553,3.2471521023508902,23.12094966552975,2.0449116089825714,1
114.78857737516422,-30.138330000000245,JBMP,2024,-4.206192931809103,0.13280606407346657,4.0,23.47118967577034,25.079334662922466,3.24334326783306,23.11933526942532,1.8456241814737775,1
114.81057737516423,-30.138330000000245,JBMP,2024,-4.185103494357046,0.1329625105979009,4.0,23.467404389173392,25.073319563793348,3.2389735545643767,23.05651926365506,1.645855040256297,1
114.83257737516423,-30.138330000000245,JBMP,2024,-4.161236131228639,0.13314039810513448,4.0,23.463100329371944,25.066480095842824,3.234004972465785,22.683890833803584,1.4455900782506876,1
114.85457737516424,-30.138330000000245,JBMP,2024,-4.134709620011635,0.13333955495271582,4.0,23.458281649324135,25.058822858427188,3.228442315688511,26.092437300730936,1.2449057507425014,1
114.87657737516425,-30.138330000000245,JBMP,2024,-4.106091816538389,0.13355698850373246,4.0,23.453020757084026,25.05046291327604,3.2223691716773586,26.092963108759463,1.0440384790141033,1
114.89857737516425,-30.138330000000245,JBMP,2024,-4.076676792112627,0.13378519466247737,4.0,23.447499217266113,25.041688779931185,3.2159951375882767,27.027275189119056,0.8434683691004957,1
114.92057737516426,-30.138330000000245,JBMP,2024,-4.048798480341331,0.13401047800133295,4.0,23.442048396251277,25.033027023971744,3.2097027408823102,28.632412410006808,0.6440036365829132,1
114.94257737516426,-30.138330000000245,JBMP,2024,-4.026063852879325,0.1342123342475,4.0,23.43716440316873,25.02526599933463,3.204064687110058,28.35882572294689,0.44694197273701036,1
114.96457737516427,-30.138330000000245,JBMP,2024,-4.013430843773179,0.1343656190499506,4.0,23.433455615707132,25.01937246296454,3.1997832840071267,29.37938704891982,0.25531448367039783,1
114.98657737516427,-30.138330000000245,JBMP,2024,-4.0829190020485076,0.13444791099100534,4.0,23.431464529087357,25.01620847971364,3.197484784963873,27.560314248023023,0.06864839961117097,1
114.69557332746199,-30.116330000000247,JBMP,2024,-4.252579817930979,0.1324657710317116,4.0,23.479423202815106,25.092418343665805,3.2528480045165606,25.302102234825465,2.682813645596104,0
114.71757332746199,-30.116330000000247,JBMP,2024,-4.239971671454017,0.1325594607783958,4.0,23.4771563417028,25.088816134439842,3.2502311529712444,25.34473349175292,2.484392714190656,0
114.739573327462,-30.116330000000247,JBMP,2024,-4.2256869375035775,0.13266589160901046,4.0,23.474581204939078,25.084724052504136,3.2472584297713167,24.79308238751044,2.285717299131961,0
114.761573327462,-30.116330000000247,JBMP,2024,-4.209542885767614,0.13278662176115813,4.0,23.47166009033826,25.080082186309493,3.2438863117285712,23.15073127970621,2.0867432931632814,1
114.78357332746201,-30.116330000000247,JBMP,2024,-4.1913915479797526,0.13292307644044413,4.0,23.468358514477384,25.074835739157642,3.240074991376102,23.077795710561855,1.8874347571743049,1
114.80557332746201,-30.116330000000247,JBMP,2024,-4.171168086712761,0.13307627153119117,4.0,23.464651897626542,25.068945652047883,3.235796094013856,23.070417624142102,1.6877776799598923,1
114.82757332746202,-30.116330000000247,JBMP,2024,-4.1489704085105625,0.13324636880155993,4.0,23.460536325740037,25.06240570527336,3.2310451012897636,26.410250046571804,1.4878016659869002,1
114.84957332746202,-30.116330000000247,JBMP,2024,-4.125184533822178,0.13343201666476803,4.0,23.45604450100379,25.05526786501553,3.2258597644208478,26.42924686310236,1.2876102076299656,1
114.87157332746203,-30.116330000000247,JBMP,2024,-4.10067591143775,0.1336294722967316,4.0,23.451266982552255,25.04767603640727,3.2203446243556573,26.23501439347859,1.0874159072574812,1
114.89357332746204,-30.116330000000247,JBMP,2024,-4.077084731826136,0.13383161415775824,4.0,23.446376078903285,25.039904030371257,3.214698593064915,27.115130720890264,0.8875682794354598,1
114.91557332746204,-30.116330000000247,JBMP,2024,-4.057348292788109,0.1340271662327649,4.0,23.44164461777812,25.03238539024599,3.209236621314727,27.28799215016315,0.688548182356234,1
114.93757332746205,-30.116330000000247,JBMP,2024,-4.047015113799962,0.13420073449123068,4.0,23.437445063938235,25.0257119899636,3.204388680302407,28.549409618524102,0.49087317715644857,1
114.95957332746205,-30.116330000000247,JBMP,2024,-4.059673343526014,0.13433450083305948,4.0,23.43420853348364,25.020568904751908,3.2006524479961547,26.896866761420643,0.29458897728809563,1
114.98157332746206,-30.116330000000247,JBMP,2024,-4.153133308161834,0.13441343275845163,4.0,23.43229874379455,25.017534108310105,3.1984477976662355,22.16718908840197,0.09548716858283654,1
114.69557332746199,-30.094330000000248,JBMP,2024,-4.239281498190382,0.13256610296590016,4.0,23.47699563130399,25.088560753782346,3.250045629803019,25.216546155454626,2.681235245790783,0
114.71757332746199,-30.094330000000248,JBMP,2024,-4.226351242101036,0.13266298676506258,4.0,23.47465148880701,25.08483573874558,3.2473395650677928,25.21619507520771,2.4827468387002227,0
114.739573327462,-30.094330000000248,JBMP,2024,-4.211945996549437,0.13277139209294977,4.0,23.472028578287446,25.080667740794066,3.244311692116462,24.590488531663173,2.284048435987763,0
114.761573327462,-30.094330000000248,JBMP,2024,-4.1959786925198115,0.13289226474437074,4.0,23.469104015859386,25.076020395748046,3.2409355939216,24.75768023843166,2.0851195792088277,1
114.78357332746201,-30.094330000000248,JBMP,2024,-4.178424816747956,0.13302624648939798,4.0,23.465862273637747,25.07086902865476,3.2371933451811836,24.74940654098043,1.8859537822812444,1
114.80557332746201,-30.094330000000248,JBMP,2024,-4.159371117377892,0.1331734081482522,4.0,23.462301638098804,25.06521091659881,3.2330829678131865,23.642732018408264,1.6865701951423688,1
114.82757332746202,-30.094330000000248,JBMP,2024,-4.139087873235985,0.13333287267710778,4.0,23.458443329670747,25.059079780403156,3.228628958558944,26.421312521410773,1.4870295343988138,1
114.84957332746202,-30.094330000000248,JBMP,2024,-4.118132229600762,0.1335023274982191,4.0,23.454343302102476,25.05256453469491,3.223895910107214,26.423382665571495,1.287453377793523,1
114.87157332746203,-30.094330000000248,JBMP,2024,-4.097491771079094,0.1336774714437086,4.0,23.45010562388115,25.04583055196316,3.2190039585263004,27.343251432221507,1.0880438264390966,1
114.89357332746204,-30.094330000000248,JBMP,2024,-4.0787835687743135,0.1338515258723457,4.0,23.445894306958383,25.039138459275904,3.2141424382781607,27.391836677335686,0.8890995348879251,1
114.91557332746204,-30.094330000000248,JBMP,2024,-4.06454209264769,0.13401505727356064,4.0,23.441937598917487,25.032850958849885,3.2095748370718127,27.526090964949574,0.6910334491385363,1
114.93757332746205,-30.094330000000248,JBMP,2024,-4.058623679344361,0.13415646743906637,4.0,23.438516123073935,25.02741398179682,3.2056251048628597,27.458526613163084,0.4944655533969548,1
114.95957332746205,-30.094330000000248,JBMP,2024,-4.06604034643371,0.13426347806893282,4.0,23.43592695783406,25.023299607579542,3.202636187270038,27.45107251849148,0.3010194672620228,1
114.98157332746206,-30.094330000000248,JBMP,2024,-4.08450239909019,0.1343251522952116,4.0,23.434434725117775,25.020928339913997,3.200913562329147,27.43925249534333,0.12463193651401193,1
