world_cfg,realisation,design,n,n_time,GLM,RF,SRF,STRF,GAM
stat_r30,0,random,30,1,0.504946373522658,0.507544730294596,0.541638931038518,0.495455513331325,0.535355492421699
stat_r30,0,random,30,3,0.583915062238552,0.592072148837139,0.680866947304127,0.738303054524478,0.621605062785248
stat_r30,0,random,30,5,0.652004965600102,0.61678855706733,0.65817869696722,0.666236390700716,0.584720323790585
stat_r30,0,random,50,1,0.640854834820352,0.655396596937545,0.693344774837232,0.688103787376417,0.601533299674463
stat_r30,0,random,50,3,0.585311763283564,0.573614973100405,0.646557456325938,0.67903531705253,0.677913241250076
stat_r30,0,random,50,5,0.659736754056154,0.608962762589058,0.66885093126608,0.720799756526802,0.66957208829306
stat_r30,0,random,100,1,0.636444966633646,0.569185269656968,0.702484622295943,0.74584360433417,0.625052794864116
stat_r30,0,random,100,3,0.655402569053816,0.651498614725884,0.732882515016677,0.773460933743446,0.669623571793835
stat_r30,0,random,100,5,0.593167779432249,0.647437436956626,0.696983524664969,0.728028243431481,0.649620058600317
stat_r30,0,random,200,1,0.632438843531753,0.639717844144642,0.753632879593829,0.769890512329659,0.671183253758673
stat_r30,0,random,200,3,0.637622408269359,0.652327457232666,0.728119521852143,0.781165938765641,0.734128483346431
stat_r30,0,random,200,5,0.693392301966108,0.716095733277995,0.789804303085572,0.823509141343853,0.740049995145178
stat_r30,0,random,500,1,0.623016890283509,0.706176913335865,0.825427557587521,0.862213989850025,0.773572286288667
stat_r30,0,random,500,3,0.667246916116856,0.705835407011696,0.811568271579572,0.842774277256505,0.781883280445023
stat_r30,0,random,500,5,0.679986414391586,0.739451118522985,0.835113264285878,0.871360316285176,0.797971317575045
stat_r30,0,clustered,30,1,0.517373804512389,0.474333335276821,0.449729758094139,0.536010875754802,0.525349876297035
stat_r30,0,clustered,30,3,0.565700587544066,0.550517508813161,0.656219036427732,0.587027027027027,0.510429142185664
stat_r30,0,clustered,30,5,0.399426930862953,0.508237633672233,0.509016526064674,0.479712110836011,0.495293721450019
stat_r30,0,clustered,50,1,0.517515151981295,0.532790195052917,0.615521358909673,0.61038064545902,0.574363924440069
stat_r30,0,clustered,50,3,0.519262490447257,0.463517036039376,0.505832847814408,0.495685187006757,0.441973237187975
stat_r30,0,clustered,50,5,0.448888062169312,0.468274636243386,0.449085347522848,0.626644044612795,0.511624804593555
stat_r30,0,clustered,100,1,0.509945463709487,0.593900958774038,0.649570826388089,0.673182454000933,0.586024438449878
stat_r30,0,clustered,100,3,0.62822407104322,0.599460318542765,0.617270374916651,0.633293174516579,0.525167454688731
stat_r30,0,clustered,100,5,0.663435478711892,0.682732585199359,0.734249634647835,0.728066899189617,0.711587266016598
stat_r30,0,clustered,200,1,0.595338679171312,0.620102543703469,0.699170394282643,0.730936567099956,0.703963863002224
stat_r30,0,clustered,200,3,0.675919165580183,0.670710560625815,0.729716893276215,0.733406593406593,0.672862730489849
stat_r30,0,clustered,200,5,0.674900501487722,0.684967353834212,0.738824966326507,0.78329965984065,0.725266153764202
stat_r30,0,clustered,500,1,0.599129369575466,0.685596341265486,0.806209376376663,0.830626057856541,0.743395883730456
stat_r30,0,clustered,500,3,0.671659706133398,0.700319511340081,0.800820784050726,0.842661146506524,0.767981800999878
stat_r30,0,clustered,500,5,0.649375109981803,0.723324457439218,0.7855466023116,0.823230477383874,0.73326101123313
stat_r30,0,stratified,30,1,0.454017731830411,0.449175181547898,0.501177220918442,0.591686700745287,0.572099768756767
stat_r30,0,stratified,30,3,0.545293665711899,0.52952973952739,0.550956073218761,0.622365996837331,0.540400480367586
stat_r30,0,stratified,30,5,0.577307992690346,0.554747933418753,0.597679738624494,0.630759360004277,0.552236910697339
stat_r30,0,stratified,50,1,0.633562539741947,0.598054005128979,0.688528158780655,0.71656663948779,0.634382679862743
stat_r30,0,stratified,50,3,0.663657946391344,0.679938734052862,0.716215675933982,0.765181789277888,0.644526140835524
stat_r30,0,stratified,50,5,0.613712458052081,0.566578163276277,0.603241796638023,0.701077399190607,0.585021809078413
stat_r30,0,stratified,100,1,0.660924460686575,0.633703569629515,0.73439041254628,0.782659993602746,0.669139377780842
stat_r30,0,stratified,100,3,0.66637537993921,0.685681990881459,0.748587575987842,0.800915653495441,0.725398936170213
stat_r30,0,stratified,100,5,0.675857204195547,0.68515093081028,0.732833872600135,0.780769835306385,0.717448475740661
stat_r30,0,stratified,200,1,0.609636694542355,0.663858939802336,0.771613257462314,0.800310625782324,0.728311869821304
stat_r30,0,stratified,200,3,0.66787649692362,0.675261931468264,0.766329329953531,0.82838686510457,0.739800262172791
stat_r30,0,stratified,200,5,0.689328428267224,0.71632028453454,0.798717381183169,0.846220262400684,0.773005854023401
stat_r30,0,stratified,500,1,0.638616860748689,0.724232372576515,0.838537221070601,0.867085568833069,0.783511538227045
stat_r30,0,stratified,500,3,0.664040509204486,0.72628839146278,0.836153518527282,0.873096398656003,0.783010742511003
stat_r30,0,stratified,500,5,0.69784731490278,0.774145122998338,0.849095956028642,0.881102558586276,0.804304989424104
stat_r30,1,random,30,1,0.606109745857375,0.56784102026824,0.626185395465646,0.736103621474628,0.622935428206057
stat_r30,1,random,30,3,0.638561853146921,0.626189858630851,0.645212970312284,0.751932149048991,0.591746608135015
stat_r30,1,random,30,5,0.651890949590819,0.616464093748487,0.647159943828386,0.774617209820348,0.587394315045276
stat_r30,1,random,50,1,0.594520085086123,0.514532986231099,0.552077813870267,0.674934342387173,0.645594796538193
stat_r30,1,random,50,3,0.523275815728646,0.61168225555018,0.677344667910706,0.780552867817019,0.65410532863363
stat_r30,1,random,50,5,0.622343211949865,0.628116116756157,0.676381260159157,0.778093198468519,0.57306696762166
stat_r30,1,random,100,1,0.657285361483705,0.679289138540507,0.762364050167062,0.838660597549755,0.812888479976757
stat_r30,1,random,100,3,0.683092552911905,0.699678298685379,0.779742025087715,0.819387827528194,0.805532802216037
stat_r30,1,random,100,5,0.644043576176192,0.649512307004015,0.754165730671142,0.828300351682621,0.787485912874076
stat_r30,1,random,200,1,0.664574985411399,0.666939311418012,0.796681579459249,0.855125461972379,0.832511184594437
stat_r30,1,random,200,3,0.682164593301435,0.710708133971292,0.802558851674641,0.856090909090909,0.817814354066986
stat_r30,1,random,200,5,0.684367930024742,0.688822723799003,0.778871036084775,0.847525934277132,0.815904465008588
stat_r30,1,random,500,1,0.674639129004846,0.702804461435804,0.858056458036687,0.890582849668928,0.840408806526
stat_r30,1,random,500,3,0.700904255319149,0.764803381458967,0.869630509118541,0.893016717325228,0.833601823708207
stat_r30,1,random,500,5,0.686509267162541,0.728000015242044,0.85032217869772,0.890365885257895,0.846971786977198
stat_r30,1,clustered,30,1,0.545884737263106,0.553377084358848,0.54997077282796,0.626876692099434,0.649084535749446
stat_r30,1,clustered,30,3,0.570386775306034,0.568491541353383,0.550669351581433,0.641360956627105,0.459751522401044
stat_r30,1,clustered,30,5,0.383505702317618,0.466936494832752,0.47247733596282,0.53151180211582,0.317069115758576
stat_r30,1,clustered,50,1,0.606768101230409,0.625368848662882,0.566363459360958,0.649856052142583,0.612192374071617
stat_r30,1,clustered,50,3,0.53299199053916,0.583848803188426,0.602742645195475,0.625346526289922,0.468962379339738
stat_r30,1,clustered,50,5,0.581700920372363,0.486886763344647,0.546034609914134,0.49901039275743,0.536905200894033
stat_r30,1,clustered,100,1,0.519176396171199,0.615356549506158,0.672632339044019,0.720799102243629,0.776465903548348
stat_r30,1,clustered,100,3,0.580753841704351,0.54984207975882,0.691797915720965,0.764851110613121,0.609454337204247
stat_r30,1,clustered,100,5,0.48263868065967,0.490121814092954,0.683776236881559,0.787652736131934,0.728864317841079
stat_r30,1,clustered,200,1,0.610577099142475,0.660903899047645,0.783928499149029,0.842837290076115,0.833516120265449
stat_r30,1,clustered,200,3,0.668700366300366,0.637672283272283,0.774635409035409,0.805623443223443,0.77745347985348
stat_r30,1,clustered,200,5,0.636796474158428,0.654928200475535,0.771361922788137,0.828151396883995,0.767928372544112
stat_r30,1,clustered,500,1,0.628725718028379,0.678147991850156,0.83957524570787,0.86453843965239,0.820531573007747
stat_r30,1,clustered,500,3,0.674896481895666,0.71395850964154,0.843349528501481,0.871783949404582,0.825099740071329
stat_r30,1,clustered,500,5,0.633916,0.676884,0.821545,0.869656,0.823796
stat_r30,1,stratified,30,1,0.653575147881679,0.61279654869767,0.647341937473703,0.782886657997795,0.699682627924554
stat_r30,1,stratified,30,3,0.663565581642611,0.628375218999982,0.702803199776489,0.800395218573139,0.672842644025836
stat_r30,1,stratified,30,5,0.530389375313339,0.600417596902573,0.64068452844785,0.746710767202871,0.614988424078667
stat_r30,1,stratified,50,1,0.656158278701785,0.62823648591392,0.740183654446148,0.824731913811831,0.69000319700483
stat_r30,1,stratified,50,3,0.688384609564018,0.628901983077583,0.686188304091298,0.796890248752937,0.676099268350889
stat_r30,1,stratified,50,5,0.616001427225868,0.597429266954542,0.662879274723715,0.781144312869395,0.615741495632957
stat_r30,1,stratified,100,1,0.684169603980925,0.681501063576535,0.793070050145522,0.84958071278826,0.842592592592593
stat_r30,1,stratified,100,3,0.675310752863269,0.675125619373299,0.758519048394476,0.829755701336063,0.815362784097518
stat_r30,1,stratified,100,5,0.66307123300831,0.679313127431673,0.762696575243768,0.825836015178443,0.808423075075652
stat_r30,1,stratified,200,1,0.654167827465296,0.699535040107594,0.841982804169268,0.858558047936981,0.830437581055766
stat_r30,1,stratified,200,3,0.652928937728938,0.708987545787546,0.795638583638584,0.853348962148962,0.811827106227106
stat_r30,1,stratified,200,5,0.688135801308674,0.702970126090801,0.815357449102325,0.86569689482458,0.833334931928616
stat_r30,1,stratified,500,1,0.649781657724668,0.72829247195464,0.852518938239239,0.889713335263992,0.839651795512742
stat_r30,1,stratified,500,3,0.705360028071901,0.762165977094439,0.8715760112129,0.892676524873171,0.844744151191767
stat_r30,1,stratified,500,5,0.662931467465664,0.766046827582358,0.866647038108269,0.881201999033967,0.835539621784621
stat_r30,2,random,30,1,0.650890516400439,0.669858287099134,0.710347823436166,0.77854167936837,0.647253383733691
stat_r30,2,random,30,3,0.774882712980799,0.743463773069036,0.747706689243771,0.793971952090971,0.752119516249301
stat_r30,2,random,30,5,0.697018293672569,0.692270015225406,0.706653965947646,0.72987174334758,0.666588736291339
stat_r30,2,random,50,1,0.688792438271605,0.732119984567901,0.762068865740741,0.734008487654321,0.606098572530864
stat_r30,2,random,50,3,0.725421017242579,0.717368748502577,0.744543585621653,0.780891343159001,0.628019963057138
stat_r30,2,random,50,5,0.757087412227256,0.69483071254074,0.721767446199413,0.789892505718711,0.688211194875413
stat_r30,2,random,100,1,0.73499503968254,0.73730045995671,0.759406753547379,0.793640459656085,0.78479549963925
stat_r30,2,random,100,3,0.790667942583732,0.76362966507177,0.831594258373206,0.858511004784689,0.760404784688995
stat_r30,2,random,100,5,0.756606133101348,0.784071490710247,0.841816900205058,0.856031154849935,0.773400119617225
stat_r30,2,random,200,1,0.722448538569297,0.755786863710379,0.834428687603193,0.852184042264815,0.854198141910144
stat_r30,2,random,200,3,0.793177970960413,0.796333222554559,0.8687018865431,0.89558323081438,0.889981128738541
stat_r30,2,random,200,5,0.763013624274005,0.77671059467591,0.836628903311854,0.857471444855421,0.874650088011104
stat_r30,2,random,500,1,0.730238985376934,0.77676967488524,0.872260659694288,0.883068477592163,0.870487908759642
stat_r30,2,random,500,3,0.783182521854396,0.805666125062585,0.890596614942518,0.914504566547284,0.898820428513057
stat_r30,2,random,500,5,0.765467136100853,0.819172536187677,0.873880041843645,0.890682521863687,0.879483418403937
stat_r30,2,clustered,30,1,0.631580547112462,0.562131458966565,0.533435600303951,0.489990501519757,0.597390767477204
stat_r30,2,clustered,30,3,0.726454889219554,0.713988310571386,0.728633249540243,0.731151917717656,0.677473960110849
stat_r30,2,clustered,30,5,0.671366730151985,0.662836997017961,0.659884360606727,0.591919659455645,0.628917246507675
stat_r30,2,clustered,50,1,0.629232163310827,0.557788386182783,0.683309282312515,0.657425548589342,0.643062756209308
stat_r30,2,clustered,50,3,0.765879115738097,0.621721587730169,0.716601010901467,0.57833818033917,0.602949067293499
stat_r30,2,clustered,50,5,0.690622905491979,0.674793914732161,0.695104555930883,0.731282378349065,0.677898799100997
stat_r30,2,clustered,100,1,0.649289502954729,0.640803641013612,0.6551488336196,0.644618117296328,0.68166100438102
stat_r30,2,clustered,100,3,0.699524472837312,0.658635861472693,0.787119458187233,0.766554589557616,0.644278783803257
stat_r30,2,clustered,100,5,0.741537579990155,0.763947321868078,0.808491839465912,0.793922478771844,0.808586058638937
stat_r30,2,clustered,200,1,0.708663349184083,0.724131408269484,0.783534261404393,0.799717758021047,0.78317186045597
stat_r30,2,clustered,200,3,0.723456757265422,0.683214864862296,0.750994735931592,0.804494704563904,0.806503187147232
stat_r30,2,clustered,200,5,0.628448368398454,0.694979451634668,0.786510726553395,0.81279614948169,0.764864978838251
stat_r30,2,clustered,500,1,0.728541607833859,0.760587997343937,0.85141408629151,0.87010479236153,0.862943726578182
stat_r30,2,clustered,500,3,0.781734154011802,0.778720113130792,0.87687548219915,0.878267817436321,0.877853623768082
stat_r30,2,clustered,500,5,0.740684737484738,0.770609035409035,0.866726251526251,0.874365811965812,0.853997557997558
stat_r30,2,stratified,30,1,0.692774343414472,0.654544457139398,0.69070489781403,0.77712222213815,0.63614644259653
stat_r30,2,stratified,30,3,0.767261244019139,0.7574,0.769233492822966,0.771014354066986,0.668333014354067
stat_r30,2,stratified,30,5,0.770103349282297,0.782462200956938,0.822112918660287,0.854815311004785,0.697311004784689
stat_r30,2,stratified,50,1,0.731794161643673,0.702715385396256,0.740168052419177,0.743144499414862,0.610862116188692
stat_r30,2,stratified,50,3,0.770139663472997,0.765001191667858,0.815331521998189,0.831275084608418,0.730231183564517
stat_r30,2,stratified,50,5,0.754329088975097,0.744671740082593,0.786837340445501,0.838541992554123,0.655611586472281
stat_r30,2,stratified,100,1,0.698927831609618,0.735899809544044,0.824332835062107,0.844194128493273,0.829079058191503
stat_r30,2,stratified,100,3,0.784034488980639,0.768350888902255,0.836824398392739,0.85135649025729,0.761999646883749
stat_r30,2,stratified,100,5,0.768119290996085,0.770126180637544,0.805337530292674,0.858246792083515,0.86781131547878
stat_r30,2,stratified,200,1,0.715358606635577,0.748216888895673,0.84488364460659,0.87533391593714,0.843906701979072
stat_r30,2,stratified,200,3,0.775335161250233,0.753665219350028,0.845168512707388,0.871803734542969,0.88012839433294
stat_r30,2,stratified,200,5,0.740864756664013,0.776896606357573,0.842482745828471,0.883849283942221,0.859949454744994
stat_r30,2,stratified,500,1,0.74019352266454,0.802226775746795,0.881577585413728,0.893357434214562,0.873154097405386
stat_r30,2,stratified,500,3,0.783525646391867,0.801301057705598,0.874651276430472,0.904670218958492,0.891196299490518
stat_r30,2,stratified,500,5,0.776299610006695,0.823725136248276,0.894203045899507,0.907555472854893,0.896129033495687
stat_r30,3,random,30,1,0.580010992754072,0.548170712825912,0.569440143679941,0.563595404719143,0.527010628909395
stat_r30,3,random,30,3,0.630060728744939,0.549238320786943,0.587218496963563,0.634309961728239,0.583811400872976
stat_r30,3,random,30,5,0.616438829914982,0.56724914741342,0.615443585186608,0.680305490177242,0.578812623084682
stat_r30,3,random,50,1,0.62293113350389,0.570483107761863,0.620801112290696,0.622133463281064,0.548066157317972
stat_r30,3,random,50,3,0.600447373193882,0.607652343833797,0.61670121750255,0.640317997702678,0.572072133564496
stat_r30,3,random,50,5,0.616440786555616,0.626829628899512,0.659418461386822,0.725649795475827,0.640681090138485
stat_r30,3,random,100,1,0.622147313028474,0.642607998063725,0.709471935728172,0.765789812696653,0.762189551924173
stat_r30,3,random,100,3,0.568400848765432,0.604950810185185,0.704068287037037,0.764402006172839,0.600547839506173
stat_r30,3,random,100,5,0.634958671743055,0.690253800003498,0.745931795257502,0.734602236176461,0.69733100892255
stat_r30,3,random,200,1,0.598105006105006,0.654041514041514,0.761290354090354,0.76579536019536,0.751800732600733
stat_r30,3,random,200,3,0.607578077521093,0.669653357116361,0.755667871603223,0.825767949739939,0.758233952376067
stat_r30,3,random,200,5,0.629291779473296,0.673224833866601,0.758862370785134,0.806967027135122,0.754520597464927
stat_r30,3,random,500,1,0.612559223480187,0.688864255168595,0.804306777627369,0.830130522397243,0.786399366231848
stat_r30,3,random,500,3,0.632340572365158,0.682570055621016,0.819003291776049,0.841804575549103,0.773630109457925
stat_r30,3,random,500,5,0.63562397112583,0.702771294314045,0.798240190433499,0.836963536312979,0.765828238876566
stat_r30,3,clustered,30,1,0.564378987792956,0.547355982734059,0.594547740793215,0.580149415301853,0.534492040447857
stat_r30,3,clustered,30,3,0.595062642502879,0.554432182341004,0.588423281542596,0.553297056311653,0.583511584357787
stat_r30,3,clustered,30,5,0.538306033589052,0.494637001712473,0.588483232351157,0.621115257907711,0.566697191697192
stat_r30,3,clustered,50,1,0.509882158443614,0.523368513425632,0.570532559214599,0.572274914008572,0.545847730531462
stat_r30,3,clustered,50,3,0.600911518007064,0.545539821869802,0.622661968013012,0.6961899171365,0.631919511828867
stat_r30,3,clustered,50,5,0.531159241655047,0.598743153402306,0.633031030205918,0.596539916338621,0.620371083669083
stat_r30,3,clustered,100,1,0.505043916351299,0.544337493829772,0.605423728149558,0.606092659191876,0.687900085403788
stat_r30,3,clustered,100,3,0.493190040848084,0.556196265318031,0.583878622836024,0.638482785450301,0.513509044932892
stat_r30,3,clustered,100,5,0.654910741933486,0.538176596271753,0.570793916826655,0.591541772465473,0.47722003313309
stat_r30,3,clustered,200,1,0.542645305629529,0.601585240292314,0.708289465535394,0.724657637641667,0.68948566297145
stat_r30,3,clustered,200,3,0.638681200800103,0.6464755532972,0.717173183636598,0.736598069105691,0.705105094205704
stat_r30,3,clustered,200,5,0.607925280532205,0.627246026940528,0.712176316555135,0.706956884146294,0.671969976959794
stat_r30,3,clustered,500,1,0.602965005627147,0.645530002612253,0.769554090336824,0.804136984202742,0.756626382972037
stat_r30,3,clustered,500,3,0.616676285982252,0.693299144682523,0.810646778731693,0.828466560854195,0.784962204105844
stat_r30,3,clustered,500,5,0.57223363798074,0.62194074710176,0.768436024044654,0.802929292154818,0.725629485370791
stat_r30,3,stratified,30,1,0.490917430482443,0.541106707128259,0.563216077289899,0.547646234594662,0.550477642905803
stat_r30,3,stratified,30,3,0.562632230688088,0.568910508862572,0.60421822126419,0.686815914941644,0.534490150371592
stat_r30,3,stratified,30,5,0.559421589161366,0.540985902974751,0.540920209600507,0.628887502028766,0.593661362248723
stat_r30,3,stratified,50,1,0.616814682097719,0.574958113408552,0.591988765677207,0.633994479686214,0.585023485545494
stat_r30,3,stratified,50,3,0.571793943409163,0.568678789606268,0.601339275396929,0.704680530625766,0.525377670269396
stat_r30,3,stratified,50,5,0.541846177681641,0.61132463735299,0.684010956379072,0.725477752551887,0.639182363328308
stat_r30,3,stratified,100,1,0.607592852646361,0.609118202508353,0.732235727083434,0.778856229722532,0.733810469226672
stat_r30,3,stratified,100,3,0.616335557198047,0.683251392921987,0.764751711777772,0.766644369513877,0.7669115453097
stat_r30,3,stratified,100,5,0.62802300736979,0.629869325571314,0.727316800334427,0.773748606552301,0.727966108255404
stat_r30,3,stratified,200,1,0.623050055482857,0.652266801359671,0.771958632605978,0.807417931201257,0.778721885598054
stat_r30,3,stratified,200,3,0.636651838316744,0.706930962888607,0.773956542282363,0.817720106889595,0.760733562195746
stat_r30,3,stratified,200,5,0.620089252209656,0.654746166176915,0.767861507049924,0.819054519283134,0.761663116206839
stat_r30,3,stratified,500,1,0.608450343512265,0.682959812654367,0.817591203912994,0.846481739815409,0.774777798688813
stat_r30,3,stratified,500,3,0.647481330433382,0.740749615355512,0.84289043113166,0.871207638176135,0.796411019555267
stat_r30,3,stratified,500,5,0.646182259389807,0.721271914668141,0.818442301932868,0.859287288532572,0.783525698620038
stat_r30,4,random,30,1,0.787168733793853,0.724387074917306,0.794351093315761,0.774102367935609,0.651196253297073
stat_r30,4,random,30,3,0.708913033794619,0.722186442062125,0.774100567203183,0.777737460652135,0.580714163746511
stat_r30,4,random,30,5,0.677391994769044,0.751910700107421,0.762165242165242,0.761991499696418,0.636475643360889
stat_r30,4,random,50,1,0.775428885414208,0.777146455333963,0.773974067736606,0.77820668367949,0.720813296554166
stat_r30,4,random,50,3,0.726453292200906,0.695400967007542,0.7404189130064,0.788828615710906,0.603934771485143
stat_r30,4,random,50,5,0.778798406067751,0.729586765846318,0.767130792394581,0.764468377694573,0.663621439240124
stat_r30,4,random,100,1,0.78238997864518,0.775481767680103,0.783876927254181,0.804127314356163,0.77522767467289
stat_r30,4,random,100,3,0.744014875210996,0.740343169761273,0.772319410115746,0.819437432179889,0.775762222691102
stat_r30,4,random,100,5,0.766122043538789,0.751982466701082,0.802163334755926,0.828981380188192,0.790953429038408
stat_r30,4,random,200,1,0.790188869599156,0.802426087901042,0.835271613961512,0.849444658206595,0.82682320192791
stat_r30,4,random,200,3,0.775425391435578,0.784974533106961,0.844497264667044,0.855523486134692,0.816400679117148
stat_r30,4,random,200,5,0.798326094063799,0.783764420157863,0.841150810331138,0.863385175844192,0.826511606183737
stat_r30,4,random,500,1,0.798611572566653,0.806683352899048,0.866492605636403,0.886960927636388,0.8483454050103
stat_r30,4,random,500,3,0.759284197441343,0.761951623763402,0.853062175820761,0.875129486714663,0.821121502933799
stat_r30,4,random,500,5,0.793176482024287,0.80313640306275,0.868790938864629,0.891429757133457,0.863329619548962
stat_r30,4,clustered,30,1,0.535866251834632,0.669286820815882,0.650599945585685,0.733898267440806,0.612238778898351
stat_r30,4,clustered,30,3,0.711576879171057,0.687170706006322,0.712768740487062,0.728350749326777,0.62415206796628
stat_r30,4,clustered,30,5,0.644463397774656,0.71268981202756,0.749674820314997,0.751624040255387,0.557664578084004
stat_r30,4,clustered,50,1,0.785182227587167,0.737699986071777,0.780636984075398,0.804905520219137,0.682509865824783
stat_r30,4,clustered,50,3,0.780457814336075,0.711732079905993,0.753433607520564,0.773859459459459,0.582206345475911
stat_r30,4,clustered,50,5,0.634335547139364,0.602334958969496,0.709735342411006,0.666186265102487,0.687563035031925
stat_r30,4,clustered,100,1,0.789475136901608,0.782296082847553,0.757040128363658,0.720119936112583,0.622254607548725
stat_r30,4,clustered,100,3,0.696151851851852,0.693893518518519,0.789777777777778,0.764656481481481,0.690588888888889
stat_r30,4,clustered,100,5,0.780105770639836,0.694673070038268,0.782394809039661,0.801757031744177,0.705719442543096
stat_r30,4,clustered,200,1,0.79450763200095,0.792186664785888,0.819002605868029,0.83638712359684,0.781637910554137
stat_r30,4,clustered,200,3,0.778836934466073,0.727762354969861,0.787930816628388,0.810353349536572,0.735184813551259
stat_r30,4,clustered,200,5,0.769808753245221,0.726088624026434,0.814056230823696,0.814545779738022,0.728338151994336
stat_r30,4,clustered,500,1,0.763548403635858,0.782907843754807,0.826036043624431,0.836896373664203,0.805942327271129
stat_r30,4,clustered,500,3,0.746082789899171,0.746846007566287,0.847684997922657,0.860473011927793,0.815043258152428
stat_r30,4,clustered,500,5,0.774031644324124,0.762947119071747,0.848768048906536,0.885585887139045,0.836849471521763
stat_r30,4,stratified,30,1,0.700074504762461,0.676472199497458,0.760315622626074,0.728678490036814,0.605249846607842
stat_r30,4,stratified,30,3,0.706030089579521,0.676950925105677,0.744281650151047,0.767132575069437,0.573910128310537
stat_r30,4,stratified,30,5,0.686313878396941,0.585899007378566,0.655889079315426,0.723002416383338,0.593137064584177
stat_r30,4,stratified,50,1,0.789566517798478,0.741310829744271,0.773305151406906,0.789093631489231,0.73818015580262
stat_r30,4,stratified,50,3,0.746933638486793,0.738481362103162,0.785911873828284,0.793168320725776,0.734465922137173
stat_r30,4,stratified,50,5,0.779487037037037,0.680834259259259,0.771025,0.809366666666667,0.751605555555556
stat_r30,4,stratified,100,1,0.785084300850729,0.77012209469048,0.780193711810943,0.790755215035184,0.771031095359593
stat_r30,4,stratified,100,3,0.769846279930006,0.745360525985484,0.799372974210173,0.846359300359566,0.768971360223271
stat_r30,4,stratified,100,5,0.789986655537027,0.752128913805134,0.816855111706666,0.851374886868197,0.819538810917659
stat_r30,4,stratified,200,1,0.792963919802155,0.796862119472414,0.828841709356415,0.846392348230584,0.815823176117294
stat_r30,4,stratified,200,3,0.760801851851852,0.75980462962963,0.812333333333333,0.852134259259259,0.769874074074074
stat_r30,4,stratified,200,5,0.785434103083385,0.773341251327129,0.837401032797911,0.873029225549797,0.832691926425656
stat_r30,4,stratified,500,1,0.79085105912202,0.803690885355204,0.8633596147038,0.890893283868303,0.84961721147038
stat_r30,4,stratified,500,3,0.779761596460203,0.785089974768589,0.869778910683764,0.877400128746791,0.849332958438464
stat_r30,4,stratified,500,5,0.800482200261936,0.819538598345041,0.887219646684129,0.906270463745684,0.865145776282891
stat_r30,5,random,30,1,0.614963619168564,0.605947541776091,0.599375396851279,0.60749849891903,0.533367159609508
stat_r30,5,random,30,3,0.612076411550195,0.593652176719269,0.649492481666885,0.709021240406318,0.565540767570461
stat_r30,5,random,30,5,0.441917469843002,0.546004576589683,0.531127818694308,0.637412294659635,0.471061973389101
stat_r30,5,random,50,1,0.537781984839402,0.513398310936421,0.582056355234504,0.661874283893193,0.615892638991115
stat_r30,5,random,50,3,0.443399358611583,0.602143935106584,0.664422750424448,0.73512073193737,0.567973967176005
stat_r30,5,random,50,5,0.598027182289477,0.611311942459483,0.648289197141656,0.73582364205315,0.554690579608612
stat_r30,5,random,100,1,0.627326522879242,0.611972838617122,0.704321163369836,0.741406970189968,0.651780816236505
stat_r30,5,random,100,3,0.644509271175938,0.618335478335478,0.707636207636208,0.761306067972735,0.718142904809571
stat_r30,5,random,100,5,0.538786600514903,0.558037289178782,0.646571879996097,0.759973429208356,0.701528946400558
stat_r30,5,random,200,1,0.626941482663085,0.67286446447516,0.77578308057487,0.831340968241732,0.750810938704482
stat_r30,5,random,200,3,0.637729145862396,0.69844395070025,0.76496727633797,0.828572183660255,0.732139789594498
stat_r30,5,random,200,5,0.623789140421931,0.662625430695763,0.731197674242882,0.79834843287191,0.732910067702351
stat_r30,5,random,500,1,0.62940815788025,0.707727529001726,0.817346553298442,0.878046581203882,0.79500131933885
stat_r30,5,random,500,3,0.63666174998683,0.686528736237686,0.805721848872299,0.860899037484667,0.78968400298011
stat_r30,5,random,500,5,0.642577050082554,0.728423301534887,0.829029841619275,0.871693076193971,0.803977099003241
stat_r30,5,clustered,30,1,0.559648413631022,0.539367332549941,0.627257344300823,0.62192714453584,0.578387779083431
stat_r30,5,clustered,30,3,0.513464713645645,0.517260186255512,0.529621997732768,0.519072296400537,0.443437406346388
stat_r30,5,clustered,30,5,0.607479720807395,0.535564044519902,0.529938690813054,0.58228541784569,0.582431616676099
stat_r30,5,clustered,50,1,0.597056830283667,0.601205628925982,0.64942034515423,0.688895153375514,0.5698955349397
stat_r30,5,clustered,50,3,0.532986696014794,0.569506210273342,0.596178754052213,0.585999558280739,0.611062447124707
stat_r30,5,clustered,50,5,0.562261059011176,0.572245489231378,0.635583505538773,0.660375385679985,0.622462306494632
stat_r30,5,clustered,100,1,0.566410264160068,0.594141026416007,0.671323407181285,0.708355686695279,0.625901060871668
stat_r30,5,clustered,100,3,0.622701066916521,0.593243743577344,0.653932176751496,0.662643376352536,0.64770031130992
stat_r30,5,clustered,100,5,0.568645056676972,0.587786794568709,0.63241422682912,0.697837106746681,0.642499393829181
stat_r30,5,clustered,200,1,0.510642421712367,0.61859577061346,0.681003170083063,0.687894979117707,0.575080277088742
stat_r30,5,clustered,200,3,0.555722723831925,0.598525877837954,0.681232644755247,0.777534785998388,0.663451246746039
stat_r30,5,clustered,200,5,0.594311399807089,0.646339786291295,0.722853116710875,0.779502690197733,0.679101609597299
stat_r30,5,clustered,500,1,0.616568583920952,0.693666701785808,0.787062296340335,0.82558830833603,0.760035294737397
stat_r30,5,clustered,500,3,0.611615241568742,0.685797611893898,0.789757379187195,0.833900756543217,0.76095622816479
stat_r30,5,clustered,500,5,0.583666502208839,0.707435195109364,0.791781267308241,0.832932585522796,0.733652041261902
stat_r30,5,stratified,30,1,0.466969373219373,0.542043629144693,0.554743854943323,0.633251500272777,0.560853867369825
stat_r30,5,stratified,30,3,0.60344056223914,0.578883185870778,0.613144397524064,0.672518919694416,0.658092003798097
stat_r30,5,stratified,30,5,0.555629751386891,0.580662283405246,0.624271358887139,0.680704898446834,0.579871812432938
stat_r30,5,stratified,50,1,0.552268973146633,0.580735323089047,0.612416272655634,0.653760911074741,0.597934472934473
stat_r30,5,stratified,50,3,0.609304296786365,0.593051406539786,0.649570846436722,0.727877072867031,0.621616325275335
stat_r30,5,stratified,50,5,0.60995280995281,0.618324038324038,0.691420944754278,0.736903570236904,0.675526955526956
stat_r30,5,stratified,100,1,0.627584488124862,0.672053474267364,0.750735299713109,0.785118408936983,0.676454809031345
stat_r30,5,stratified,100,3,0.644924207625172,0.648503528282021,0.737295632794025,0.781621743215169,0.717174123033358
stat_r30,5,stratified,100,5,0.593325787587248,0.605745142425957,0.698011695906433,0.783781362007168,0.695057536313903
stat_r30,5,stratified,200,1,0.632304277190067,0.683922729076358,0.786134881596778,0.831660976723641,0.769768808630745
stat_r30,5,stratified,200,3,0.650546778696679,0.700994263212639,0.762491528847225,0.816903229703684,0.756355488268751
stat_r30,5,stratified,200,5,0.655369292197116,0.677371770757947,0.762501169582827,0.834223807550636,0.709756325772259
stat_r30,5,stratified,500,1,0.609750504494588,0.71548511740965,0.830272923928331,0.863427199902159,0.803487892129884
stat_r30,5,stratified,500,3,0.627325477059281,0.70221275497996,0.827338001734761,0.869503162947897,0.790518259855237
stat_r30,5,stratified,500,5,0.624548357881691,0.731785118451785,0.829683016349683,0.858853138853139,0.801712188378855
stat_r80,0,random,30,1,0.714635800573301,0.600652854559105,0.652037691100191,0.693615845959596,0.706656941031941
stat_r80,0,random,30,3,0.714877547949879,0.704881764953941,0.766776365281554,0.765429678808389,0.679343461206741
stat_r80,0,random,30,5,0.451886593040461,0.527904917971031,0.571899610521976,0.654019618307351,0.60108534821763
stat_r80,0,random,50,1,0.711756062960211,0.694352496115652,0.763285947105316,0.74875975309059,0.676876097750456
stat_r80,0,random,50,3,0.754398816019613,0.73241167664351,0.765851007258927,0.801123756276014,0.677489209846856
stat_r80,0,random,50,5,0.715672018407479,0.690584129536648,0.686177924710672,0.708469835513091,0.521424783378525
stat_r80,0,random,100,1,0.737468925247153,0.715112233121136,0.793491271233076,0.787530057663607,0.799952464460761
stat_r80,0,random,100,3,0.730532087364378,0.735909397398853,0.766703163608462,0.79882223382421,0.670466435143596
stat_r80,0,random,100,5,0.719500569648213,0.644367246601663,0.724449850876878,0.809585308783151,0.714879972267961
stat_r80,0,random,200,1,0.713991751757291,0.726080960738711,0.79679191775966,0.827887101097172,0.826927399901436
stat_r80,0,random,200,3,0.742762426776666,0.748694589373801,0.814179637059221,0.856633997392318,0.859015652370458
stat_r80,0,random,200,5,0.752417171455444,0.74810410924248,0.839419021950916,0.877539840739056,0.85327019478148
stat_r80,0,random,500,1,0.751268970658715,0.813292507588263,0.875744182331328,0.8958219287502,0.88138026518984
stat_r80,0,random,500,3,0.767841492158848,0.790271525940045,0.87484683588465,0.892444754554505,0.884446184086248
stat_r80,0,random,500,5,0.755237879291967,0.749816168290249,0.837587068419302,0.878449625873333,0.865248707880288
stat_r80,0,clustered,30,1,0.728647417053428,0.624684133388364,0.630122303552025,0.608030592734226,0.58703072750398
stat_r80,0,clustered,30,3,0.748850509662553,0.696880519208715,0.69291362965589,0.66287525280245,0.546279666247376
stat_r80,0,clustered,30,5,0.333393377724773,0.477043372755582,0.550409337109918,0.512022336513616,0.509036680911681
stat_r80,0,clustered,50,1,0.726591222426471,0.637281914719013,0.625086167279412,0.533631909795168,0.488945969012605
stat_r80,0,clustered,50,3,0.75005032856607,0.703855062206108,0.690756920442722,0.683347495968417,0.620846833750442
stat_r80,0,clustered,50,5,0.629031543925565,0.590576249602038,0.61293699437687,0.673250177633563,0.500399543740025
stat_r80,0,clustered,100,1,0.701463569632809,0.642684620818027,0.694170411289474,0.695826776217906,0.741999961355063
stat_r80,0,clustered,100,3,0.723805606158547,0.6587954529131,0.69702193231605,0.735285411756,0.680028032969209
stat_r80,0,clustered,100,5,0.734669328419328,0.637990973928474,0.71494185947311,0.741029381654382,0.722542144417144
stat_r80,0,clustered,200,1,0.728664643907836,0.724383743053751,0.768017291235364,0.783190077865039,0.802234114777594
stat_r80,0,clustered,200,3,0.730893111759913,0.719591297189028,0.748171000814775,0.814303537479631,0.753967782455187
stat_r80,0,clustered,200,5,0.7510756535835,0.70081525488032,0.774108436228185,0.795349899979306,0.788934779609574
stat_r80,0,clustered,500,1,0.730868886666207,0.765639011519625,0.843072058012002,0.885437504311237,0.88517883010278
stat_r80,0,clustered,500,3,0.725333208044403,0.748888950584195,0.842183999607048,0.89341293451589,0.877326476611903
stat_r80,0,clustered,500,5,0.738877545876185,0.72647900282315,0.823414498890905,0.866829880016132,0.850944410835518
stat_r80,0,stratified,30,1,0.747102663917491,0.653767013704204,0.680882985554112,0.674876403637219,0.584417428305633
stat_r80,0,stratified,30,3,0.756992592592593,0.685354497354497,0.733669841269841,0.782191534391534,0.720805291005291
stat_r80,0,stratified,30,5,0.679959888759292,0.621969614885349,0.649120123393054,0.747473395497258,0.662187082395882
stat_r80,0,stratified,50,1,0.652735439556405,0.628219598825975,0.688632773244995,0.714457747911994,0.666082731390472
stat_r80,0,stratified,50,3,0.729788057045143,0.704537528086088,0.745079782455681,0.775390563074536,0.719402281552064
stat_r80,0,stratified,50,5,0.688994890855882,0.637443605517282,0.708003195599058,0.798338203725797,0.608311312378284
stat_r80,0,stratified,100,1,0.72326218262087,0.730092566035892,0.813053574425685,0.862698670677791,0.867439572883272
stat_r80,0,stratified,100,3,0.727321440348216,0.709739579898437,0.747790674668601,0.836861315372947,0.823633186044978
stat_r80,0,stratified,100,5,0.74709417989418,0.70088253968254,0.73513544973545,0.787191534391534,0.78677671957672
stat_r80,0,stratified,200,1,0.738610546200254,0.74248751287004,0.839038342083543,0.875900902817369,0.863462700283354
stat_r80,0,stratified,200,3,0.7595974678361,0.752694198399715,0.83296280134591,0.886359735202331,0.883130419676593
stat_r80,0,stratified,200,5,0.750320596099205,0.704692227744764,0.782812905983622,0.84976301033451,0.836334643656388
stat_r80,0,stratified,500,1,0.750019296740995,0.792595411663808,0.879259219554031,0.89331153516295,0.88541166380789
stat_r80,0,stratified,500,3,0.760673364427558,0.787412136919129,0.863219672006086,0.887180307650578,0.880766859010085
stat_r80,0,stratified,500,5,0.737591045101375,0.772054078066198,0.859911029343972,0.879679026728914,0.862648668583259
stat_r80,1,random,30,1,0.658534351259197,0.678772918286774,0.846995199497517,0.867442199557337,0.658439014177185
stat_r80,1,random,30,3,0.621584005545175,0.640754649859995,0.748384949545145,0.81386898791394,0.666610126911884
stat_r80,1,random,30,5,0.62457905723367,0.672824735069715,0.794177170537279,0.857674977634574,0.676699590512696
stat_r80,1,random,50,1,0.626935926092318,0.711158070664884,0.825401051228436,0.859052933030869,0.682671739777515
stat_r80,1,random,50,3,0.562701058028161,0.645467071868941,0.768231379212688,0.886872862340152,0.761614164651548
stat_r80,1,random,50,5,0.625186378546647,0.616068376379201,0.784806420877307,0.871607001287376,0.657811715846359
stat_r80,1,random,100,1,0.671825337331334,0.705394490254873,0.829589580209895,0.875941716641679,0.698437968515742
stat_r80,1,random,100,3,0.623872403048036,0.675452175700479,0.858829136432182,0.900734177261242,0.816553914550935
stat_r80,1,random,100,5,0.366124811127739,0.584577721387208,0.775760730474765,0.862115116287476,0.711700501008524
stat_r80,1,random,200,1,0.660710151529862,0.757234822742175,0.879745110193352,0.911506448794258,0.888049753175854
stat_r80,1,random,200,3,0.634739108501912,0.712748846696544,0.881862246949503,0.898849255379037,0.888670575591639
stat_r80,1,random,200,5,0.61373092926491,0.714812246365644,0.856421856768597,0.908321041469446,0.888879715856137
stat_r80,1,random,500,1,0.666675423518904,0.80181867311171,0.912914042738443,0.925583018712142,0.918495597805283
stat_r80,1,random,500,3,0.650260270066749,0.743347943062267,0.899944071179477,0.911756749840987,0.910364012545602
stat_r80,1,random,500,5,0.632622973034012,0.777281720041556,0.893778400108406,0.926263155517413,0.909692398030625
stat_r80,1,clustered,30,1,0.572047713197072,0.562749363555931,0.740418734369476,0.603387322744949,0.614779718337258
stat_r80,1,clustered,30,3,0.595611644968345,0.533286949679807,0.729301294613911,0.767668893567729,0.47490000801393
stat_r80,1,clustered,30,5,0.492851235653419,0.545622080944147,0.660486413038495,0.792250325027185,0.565757262913527
stat_r80,1,clustered,50,1,0.572605555555556,0.596509259259259,0.810412037037037,0.824681481481481,0.770991666666667
stat_r80,1,clustered,50,3,0.523816234756237,0.597950842925411,0.766785755466524,0.808841428260285,0.709810733000104
stat_r80,1,clustered,50,5,0.592965964461292,0.631533705131836,0.706981751374275,0.74931286263062,0.608432455395072
stat_r80,1,clustered,100,1,0.57293428805434,0.543107576202969,0.742717109362145,0.825663581017247,0.795605768999669
stat_r80,1,clustered,100,3,0.552665946473892,0.552509637511191,0.641036929611022,0.809958823224737,0.810033740538221
stat_r80,1,clustered,100,5,0.592392620478612,0.634024429620824,0.810357638200911,0.875163279982975,0.806240781102085
stat_r80,1,clustered,200,1,0.583892471520644,0.656872462134733,0.828118233491758,0.873442400763919,0.858236499598653
stat_r80,1,clustered,200,3,0.593363153500691,0.68935506391064,0.845292887782128,0.885571705147397,0.853786417549516
stat_r80,1,clustered,200,5,0.613650764413336,0.652027076809726,0.841599742125622,0.902472831092282,0.891294897771229
stat_r80,1,clustered,500,1,0.627685185185185,0.729576851851852,0.883086111111111,0.901333333333333,0.90362037037037
stat_r80,1,clustered,500,3,0.629303974225207,0.725491850023563,0.904921525876565,0.917145115240245,0.913571191497399
stat_r80,1,clustered,500,5,0.563639712654264,0.770588506170566,0.888186590532326,0.914255848222509,0.888717995947688
stat_r80,1,stratified,30,1,0.634712846464553,0.714302428153582,0.792902177445564,0.87580389061702,0.685144157110358
stat_r80,1,stratified,30,3,0.532233720064288,0.592718489701771,0.782107336412444,0.879803258252082,0.805313911623853
stat_r80,1,stratified,30,5,0.510180089680876,0.622127409445609,0.748231132075472,0.839826461681808,0.734014675052411
stat_r80,1,stratified,50,1,0.589610186179735,0.66171940267335,0.82281690088316,0.881462398555914,0.782987043501611
stat_r80,1,stratified,50,3,0.640251710991686,0.634583620412475,0.792260346332277,0.869668825501814,0.783354003031556
stat_r80,1,stratified,50,5,0.559086012112742,0.637343859189378,0.810406293675751,0.865125640577685,0.632838887433031
stat_r80,1,stratified,100,1,0.673010448252947,0.752927577021662,0.87477918688654,0.896445397500833,0.807705982104133
stat_r80,1,stratified,100,3,0.622824521684436,0.689715134873678,0.849933147089278,0.893766402872008,0.876593389010375
stat_r80,1,stratified,100,5,0.607480827346858,0.730749222432188,0.861003779383975,0.901874802391159,0.873289534635775
stat_r80,1,stratified,200,1,0.658861656047161,0.741306617971442,0.867287828613657,0.899318527453422,0.906289613732947
stat_r80,1,stratified,200,3,0.648104254626354,0.730153475063258,0.870653101244063,0.907808546361766,0.892054477553567
stat_r80,1,stratified,200,5,0.625912063953488,0.7625,0.889255087209302,0.905956577034884,0.88460574127907
stat_r80,1,stratified,500,1,0.670655090765588,0.809296624727239,0.92405497005432,0.939518083476484,0.926694832629184
stat_r80,1,stratified,500,3,0.65949132238649,0.766864919943902,0.900162705253316,0.920047989832291,0.908023140302694
stat_r80,1,stratified,500,5,0.656575870798873,0.775849260484906,0.895244944410879,0.920604571614229,0.908230037290617
stat_r80,2,random,30,1,0.537266710900151,0.547018871063173,0.801670475661187,0.780448799741404,0.667872690738
stat_r80,2,random,30,3,0.628130988130988,0.656322989656323,0.773432480099147,0.780295533628867,0.567529434196101
stat_r80,2,random,30,5,0.617547071129707,0.621237963019936,0.669274358540487,0.722055362416933,0.610719065345804
stat_r80,2,random,50,1,0.456336044731462,0.557716158334576,0.756201638920298,0.799358740813872,0.659368103915324
stat_r80,2,random,50,3,0.691343222883188,0.664565473027541,0.800549980720941,0.807434810882981,0.747442407407763
stat_r80,2,random,50,5,0.605164125753992,0.585511212627784,0.830307413199393,0.84801130892311,0.770109352972444
stat_r80,2,random,100,1,0.560291887110154,0.654380679563916,0.819153762773383,0.861611795458817,0.834699181250581
stat_r80,2,random,100,3,0.682848282442748,0.602521586785133,0.836383314040796,0.879606745088224,0.743548406019272
stat_r80,2,random,100,5,0.652811722066268,0.666382291296222,0.858364040828989,0.886337497446297,0.889594888053208
stat_r80,2,random,200,1,0.633613659919522,0.692958556883307,0.872526978417266,0.903626463236191,0.881717930740154
stat_r80,2,random,200,3,0.697063991024745,0.683267231276376,0.876396850963435,0.902527850422688,0.889496989325528
stat_r80,2,random,200,5,0.622231578947368,0.643969377990431,0.865555980861244,0.900772248803828,0.844097607655502
stat_r80,2,random,500,1,0.636457066869301,0.761853153495441,0.913904825227964,0.928868731003039,0.910283054711246
stat_r80,2,random,500,3,0.69903887861562,0.741918361756044,0.910761439475226,0.922776408008584,0.913580881065985
stat_r80,2,random,500,5,0.641994062269259,0.684371538887522,0.896991524120108,0.916883306669948,0.894659118877677
stat_r80,2,clustered,30,1,0.536289893617021,0.558852583586626,0.622897986322188,0.496662234042553,0.713188639817629
stat_r80,2,clustered,30,3,0.516224449511823,0.478487210761698,0.475492940041914,0.530850121479596,0.621319521780889
stat_r80,2,clustered,30,5,0.523999854656444,0.557835260729127,0.745465185437341,0.715929844960499,0.649897972648638
stat_r80,2,clustered,50,1,0.530523166379523,0.564101725941423,0.726060638690623,0.774971926532119,0.555421063561408
stat_r80,2,clustered,50,3,0.552930640720811,0.60661408146665,0.758014876110624,0.786073786134401,0.546740082592917
stat_r80,2,clustered,50,5,0.523559462759463,0.561365567765568,0.665116483516484,0.693460317460317,0.523515506715507
stat_r80,2,clustered,100,1,0.533778935185185,0.630831404320988,0.810365547839506,0.801400462962963,0.728516589506173
stat_r80,2,clustered,100,3,0.67155578732425,0.646752540964118,0.770551989114863,0.770897644151137,0.730709751667835
stat_r80,2,clustered,100,5,0.642359951159951,0.632533333333333,0.800819536019536,0.841366544566545,0.790651037851038
stat_r80,2,clustered,200,1,0.621574894885027,0.657758343851054,0.850572437845871,0.857187399646007,0.817570443835371
stat_r80,2,clustered,200,3,0.676467090397347,0.611332184339835,0.874035138058553,0.86480417715139,0.807953539384489
stat_r80,2,clustered,200,5,0.523516908867389,0.582345421719183,0.837216263689095,0.835449412712667,0.788834480798086
stat_r80,2,clustered,500,1,0.601330159162541,0.732317458003303,0.887983870813039,0.910387863976167,0.885399901398643
stat_r80,2,clustered,500,3,0.659348485786833,0.70283276305196,0.886480460766706,0.920377043723292,0.9058087415619
stat_r80,2,clustered,500,5,0.598769123294588,0.620025665411871,0.870045123286995,0.916217237209532,0.888866108937524
stat_r80,2,stratified,30,1,0.61955023923445,0.599235406698565,0.78582009569378,0.756372248803828,0.666491866028708
stat_r80,2,stratified,30,3,0.681623998011558,0.629367193810974,0.83463209935997,0.862728554340396,0.770104820418816
stat_r80,2,stratified,30,5,0.62375,0.569612462006079,0.693412803951368,0.789731193009119,0.722321428571429
stat_r80,2,stratified,50,1,0.536571310501184,0.593348068644307,0.782373926840318,0.832818355698528,0.787309181830073
stat_r80,2,stratified,50,3,0.692307397639145,0.639353839022867,0.804639541542887,0.832587306238855,0.737233743025748
stat_r80,2,stratified,50,5,0.638954188730892,0.629105171181939,0.784808062451575,0.872730974495673,0.721747580868644
stat_r80,2,stratified,100,1,0.643238042309139,0.63430250032608,0.839093137949873,0.872839128108867,0.830977049626567
stat_r80,2,stratified,100,3,0.672801011476367,0.687519937755301,0.891782727095896,0.896673798871815,0.832342929391169
stat_r80,2,stratified,100,5,0.649016658976522,0.594802105876879,0.856054975201697,0.88821844128816,0.870558458933663
stat_r80,2,stratified,200,1,0.623753320183085,0.730940573735275,0.880040901982276,0.909963127111216,0.888856214828974
stat_r80,2,stratified,200,3,0.695715616208866,0.72902510809927,0.888725164898001,0.904304655392342,0.890263702933071
stat_r80,2,stratified,200,5,0.624431381787745,0.674365398133304,0.865783117761191,0.901774376124068,0.870564777944413
stat_r80,2,stratified,500,1,0.661061061061061,0.77042757042757,0.918992325658992,0.936328709662043,0.910579150579151
stat_r80,2,stratified,500,3,0.70033664846043,0.746705736890354,0.919944880555277,0.93970949625989,0.918516820867582
stat_r80,2,stratified,500,5,0.64374795035742,0.685669657328195,0.909816674280753,0.928459180597917,0.906124948107315
stat_r80,3,random,30,1,0.603438335651924,0.619095218324672,0.673206601195173,0.687530376162657,0.610655810283524
stat_r80,3,random,30,3,0.52952488244312,0.574706133590834,0.644986475026771,0.632530294495718,0.640859862294933
stat_r80,3,random,30,5,0.532753034381189,0.536741658625768,0.667852318318013,0.708572444263877,0.646913818495759
stat_r80,3,random,50,1,0.63096309273395,0.614789721343289,0.76498110044473,0.774945327350626,0.676316066508955
stat_r80,3,random,50,3,0.654277664091207,0.60960564248101,0.697360340638064,0.774859784673327,0.703723841604116
stat_r80,3,random,50,5,0.483344891703101,0.544428363234333,0.624185134931404,0.74092667973265,0.549086888788381
stat_r80,3,random,100,1,0.581958738193519,0.578559509457161,0.722581617418103,0.795035289702912,0.670759846385999
stat_r80,3,random,100,3,0.643346009186526,0.684178829383571,0.767872744974038,0.813985321528425,0.755735338170683
stat_r80,3,random,100,5,0.595680878481956,0.641418860733982,0.688102465132092,0.792673616836757,0.72221509697462
stat_r80,3,random,200,1,0.615742974460409,0.681309672291636,0.815782413978807,0.877008762780306,0.836684357726442
stat_r80,3,random,200,3,0.631055996616125,0.688501537385306,0.797755539467691,0.852051067221969,0.83251041192165
stat_r80,3,random,200,5,0.572658332851437,0.623893549435583,0.736105932110447,0.827104574159855,0.788676167668014
stat_r80,3,random,500,1,0.624123711340206,0.692696946119432,0.84126726317837,0.869217078389418,0.822717370161447
stat_r80,3,random,500,3,0.654629066071549,0.7318631639995,0.835671587041033,0.870863227527865,0.850730883597591
stat_r80,3,random,500,5,0.625595655535775,0.686473899048749,0.842479205752659,0.884659110208012,0.843773913634193
stat_r80,3,clustered,30,1,0.553266684658369,0.623699239585979,0.717659583756667,0.758414759017018,0.583224853949708
stat_r80,3,clustered,30,3,0.423260259388308,0.439231070138082,0.489535948186863,0.558612401600207,0.582365466511808
stat_r80,3,clustered,30,5,0.480349520899344,0.52905724834878,0.610928369567188,0.515173702943493,0.547020753306973
stat_r80,3,clustered,50,1,0.587795514245302,0.627732875328349,0.654925237421701,0.632664174580723,0.570242473226915
stat_r80,3,clustered,50,3,0.547497817715019,0.569187163029525,0.64556919127086,0.649839281129653,0.633084467265725
stat_r80,3,clustered,50,5,0.613933266089673,0.59356392757207,0.604324607926075,0.624406195093382,0.432848189301751
stat_r80,3,clustered,100,1,0.623968,0.584822,0.670996,0.6992,0.77289
stat_r80,3,clustered,100,3,0.589937040411271,0.628954293290818,0.686268668250146,0.748905934795341,0.598303182143554
stat_r80,3,clustered,100,5,0.58495246140595,0.578518394288743,0.666913055721195,0.67571370005963,0.644374668720599
stat_r80,3,clustered,200,1,0.62477710127233,0.594749028081224,0.750715886454183,0.788076524546973,0.775635361778692
stat_r80,3,clustered,200,3,0.639003839159426,0.651203273388563,0.706630632451,0.786654879773692,0.713685593049101
stat_r80,3,clustered,200,5,0.520119721318941,0.58662643859167,0.680721417237222,0.729011155667805,0.718682985249483
stat_r80,3,clustered,500,1,0.581248386888631,0.620274591882824,0.842284085043231,0.872968487869403,0.828865014840625
stat_r80,3,clustered,500,3,0.639846743295019,0.72594231027761,0.816593987363044,0.865559042481683,0.821580711837064
stat_r80,3,clustered,500,5,0.607974780219324,0.643719751620857,0.807945102564315,0.862766787591005,0.788234366309428
stat_r80,3,stratified,30,1,0.467573775936235,0.549284776695344,0.607403094951923,0.674127617345648,0.600815251771255
stat_r80,3,stratified,30,3,0.626400373363135,0.628185568175397,0.674372513441282,0.705737946795753,0.524068737325222
stat_r80,3,stratified,30,5,0.621815664716156,0.636670865495287,0.729132291272607,0.758523756247937,0.687227847489959
stat_r80,3,stratified,50,1,0.612275083506649,0.604030771412365,0.695047110354824,0.776095827818743,0.687844661876851
stat_r80,3,stratified,50,3,0.54200578392894,0.601120636232183,0.645018591200165,0.754949390621772,0.645113612889899
stat_r80,3,stratified,50,5,0.526380365634237,0.563800242578075,0.628566379642719,0.746820178961573,0.627684825215268
stat_r80,3,stratified,100,1,0.614006216122034,0.645614572233715,0.733866987879972,0.804314020920494,0.766325377529706
stat_r80,3,stratified,100,3,0.654189542161549,0.64996303780001,0.748985264402937,0.797705386624612,0.676153959883692
stat_r80,3,stratified,100,5,0.619489540489854,0.661945332056246,0.783532610007968,0.862487021192682,0.760846862146956
stat_r80,3,stratified,200,1,0.614503923879149,0.680462368435819,0.795546457286231,0.840891510152386,0.804473382552165
stat_r80,3,stratified,200,3,0.630581880893261,0.680429584268138,0.761721650472259,0.830877891240649,0.826419771814545
stat_r80,3,stratified,200,5,0.613658508626125,0.627600733650484,0.787606751877114,0.859536842191453,0.788275102555495
stat_r80,3,stratified,500,1,0.638671023965142,0.706233907704496,0.845521885521886,0.875557536145771,0.846072489601901
stat_r80,3,stratified,500,3,0.662443881031999,0.745475737232672,0.849878075487909,0.889339291279555,0.849834907050985
stat_r80,3,stratified,500,5,0.612600647128996,0.705216190739556,0.84211243412142,0.89740603408428,0.84142917409304
stat_r80,4,random,30,1,0.606186471718004,0.549485824140887,0.660294393800514,0.794004287432765,0.58838042506196
stat_r80,4,random,30,3,0.56126983057446,0.563111575290674,0.615999034207039,0.837735552411113,0.755270684065913
stat_r80,4,random,30,5,0.58302177424179,0.593446229885745,0.660997225877849,0.695798064844171,0.648122981097087
stat_r80,4,random,50,1,0.589461111111111,0.589997222222222,0.745986111111111,0.861962037037037,0.724609259259259
stat_r80,4,random,50,3,0.600624205719372,0.622375770371746,0.704416338226071,0.824771808118353,0.717899108198723
stat_r80,4,random,50,5,0.520266909814324,0.544635994393537,0.664681358512177,0.833558144441765,0.698327669098143
stat_r80,4,random,100,1,0.600282220837806,0.60493023290725,0.8011750444723,0.870203746931974,0.862184659496056
stat_r80,4,random,100,3,0.559367671164971,0.635488038214623,0.782473135037394,0.864634950081773,0.696897690636554
stat_r80,4,random,100,5,0.596032951765101,0.598372074473512,0.773047593077978,0.862118825949608,0.851839485355905
stat_r80,4,random,200,1,0.613337992312684,0.658702954939165,0.833132738389065,0.871059973266333,0.860101203384785
stat_r80,4,random,200,3,0.582632871867346,0.61928223664252,0.828700175362008,0.878639501587137,0.870975737889293
stat_r80,4,random,200,5,0.602286235334943,0.659081260475041,0.821494229959909,0.867930501103802,0.861784836201741
stat_r80,4,random,500,1,0.629737158468939,0.694602515929371,0.877778780107478,0.902730039268823,0.883248431916551
stat_r80,4,random,500,3,0.615093942171239,0.765882768152791,0.901081702341533,0.908083941875591,0.899370639191107
stat_r80,4,random,500,5,0.612706020901663,0.707830528879963,0.880147358038027,0.90825283773926,0.889404585764141
stat_r80,4,clustered,30,1,0.496672111518448,0.552629974278619,0.599434757864238,0.617421246747871,0.497114659709082
stat_r80,4,clustered,30,3,0.58178410865553,0.533449434480148,0.638522549808338,0.663607969334154,0.51498556622971
stat_r80,4,clustered,30,5,0.568785947458417,0.563910858731054,0.629198279204179,0.746215391645862,0.63883514783524
stat_r80,4,clustered,50,1,0.570030696962264,0.584797571000662,0.647840621074617,0.681217993028148,0.693355557042091
stat_r80,4,clustered,50,3,0.481410853262827,0.541359801914799,0.588287484769495,0.638367625683157,0.734723313262342
stat_r80,4,clustered,50,5,0.548014681348015,0.585330091996759,0.601820868487535,0.658345011678345,0.654320987654321
stat_r80,4,clustered,100,1,0.581047321375542,0.561606320900398,0.696045168379165,0.736819393300469,0.811688914295896
stat_r80,4,clustered,100,3,0.562825206447604,0.583182662144659,0.739171327179211,0.830623123628986,0.762873496095651
stat_r80,4,clustered,100,5,0.503983594544476,0.546237550098702,0.707737632350302,0.816962149309087,0.701808039720045
stat_r80,4,clustered,200,1,0.534781021359452,0.578121312249233,0.795522517406184,0.85734581514043,0.82633644087798
stat_r80,4,clustered,200,3,0.601493628185907,0.602039917541229,0.730752436281859,0.848555097451274,0.853570089955022
stat_r80,4,clustered,200,5,0.566941738816739,0.593865552849928,0.791260822510823,0.878881824194324,0.87037037037037
stat_r80,4,clustered,500,1,0.586878832972583,0.633630764490139,0.860456311628187,0.873816287878788,0.863758492664743
stat_r80,4,clustered,500,3,0.556450743645535,0.680556697377099,0.877677114790517,0.892381949354277,0.889541097354445
stat_r80,4,clustered,500,5,0.585919623971798,0.658912338425382,0.86331562867215,0.879943595769683,0.868677790834313
stat_r80,4,stratified,30,1,0.604525982492084,0.602738871298193,0.684810951760104,0.748297634568821,0.654258707394301
stat_r80,4,stratified,30,3,0.501700053103611,0.552288618126033,0.656282267819212,0.834801672763748,0.765963351132877
stat_r80,4,stratified,30,5,0.510640440386681,0.593172850280463,0.648219320622986,0.831766917293233,0.580328238751641
stat_r80,4,stratified,50,1,0.556252570958453,0.542712801903978,0.626706014573662,0.804236204971499,0.675590953164483
stat_r80,4,stratified,50,3,0.574063798981832,0.596158049600673,0.679855214609313,0.845323431880809,0.754085283265611
stat_r80,4,stratified,50,5,0.533059821987784,0.567654793439558,0.688028515664654,0.850731374700967,0.668316736864081
stat_r80,4,stratified,100,1,0.621722981432441,0.656010744447564,0.793424527084962,0.879949199098559,0.856632571762438
stat_r80,4,stratified,100,3,0.55570213329701,0.598535072611959,0.769890153769795,0.867643409319483,0.749387514437493
stat_r80,4,stratified,100,5,0.554083157892777,0.620809204439903,0.754578672757293,0.848469618535458,0.818487432499595
stat_r80,4,stratified,200,1,0.583209259259259,0.62895462962963,0.831876851851852,0.87045462962963,0.865211111111111
stat_r80,4,stratified,200,3,0.570067466266867,0.669809782608696,0.8423988005997,0.885700899550225,0.891191904047976
stat_r80,4,stratified,200,5,0.601247533192757,0.632935326932935,0.842284878448132,0.890919708358134,0.867970655555785
stat_r80,4,stratified,500,1,0.631037287287287,0.70816772655008,0.887859366719661,0.912702224283107,0.886954969675558
stat_r80,4,stratified,500,3,0.609619372758649,0.748752517425451,0.88657454199702,0.905307369224895,0.894309308297584
stat_r80,4,stratified,500,5,0.604993611282003,0.70776300222422,0.878940892527566,0.897739813544082,0.874830344044295
stat_r80,5,random,30,1,0.587466285022293,0.6507157797891,0.755379652273746,0.811606995415549,0.748989533612752
stat_r80,5,random,30,3,0.572425320493161,0.62840523983316,0.761946612586641,0.811262689382322,0.747259898484941
stat_r80,5,random,30,5,0.590307715177642,0.618807905339792,0.754586575903656,0.805680346114418,0.739217226953216
stat_r80,5,random,50,1,0.589496250709984,0.630083438675538,0.736387906651189,0.834169696251092,0.687310551368429
stat_r80,5,random,50,3,0.557837577160494,0.605269097222222,0.739840856481481,0.789724151234568,0.740916280864198
stat_r80,5,random,50,5,0.546561057325012,0.606096206877308,0.737678749776292,0.817803679777389,0.703085339968556
stat_r80,5,random,100,1,0.603132547841704,0.627168552981978,0.811751021861646,0.837524965937945,0.746164148138973
stat_r80,5,random,100,3,0.607370959332638,0.660531228914924,0.812467413972888,0.865529925473839,0.745746565049377
stat_r80,5,random,100,5,0.539179592728217,0.612009578698611,0.781220792151291,0.865615856406099,0.817786313165201
stat_r80,5,random,200,1,0.60441288271477,0.688590933873953,0.833176868554227,0.875387802274595,0.864280722771289
stat_r80,5,random,200,3,0.592394258373206,0.638818181818182,0.835911004784689,0.878254545454546,0.826832535885167
stat_r80,5,random,200,5,0.576633633424058,0.666274106125108,0.846634835337815,0.886524802071944,0.875140546366731
stat_r80,5,random,500,1,0.594072853449609,0.71399453197931,0.888130637550859,0.902837930136935,0.876366760540226
stat_r80,5,random,500,3,0.595715142751661,0.747014790487325,0.89178254984002,0.913048201759783,0.879384075806055
stat_r80,5,random,500,5,0.573767810940721,0.706751950223787,0.880091656137632,0.905162763623338,0.86733416527307
stat_r80,5,clustered,30,1,0.608297480982666,0.58049924398304,0.657271986843746,0.604108211747101,0.698067675208879
stat_r80,5,clustered,30,3,0.57307523648437,0.590276947258718,0.611278164087786,0.702403664534843,0.68104935845962
stat_r80,5,clustered,30,5,0.575499031266109,0.580695236910242,0.640958187430752,0.698347523655474,0.574743596580103
stat_r80,5,clustered,50,1,0.43782366566458,0.48796215070721,0.573882016657631,0.611689911783549,0.621107880341038
stat_r80,5,clustered,50,3,0.54987462006079,0.573695858662614,0.632424012158055,0.656441869300912,0.692017477203647
stat_r80,5,clustered,50,5,0.522865072210143,0.541415998381581,0.645494648809068,0.675841960643361,0.635831275938398
stat_r80,5,clustered,100,1,0.552684458398744,0.563705847723705,0.74356259811617,0.789259222919937,0.725143249607535
stat_r80,5,clustered,100,3,0.599545440561162,0.633673932439084,0.754635006460743,0.82316022643367,0.743470034457298
stat_r80,5,clustered,100,5,0.557622750001932,0.543027227971466,0.710531807186082,0.794276368161127,0.733335136680862
stat_r80,5,clustered,200,1,0.578025012306178,0.626505583928132,0.79532711358602,0.823751499815407,0.816572575682993
stat_r80,5,clustered,200,3,0.584469450246689,0.631380597294282,0.756013745704467,0.840648840674108,0.696327366379924
stat_r80,5,clustered,200,5,0.573950811725289,0.613449778938946,0.801510340517737,0.823546360523226,0.803780328973112
stat_r80,5,clustered,500,1,0.581546,0.673695,0.865064,0.873654,0.844518
stat_r80,5,clustered,500,3,0.568530852644906,0.688372362761365,0.869026649576548,0.895542545746212,0.87085689122349
stat_r80,5,clustered,500,5,0.521489555702918,0.63966609898722,0.821720709247649,0.883398390402701,0.851021823004582
stat_r80,5,stratified,30,1,0.572479276680547,0.596995409464877,0.656805158148588,0.788164638921845,0.684268887493118
stat_r80,5,stratified,30,3,0.580663820463169,0.60199023556835,0.693288054564364,0.821556831175697,0.733278554450401
stat_r80,5,stratified,30,5,0.564300854085847,0.60579088975097,0.710280510887248,0.840020218057815,0.760387662683018
stat_r80,5,stratified,50,1,0.44665240225637,0.576980159502042,0.74957304026454,0.810844193736627,0.700293717175647
stat_r80,5,stratified,50,3,0.554517438263624,0.620438843974036,0.751390062038043,0.768546769865485,0.746963698455657
stat_r80,5,stratified,50,5,0.539201826881253,0.550072236376064,0.703567739079103,0.778874161125955,0.662840598396819
stat_r80,5,stratified,100,1,0.608453238451752,0.609788234658162,0.780255570206514,0.873346216738516,0.742705785369677
stat_r80,5,stratified,100,3,0.592240964679983,0.670807518359603,0.800006273537648,0.879474885888152,0.813725359730352
stat_r80,5,stratified,100,5,0.521301435406699,0.610941626794258,0.822666985645933,0.879208612440191,0.767038277511962
stat_r80,5,stratified,200,1,0.60268624781171,0.675779031316864,0.83648803734682,0.881527912857421,0.841445244115931
stat_r80,5,stratified,200,3,0.601198323937686,0.686721449354428,0.843617400133358,0.893788453961326,0.862067724434746
stat_r80,5,stratified,200,5,0.562107952706288,0.635774058176706,0.834270894983518,0.870695979115072,0.850932485984459
stat_r80,5,stratified,500,1,0.60242020445819,0.720014706709791,0.896898785629333,0.9148330167575,0.890799769504337
stat_r80,5,stratified,500,3,0.622698262582703,0.760418844752739,0.904827629865085,0.913349741315311,0.886834800524083
stat_r80,5,stratified,500,5,0.575325322897649,0.716338029262084,0.894093257613827,0.913636883962508,0.889105975619457
stat_r200,0,random,30,1,0.557942906684061,0.57747940432545,0.610774978070131,0.705342300213267,0.597851179510039
stat_r200,0,random,30,3,0.664719272244921,0.630495214076919,0.700284125801407,0.767787544317893,0.722708161042832
stat_r200,0,random,30,5,0.565227415080212,0.608896659927082,0.664369699207776,0.707821658753945,0.569615966083091
stat_r200,0,random,50,1,0.540239521202963,0.565563664097788,0.635213747216594,0.653371065658745,0.663643854831421
stat_r200,0,random,50,3,0.635341460527873,0.647319610584745,0.724748290340247,0.78714059030153,0.675051304838001
stat_r200,0,random,50,5,0.591663171054688,0.598264737088854,0.632711936898035,0.785185390809419,0.698489073128203
stat_r200,0,random,100,1,0.569355338349542,0.619313966853891,0.725578589537699,0.793307600127171,0.794379590605613
stat_r200,0,random,100,3,0.63353288450762,0.639566775321426,0.707677918879883,0.806722125318664,0.74331496988974
stat_r200,0,random,100,5,0.513721315829718,0.622427379045565,0.742063811463205,0.821373379158249,0.782758912114358
stat_r200,0,random,200,1,0.548898869306032,0.647090447417871,0.777249846108987,0.832960417611611,0.808630450981663
stat_r200,0,random,200,3,0.637497515404492,0.672046851189293,0.787826931358908,0.842151576889949,0.820659825747035
stat_r200,0,random,200,5,0.580669897225624,0.688364662655093,0.793355343735023,0.854370307258107,0.819500505884232
stat_r200,0,random,500,1,0.568911938382542,0.707131193838254,0.854531450577664,0.877428498074454,0.848618228498074
stat_r200,0,random,500,3,0.636631389472788,0.726232488937448,0.850786794261865,0.880619705633743,0.866063555706007
stat_r200,0,random,500,5,0.58951583515537,0.745044267209965,0.875331279401047,0.894911962499172,0.885532614457033
stat_r200,0,clustered,30,1,0.455533059380939,0.514809560345701,0.547056183679083,0.422640159325308,0.528928380130662
stat_r200,0,clustered,30,3,0.613078613340202,0.528848166064343,0.582319846105553,0.636751354222841,0.623500897449312
stat_r200,0,clustered,30,5,0.541720060577819,0.599775537544934,0.592198109439489,0.610703260218346,0.622143772467048
stat_r200,0,clustered,50,1,0.518101761252446,0.514797877653956,0.615497752376585,0.660259848193304,0.65656293754964
stat_r200,0,clustered,50,3,0.493444441928398,0.465015408494949,0.510474071115814,0.546374732126866,0.60496406743095
stat_r200,0,clustered,50,5,0.5503125,0.60296466503268,0.631035539215686,0.686612540849673,0.665819035947712
stat_r200,0,clustered,100,1,0.451012414939484,0.581646667705574,0.634990390109605,0.753071528751753,0.730301802503766
stat_r200,0,clustered,100,3,0.553550812879555,0.537207228934717,0.63007753194585,0.699610165738866,0.600469303517207
stat_r200,0,clustered,100,5,0.440448544251465,0.589812988538545,0.686026313651899,0.766511639531711,0.727722225809206
stat_r200,0,clustered,200,1,0.538087265878414,0.552753318147793,0.657721686077865,0.755090912017772,0.783002390515208
stat_r200,0,clustered,200,3,0.520294935231576,0.586111220515287,0.710569410730684,0.770860324495088,0.762557238537264
stat_r200,0,clustered,200,5,0.515658240552431,0.576585214907647,0.720113148931925,0.831325031401984,0.810529487328256
stat_r200,0,clustered,500,1,0.529832100189539,0.667686275891067,0.793636449690595,0.837282255277276,0.834816701485276
stat_r200,0,clustered,500,3,0.643118168068268,0.682954411497326,0.826449203694713,0.836700972429515,0.828175480870092
stat_r200,0,clustered,500,5,0.547763243234137,0.681934956747332,0.861329293048408,0.88771047245222,0.874228232578903
stat_r200,0,stratified,30,1,0.531203890143394,0.565355754102503,0.62592219713212,0.72982579135723,0.684723728081259
stat_r200,0,stratified,30,3,0.585069321009598,0.565727489716114,0.558405362856127,0.677745162764715,0.611903915494388
stat_r200,0,stratified,30,5,0.53053124155606,0.592059420776392,0.652204840783106,0.758831849929173,0.687135119422905
stat_r200,0,stratified,50,1,0.519259455127882,0.5651559588954,0.612145476858982,0.699705703656905,0.677937261186995
stat_r200,0,stratified,50,3,0.64579308467084,0.630110370591333,0.697795190781163,0.774661210532954,0.778181738101578
stat_r200,0,stratified,50,5,0.576104110720925,0.597137988019004,0.662332162776286,0.778943400123941,0.681822970460649
stat_r200,0,stratified,100,1,0.559113724013134,0.591688910905682,0.728487910324329,0.800441541321062,0.811907900662414
stat_r200,0,stratified,100,3,0.619588828005662,0.637062336461134,0.725549000098098,0.790720301742346,0.785136706980394
stat_r200,0,stratified,100,5,0.576062018155131,0.625403339908919,0.703004411546158,0.830336657770286,0.815067252158441
stat_r200,0,stratified,200,1,0.555430926177195,0.64413689130107,0.762327755163576,0.842450374390673,0.80218503442384
stat_r200,0,stratified,200,3,0.626899821902879,0.712486632492194,0.816054913619829,0.860816384117254,0.84460361633259
stat_r200,0,stratified,200,5,0.544505263157895,0.684410783055199,0.8248513478819,0.869684210526316,0.867160975609756
stat_r200,0,stratified,500,1,0.582693917410714,0.732100799304097,0.860835740546218,0.885962734703256,0.860333098082983
stat_r200,0,stratified,500,3,0.657011383304487,0.757770894354946,0.853375465983225,0.885178821062442,0.86555551857276
stat_r200,0,stratified,500,5,0.599273274751364,0.73254173913583,0.865209424679292,0.896394086102672,0.880960997975344
stat_r200,1,random,30,1,0.545281808754863,0.458473443503384,0.757602912293531,0.771900643158128,0.681780582978188
stat_r200,1,random,30,3,0.650975670431365,0.641651823473805,0.763683765361461,0.820495547042141,0.717554107169511
stat_r200,1,random,30,5,0.585116030610217,0.60488305837143,0.691282796660704,0.762933354866494,0.726495726495726
stat_r200,1,random,50,1,0.627132751558895,0.638530048144097,0.770879408218828,0.805292856629594,0.719454845946874
stat_r200,1,random,50,3,0.600578909096769,0.581423947177063,0.722885037999722,0.770168657128297,0.682465137546304
stat_r200,1,random,50,5,0.660531014934919,0.649446520118145,0.775236318926767,0.784649350185023,0.762032452016184
stat_r200,1,random,100,1,0.676544302837669,0.719640101563413,0.857391115455632,0.877169954771902,0.745084236563238
stat_r200,1,random,100,3,0.615094125445188,0.694545852581735,0.821093748416378,0.85034996787147,0.812383572084463
stat_r200,1,random,100,5,0.648879559978698,0.692888971175609,0.807172397150845,0.856059030089202,0.725848963187325
stat_r200,1,random,200,1,0.684756400933828,0.708077937198233,0.846375573822996,0.875100463086992,0.853121456095365
stat_r200,1,random,200,3,0.650519820860502,0.685981353316023,0.815484115083314,0.865660391712496,0.826660313634262
stat_r200,1,random,200,5,0.670844185874246,0.693301688291668,0.806369982722688,0.844178867224959,0.824199848247944
stat_r200,1,random,500,1,0.681078289609585,0.755634166494526,0.858870068167734,0.889137574881223,0.875255112580045
stat_r200,1,random,500,3,0.644407843330784,0.747167526175965,0.867522474728782,0.880312302086675,0.863479902287364
stat_r200,1,random,500,5,0.662379704463873,0.745998490487468,0.870580321482125,0.888626403656464,0.881325087737913
stat_r200,1,clustered,30,1,0.535196827078604,0.556715567095242,0.741959428020087,0.661688666152349,0.442719422460626
stat_r200,1,clustered,30,3,0.630706401364136,0.615359875722877,0.662286423978365,0.732402670825419,0.654018475703863
stat_r200,1,clustered,30,5,0.630882700600804,0.543722334086036,0.601987869795955,0.697624297907377,0.710540152768833
stat_r200,1,clustered,50,1,0.624489564428312,0.676964651811521,0.785513082274652,0.813739329165826,0.786411070780399
stat_r200,1,clustered,50,3,0.56718833121957,0.55904174732341,0.590524678434966,0.707579609975343,0.56208091363104
stat_r200,1,clustered,50,5,0.466993824612649,0.473641494157988,0.693823223583947,0.657509088455677,0.493332486664973
stat_r200,1,clustered,100,1,0.628192099521735,0.579240950478368,0.771183026996743,0.799829877376758,0.730746188087736
stat_r200,1,clustered,100,3,0.659395662993246,0.631886648722767,0.765162764714844,0.786220100553552,0.76046721852623
stat_r200,1,clustered,100,5,0.643137063298664,0.682794155668338,0.783168536535216,0.836543766324451,0.830839496672509
stat_r200,1,clustered,200,1,0.659648270481359,0.669077610643698,0.81669346255746,0.840365110309179,0.83865031053727
stat_r200,1,clustered,200,3,0.595508621023832,0.645200647163356,0.783795005090393,0.80769332781109,0.783749099745174
stat_r200,1,clustered,200,5,0.594346,0.641776,0.786687,0.828032,0.760498
stat_r200,1,clustered,500,1,0.69444107830552,0.742908344030809,0.850117586649551,0.869816688061617,0.861927599486521
stat_r200,1,clustered,500,3,0.573491571074718,0.734809497470922,0.86325942492525,0.891651436083656,0.871305581607869
stat_r200,1,clustered,500,5,0.645091736583158,0.727050138715436,0.851353418434485,0.894858099556614,0.86414478371288
stat_r200,1,stratified,30,1,0.643379482006898,0.633092625431119,0.777612944946964,0.824788914557168,0.747960320817336
stat_r200,1,stratified,30,3,0.568364249442543,0.592760413414416,0.756414026761956,0.816774465153661,0.741511246829999
stat_r200,1,stratified,30,5,0.645113482384824,0.635806837979094,0.679471746354368,0.744352093818557,0.581951098528842
stat_r200,1,stratified,50,1,0.685350482210149,0.662131558598683,0.732718677762839,0.772190133819182,0.62979787366441
stat_r200,1,stratified,50,3,0.580960568822195,0.619938837185068,0.712807317092722,0.744397750683372,0.695694955470585
stat_r200,1,stratified,50,5,0.64803139847139,0.60310266473869,0.759259450526751,0.811706259037389,0.807667837223714
stat_r200,1,stratified,100,1,0.694486998348997,0.724664441516383,0.831992554610109,0.865425371475743,0.776729584709169
stat_r200,1,stratified,100,3,0.640778683596662,0.660110501887791,0.778879991021972,0.834461598890572,0.739351618049042
stat_r200,1,stratified,100,5,0.650595035285909,0.699639285998462,0.808854222985724,0.849880340066797,0.836989099010689
stat_r200,1,stratified,200,1,0.685359261554361,0.734187627038931,0.842015546436451,0.862423524329911,0.858366352521805
stat_r200,1,stratified,200,3,0.651614467569206,0.732662153970499,0.825665791068903,0.856897353000606,0.83124873711861
stat_r200,1,stratified,200,5,0.640446253580582,0.710953314236896,0.817356651087994,0.866822453389618,0.854408764259511
stat_r200,1,stratified,500,1,0.67403567710028,0.763531430988482,0.880392033253075,0.904118809787206,0.876876992906878
stat_r200,1,stratified,500,3,0.668636045994537,0.785739316475774,0.88046523256505,0.898895631092831,0.880441665590783
stat_r200,1,stratified,500,5,0.657782167229842,0.740061617968595,0.872499875770225,0.894779450738753,0.86575937520705
stat_r200,2,random,30,1,0.660293144840606,0.589971644331468,0.733764242870203,0.74065619402264,0.726587991764592
stat_r200,2,random,30,3,0.678613915457779,0.632652652040994,0.76698282002173,0.83185027048393,0.768145719517807
stat_r200,2,random,30,5,0.668737252510454,0.685718721355915,0.783897399093801,0.837913288252695,0.785956519556531
stat_r200,2,random,50,1,0.678426204749592,0.708560445234953,0.8162933856994,0.809201016474211,0.772282569466166
stat_r200,2,random,50,3,0.650532326395285,0.616876036102413,0.73732179038497,0.822878062258243,0.600721127279425
stat_r200,2,random,50,5,0.641799217731421,0.649173030359471,0.680407897187558,0.779388154218663,0.645303594710374
stat_r200,2,random,100,1,0.650423413501607,0.629914089474938,0.807915190796523,0.831213165257769,0.808690022621741
stat_r200,2,random,100,3,0.627591217547067,0.603627332931969,0.772842479244245,0.85281624188909,0.750070610445886
stat_r200,2,random,100,5,0.715508635507284,0.682501557468719,0.859902873998904,0.865574499545895,0.860552132043324
stat_r200,2,random,200,1,0.68240127926916,0.694237691046049,0.847292841802396,0.857479787509959,0.839958875302977
stat_r200,2,random,200,3,0.651938402518235,0.688999143546464,0.85054512614497,0.879032935209943,0.855946007974907
stat_r200,2,random,200,5,0.692321067858438,0.685529489674359,0.853050152054399,0.875952652257878,0.862540603334098
stat_r200,2,random,500,1,0.676589292483332,0.748427988494214,0.874003091994262,0.892570852007938,0.87835120892516
stat_r200,2,random,500,3,0.687256472341218,0.712858074129261,0.880586701434159,0.896650214192587,0.872227602905569
stat_r200,2,random,500,5,0.693723544672523,0.753199217149879,0.894055800828365,0.904546902735424,0.886040690000455
stat_r200,2,clustered,30,1,0.562042122408816,0.60794309877949,0.69782361963476,0.701121363303446,0.493403580833391
stat_r200,2,clustered,30,3,0.56554060163974,0.600351157463226,0.696324149987943,0.765589206052568,0.464206052568122
stat_r200,2,clustered,30,5,0.627686164423662,0.621937603674876,0.636976559157541,0.638022690255125,0.629807511878045
stat_r200,2,clustered,50,1,0.590317275470269,0.612734149822131,0.740533211816397,0.733806649301746,0.599792971145353
stat_r200,2,clustered,50,3,0.608543009762387,0.600369312948978,0.739105728495119,0.733031865905323,0.658461963529195
stat_r200,2,clustered,50,5,0.56857962962963,0.619646296296296,0.686012037037037,0.752101851851852,0.723078703703704
stat_r200,2,clustered,100,1,0.630383000005476,0.617562182970436,0.773746529672781,0.699655385783568,0.772154879266381
stat_r200,2,clustered,100,3,0.534729016213471,0.554316248571706,0.661849986183822,0.697040164001762,0.631787664020433
stat_r200,2,clustered,100,5,0.676584435842625,0.683460403780245,0.809550876944495,0.816844304380157,0.714454907851407
stat_r200,2,clustered,200,1,0.594207407407407,0.650827777777778,0.772911111111111,0.79462962962963,0.779135185185185
stat_r200,2,clustered,200,3,0.698369835295794,0.708803789528165,0.861614149972152,0.849365880369576,0.84846950543732
stat_r200,2,clustered,200,5,0.663138225916878,0.685496438214353,0.835282327265786,0.853674026405487,0.816299597475088
stat_r200,2,clustered,500,1,0.651250707413696,0.682229767968308,0.869939634031315,0.888080550839464,0.870071684587814
stat_r200,2,clustered,500,3,0.653705142857143,0.679498057142857,0.861995885714286,0.883122285714286,0.8453888
stat_r200,2,clustered,500,5,0.675967414938003,0.697081411235823,0.854691264617735,0.890873832050303,0.869461420932009
stat_r200,2,stratified,30,1,0.628237259816207,0.58296783625731,0.751812567132116,0.795254505310896,0.758109932569519
stat_r200,2,stratified,30,3,0.668327232844854,0.647697262236686,0.818824930767793,0.852893594770255,0.751801358782344
stat_r200,2,stratified,30,5,0.674898955628983,0.669195849067737,0.797740699492566,0.851179895857918,0.730613494217607
stat_r200,2,stratified,50,1,0.657459259259259,0.677152777777778,0.76655462962963,0.765050925925926,0.673752777777778
stat_r200,2,stratified,50,3,0.650404635258359,0.616921542553192,0.812530395136778,0.845963145896657,0.828843085106383
stat_r200,2,stratified,50,5,0.582727388697538,0.638333786289659,0.783678227221381,0.817615748829247,0.689370871395531
stat_r200,2,stratified,100,1,0.677908545727136,0.660869565217391,0.820963268365817,0.856118815592204,0.695953898050975
stat_r200,2,stratified,100,3,0.683991495221737,0.64815263201701,0.819217658764689,0.841996693426956,0.837724442157671
stat_r200,2,stratified,100,5,0.685894444444444,0.663602777777778,0.84217037037037,0.855190740740741,0.848875925925926
stat_r200,2,stratified,200,1,0.670068404025003,0.68343188044411,0.844457358737145,0.863213543358538,0.838434687581562
stat_r200,2,stratified,200,3,0.675702320121011,0.715978958617109,0.888386037130967,0.90255002596308,0.875095009820817
stat_r200,2,stratified,200,5,0.678800325767501,0.7103492682345,0.87007039038054,0.890771908703099,0.878336647539319
stat_r200,2,stratified,500,1,0.686271278179717,0.736757382397615,0.870335375389323,0.888947052004068,0.864514485737135
stat_r200,2,stratified,500,3,0.686100623738075,0.728382146529659,0.885544813816812,0.899707458586344,0.872927440722365
stat_r200,2,stratified,500,5,0.69658282893577,0.748198492683787,0.898942050596462,0.907447332079685,0.888627916201446
stat_r200,3,random,30,1,0.523903659401473,0.502927111662097,0.567492028390656,0.702216414534855,0.696281218646399
stat_r200,3,random,30,3,0.603380374138497,0.644139107471321,0.697272765434549,0.787792605765488,0.714828157318293
stat_r200,3,random,30,5,0.59964501121416,0.567848510335212,0.586012797781415,0.740986997635934,0.510539795114263
stat_r200,3,random,50,1,0.610894170911149,0.631910960196189,0.722866440294284,0.806754385964912,0.765990379173741
stat_r200,3,random,50,3,0.561615940276854,0.556302136855468,0.640719450825122,0.819281569243789,0.588806443813093
stat_r200,3,random,50,5,0.519934443775503,0.572388714220944,0.641520986167785,0.839692918887179,0.712693528366818
stat_r200,3,random,100,1,0.576853421141833,0.574827369134667,0.73139896373057,0.834836085419592,0.832730618371992
stat_r200,3,random,100,3,0.612783600350893,0.564986379795928,0.727208089016113,0.867910799205873,0.802439632485341
stat_r200,3,random,100,5,0.428801502400811,0.602691489699987,0.785278454801716,0.872728020934848,0.816324392876316
stat_r200,3,random,200,1,0.602403320128278,0.605952650443313,0.820478211658178,0.887600452744765,0.880833804942464
stat_r200,3,random,200,3,0.614765324112257,0.658649298961116,0.846434462511634,0.892856061924471,0.888802294171503
stat_r200,3,random,200,5,0.584881067521006,0.687369657861331,0.829967735598138,0.887936929517016,0.861389636099861
stat_r200,3,random,500,1,0.61640116306783,0.681903808570475,0.880350827017494,0.905141331807998,0.887577100910434
stat_r200,3,random,500,3,0.619027550966654,0.726885333493878,0.876695125713985,0.908395481671571,0.882957307666258
stat_r200,3,random,500,5,0.623353231492362,0.72540258519389,0.91107027027027,0.921332079905993,0.90096357226792
stat_r200,3,clustered,30,1,0.390094802952732,0.447192374092154,0.565232840219074,0.537671895463746,0.527496763007501
stat_r200,3,clustered,30,3,0.417558031984724,0.442896676214345,0.446907820145602,0.549141641305645,0.592229271094403
stat_r200,3,clustered,30,5,0.553405913409584,0.530131719166422,0.460881299174625,0.574535667932105,0.45201792714149
stat_r200,3,clustered,50,1,0.509319426913963,0.485857118033344,0.590753898768549,0.743946334766112,0.601273460876738
stat_r200,3,clustered,50,3,0.459318978410747,0.465234270592629,0.607323550653895,0.607576616350508,0.802680790323223
stat_r200,3,clustered,50,5,0.52762536684956,0.565871544483558,0.578992749326348,0.694192893439116,0.674299514369994
stat_r200,3,clustered,100,1,0.592067534427467,0.519823618185248,0.637551405395208,0.697252405206565,0.72407753254103
stat_r200,3,clustered,100,3,0.514191583053887,0.564459718954905,0.709128942185388,0.816133080330824,0.695614096612332
stat_r200,3,clustered,100,5,0.539880059970015,0.568441716641679,0.716638868065967,0.752597451274363,0.735051536731634
stat_r200,3,clustered,200,1,0.501827956989247,0.587426900584795,0.80371722316544,0.85212507074137,0.850743255989436
stat_r200,3,clustered,200,3,0.544060393477149,0.605721028706182,0.769879643156419,0.836302086036975,0.827249367811404
stat_r200,3,clustered,200,5,0.526266482379376,0.570956458431883,0.724708232320246,0.8365371112228,0.833635140728477
stat_r200,3,clustered,500,1,0.602862919286668,0.677620488580225,0.872063412359671,0.911316705018887,0.88553608475117
stat_r200,3,clustered,500,3,0.616687877823735,0.671514402622291,0.881668565805148,0.910409991934828,0.89728743830883
stat_r200,3,clustered,500,5,0.613076456479518,0.681119699642546,0.879897828010484,0.915415950182808,0.900656846432235
stat_r200,3,stratified,30,1,0.617215142428786,0.554742316341829,0.614007683658171,0.791031671664168,0.728234632683658
stat_r200,3,stratified,30,3,0.582215520049099,0.596772978946516,0.692089741345066,0.820989850726037,0.715086102215671
stat_r200,3,stratified,30,5,0.525717244990098,0.525895560327493,0.587376412295412,0.723890081873298,0.587284409169202
stat_r200,3,stratified,50,1,0.59703574412221,0.59719238572622,0.769321928332737,0.824430868838764,0.802989616899391
stat_r200,3,stratified,50,3,0.523803069068153,0.518359436038489,0.721230074684047,0.81961835265856,0.663213917928501
stat_r200,3,stratified,50,5,0.602619214422493,0.59040960254075,0.701136798841717,0.816428004296857,0.765526131427771
stat_r200,3,stratified,100,1,0.59641536893358,0.580568140310079,0.760079862459098,0.853161891684627,0.838064329822776
stat_r200,3,stratified,100,3,0.619480866007005,0.63817263789555,0.819714664760949,0.881834601842401,0.861808702986019
stat_r200,3,stratified,100,5,0.611539502164502,0.639280641233766,0.779960129569505,0.883143187830688,0.84371617965368
stat_r200,3,stratified,200,1,0.60842710509175,0.659182707065262,0.819668111612724,0.868645606390704,0.851421362741355
stat_r200,3,stratified,200,3,0.620398757303818,0.664747523821756,0.835059817318449,0.869608111403357,0.869464780657423
stat_r200,3,stratified,200,5,0.609417502871305,0.694030330048963,0.844464992746177,0.894156516351327,0.877402828991114
stat_r200,3,stratified,500,1,0.611291460567894,0.710696432458399,0.88389070697821,0.912012399702767,0.887933558009142
stat_r200,3,stratified,500,3,0.614910210212432,0.721432456030011,0.874566219505879,0.895765044506434,0.874545871593575
stat_r200,3,stratified,500,5,0.61203872863908,0.756078202498389,0.897556932354154,0.913045916592366,0.882605000960041
stat_r200,4,random,30,1,0.408016107131151,0.475889180006148,0.527421006451403,0.587038971032815,0.576409119502617
stat_r200,4,random,30,3,0.509136153572698,0.530953227362755,0.59465237925956,0.706835610177238,0.586712711390991
stat_r200,4,random,30,5,0.484548974340476,0.535565415354031,0.613604117067071,0.714416548429246,0.603871574120835
stat_r200,4,random,50,1,0.599069550309479,0.589001416601605,0.718994736037218,0.726952052864996,0.669899630556741
stat_r200,4,random,50,3,0.452172058300747,0.512447310954243,0.653114620892794,0.743114113046569,0.657880249860342
stat_r200,4,random,50,5,0.604603552260278,0.596518030784616,0.648210651862508,0.755706794051286,0.605907933053399
stat_r200,4,random,100,1,0.595920386109934,0.601066018555493,0.734219013198035,0.769497558434398,0.758405614080607
stat_r200,4,random,100,3,0.507994878423234,0.563209602349614,0.735332609192543,0.832999581292895,0.768908064460667
stat_r200,4,random,100,5,0.620932012570466,0.622535718914015,0.724278939609927,0.791495901639344,0.709998461089872
stat_r200,4,random,200,1,0.635768326932997,0.603606637244225,0.756668154164858,0.820514578846957,0.784144224549452
stat_r200,4,random,200,3,0.603754819881144,0.619254864717247,0.763973579306915,0.835822416421427,0.788960536076759
stat_r200,4,random,200,5,0.608004493464052,0.621192810457516,0.748009599673203,0.815342116013072,0.75844362745098
stat_r200,4,random,500,1,0.61269908129694,0.667650528872795,0.832812605432064,0.877428899171675,0.80570033472444
stat_r200,4,random,500,3,0.628955430913646,0.675055349477538,0.825055037062802,0.887646288200512,0.847243773053604
stat_r200,4,random,500,5,0.616416344527785,0.66342020217015,0.811914357531029,0.860750745750676,0.81962763620607
stat_r200,4,clustered,30,1,0.537316965187426,0.54851174870802,0.608276427707242,0.475497766959985,0.588108679374626
stat_r200,4,clustered,30,3,0.478044170170348,0.531504180634861,0.589389894093341,0.69334324635655,0.472412773323351
stat_r200,4,clustered,30,5,0.462948466662217,0.464292577152347,0.398259230266658,0.409407559787127,0.45276801805902
stat_r200,4,clustered,50,1,0.528298207302829,0.525658422629628,0.532177136762988,0.560031486465898,0.47169062008024
stat_r200,4,clustered,50,3,0.449915113875927,0.507159869903464,0.399139944984671,0.590324432900576,0.474967403313772
stat_r200,4,clustered,50,5,0.417834402835773,0.43134396194619,0.575798391180548,0.651000116220187,0.530187156008999
stat_r200,4,clustered,100,1,0.559384503272279,0.56720533975043,0.676829182841207,0.738923401248051,0.766186719092531
stat_r200,4,clustered,100,3,0.57256679591973,0.530103422677743,0.642881271251408,0.66959559366397,0.687626294806211
stat_r200,4,clustered,100,5,0.400148406245967,0.487659698025552,0.587758299457995,0.652540852045425,0.63563443670151
stat_r200,4,clustered,200,1,0.629961442737421,0.628938326907123,0.687756164941917,0.734511734953301,0.596611366261057
stat_r200,4,clustered,200,3,0.509417221549952,0.580436380904378,0.713729169747423,0.774725022962483,0.669486036102647
stat_r200,4,clustered,200,5,0.517781972134802,0.594268397710901,0.728949179417423,0.763772627393534,0.682572580710072
stat_r200,4,clustered,500,1,0.631724816075525,0.692707848039031,0.847513674147881,0.879988660220967,0.812110566810529
stat_r200,4,clustered,500,3,0.623129602107681,0.634212659596028,0.820311972235358,0.864928139566304,0.804235205701547
stat_r200,4,clustered,500,5,0.592154180695847,0.610907493141289,0.777422177017084,0.831604041962838,0.796348905723906
stat_r200,4,stratified,30,1,0.574869839859847,0.562906621922833,0.639982809814033,0.67416372624012,0.599667094365073
stat_r200,4,stratified,30,3,0.602992694048729,0.606411637931034,0.632503578085475,0.701149772001065,0.615821794701105
stat_r200,4,stratified,30,5,0.576723871761894,0.580577190073181,0.701709814153303,0.726203791362596,0.597612966942639
stat_r200,4,stratified,50,1,0.585837320574163,0.622062148377938,0.705612282454388,0.731173037488827,0.657255376202745
stat_r200,4,stratified,50,3,0.632501009796597,0.619339122136206,0.718268842385924,0.797553048330016,0.736572844528995
stat_r200,4,stratified,50,5,0.58537413940399,0.550162319714559,0.684784160008041,0.760053269008493,0.672926277702397
stat_r200,4,stratified,100,1,0.635033434500456,0.652690387478307,0.745155493045788,0.756217048716494,0.718839703572104
stat_r200,4,stratified,100,3,0.60698898700105,0.584792706144958,0.744958188353466,0.803293436515231,0.794419232536765
stat_r200,4,stratified,100,5,0.604032774267135,0.633947568351177,0.740213682797897,0.806524942621104,0.780119683104981
stat_r200,4,stratified,200,1,0.636396034471587,0.619851738158492,0.779118811961381,0.841900270524201,0.7967605941813
stat_r200,4,stratified,200,3,0.614748513188313,0.627927562575782,0.780924550868619,0.83106649017747,0.790215965959269
stat_r200,4,stratified,200,5,0.614696365152847,0.654333966567685,0.78747610001414,0.830317785278224,0.787704597199424
stat_r200,4,stratified,500,1,0.641586212882429,0.711027433344301,0.836428356603198,0.874523383237219,0.819742480607324
stat_r200,4,stratified,500,3,0.61709977277422,0.712131790952283,0.831610204503202,0.867780417269159,0.823866969634373
stat_r200,4,stratified,500,5,0.630480254350736,0.651598457321349,0.817612712755785,0.860090162236247,0.80337221903487
stat_r200,5,random,30,1,0.541033680739563,0.589993486133192,0.778027107990343,0.83529945386563,0.632572830183124
stat_r200,5,random,30,3,0.603780410765705,0.565877137568314,0.696353279073867,0.748463852324146,0.66874210348475
stat_r200,5,random,30,5,0.661284420372309,0.623642983933367,0.737278230394611,0.815865459014155,0.76633653452278
stat_r200,5,random,50,1,0.527136977657157,0.599030376810947,0.793816860535461,0.809671660905515,0.777835482363803
stat_r200,5,random,50,3,0.596292111656466,0.667193566227807,0.83281556020801,0.82217778662028,0.725486849718632
stat_r200,5,random,50,5,0.685008356294322,0.62348344550341,0.847463751750305,0.863387686887393,0.802272008672478
stat_r200,5,random,100,1,0.594689236885502,0.712310220822174,0.840962133929546,0.850499445677301,0.745503878408067
stat_r200,5,random,100,3,0.55255610290093,0.657302499543879,0.859521072796935,0.876563583287721,0.822584382411969
stat_r200,5,random,100,5,0.672318798332063,0.711506810622507,0.850004254941617,0.885451539836212,0.849717272709167
stat_r200,5,random,200,1,0.5840596095305,0.719380232115677,0.875441802774851,0.882154826718183,0.871944883503103
stat_r200,5,random,200,3,0.615598151308513,0.717800796900292,0.864018816515173,0.883521998989226,0.869613781687407
stat_r200,5,random,200,5,0.692189007103232,0.741271956234866,0.880468582702962,0.903042987274215,0.887230471602629
stat_r200,5,random,500,1,0.591092592592593,0.754768518518519,0.883487962962963,0.897928703703704,0.886425925925926
stat_r200,5,random,500,3,0.633279618503179,0.762268126932276,0.887332839934667,0.893122375021875,0.888941550487079
stat_r200,5,random,500,5,0.678853500626986,0.755761062609175,0.898054061355203,0.913187517226148,0.901199031137574
stat_r200,5,clustered,30,1,0.538161503301168,0.518381273373655,0.735770811210121,0.749392862089662,0.587786139710975
stat_r200,5,clustered,30,3,0.551461240539262,0.620278870033113,0.80584052743614,0.647867453583254,0.5500874009579
stat_r200,5,clustered,30,5,0.512985298802968,0.578897637795276,0.739426516772109,0.798762004460425,0.667065677483956
stat_r200,5,clustered,50,1,0.468856944772244,0.539514249468964,0.746342673176776,0.797100874734482,0.647874196070333
stat_r200,5,clustered,50,3,0.513517645003494,0.525410188096902,0.696400754134638,0.654486591544375,0.47867076490799
stat_r200,5,clustered,50,5,0.443233509019729,0.448125798054076,0.726682165174523,0.7122480347489,0.6047056107896
stat_r200,5,clustered,100,1,0.448703260268926,0.566511328053048,0.781064652790569,0.785414440965187,0.745342604531221
stat_r200,5,clustered,100,3,0.614845198360025,0.651486894743722,0.808693819164585,0.822270374959268,0.752485828796769
stat_r200,5,clustered,100,5,0.577422984156066,0.548611451909288,0.769133318429093,0.789285850604985,0.698231848180319
stat_r200,5,clustered,200,1,0.499780657879522,0.662594918237701,0.816984238570807,0.846074143143218,0.799594721839317
stat_r200,5,clustered,200,3,0.624489147755171,0.675864592897078,0.813591635804103,0.829098362899943,0.826785724064038
stat_r200,5,clustered,200,5,0.541372705273393,0.574817591624568,0.800473932783062,0.809060651698701,0.77833178584745
stat_r200,5,clustered,500,1,0.536427329716062,0.731747766798865,0.883404136031487,0.896631196333562,0.879504970612804
stat_r200,5,clustered,500,3,0.572889225500527,0.750128973480857,0.863530507259103,0.849536427233345,0.876223876009835
stat_r200,5,clustered,500,5,0.660239051945027,0.744463188621011,0.891925263510366,0.900617647915211,0.890279233636152
stat_r200,5,stratified,30,1,0.540994151059804,0.672218377936425,0.805192223666173,0.816094055609001,0.732172359022539
stat_r200,5,stratified,30,3,0.629283818468179,0.638679052674561,0.725578588928426,0.820170769410255,0.614049830834743
stat_r200,5,stratified,30,5,0.626316080309449,0.645452201142015,0.732871615398784,0.819205194326764,0.727953582611899
stat_r200,5,stratified,50,1,0.585739546877878,0.624016393442623,0.828837723337631,0.853617609136121,0.752857800699945
stat_r200,5,stratified,50,3,0.591953120434757,0.607399162917081,0.762176415590487,0.814064052182551,0.693626555834746
stat_r200,5,stratified,50,5,0.667350745252162,0.624808624475363,0.815995270777071,0.857950779032325,0.76712844998084
stat_r200,5,stratified,100,1,0.56567339281697,0.69767835329859,0.844482951598119,0.84818564992907,0.832459175496559
stat_r200,5,stratified,100,3,0.645265462506842,0.700187009669768,0.859035759897829,0.885149607735815,0.874163473818646
stat_r200,5,stratified,100,5,0.684972681587098,0.692524506223339,0.84941546631216,0.880431725880909,0.870874846607842
stat_r200,5,stratified,200,1,0.58222078581652,0.717649937670253,0.888457454176093,0.893258229835172,0.867197931575788
stat_r200,5,stratified,200,3,0.619205749401558,0.733605790115581,0.864356872944987,0.892667659070957,0.87458445342334
stat_r200,5,stratified,200,5,0.674733354880414,0.720577216900746,0.885037756361286,0.905576041605453,0.88540503614033
stat_r200,5,stratified,500,1,0.595857548759752,0.777814148979351,0.900547313841279,0.909208751784007,0.893810639885824
stat_r200,5,stratified,500,3,0.648465909090909,0.800537939882698,0.908647360703812,0.907077529325513,0.907441348973607
stat_r200,5,stratified,500,5,0.658594047424186,0.749854247780612,0.900962976177558,0.907274920870798,0.901887146401438
nonstat_r30,0,random,30,1,0.489885442755427,0.56339426911116,0.599489448475723,0.595306103918705,0.623326851340411
nonstat_r30,0,random,30,3,0.583322630063345,0.615978772158096,0.728691650890977,0.75009167583425,0.667617861616957
nonstat_r30,0,random,30,5,0.570827297360184,0.610969646248189,0.685673727191527,0.705766011904315,0.671496070675303
nonstat_r30,0,random,50,1,0.651128596778317,0.617073839729368,0.751738563359835,0.787217944101013,0.686371006715417
nonstat_r30,0,random,50,3,0.571831481481481,0.585542592592593,0.746419444444444,0.802956481481481,0.759685185185185
nonstat_r30,0,random,50,5,0.540369482754673,0.569881927324627,0.651990902221781,0.725910350249197,0.597364162996772
nonstat_r30,0,random,100,1,0.617688341126932,0.636179998348708,0.731883636445519,0.754991405775019,0.673714056249015
nonstat_r30,0,random,100,3,0.644147886012293,0.642453902030173,0.721085863289253,0.758671074688024,0.728940212330043
nonstat_r30,0,random,100,5,0.566320936269245,0.627610693400167,0.717900592254446,0.754679667919799,0.647834243346461
nonstat_r30,0,random,200,1,0.623032104041804,0.661863210478379,0.794441940229015,0.81743620279322,0.77636057734223
nonstat_r30,0,random,200,3,0.61677962962963,0.684991666666667,0.812540740740741,0.865036111111111,0.803012962962963
nonstat_r30,0,random,200,5,0.639040321109287,0.671608283160007,0.782343550446999,0.844604999087758,0.740421455938697
nonstat_r30,0,random,500,1,0.647803242334896,0.721304415384114,0.848146236938677,0.877387102405374,0.811391334206806
nonstat_r30,0,random,500,3,0.649538815144233,0.720899871976282,0.855758072606668,0.885790303139201,0.8355250844133
nonstat_r30,0,random,500,5,0.658214691631274,0.719448203924149,0.850995618232937,0.873623220374469,0.818300607166358
nonstat_r30,0,clustered,30,1,0.616744444444444,0.546666666666667,0.613785185185185,0.641140740740741,0.619358333333333
nonstat_r30,0,clustered,30,3,0.546979896931148,0.591375644180324,0.692824179395515,0.542953711871489,0.594995125121872
nonstat_r30,0,clustered,30,5,0.460290177063552,0.55726699892666,0.660621936665441,0.710959138025505,0.477825773667895
nonstat_r30,0,clustered,50,1,0.618438852813853,0.566120655964406,0.643400147306397,0.687227558321308,0.640822285353535
nonstat_r30,0,clustered,50,3,0.473646440558205,0.581214486545369,0.643370392451275,0.648530883825001,0.490456449096155
nonstat_r30,0,clustered,50,5,0.613507712869426,0.646388158274372,0.733465309305888,0.717245667037093,0.584424601512605
nonstat_r30,0,clustered,100,1,0.586723832436864,0.607598572838946,0.675920468679988,0.711352214646807,0.634328094583816
nonstat_r30,0,clustered,100,3,0.610897686032474,0.62417217633125,0.723619103101717,0.712690456693029,0.647558252222644
nonstat_r30,0,clustered,100,5,0.584849570529604,0.587413531762436,0.643122502411465,0.665184878967434,0.668768545312572
nonstat_r30,0,clustered,200,1,0.606606300697981,0.617691001697793,0.76356913789851,0.798697415581966,0.740569703829466
nonstat_r30,0,clustered,200,3,0.585405088933823,0.625832614742308,0.763741299748789,0.795989981500568,0.691255885120209
nonstat_r30,0,clustered,200,5,0.626035417392787,0.656430525995743,0.736561820999785,0.762532536392558,0.701275129960178
nonstat_r30,0,clustered,500,1,0.628897507303822,0.704826881861274,0.823238967384805,0.860548731061793,0.817781270703654
nonstat_r30,0,clustered,500,3,0.633936602675783,0.692443469833785,0.851203332728782,0.854366237434942,0.802097244892912
nonstat_r30,0,clustered,500,5,0.642163517340638,0.674219787362459,0.816791865917638,0.865447792376619,0.763840475416686
nonstat_r30,0,stratified,30,1,0.562190352020861,0.610880052151239,0.716084932017135,0.712171726578506,0.69568821009499
nonstat_r30,0,stratified,30,3,0.611829446989845,0.635320009629766,0.707948916746125,0.721002178071052,0.688382294121104
nonstat_r30,0,stratified,30,5,0.582708874203446,0.546432469907954,0.603341839745103,0.665961691645032,0.651520459641256
nonstat_r30,0,stratified,50,1,0.632837614596976,0.659213522443148,0.762256853494464,0.765713366174545,0.707712599714252
nonstat_r30,0,stratified,50,3,0.643789648644905,0.641642735121658,0.741084075903781,0.758645366822106,0.636285147052034
nonstat_r30,0,stratified,50,5,0.522893350398857,0.54964411685915,0.679600063995714,0.694572084474342,0.54328733331349
nonstat_r30,0,stratified,100,1,0.620252856750048,0.658539573633913,0.738320947380432,0.755899149100935,0.740824636979037
nonstat_r30,0,stratified,100,3,0.632968895511268,0.667388712981933,0.769099459862172,0.804744831439747,0.779143229651704
nonstat_r30,0,stratified,100,5,0.631839968295747,0.634254239696118,0.755203348387869,0.804322508524257,0.72965581444039
nonstat_r30,0,stratified,200,1,0.614256992292312,0.703693483770746,0.822440742970544,0.824012754476331,0.784379854468155
nonstat_r30,0,stratified,200,3,0.629748844295412,0.696781577434074,0.818531041590429,0.844699628830255,0.784646865968141
nonstat_r30,0,stratified,200,5,0.633878164100363,0.704694448349599,0.799668329029442,0.832509859488416,0.716155872407491
nonstat_r30,0,stratified,500,1,0.643583839464583,0.74403818851464,0.854269740053983,0.889962047170747,0.82155062278928
nonstat_r30,0,stratified,500,3,0.629824804091643,0.723783237123886,0.850178710294909,0.878241460788419,0.823291783812885
nonstat_r30,0,stratified,500,5,0.65264635813026,0.734413857999567,0.848164875542378,0.887610062658233,0.792899231521796
nonstat_r30,1,random,30,1,0.594616110167893,0.545088662516506,0.557555178268251,0.682574985851726,0.57330220713073
nonstat_r30,1,random,30,3,0.685578451635267,0.661189685023081,0.681339560437512,0.717460057139769,0.659628871051607
nonstat_r30,1,random,30,5,0.535624194933448,0.509617670060725,0.551267404772128,0.660173741029258,0.544236490216525
nonstat_r30,1,random,50,1,0.634789870360179,0.613669892374488,0.675339578364826,0.771582431358161,0.686736569742555
nonstat_r30,1,random,50,3,0.666108319374651,0.613518867872029,0.652321222205527,0.672575687592633,0.486518973605569
nonstat_r30,1,random,50,5,0.679360239312747,0.674278505606001,0.697046561517601,0.731581726960655,0.610941388037061
nonstat_r30,1,random,100,1,0.650916731470958,0.637644314171203,0.729860508763534,0.810911983310403,0.710479040796794
nonstat_r30,1,random,100,3,0.65109574531567,0.651369868122688,0.713047499701635,0.811778329752954,0.725856680391455
nonstat_r30,1,random,100,5,0.691155319345311,0.708246485047994,0.766561423209451,0.794846403519567,0.778540718065469
nonstat_r30,1,random,200,1,0.650563650101892,0.674107585806855,0.784139565413178,0.836351615389899,0.821097381335816
nonstat_r30,1,random,200,3,0.669539806813163,0.657292775155196,0.756224153386547,0.835430570335403,0.795743031315053
nonstat_r30,1,random,200,5,0.695503394364082,0.715048315745249,0.779971826112745,0.818806925225134,0.73945617933953
nonstat_r30,1,random,500,1,0.65149904520024,0.719767706890839,0.822623678650984,0.856598078142268,0.821727296930276
nonstat_r30,1,random,500,3,0.663182937110733,0.713065487981884,0.813148857147685,0.861659759919335,0.802127791411849
nonstat_r30,1,random,500,5,0.690450989058708,0.767005141089167,0.840207504594412,0.851117779793891,0.827934414280286
nonstat_r30,1,clustered,30,1,0.602475936262952,0.636408684276597,0.593856597305465,0.553465008239907,0.589183541328843
nonstat_r30,1,clustered,30,3,0.558360281103203,0.566097340572512,0.574774460235547,0.593711958835259,0.567162493185264
nonstat_r30,1,clustered,30,5,0.576059346327489,0.644926817986586,0.674872069949994,0.673255088535563,0.595981062659973
nonstat_r30,1,clustered,50,1,0.514454924159072,0.539457010827914,0.607042317644113,0.651889573484889,0.661957750646867
nonstat_r30,1,clustered,50,3,0.607519091078413,0.567484634010058,0.541937046004843,0.58498789346247,0.478333022909294
nonstat_r30,1,clustered,50,5,0.52295364677469,0.617330368347527,0.65632571960758,0.762231553026417,0.578402104166502
nonstat_r30,1,clustered,100,1,0.527411390692641,0.500372963263588,0.601326697029822,0.654599379208754,0.640134604978355
nonstat_r30,1,clustered,100,3,0.623812488209772,0.594576495000943,0.655717789096397,0.744263346538389,0.65794095453688
nonstat_r30,1,clustered,100,5,0.660123656767368,0.558571540584319,0.600161790326621,0.688770680379959,0.658935090715415
nonstat_r30,1,clustered,200,1,0.618225986822221,0.655564287009611,0.73249259505531,0.770103858127305,0.728376428096476
nonstat_r30,1,clustered,200,3,0.66421237453228,0.662832415216488,0.720435276474431,0.797065243214349,0.76074270950882
nonstat_r30,1,clustered,200,5,0.643020836798957,0.649659178309532,0.749065993960518,0.819042567973525,0.79135410815878
nonstat_r30,1,clustered,500,1,0.639509231473081,0.699933507029257,0.812966710866076,0.860139887252735,0.819920363520754
nonstat_r30,1,clustered,500,3,0.676724518636283,0.678414627863157,0.817175631513867,0.843646035741624,0.810047179532474
nonstat_r30,1,clustered,500,5,0.699382508447003,0.728254833562758,0.812676956889,0.865257594481291,0.789902311975973
nonstat_r30,1,stratified,30,1,0.525531736023539,0.53681565550418,0.552416981925179,0.612924197842231,0.63662696744664
nonstat_r30,1,stratified,30,3,0.621993746993747,0.583226235569986,0.594843524531025,0.684052203583454,0.532138723544973
nonstat_r30,1,stratified,30,5,0.626424207874647,0.67261900176413,0.697517121309,0.766302798727361,0.644205139859332
nonstat_r30,1,stratified,50,1,0.619118541033435,0.642124810030395,0.683377659574468,0.711325987841945,0.652454407294833
nonstat_r30,1,stratified,50,3,0.612875205640423,0.628508578143361,0.679603290246768,0.733954406580493,0.674882256169213
nonstat_r30,1,stratified,50,5,0.676497430232,0.678827032998703,0.726082905038667,0.773017916326433,0.656307219366924
nonstat_r30,1,stratified,100,1,0.632133262091646,0.639189387497084,0.732324410562834,0.796027084383772,0.723433937131719
nonstat_r30,1,stratified,100,3,0.67937415850318,0.652339477227355,0.703638051905845,0.775961743813548,0.735816890292028
nonstat_r30,1,stratified,100,5,0.703003861063254,0.72720088296825,0.777576413672163,0.823141959451144,0.77570645151366
nonstat_r30,1,stratified,200,1,0.656655964817107,0.674865197237726,0.780111741981818,0.817832383166113,0.789570619658326
nonstat_r30,1,stratified,200,3,0.693983551350314,0.679522493425945,0.788411398880687,0.862322230277368,0.827132630982577
nonstat_r30,1,stratified,200,5,0.71199766582377,0.730765415288854,0.799753938922389,0.841387862283602,0.814685858782338
nonstat_r30,1,stratified,500,1,0.683132267708006,0.735097403911576,0.832765376749888,0.848848056836777,0.838978526229764
nonstat_r30,1,stratified,500,3,0.688427991962734,0.7161774444804,0.817143722578849,0.870114049412632,0.834240786869455
nonstat_r30,1,stratified,500,5,0.716047453703704,0.753447145061728,0.833911072530864,0.874610339506173,0.830871913580247
nonstat_r30,2,random,30,1,0.59250519875925,0.637668461269499,0.660112583553314,0.637684819214042,0.598179360772422
nonstat_r30,2,random,30,3,0.598849277084571,0.626277480689245,0.667330164388988,0.708551198257081,0.58519706872648
nonstat_r30,2,random,30,5,0.651708439436989,0.659104307740176,0.721839202810143,0.69582777227358,0.612570519696387
nonstat_r30,2,random,50,1,0.604563672111313,0.607149458896283,0.741440226524165,0.750363396518115,0.671623983329972
nonstat_r30,2,random,50,3,0.668203637080479,0.638109506677838,0.680396234783894,0.731756936572865,0.649332216253511
nonstat_r30,2,random,50,5,0.647925824175824,0.634543759811617,0.704634026687598,0.75032967032967,0.605742739403454
nonstat_r30,2,random,100,1,0.646474147291022,0.67969815502833,0.785918467914914,0.781549874350538,0.72687753420344
nonstat_r30,2,random,100,3,0.687510438122808,0.69502489243763,0.759703477783698,0.801392346171893,0.778109367668461
nonstat_r30,2,random,100,5,0.66362932810694,0.637038042112669,0.727341072415699,0.756940549776371,0.733946429468817
nonstat_r30,2,random,200,1,0.621460375816993,0.654254493464052,0.779357638888889,0.812684844771242,0.722792075163399
nonstat_r30,2,random,200,3,0.680715833463847,0.680796123857349,0.786359157763685,0.826255553418884,0.777898929263172
nonstat_r30,2,random,200,5,0.701313633850947,0.700455299261269,0.798197899391929,0.831991557364692,0.770947283783105
nonstat_r30,2,random,500,1,0.652599905104915,0.741771254797307,0.844462151075377,0.858922640485767,0.783923491338321
nonstat_r30,2,random,500,3,0.689311737998476,0.734457351727204,0.824567008509017,0.860111204597409,0.818119761239522
nonstat_r30,2,random,500,5,0.709457153289307,0.754804181483363,0.852550720726441,0.866650725488951,0.829460487045974
nonstat_r30,2,clustered,30,1,0.601520959950132,0.593123474105241,0.610657108721625,0.595107786608488,0.515015323879279
nonstat_r30,2,clustered,30,3,0.683804642452319,0.646719235128875,0.631258193287665,0.658794539450988,0.516227884283673
nonstat_r30,2,clustered,30,5,0.465467026837509,0.536210317460317,0.514325157773953,0.565639542296169,0.499362529483011
nonstat_r30,2,clustered,50,1,0.557610294117647,0.631926062091503,0.612447916666667,0.569696691176471,0.592206903594771
nonstat_r30,2,clustered,50,3,0.608682196052621,0.631102649084456,0.65650439947034,0.716350711828816,0.596864740772082
nonstat_r30,2,clustered,50,5,0.510630823399788,0.56352645530104,0.554777882458143,0.612947009556963,0.531770712740221
nonstat_r30,2,clustered,100,1,0.602501417905885,0.657068129060007,0.7113807767805,0.708791649008731,0.619230598936096
nonstat_r30,2,clustered,100,3,0.69152296134136,0.657050599532315,0.709179561172198,0.722664809194487,0.609126822229962
nonstat_r30,2,clustered,100,5,0.661146321029028,0.630068503277315,0.670498250455867,0.716109605243704,0.5732492237938
nonstat_r30,2,clustered,200,1,0.604975124378109,0.609561284486658,0.757138549675863,0.74353585607317,0.762550881953867
nonstat_r30,2,clustered,200,3,0.680353679563028,0.680509265692182,0.740372741310172,0.757244540296807,0.696755784574858
nonstat_r30,2,clustered,200,5,0.655544299481185,0.634145422753703,0.746927653399257,0.764924596416868,0.660645217567142
nonstat_r30,2,clustered,500,1,0.569162056990186,0.680542550290743,0.819725892466482,0.827856326054378,0.755330279708898
nonstat_r30,2,clustered,500,3,0.697928894768309,0.694190695817468,0.815356410057781,0.833206210733517,0.803551884890486
nonstat_r30,2,clustered,500,5,0.683257685981781,0.712210589574899,0.810683277454453,0.837532815662955,0.786037923836032
nonstat_r30,2,stratified,30,1,0.630527966330683,0.638185852663986,0.718322429562184,0.737485568538185,0.632699850158439
nonstat_r30,2,stratified,30,3,0.701518649448092,0.702977578978589,0.705971590954637,0.710338359425727,0.660138558224916
nonstat_r30,2,stratified,30,5,0.705829217274089,0.703184104998893,0.759972761226024,0.798335363944717,0.683802899752937
nonstat_r30,2,stratified,50,1,0.629048989729097,0.644240821349942,0.730106294478206,0.767076710491066,0.679099246451311
nonstat_r30,2,stratified,50,3,0.592703410422351,0.598164647044484,0.669006400931044,0.706168563093207,0.619400168280005
nonstat_r30,2,stratified,50,5,0.689121769500352,0.682854855955273,0.733825685920107,0.74358915206092,0.739927099987763
nonstat_r30,2,stratified,100,1,0.653308212987991,0.680634860890228,0.713223752375713,0.72323328624992,0.667950258407285
nonstat_r30,2,stratified,100,3,0.685914568572874,0.692307692307692,0.756939721976215,0.808072850771761,0.739192576543522
nonstat_r30,2,stratified,100,5,0.682773208546039,0.713925718472301,0.800401383374299,0.802944988025462,0.762362529148547
nonstat_r30,2,stratified,200,1,0.649052742959131,0.696428975793121,0.800731208738274,0.818903351579242,0.756066129925418
nonstat_r30,2,stratified,200,3,0.691072889458381,0.703942634665615,0.794701099009413,0.825904095411759,0.804319156276182
nonstat_r30,2,stratified,200,5,0.697985223899858,0.704833889856756,0.804089640598787,0.842532100916247,0.807989337333849
nonstat_r30,2,stratified,500,1,0.637285096421248,0.737208515619163,0.856404770008551,0.871421040834793,0.800705207494542
nonstat_r30,2,stratified,500,3,0.700306015941296,0.746829137145749,0.849479891510628,0.86012719034666,0.838809858932186
nonstat_r30,2,stratified,500,5,0.702175584118415,0.73785035683711,0.845418918623659,0.87424992700382,0.840051961362675
nonstat_r30,3,random,30,1,0.524008659176607,0.521393133898193,0.540324911834422,0.617691143186894,0.550311657555688
nonstat_r30,3,random,30,3,0.607395993165016,0.594309047635654,0.632916027339936,0.654408303110615,0.685440350816013
nonstat_r30,3,random,30,5,0.616400197188132,0.562600773683565,0.629543561140161,0.645194830915482,0.593176773993555
nonstat_r30,3,random,50,1,0.640095163966928,0.584220949919333,0.637813620447665,0.639041982498725,0.646628245823464
nonstat_r30,3,random,50,3,0.512704616859258,0.565704244102455,0.616849672506523,0.706097236274562,0.606070610788647
nonstat_r30,3,random,50,5,0.591330075685824,0.569988433395637,0.59731558390398,0.593005347459119,0.541438617371699
nonstat_r30,3,random,100,1,0.692457312608175,0.653396892890427,0.729777576221542,0.75238400346159,0.732769022100919
nonstat_r30,3,random,100,3,0.656959686593847,0.654157293279388,0.667007031109667,0.708550026088667,0.658931305545339
nonstat_r30,3,random,100,5,0.555260388375883,0.583378598587724,0.641638163701792,0.751454499932102,0.602230869771863
nonstat_r30,3,random,200,1,0.704783068783069,0.691519576719577,0.77648253968254,0.832251851851852,0.760755555555556
nonstat_r30,3,random,200,3,0.62567546536862,0.649820380249176,0.743234538867898,0.804847787931974,0.688767173031532
nonstat_r30,3,random,200,5,0.563312491094553,0.638258639331484,0.691598077261565,0.788433814716409,0.694044455992423
nonstat_r30,3,random,500,1,0.685531624565157,0.690178022422318,0.808918599068404,0.853261006898527,0.784886414366456
nonstat_r30,3,random,500,3,0.638994898035455,0.699757181511625,0.816036698266528,0.860296080520917,0.760767195371713
nonstat_r30,3,random,500,5,0.607577346233616,0.640858777068304,0.767888049658971,0.835010746747199,0.708743268894707
nonstat_r30,3,clustered,30,1,0.693827341137124,0.655935409698997,0.682182274247492,0.563140677257525,0.583091555183947
nonstat_r30,3,clustered,30,3,0.480535117056856,0.520297867892977,0.512701714046823,0.53185618729097,0.482310827759197
nonstat_r30,3,clustered,30,5,0.588177857574391,0.556261221398729,0.579334757192332,0.580548370078539,0.442150764544209
nonstat_r30,3,clustered,50,1,0.643254598662207,0.589639423076923,0.561670150501672,0.582085075250836,0.561429765886288
nonstat_r30,3,clustered,50,3,0.576314752785341,0.558047616871146,0.555116996293467,0.497615674086262,0.540836070247835
nonstat_r30,3,clustered,50,5,0.51016685806931,0.517604117408633,0.567818812065122,0.585016550699183,0.567021887455246
nonstat_r30,3,clustered,100,1,0.631841271662301,0.526018130790689,0.58061233378161,0.535545612726821,0.46976466514125
nonstat_r30,3,clustered,100,3,0.609464360440787,0.605581540312456,0.59582163656019,0.654376700027898,0.54757026781978
nonstat_r30,3,clustered,100,5,0.561747140923403,0.534052913387133,0.597280120063597,0.665652317214989,0.624410513027273
nonstat_r30,3,clustered,200,1,0.660047925874647,0.650242291921828,0.709553224346344,0.735008253900634,0.696727195271314
nonstat_r30,3,clustered,200,3,0.639091081714033,0.614899240676516,0.650745027511562,0.740596851393912,0.619057076942888
nonstat_r30,3,clustered,200,5,0.586605612226919,0.61938056968021,0.703318332293418,0.748351509397588,0.668948261959201
nonstat_r30,3,clustered,500,1,0.670168736071315,0.653751599756268,0.770857975377985,0.831550672477445,0.783270186446717
nonstat_r30,3,clustered,500,3,0.605260435126217,0.636360534408784,0.796624832969738,0.853711208803788,0.742913183888486
nonstat_r30,3,clustered,500,5,0.60585702954466,0.622374790454126,0.74706740418443,0.837051268367311,0.655407173009026
nonstat_r30,3,stratified,30,1,0.593429993852945,0.571681376940361,0.602728201556275,0.63629364042035,0.602599176336565
nonstat_r30,3,stratified,30,3,0.574340811892116,0.598190573911844,0.636138080292474,0.702299398151342,0.643844416086087
nonstat_r30,3,stratified,30,5,0.501234655964217,0.483183713031128,0.501795863220679,0.571642564475895,0.497949233296479
nonstat_r30,3,stratified,50,1,0.606389056933522,0.656836055656382,0.710092550581434,0.722141350742757,0.635685538078914
nonstat_r30,3,stratified,50,3,0.647679056941302,0.625507232025419,0.665149365704334,0.712154840042968,0.613027978757069
nonstat_r30,3,stratified,50,5,0.613595872576119,0.589756078019612,0.628571910493769,0.72653181274787,0.584180387146288
nonstat_r30,3,stratified,100,1,0.660879474044493,0.645575641261615,0.706034053096027,0.763884609100817,0.730121045044971
nonstat_r30,3,stratified,100,3,0.621112561710516,0.656700400307796,0.721338653478701,0.778366303248286,0.716060296902154
nonstat_r30,3,stratified,100,5,0.611981525376912,0.589390367415458,0.67645106516009,0.737874690323092,0.645738181958336
nonstat_r30,3,stratified,200,1,0.705812218692638,0.657763664099104,0.778973086690862,0.832285284429507,0.745800819720222
nonstat_r30,3,stratified,200,3,0.616994344833822,0.651415083169907,0.737823740503863,0.804651358036385,0.726162516602767
nonstat_r30,3,stratified,200,5,0.621948259120544,0.623768899986128,0.741001916007768,0.822757360590928,0.694721875433486
nonstat_r30,3,stratified,500,1,0.699665125376811,0.70066170235155,0.809633164761203,0.86886656391401,0.796535295950349
nonstat_r30,3,stratified,500,3,0.649580698967601,0.695720555273022,0.803882851037736,0.857702393584181,0.767031030578525
nonstat_r30,3,stratified,500,5,0.614839559926265,0.646997430956968,0.785041788654505,0.857723602665799,0.761149896988047
nonstat_r30,4,random,30,1,0.670510591286805,0.638963446851434,0.762573610644123,0.785745713050579,0.551619194005476
nonstat_r30,4,random,30,3,0.764437335657066,0.711250420412157,0.739280445484009,0.748094768543998,0.580382804378402
nonstat_r30,4,random,30,5,0.709315648498737,0.66358819780103,0.78518597910296,0.825518442358619,0.70010679950527
nonstat_r30,4,random,50,1,0.675893183758078,0.676455234117791,0.777271826606511,0.74093003139861,0.751049795756615
nonstat_r30,4,random,50,3,0.766119858989424,0.743532784958872,0.828066745005875,0.843945475910693,0.683158636897767
nonstat_r30,4,random,50,5,0.784760626517293,0.775817033225036,0.810002110189936,0.814594149640983,0.672221915938398
nonstat_r30,4,random,100,1,0.624032535885167,0.648804784688995,0.777862200956938,0.810082296650718,0.783613397129187
nonstat_r30,4,random,100,3,0.757197865450813,0.741648094274032,0.810304511626412,0.844550491388648,0.798454096417655
nonstat_r30,4,random,100,5,0.766061303499573,0.730998887330813,0.797743796488233,0.813912746921107,0.614073359956103
nonstat_r30,4,random,200,1,0.685797859289701,0.728726116358952,0.834719836839845,0.849508142673128,0.787562105134024
nonstat_r30,4,random,200,3,0.766407997340265,0.750122786072659,0.843891676237684,0.861586093816116,0.835938916762377
nonstat_r30,4,random,200,5,0.774782775119617,0.768783732057416,0.84162966507177,0.847882296650718,0.841785645933014
nonstat_r30,4,random,500,1,0.688524909589724,0.725181015400923,0.838322460718294,0.8626796514528,0.816893861454047
nonstat_r30,4,random,500,3,0.771081729710266,0.795733184702518,0.8777214666184,0.895648143359784,0.847163085928148
nonstat_r30,4,random,500,5,0.802516427326209,0.80610896355767,0.877592369091556,0.893641687024696,0.862807289632078
nonstat_r30,4,clustered,30,1,0.430819268635724,0.60457274659084,0.638178965633217,0.682975791903626,0.654520577264111
nonstat_r30,4,clustered,30,3,0.669590542923876,0.72026884026884,0.761726488393155,0.762352829019496,0.6862996329663
nonstat_r30,4,clustered,30,5,0.373669588921559,0.49741495311586,0.764245268630582,0.77551213466183,0.498366729153112
nonstat_r30,4,clustered,50,1,0.548529460519413,0.54497524235965,0.758140573472369,0.762934136290859,0.584744457077331
nonstat_r30,4,clustered,50,3,0.736308004083503,0.69327438742707,0.687396272758208,0.555002766059781,0.557922812674067
nonstat_r30,4,clustered,50,5,0.765593824042898,0.729898327409901,0.802686393253523,0.785038853036538,0.696418272228457
nonstat_r30,4,clustered,100,1,0.41586928169474,0.555054411857374,0.697986026110817,0.666869394356596,0.703701228396134
nonstat_r30,4,clustered,100,3,0.751914768171756,0.724508093756513,0.807394694791868,0.795302410382841,0.678640031094446
nonstat_r30,4,clustered,100,5,0.656432562321893,0.686678618072731,0.783314861250259,0.804097380512871,0.763719561460708
nonstat_r30,4,clustered,200,1,0.46865632763135,0.538757017347285,0.722180084619967,0.721147713364707,0.694835653774476
nonstat_r30,4,clustered,200,3,0.763893735315328,0.759409821573964,0.813646179852824,0.787629593442979,0.750711455401245
nonstat_r30,4,clustered,200,5,0.74507965715946,0.74809161783933,0.811889012638613,0.825152292867174,0.810453731054186
nonstat_r30,4,clustered,500,1,0.646794956512079,0.707044066355231,0.829484446436404,0.846192005730714,0.786278081360049
nonstat_r30,4,clustered,500,3,0.752003199629847,0.764992873373472,0.866716399475355,0.876850521214212,0.852750368094671
nonstat_r30,4,clustered,500,5,0.735041544355441,0.775065426140604,0.843416090352754,0.870167670033335,0.825752525001244
nonstat_r30,4,stratified,30,1,0.655971540280051,0.588786029278051,0.708299236224768,0.747735383706128,0.624629667515306
nonstat_r30,4,stratified,30,3,0.697171390570538,0.655531477404758,0.774591244725738,0.776789809209319,0.693057084327035
nonstat_r30,4,stratified,30,5,0.777292397580986,0.725333530952413,0.807863549225678,0.833916114600865,0.768508749519766
nonstat_r30,4,stratified,50,1,0.678618169342295,0.648120057283947,0.764320504838874,0.778202995649735,0.666758541996342
nonstat_r30,4,stratified,50,3,0.723213734567901,0.733873456790124,0.817974537037037,0.818802083333333,0.689846643518519
nonstat_r30,4,stratified,50,5,0.791382961457311,0.737167572204747,0.805339905246968,0.803352680676101,0.711337517099599
nonstat_r30,4,stratified,100,1,0.652950787784478,0.67520715814044,0.768510017506322,0.786185567010309,0.768817350709979
nonstat_r30,4,stratified,100,3,0.751074970622797,0.749568977673326,0.834796709753232,0.858539130434783,0.756661809635723
nonstat_r30,4,stratified,100,5,0.776024405597792,0.770034380901651,0.844949881361677,0.860616919277517,0.767911481284199
nonstat_r30,4,stratified,200,1,0.668977963525836,0.697349924012158,0.833831686930091,0.855914703647416,0.805788373860182
nonstat_r30,4,stratified,200,3,0.762943912222214,0.787285240177302,0.863593177354174,0.868132953544901,0.842310036799844
nonstat_r30,4,stratified,200,5,0.76324298293891,0.772741431235859,0.853361195193542,0.882668699932734,0.841584877392527
nonstat_r30,4,stratified,500,1,0.679580617502219,0.738312757513905,0.852887001191298,0.869669509594883,0.809619922755313
nonstat_r30,4,stratified,500,3,0.782071165101817,0.814487181441288,0.883664149189123,0.905622218327033,0.866091025484697
nonstat_r30,4,stratified,500,5,0.785118701723429,0.7905774172312,0.879931425791393,0.889269642205572,0.857150579463646
nonstat_r30,5,random,30,1,0.534764378833996,0.505004966473954,0.61011301779481,0.748239201909229,0.730648120156749
nonstat_r30,5,random,30,3,0.706690569155212,0.71327773512371,0.781472775053389,0.805312042367951,0.598759161759423
nonstat_r30,5,random,30,5,0.728894556532587,0.726062791158229,0.754295306857869,0.774430454248481,0.562949403941151
nonstat_r30,5,random,50,1,0.714620916568743,0.733666745005875,0.777664864864865,0.838698942420682,0.680906227967098
nonstat_r30,5,random,50,3,0.748767280535593,0.703793420239521,0.783566735553481,0.8253691740367,0.77702401625411
nonstat_r30,5,random,50,5,0.719595769682726,0.721424206815511,0.796439952996475,0.831045828437133,0.651799764982374
nonstat_r30,5,random,100,1,0.735334041276144,0.732007941271527,0.81060436769934,0.8515914862182,0.828520245625375
nonstat_r30,5,random,100,3,0.745613321901608,0.721591916982025,0.77793227442053,0.822841214817881,0.780268817999054
nonstat_r30,5,random,100,5,0.713980851524634,0.686318623460616,0.757533550907013,0.816130013965542,0.758719128311215
nonstat_r30,5,random,200,1,0.758137476736122,0.770107334559199,0.841263658522528,0.877163006111358,0.871771178263125
nonstat_r30,5,random,200,3,0.769957205740775,0.803260488488956,0.855562418960806,0.902080539278155,0.887679445585254
nonstat_r30,5,random,200,5,0.764828564124539,0.773574616860175,0.83835940934028,0.854248700184466,0.849993838865174
nonstat_r30,5,random,500,1,0.751862832095135,0.800664513117769,0.876126047180062,0.894661203466095,0.889309308533699
nonstat_r30,5,random,500,3,0.770582838200801,0.808927554032956,0.882305825422312,0.899298182006526,0.880319129257338
nonstat_r30,5,random,500,5,0.751973472938962,0.777787320483043,0.868015362095877,0.902554872629779,0.876800770718665
nonstat_r30,5,clustered,30,1,0.661539120986844,0.574732704783452,0.591329515318341,0.669783014243942,0.578666887820806
nonstat_r30,5,clustered,30,3,0.734028351427897,0.699866872197309,0.720939602017937,0.685215438399811,0.620939786405476
nonstat_r30,5,clustered,30,5,0.625238392600969,0.588904266032078,0.629135185716509,0.651010109534016,0.557850875465768
nonstat_r30,5,clustered,50,1,0.668664283392915,0.652721110543665,0.725588931705279,0.688266864756953,0.595518826315056
nonstat_r30,5,clustered,50,3,0.627418949948686,0.650484343736387,0.73753977746768,0.759120207322746,0.63461396475218
nonstat_r30,5,clustered,50,5,0.690853703703704,0.648490740740741,0.707791666666667,0.669187962962963,0.592372222222222
nonstat_r30,5,clustered,100,1,0.738203642384106,0.724446768566698,0.761375059129612,0.81899501833018,0.755617313150426
nonstat_r30,5,clustered,100,3,0.718559014514897,0.662670050537698,0.76432207498384,0.857049200799201,0.722759776987718
nonstat_r30,5,clustered,100,5,0.756834347893951,0.699855434402896,0.76688332924536,0.778019339829494,0.56185196334203
nonstat_r30,5,clustered,200,1,0.743150769817436,0.720620620620621,0.793693693693694,0.81666714333381,0.844745698079031
nonstat_r30,5,clustered,200,3,0.750590089456822,0.74216142923736,0.803761034117899,0.838766842521957,0.841798681455283
nonstat_r30,5,clustered,200,5,0.697644758258982,0.718804632867133,0.797967657342657,0.851293103448276,0.81421434169279
nonstat_r30,5,clustered,500,1,0.744868698923142,0.773370731241968,0.85500953029399,0.874493790812385,0.848630125455705
nonstat_r30,5,clustered,500,3,0.75830739432272,0.781032363407842,0.848453518951603,0.869915170681454,0.859811396209864
nonstat_r30,5,clustered,500,5,0.769215035765486,0.789221002934796,0.8598409505438,0.8946015882428,0.877256453174609
nonstat_r30,5,stratified,30,1,0.679607585093019,0.595744601304062,0.675071596279237,0.729140807262069,0.685725047855476
nonstat_r30,5,stratified,30,3,0.761415438768677,0.73209624186654,0.763941031378966,0.829511429736316,0.78275660408338
nonstat_r30,5,stratified,30,5,0.734691016158996,0.671113050248039,0.733846077214137,0.74601375147357,0.690309583415583
nonstat_r30,5,stratified,50,1,0.720760694940207,0.731120237493259,0.772224409485549,0.801937189675537,0.694221830795382
nonstat_r30,5,stratified,50,3,0.757482040891509,0.743321974580954,0.791525142751888,0.786428439860011,0.711675262479278
nonstat_r30,5,stratified,50,5,0.754105414261664,0.703625729016354,0.768647223725349,0.784636731902357,0.650885717291967
nonstat_r30,5,stratified,100,1,0.758977777777778,0.765328703703704,0.8443,0.875088888888889,0.825948148148148
nonstat_r30,5,stratified,100,3,0.771922653958944,0.779209127565982,0.842694281524927,0.878736253665689,0.83470491202346
nonstat_r30,5,stratified,100,5,0.740894373990549,0.726405941556499,0.8059198719866,0.853097707423581,0.865363477298558
nonstat_r30,5,stratified,200,1,0.73698686104276,0.744440317563489,0.836618227401458,0.875231904916663,0.860015785319653
nonstat_r30,5,stratified,200,3,0.76007977109165,0.790462521054292,0.854051556034395,0.885042182377673,0.874709206329294
nonstat_r30,5,stratified,200,5,0.757628981188303,0.775368783758614,0.841760104302477,0.880657478115105,0.849506425777612
nonstat_r30,5,stratified,500,1,0.760276094388517,0.786601890960895,0.872497407673287,0.90153610429408,0.878456512907839
nonstat_r30,5,stratified,500,3,0.78370169220638,0.809639730963603,0.877614706731089,0.904617311263864,0.896214548387335
nonstat_r30,5,stratified,500,5,0.761060970867979,0.801026836453909,0.872909126936651,0.902254254650954,0.882856897170545
nonstat_r80,0,random,30,1,0.540819859946693,0.553204624648036,0.615138341719779,0.649034684860273,0.511744651044068
nonstat_r80,0,random,30,3,0.607618824612649,0.583090908369317,0.635999412623825,0.687829406908814,0.578676657353315
nonstat_r80,0,random,30,5,0.631230280830281,0.649582417582418,0.747409035409035,0.755605372405372,0.672380952380952
nonstat_r80,0,random,50,1,0.521534480568961,0.60208141510033,0.735090368618237,0.767680816611633,0.613454883159766
nonstat_r80,0,random,50,3,0.594255443954843,0.640228508965984,0.751605108318535,0.763743270757299,0.726229682141506
nonstat_r80,0,random,50,5,0.563781300862973,0.599811862756954,0.646836261124184,0.736943889901055,0.672750233436885
nonstat_r80,0,random,100,1,0.652403637432616,0.662497882836668,0.796983017916556,0.808791435563282,0.807631132716452
nonstat_r80,0,random,100,3,0.624689589397264,0.641113896699309,0.786338569667517,0.811150641399821,0.701407260689502
nonstat_r80,0,random,100,5,0.63827274433738,0.674297647353272,0.76603757352021,0.827933378175447,0.752866506069328
nonstat_r80,0,random,200,1,0.688181912476442,0.679651095659049,0.782876131913553,0.826092870241168,0.792371778437524
nonstat_r80,0,random,200,3,0.614327897573342,0.685552596924184,0.77654791532513,0.823194703082971,0.751194571588244
nonstat_r80,0,random,200,5,0.642949041675685,0.66402035286856,0.78533395057275,0.822402383987046,0.774481158165596
nonstat_r80,0,random,500,1,0.681336190536437,0.717889083059211,0.865837313385628,0.876066509046053,0.854268803770243
nonstat_r80,0,random,500,3,0.651171974218948,0.725015676593853,0.863245531178562,0.881128754445009,0.860133032766066
nonstat_r80,0,random,500,5,0.661736120035985,0.7365688455854,0.836258795463308,0.847753140663154,0.813253036242128
nonstat_r80,0,clustered,30,1,0.509501413658112,0.537747390169639,0.694849857080718,0.743631742061766,0.605477731001056
nonstat_r80,0,clustered,30,3,0.559825325784413,0.53304794249747,0.588116974000506,0.699788081983806,0.606460138853745
nonstat_r80,0,clustered,30,5,0.540770773577174,0.556662072426915,0.636297957687248,0.649103339025485,0.624774780956713
nonstat_r80,0,clustered,50,1,0.503541747131214,0.579191818985647,0.667062045763333,0.677490251127811,0.560995884789799
nonstat_r80,0,clustered,50,3,0.589337134769311,0.552124682761762,0.63396503058502,0.655276932712956,0.590387478037353
nonstat_r80,0,clustered,50,5,0.548788332857179,0.530874238881795,0.583775962560661,0.598865197778983,0.649080050297451
nonstat_r80,0,clustered,100,1,0.587260791478293,0.658146637146219,0.703323372762742,0.706314446956091,0.568627299188704
nonstat_r80,0,clustered,100,3,0.531769907289815,0.624562444437389,0.767790949644399,0.806666918021336,0.669259588519177
nonstat_r80,0,clustered,100,5,0.581380323874207,0.581712333820547,0.670967175881521,0.730942329972023,0.723746787080925
nonstat_r80,0,clustered,200,1,0.622532,0.638135,0.65581,0.692469,0.677374
nonstat_r80,0,clustered,200,3,0.583019924938689,0.621890401084393,0.742348917565757,0.79780163599182,0.708046368771988
nonstat_r80,0,clustered,200,5,0.642946612481211,0.644173340437884,0.747807000103387,0.807618437900128,0.778705831828918
nonstat_r80,0,clustered,500,1,0.674798,0.735524,0.867951,0.886775,0.853458
nonstat_r80,0,clustered,500,3,0.630789591521966,0.67076969003433,0.814550972685208,0.859253694213643,0.835796805811234
nonstat_r80,0,clustered,500,5,0.595779412146678,0.666718614822407,0.796373219526912,0.818852784920649,0.803510096923271
nonstat_r80,0,stratified,30,1,0.573557666622475,0.613138852227734,0.686893400794255,0.754338822942782,0.643502203296932
nonstat_r80,0,stratified,30,3,0.620621854292554,0.575444275749953,0.650120304623062,0.715825682959311,0.633002993933079
nonstat_r80,0,stratified,30,5,0.590295920443307,0.627039727989268,0.687830218893708,0.723486305798558,0.685517805382606
nonstat_r80,0,stratified,50,1,0.668179563540688,0.673396607059183,0.719993177259886,0.781353725745453,0.726233631795537
nonstat_r80,0,stratified,50,3,0.570928069926066,0.588714892322107,0.736548021117159,0.784395964756686,0.701617020254295
nonstat_r80,0,stratified,50,5,0.590550694842863,0.654874458150061,0.714069571938548,0.794563173328234,0.682031698221457
nonstat_r80,0,stratified,100,1,0.692576203278829,0.693201131489957,0.821894486419979,0.837223722352767,0.826793651040866
nonstat_r80,0,stratified,100,3,0.567725395242843,0.658800259182212,0.7571099578528,0.81084111849562,0.782174602951708
nonstat_r80,0,stratified,100,5,0.617634661725292,0.669039931287329,0.74657430750511,0.804986042738645,0.716182470315967
nonstat_r80,0,stratified,200,1,0.660512129642428,0.685482976059993,0.806941959549039,0.844079437915037,0.74332193147594
nonstat_r80,0,stratified,200,3,0.64235712692038,0.723389590106458,0.835041555109326,0.840729983425767,0.832984716644355
nonstat_r80,0,stratified,200,5,0.651187588356252,0.722204930278884,0.836363216488883,0.868468665659941,0.818950006425909
nonstat_r80,0,stratified,500,1,0.678890701977655,0.726369445897518,0.847018683489354,0.868913031597192,0.847213872471327
nonstat_r80,0,stratified,500,3,0.640235515987019,0.722679124482732,0.849172871216959,0.871986730704166,0.831152815120751
nonstat_r80,0,stratified,500,5,0.63359928774441,0.730784105581417,0.856825749167592,0.877692863948305,0.830343780151515
nonstat_r80,1,random,30,1,0.595445121874205,0.583803514495173,0.694821902533114,0.762775184538964,0.595259274763225
nonstat_r80,1,random,30,3,0.718245498922049,0.659940586492079,0.794591676340589,0.794054503241065,0.73718625846318
nonstat_r80,1,random,30,5,0.586274814793379,0.583096097638616,0.712539971350851,0.78350087539067,0.610771284292163
nonstat_r80,1,random,50,1,0.666854576170416,0.611297409386533,0.791477548741671,0.803940299156764,0.600712545587691
nonstat_r80,1,random,50,3,0.66267331944134,0.657970350929057,0.779785166812076,0.818166905810843,0.60967975109778
nonstat_r80,1,random,50,5,0.66661238757443,0.652873444677845,0.811310496309926,0.835954108836817,0.791948239457643
nonstat_r80,1,random,100,1,0.637528576802871,0.685339557529807,0.789469448142146,0.838596227862021,0.747793436740363
nonstat_r80,1,random,100,3,0.720767193132705,0.696181778348322,0.815097438163024,0.82421206629018,0.806635536186015
nonstat_r80,1,random,100,5,0.656404753445813,0.693365223570015,0.803284126420197,0.871882273185374,0.786810927995012
nonstat_r80,1,random,200,1,0.669955086911276,0.701146346203091,0.84816633643227,0.867450996060797,0.841876143031752
nonstat_r80,1,random,200,3,0.717822159062072,0.73105799696928,0.842743309575772,0.874177065131488,0.840890799805686
nonstat_r80,1,random,200,5,0.636277899465633,0.671876546720637,0.82631193406898,0.872486325864679,0.824409523929512
nonstat_r80,1,random,500,1,0.660844459042811,0.753481075254378,0.88217696728615,0.893820172724485,0.860820504817158
nonstat_r80,1,random,500,3,0.731407795606165,0.742110219691741,0.862594713308029,0.887581413906142,0.863418737060041
nonstat_r80,1,random,500,5,0.647632936749368,0.73018094181276,0.875664479431331,0.899261558355233,0.87328443079516
nonstat_r80,1,clustered,30,1,0.517512126569654,0.527146289496351,0.601517747858017,0.561583933995195,0.651440228478172
nonstat_r80,1,clustered,30,3,0.367172140875644,0.421180994073105,0.608645547762149,0.585591176518552,0.544763368128852
nonstat_r80,1,clustered,30,5,0.552357744994731,0.480219492740897,0.7079930628732,0.762216807165437,0.730181075108301
nonstat_r80,1,clustered,50,1,0.61044957341327,0.621112440191388,0.72503530869891,0.678372881478065,0.653199220326281
nonstat_r80,1,clustered,50,3,0.335362004411679,0.410935595286469,0.696537412201776,0.738417527718117,0.576094212573286
nonstat_r80,1,clustered,50,5,0.626940818071432,0.622277825277876,0.764478448926218,0.760302232344932,0.658422306205588
nonstat_r80,1,clustered,100,1,0.631434764612335,0.636577856204024,0.725217669142903,0.787082725166837,0.680316827513089
nonstat_r80,1,clustered,100,3,0.464382894676404,0.571720178218731,0.816485232648937,0.854909742317762,0.828794267603693
nonstat_r80,1,clustered,100,5,0.428946074710275,0.509659596156766,0.766834934680923,0.795228128772927,0.695579485399903
nonstat_r80,1,clustered,200,1,0.55005195891387,0.63412848120236,0.831736576383193,0.872875652178595,0.811698742396858
nonstat_r80,1,clustered,200,3,0.724040996975162,0.689936126339084,0.819964650347389,0.866074571960253,0.778888641409388
nonstat_r80,1,clustered,200,5,0.600405965643142,0.632790702360866,0.797194879996483,0.831114811700457,0.765783837950826
nonstat_r80,1,clustered,500,1,0.665196805776771,0.730781175368086,0.873411560443791,0.891861704735943,0.865086384596245
nonstat_r80,1,clustered,500,3,0.71736900109483,0.742299939820622,0.865914182756796,0.886379702873384,0.864261062492296
nonstat_r80,1,clustered,500,5,0.645610192437006,0.673795284410444,0.864666254051094,0.887141911813231,0.844213244959877
nonstat_r80,1,stratified,30,1,0.666642608788223,0.636114063213278,0.772096409542076,0.723115771924095,0.70387698725594
nonstat_r80,1,stratified,30,3,0.707849919639929,0.683316089590155,0.801250609268859,0.80475673638454,0.696828721613507
nonstat_r80,1,stratified,30,5,0.618882535680519,0.610145423438837,0.760030615460808,0.814947548511999,0.595605780919364
nonstat_r80,1,stratified,50,1,0.627632858288717,0.580941663845127,0.787448465414567,0.824924542684307,0.808100322470256
nonstat_r80,1,stratified,50,3,0.711870641122975,0.655201842392791,0.799891645270533,0.855174300722425,0.618473575398041
nonstat_r80,1,stratified,50,5,0.588650228197719,0.641303696385341,0.794288791342108,0.832422237518139,0.756577597213318
nonstat_r80,1,stratified,100,1,0.662778632379404,0.679679790445231,0.819844031171997,0.847691850002902,0.804338756022523
nonstat_r80,1,stratified,100,3,0.685664830444231,0.679889032481644,0.812749532521352,0.876049570786014,0.793067598495405
nonstat_r80,1,stratified,100,5,0.660847413247605,0.655865196488446,0.826282466233662,0.866741157474416,0.783726334470394
nonstat_r80,1,stratified,200,1,0.662274314611952,0.697064459804092,0.844023503158871,0.866192654900597,0.839480814930737
nonstat_r80,1,stratified,200,3,0.714607486162387,0.735008573254704,0.873401001993485,0.895140132428268,0.86093764428326
nonstat_r80,1,stratified,200,5,0.63890702907422,0.711311532367649,0.851951227054687,0.88158208287326,0.846237523443284
nonstat_r80,1,stratified,500,1,0.672523470570152,0.738881380165936,0.881956811604221,0.900367634352074,0.873958354176861
nonstat_r80,1,stratified,500,3,0.714388887986119,0.77103679509471,0.894216133942161,0.920628472278645,0.897479647053088
nonstat_r80,1,stratified,500,5,0.660579068611952,0.759141785988527,0.886198111929175,0.906439315235557,0.871491937305208
nonstat_r80,2,random,30,1,0.542336724647194,0.532437548179299,0.694207417131605,0.733636210989078,0.661875768006655
nonstat_r80,2,random,30,3,0.470729727063715,0.521199606947469,0.635483613958676,0.693677962500664,0.547479304039032
nonstat_r80,2,random,30,5,0.574936492905243,0.560647396584897,0.731070940055315,0.752362726972102,0.626553857022607
nonstat_r80,2,random,50,1,0.632156196943973,0.628212601395963,0.753081494057725,0.791865685719676,0.678398415393322
nonstat_r80,2,random,50,3,0.609897762345679,0.620974151234568,0.700974151234568,0.742027391975309,0.652457561728395
nonstat_r80,2,random,50,5,0.639864042207792,0.565638716029341,0.736420191498317,0.811327561327561,0.621106902356902
nonstat_r80,2,random,100,1,0.594599394956166,0.584323881856214,0.753885775292048,0.813826429256785,0.757443834595611
nonstat_r80,2,random,100,3,0.624693775671284,0.62160695733965,0.74343075330703,0.806016163633175,0.782328711940002
nonstat_r80,2,random,100,5,0.600010709525166,0.595368321607041,0.756608828856051,0.818969820175598,0.748356757232276
nonstat_r80,2,random,200,1,0.643879385071596,0.654214746157663,0.798047797304524,0.813979910382467,0.784603236810759
nonstat_r80,2,random,200,3,0.633134976306273,0.648107229704452,0.798390930914079,0.80642555960843,0.802806225838633
nonstat_r80,2,random,200,5,0.648581334332834,0.630839580209895,0.789928785607196,0.827637743628186,0.814763868065967
nonstat_r80,2,random,500,1,0.633359697181378,0.683066134771221,0.838580123967817,0.86315912025571,0.846776009283154
nonstat_r80,2,random,500,3,0.624479561938614,0.676382150919833,0.831795955617465,0.854751909313608,0.827488351986166
nonstat_r80,2,random,500,5,0.646662234042553,0.672552241641337,0.83906914893617,0.859153685410334,0.842631079027356
nonstat_r80,2,clustered,30,1,0.506428738559475,0.50782103567568,0.492437119414616,0.524691035733692,0.563060423761097
nonstat_r80,2,clustered,30,3,0.529944058641975,0.533348765432099,0.736344521604938,0.751544174382716,0.690692515432099
nonstat_r80,2,clustered,30,5,0.541341065714989,0.556948760152597,0.678517451698253,0.660588889059808,0.610878661087866
nonstat_r80,2,clustered,50,1,0.592003772311844,0.55821589584739,0.704031658283751,0.664408007728639,0.709001027418267
nonstat_r80,2,clustered,50,3,0.589373096998695,0.582965031380103,0.685312519418381,0.737340186727148,0.493480278692599
nonstat_r80,2,clustered,50,5,0.494079191289412,0.504227797913151,0.672832757016064,0.69091297735338,0.701816345215306
nonstat_r80,2,clustered,100,1,0.594423794658872,0.57871161874814,0.752522496393708,0.780064836934537,0.721151571122187
nonstat_r80,2,clustered,100,3,0.580214639515685,0.592317732220388,0.700592016755335,0.725798592001468,0.726800892802544
nonstat_r80,2,clustered,100,5,0.630458831586156,0.582739443562285,0.71272040397047,0.798931939103408,0.717226315274569
nonstat_r80,2,clustered,200,1,0.629568177397393,0.610092394475783,0.795667185372496,0.797978019840498,0.787986773001362
nonstat_r80,2,clustered,200,3,0.564995351988404,0.578525792525367,0.714828732589652,0.765633862733976,0.728961839036995
nonstat_r80,2,clustered,200,5,0.588808937165738,0.626101168987613,0.75791531484997,0.775192804721948,0.754169502261249
nonstat_r80,2,clustered,500,1,0.625376157407407,0.652684220679012,0.823391203703704,0.847488425925926,0.833462577160494
nonstat_r80,2,clustered,500,3,0.626143166637637,0.664954566893229,0.833771388200113,0.85869354620908,0.836963350170558
nonstat_r80,2,clustered,500,5,0.636690148999865,0.651179147232521,0.839038761985576,0.868473306642824,0.838774894215601
nonstat_r80,2,stratified,30,1,0.57835963896884,0.553405784632712,0.67128742491553,0.708671278625954,0.641594841071205
nonstat_r80,2,stratified,30,3,0.545037044210934,0.573500556873759,0.74245508692073,0.783474892257034,0.6050593191613
nonstat_r80,2,stratified,30,5,0.618694373411355,0.613417766719654,0.739097380606815,0.773128950015742,0.576241543222675
nonstat_r80,2,stratified,50,1,0.647988516746411,0.59348038277512,0.783553110047847,0.801354066985646,0.687193301435407
nonstat_r80,2,stratified,50,3,0.622463192923272,0.601511398936048,0.731520137993146,0.781960525411957,0.655763198265927
nonstat_r80,2,stratified,50,5,0.637852665166578,0.573362632731542,0.691437263416139,0.729817468261076,0.675973239214034
nonstat_r80,2,stratified,100,1,0.650119796346211,0.670074335168675,0.778039832285115,0.821166516921234,0.781631802858218
nonstat_r80,2,stratified,100,3,0.59743824158724,0.604205407508267,0.736307138688971,0.823753160863645,0.750425987162031
nonstat_r80,2,stratified,100,5,0.642855125750465,0.621512657882302,0.781905450410508,0.84487763827468,0.772254132849873
nonstat_r80,2,stratified,200,1,0.619996569131046,0.621187735992706,0.800706026571887,0.836150950524171,0.801888519888439
nonstat_r80,2,stratified,200,3,0.629174374122319,0.640164640937485,0.804591545203622,0.847340080383516,0.803124303907801
nonstat_r80,2,stratified,200,5,0.649779435688289,0.625029320298727,0.828224665370268,0.851354597801167,0.848476479445525
nonstat_r80,2,stratified,500,1,0.640233662613982,0.68914608662614,0.854268617021277,0.870181420972644,0.851950987841945
nonstat_r80,2,stratified,500,3,0.631307384408844,0.685666830496903,0.851988624954341,0.86908561691646,0.835088611758676
nonstat_r80,2,stratified,500,5,0.659263182473105,0.709534738476667,0.846381499642165,0.873777238652262,0.851875264579643
nonstat_r80,3,random,30,1,0.469421416405376,0.52890853974812,0.640417394300852,0.776795633656454,0.61935294550506
nonstat_r80,3,random,30,3,0.532366105383345,0.595783842986225,0.695559425103664,0.698084573686556,0.556359490961543
nonstat_r80,3,random,30,5,0.485407132684119,0.57953329573962,0.711312815841412,0.77799104980444,0.696614216207228
nonstat_r80,3,random,50,1,0.573999187663892,0.647876346767757,0.769183424067951,0.805236183160415,0.76697711207388
nonstat_r80,3,random,50,3,0.580372071518303,0.605154737092996,0.752727992817346,0.801532586275181,0.623895407079789
nonstat_r80,3,random,50,5,0.53960215184705,0.591164282490813,0.714273178558893,0.824768447217427,0.700996053036869
nonstat_r80,3,random,100,1,0.568101785714286,0.580496428571429,0.781810714285714,0.811296428571429,0.803008928571429
nonstat_r80,3,random,100,3,0.594133529038258,0.640251898139904,0.786968534317614,0.841435840982554,0.766796357154292
nonstat_r80,3,random,100,5,0.52231290684624,0.628068237934905,0.816068237934905,0.864523456790123,0.831245791245791
nonstat_r80,3,random,200,1,0.621863423874413,0.707688561601773,0.856193299924266,0.866040559968918,0.855143223921322
nonstat_r80,3,random,200,3,0.595467100764397,0.66156530041944,0.859661576069106,0.877370681532241,0.866139838577385
nonstat_r80,3,random,200,5,0.552003652974604,0.629575431588523,0.833797745294908,0.857418936143056,0.839556753239049
nonstat_r80,3,random,500,1,0.58124744566893,0.72297696979257,0.882847622052212,0.900580953473532,0.864048641633625
nonstat_r80,3,random,500,3,0.584111696280383,0.727707984566859,0.894963213369641,0.910705304603358,0.871379714185126
nonstat_r80,3,random,500,5,0.558604297121848,0.68977997357385,0.870284763313609,0.886416922789682,0.848927514792899
nonstat_r80,3,clustered,30,1,0.557231332946066,0.58883060011618,0.77910273023817,0.76812100630055,0.641844586442647
nonstat_r80,3,clustered,30,3,0.599478571428571,0.613959821428571,0.647788392857143,0.567701785714286,0.526286607142857
nonstat_r80,3,clustered,30,5,0.487686904020489,0.541431625120475,0.615959911768559,0.487739850063984,0.458285696850698
nonstat_r80,3,clustered,50,1,0.554625541968109,0.577450538963404,0.728238309902612,0.758314961279664,0.502156212385126
nonstat_r80,3,clustered,50,3,0.531418441243388,0.525219982918129,0.634796058250615,0.689815113867178,0.531642730515542
nonstat_r80,3,clustered,50,5,0.437337786742432,0.545028412171688,0.717432638572596,0.703241915544277,0.63745743596417
nonstat_r80,3,clustered,100,1,0.563974529870428,0.59401516454535,0.779675137598899,0.756800216431602,0.640437772331155
nonstat_r80,3,clustered,100,3,0.485226669715968,0.532012306790711,0.719520235272677,0.786349968107402,0.710488465957108
nonstat_r80,3,clustered,100,5,0.540363159046161,0.545244815048518,0.707352858751996,0.811150425517682,0.811676559553491
nonstat_r80,3,clustered,200,1,0.562753623188406,0.675372159599213,0.788467525496511,0.84811146895688,0.785950975129719
nonstat_r80,3,clustered,200,3,0.54901141743247,0.641237174131911,0.816277695663661,0.849870402501981,0.844968546722933
nonstat_r80,3,clustered,200,5,0.533147484211207,0.551757244164074,0.800049934976757,0.861136757172315,0.794205027985142
nonstat_r80,3,clustered,500,1,0.570376590659518,0.703211463514416,0.860451700650977,0.886005426006072,0.861574044168838
nonstat_r80,3,clustered,500,3,0.606472646896298,0.637041812488488,0.871825382206668,0.888515380364708,0.849990790200774
nonstat_r80,3,clustered,500,5,0.458030399533049,0.663189619886529,0.847623304228439,0.871104841862591,0.813638124046688
nonstat_r80,3,stratified,30,1,0.52336861537801,0.563654365951783,0.719946906992428,0.816211076904363,0.66164924626891
nonstat_r80,3,stratified,30,3,0.542142213444281,0.561039970212559,0.708439235239837,0.803140272583863,0.57628624723216
nonstat_r80,3,stratified,30,5,0.493285309081086,0.505391022466345,0.724037639007699,0.778092836882626,0.576990680293548
nonstat_r80,3,stratified,50,1,0.549336942875079,0.609560470524454,0.76473063973064,0.781554956343092,0.762285638874622
nonstat_r80,3,stratified,50,3,0.560228938191742,0.623599368994073,0.758386639135363,0.818717556259882,0.672834436751402
nonstat_r80,3,stratified,50,5,0.567778989090962,0.580998346677833,0.741168443927831,0.813698026843021,0.79537250286985
nonstat_r80,3,stratified,100,1,0.606993104608441,0.658096492531036,0.818173195485156,0.838020040123197,0.851943254846728
nonstat_r80,3,stratified,100,3,0.606336989750045,0.654393094767128,0.827752202841216,0.867236108613559,0.850143859018162
nonstat_r80,3,stratified,100,5,0.553467693381378,0.607113476805806,0.847621819917518,0.880099296499129,0.76696601463412
nonstat_r80,3,stratified,200,1,0.58643139335623,0.670979751772795,0.859021538836587,0.875468742157755,0.859956334382551
nonstat_r80,3,stratified,200,3,0.60982305734413,0.686176445139845,0.861296678179236,0.868095162557953,0.855648248959903
nonstat_r80,3,stratified,200,5,0.545190492327056,0.643442542120956,0.846446097547419,0.863797403444981,0.8481296807288
nonstat_r80,3,stratified,500,1,0.587352664237946,0.731628702266072,0.883760860903606,0.897234366820263,0.862434807777863
nonstat_r80,3,stratified,500,3,0.612180471380471,0.706330864197531,0.877853198653199,0.905662850729517,0.865689786756453
nonstat_r80,3,stratified,500,5,0.576562850181823,0.673049464651065,0.877650537517803,0.904747832939322,0.868770830170401
nonstat_r80,4,random,30,1,0.484925554922276,0.490354736455837,0.547620255931793,0.631815999250474,0.554095650408726
nonstat_r80,4,random,30,3,0.520266338494444,0.615884177747722,0.665750890547225,0.710864086373251,0.601316948312875
nonstat_r80,4,random,30,5,0.533427533069391,0.587943347078406,0.619273892256116,0.741296472793955,0.646088525571901
nonstat_r80,4,random,50,1,0.486854351770742,0.578658803654111,0.65848395851583,0.728449388374421,0.658699044237267
nonstat_r80,4,random,50,3,0.531474470257598,0.632949592262769,0.691135838019003,0.738106100554775,0.635228733772967
nonstat_r80,4,random,50,5,0.506668028734491,0.603988096041201,0.717335910982443,0.813088957806094,0.577222499561504
nonstat_r80,4,random,100,1,0.493868217436302,0.595382189147898,0.719452959440146,0.790539648119856,0.756120447489035
nonstat_r80,4,random,100,3,0.537040998217469,0.640820954644484,0.740268369974252,0.771271538918598,0.761620122796593
nonstat_r80,4,random,100,5,0.538321338261039,0.642780587434351,0.762216494845361,0.772371134020619,0.694007002528691
nonstat_r80,4,random,200,1,0.502746954505626,0.650678305844403,0.797830351811788,0.84425330138569,0.829064600925861
nonstat_r80,4,random,200,3,0.601957812723626,0.7348992959638,0.818474921528686,0.848940024585391,0.846617744221747
nonstat_r80,4,random,200,5,0.597554584815066,0.69410845607786,0.839074625191683,0.861082588357689,0.825885510634636
nonstat_r80,4,random,500,1,0.516693625316246,0.695373184734887,0.843639832441624,0.867824604853347,0.838767525590967
nonstat_r80,4,random,500,3,0.573214786756453,0.748317472565158,0.857050442698591,0.890202176081806,0.847224170719541
nonstat_r80,4,random,500,5,0.572919731829713,0.735188800788923,0.877726835320222,0.889595478006378,0.864171193166907
nonstat_r80,4,clustered,30,1,0.538776568877725,0.555969428848355,0.619306669058898,0.64412769052852,0.524930232013901
nonstat_r80,4,clustered,30,3,0.568404831597913,0.562349649746402,0.57177208911126,0.624663029178977,0.579431007001151
nonstat_r80,4,clustered,30,5,0.483555905567901,0.497783841433855,0.515243015637769,0.574484693665546,0.542637307842233
nonstat_r80,4,clustered,50,1,0.498827164801762,0.496693767883314,0.57986716914416,0.585755577267546,0.626279456579896
nonstat_r80,4,clustered,50,3,0.544680408951866,0.609236981492471,0.652898407389425,0.656275037512562,0.498761236286186
nonstat_r80,4,clustered,50,5,0.554951430560621,0.579100612164104,0.644106238457323,0.663933802808661,0.530583827868581
nonstat_r80,4,clustered,100,1,0.456267361111111,0.467977430555556,0.513054591049383,0.555309606481482,0.547900270061728
nonstat_r80,4,clustered,100,3,0.579264122283106,0.591061189270007,0.672004358164799,0.743099903770449,0.655864037982838
nonstat_r80,4,clustered,100,5,0.5606612974888,0.627989119362994,0.663009714577299,0.744608671526219,0.581050850680331
nonstat_r80,4,clustered,200,1,0.476139475141521,0.508311477048979,0.63444306854541,0.731388829067192,0.659566899458528
nonstat_r80,4,clustered,200,3,0.495223005343289,0.665994151585228,0.706948840182793,0.778621518377913,0.683222705424582
nonstat_r80,4,clustered,200,5,0.505039941387786,0.619977784080166,0.772920014810613,0.767853485220899,0.733521223293628
nonstat_r80,4,clustered,500,1,0.546197129186603,0.64560956937799,0.798291866028708,0.841149282296651,0.814721531100479
nonstat_r80,4,clustered,500,3,0.534237524254938,0.72460122394149,0.83627245136574,0.866935668441216,0.844808199412906
nonstat_r80,4,clustered,500,5,0.556078878619743,0.703909203557983,0.864880703388292,0.876962297061586,0.864515670752401
nonstat_r80,4,stratified,30,1,0.52180552114944,0.584215527652195,0.614502693998885,0.639374767758717,0.557876463120084
nonstat_r80,4,stratified,30,3,0.50145641025641,0.591089621489622,0.656828327228327,0.721685958485959,0.605222954822955
nonstat_r80,4,stratified,30,5,0.506129072918636,0.543638132602256,0.649453267788492,0.731753600239491,0.603909647381358
nonstat_r80,4,stratified,50,1,0.52149114514401,0.554555051364467,0.651115522783135,0.755681012478729,0.668586925694838
nonstat_r80,4,stratified,50,3,0.527053897652547,0.631092405321766,0.681227313007639,0.749646623144648,0.578059113554406
nonstat_r80,4,stratified,50,5,0.557172536969987,0.622547561992385,0.73795961044741,0.758940527345838,0.655581986982522
nonstat_r80,4,stratified,100,1,0.533295724325976,0.600050732983883,0.72399297965196,0.79207311817847,0.694981156320272
nonstat_r80,4,stratified,100,3,0.57318335464382,0.672280064972434,0.743385401629025,0.828839472128436,0.741447816804448
nonstat_r80,4,stratified,100,5,0.596168882697498,0.678944570449602,0.7670596863474,0.826555894228101,0.780223937789453
nonstat_r80,4,stratified,200,1,0.525737760554376,0.687247930166297,0.818187109809709,0.866513484502885,0.824679757855108
nonstat_r80,4,stratified,200,3,0.583544231161168,0.719546122810801,0.826807208055736,0.839887490378508,0.828002350711051
nonstat_r80,4,stratified,200,5,0.59520288172778,0.713960234827817,0.852566784316267,0.858874492034592,0.854367864178545
nonstat_r80,4,stratified,500,1,0.561383443111912,0.720376289380476,0.869049237246008,0.892297893494066,0.853787360964394
nonstat_r80,4,stratified,500,3,0.584781332404597,0.758133240459724,0.863156375939101,0.893625553510125,0.85309517886462
nonstat_r80,4,stratified,500,5,0.593432391643328,0.741129372671394,0.873012553510955,0.884470306600182,0.851304597557144
nonstat_r80,5,random,30,1,0.641380382403233,0.674175327144112,0.771643389975259,0.760585947083843,0.628233749548169
nonstat_r80,5,random,30,3,0.661312614183138,0.67702307331104,0.729211302253341,0.76659588341866,0.570860558268808
nonstat_r80,5,random,30,5,0.513206674616278,0.567627117348499,0.679046849201981,0.690622515746346,0.478769186082064
nonstat_r80,5,random,50,1,0.542745645174296,0.613224530668962,0.686183449318249,0.730453681981926,0.628296943886554
nonstat_r80,5,random,50,3,0.638572444334526,0.692413961001322,0.774880399415715,0.79483572792123,0.629300983854887
nonstat_r80,5,random,50,5,0.66229166627061,0.681517207553339,0.795897106378287,0.805587820972246,0.643281896661527
nonstat_r80,5,random,100,1,0.666429405445799,0.704453785437392,0.795326701228341,0.810889729578254,0.691757507823082
nonstat_r80,5,random,100,3,0.656809546517352,0.663715427332021,0.732982863647551,0.799906357679055,0.720270966650258
nonstat_r80,5,random,100,5,0.698113672182821,0.690129265927138,0.824477556525429,0.851964561738498,0.774426789719343
nonstat_r80,5,random,200,1,0.650164119977363,0.707100547066591,0.82439822674967,0.873124882097717,0.797826825127334
nonstat_r80,5,random,200,3,0.622889803848478,0.708410285953111,0.822821652537507,0.859540524614484,0.793846049577255
nonstat_r80,5,random,200,5,0.664120185207974,0.719472987939946,0.836917187115432,0.869316084174255,0.830545855894659
nonstat_r80,5,random,500,1,0.657895427286357,0.754039542728636,0.873333020989505,0.893959895052474,0.84938155922039
nonstat_r80,5,random,500,3,0.672040273556231,0.772050721884499,0.864050151975684,0.896620440729483,0.836837006079027
nonstat_r80,5,random,500,5,0.675857305317468,0.779264392730936,0.884312438464063,0.907691324291526,0.851512352981583
nonstat_r80,5,clustered,30,1,0.640530182351511,0.653514220703202,0.749744089552633,0.773849628340739,0.541070092127761
nonstat_r80,5,clustered,30,3,0.589550519656317,0.625833173092483,0.64264227959585,0.743907198653596,0.516492115198258
nonstat_r80,5,clustered,30,5,0.55226261439006,0.549560757435831,0.645045450729272,0.654201425725647,0.651760023202387
nonstat_r80,5,clustered,50,1,0.515160989533427,0.65354191686698,0.682782478836042,0.669132346693494,0.581305829537032
nonstat_r80,5,clustered,50,3,0.55797856728953,0.590077776356289,0.685237167089351,0.745030327887358,0.7251102490198
nonstat_r80,5,clustered,50,5,0.465863605753588,0.51053166213936,0.569264949569086,0.473545524019945,0.603512004297788
nonstat_r80,5,clustered,100,1,0.67430832539588,0.653118116740088,0.74939724967258,0.805064218954637,0.740582956304322
nonstat_r80,5,clustered,100,3,0.555599507735584,0.626401692350028,0.679656446829328,0.634951346847673,0.48592288112273
nonstat_r80,5,clustered,100,5,0.601061349599462,0.579879265272427,0.684668906316884,0.753776065553721,0.731630855194765
nonstat_r80,5,clustered,200,1,0.617404780950037,0.668334089650505,0.794578167302486,0.825527242800886,0.744331466896382
nonstat_r80,5,clustered,200,3,0.577598908904068,0.670323172943239,0.777123443450402,0.836169376775675,0.670253279332648
nonstat_r80,5,clustered,200,5,0.651677474744918,0.704336923912557,0.817003109066521,0.80587510391135,0.706732482055216
nonstat_r80,5,clustered,500,1,0.672586834220021,0.739040619458203,0.847453448908457,0.871745627713569,0.832142802543876
nonstat_r80,5,clustered,500,3,0.611405048142204,0.739680937335538,0.853408348144638,0.87961171594508,0.824706567604164
nonstat_r80,5,clustered,500,5,0.605494273585442,0.723876023733574,0.851539354388357,0.879140591391304,0.809313641934725
nonstat_r80,5,stratified,30,1,0.568605923410677,0.59950575363139,0.686103565365025,0.736971326164875,0.651554423693643
nonstat_r80,5,stratified,30,3,0.584022852639874,0.656080461599079,0.776105125174274,0.782030444929381,0.592362437109778
nonstat_r80,5,stratified,30,5,0.480928639216637,0.469524967967752,0.695744246129874,0.740413717249294,0.620413564487455
nonstat_r80,5,stratified,50,1,0.618841418469665,0.63788907342509,0.750948706686096,0.765288174957914,0.666786688509385
nonstat_r80,5,stratified,50,3,0.605937216171453,0.667372978377512,0.712129162500668,0.746794407003457,0.655318613046764
nonstat_r80,5,stratified,50,5,0.586197223689899,0.63099764638071,0.765472885345117,0.796702051011096,0.679273740333349
nonstat_r80,5,stratified,100,1,0.654698275862069,0.730232383808096,0.806575149925037,0.829042353823088,0.753176536731634
nonstat_r80,5,stratified,100,3,0.554016109488597,0.632212957497048,0.720736500341764,0.803882122662027,0.751596190890449
nonstat_r80,5,stratified,100,5,0.65795980861244,0.729836363636364,0.81948038277512,0.829661244019139,0.789087081339713
nonstat_r80,5,stratified,200,1,0.655892349832881,0.704359809146418,0.811910062794674,0.845292473122334,0.808792008430435
nonstat_r80,5,stratified,200,3,0.652900412256953,0.744499715419641,0.846730402412011,0.844401842850111,0.820125984494216
nonstat_r80,5,stratified,200,5,0.686536526310362,0.734215405649515,0.827770574632751,0.874193942611196,0.798843210977466
nonstat_r80,5,stratified,500,1,0.68487066183596,0.762779128454777,0.874749405522312,0.892353370103055,0.849888910254336
nonstat_r80,5,stratified,500,3,0.648392863671964,0.764200396035031,0.870393783520093,0.893978843493037,0.842197936692126
nonstat_r80,5,stratified,500,5,0.681644805234514,0.779374388491408,0.883696798752522,0.905970999205039,0.851007842597688
nonstat_r200,0,random,30,1,0.673567385070257,0.672026392115056,0.83267104840189,0.828293248144361,0.61591408941573
nonstat_r200,0,random,30,3,0.642475101268093,0.649100280832922,0.768049385181118,0.757841228639412,0.55158802790211
nonstat_r200,0,random,30,5,0.549605938416422,0.617762096774194,0.681480938416422,0.792316715542522,0.625408724340176
nonstat_r200,0,random,50,1,0.754651598401598,0.731147528941647,0.842811600164541,0.85592716107422,0.838598901098901
nonstat_r200,0,random,50,3,0.628745701357466,0.6716407239819,0.819329411764706,0.853696832579185,0.739256108597285
nonstat_r200,0,random,50,5,0.704188039832977,0.713518848747698,0.811852842539389,0.826720494022852,0.684044059910912
nonstat_r200,0,random,100,1,0.766407743285029,0.758407721419578,0.848220972247276,0.851451592624783,0.861823104857592
nonstat_r200,0,random,100,3,0.71509193016546,0.72675064770653,0.876627546664311,0.891271786492375,0.859353839133251
nonstat_r200,0,random,100,5,0.727406897856976,0.736568796587468,0.870463181341719,0.882473103016539,0.867604239459585
nonstat_r200,0,random,200,1,0.758322407693604,0.7646086179493,0.864985644075618,0.876519823627215,0.87809183396934
nonstat_r200,0,random,200,3,0.713091176667336,0.754026653585153,0.89696077775548,0.901835685776083,0.898711173545611
nonstat_r200,0,random,200,5,0.743955837538457,0.778427213822106,0.876739571688317,0.883672326790544,0.878637120467448
nonstat_r200,0,random,500,1,0.774859538445443,0.79008316645589,0.892552646697662,0.908940898770399,0.899433014384805
nonstat_r200,0,random,500,3,0.712049328900924,0.78436218068673,0.908031173634502,0.914911865501325,0.908574217173385
nonstat_r200,0,random,500,5,0.741774321213574,0.813279270054971,0.881799664509945,0.896293996761287,0.887425658453696
nonstat_r200,0,clustered,30,1,0.720609688708786,0.678552219561614,0.721757229692393,0.759634370970713,0.604118622214036
nonstat_r200,0,clustered,30,3,0.475529878691641,0.555465175959192,0.564406270902855,0.671788348690659,0.653568007352246
nonstat_r200,0,clustered,30,5,0.418754361701934,0.468982035709926,0.607347520366757,0.506884883867124,0.485181601680724
nonstat_r200,0,clustered,50,1,0.665540595942866,0.671045223218922,0.709410890087844,0.714126539008876,0.675524907481811
nonstat_r200,0,clustered,50,3,0.689905785850626,0.696719106792731,0.742826350282234,0.766288066393243,0.748845742184529
nonstat_r200,0,clustered,50,5,0.619230513924947,0.662697110278499,0.763099812662261,0.779926097474628,0.694153624321454
nonstat_r200,0,clustered,100,1,0.694574270559446,0.682350572419285,0.809110057925224,0.85189254588556,0.853935143428248
nonstat_r200,0,clustered,100,3,0.640865266129454,0.652036765968887,0.806520302312903,0.841849575432596,0.76243269281036
nonstat_r200,0,clustered,100,5,0.541389299071476,0.645063784659922,0.731946540989561,0.842352685636268,0.772921499874968
nonstat_r200,0,clustered,200,1,0.757198733264997,0.742908539458942,0.855056212741066,0.882632637680415,0.888038449478214
nonstat_r200,0,clustered,200,3,0.674442253173918,0.695551257603991,0.855652873746565,0.858925580585988,0.883324511858238
nonstat_r200,0,clustered,200,5,0.679219358845416,0.763611115691048,0.881559157218256,0.877420725865104,0.876391155957857
nonstat_r200,0,clustered,500,1,0.763913462863442,0.785245510082219,0.890420283863856,0.90909282991135,0.895376418170961
nonstat_r200,0,clustered,500,3,0.715920675240738,0.757271529448599,0.893216096790966,0.911465972391763,0.904899371760729
nonstat_r200,0,clustered,500,5,0.668407111438724,0.760864749757548,0.860547560678234,0.882945316528269,0.873522716061792
nonstat_r200,0,stratified,30,1,0.674254483038981,0.633674511043859,0.810429558697321,0.827399611545237,0.662260264691269
nonstat_r200,0,stratified,30,3,0.68626017105185,0.670592482330581,0.800890523846291,0.847480623032607,0.733609387064204
nonstat_r200,0,stratified,30,5,0.72000561213241,0.682570137989217,0.757757224253887,0.809064504902416,0.731727315961233
nonstat_r200,0,stratified,50,1,0.730034062182992,0.735099836494263,0.84781626383039,0.876603980393829,0.764161574881454
nonstat_r200,0,stratified,50,3,0.693285270601404,0.709878327402201,0.850679978423319,0.849580893223044,0.799524650253416
nonstat_r200,0,stratified,50,5,0.706546497695768,0.72255028367488,0.830954938459603,0.861759787284873,0.725432624708438
nonstat_r200,0,stratified,100,1,0.751780279205616,0.762904765003145,0.869849842034109,0.880659841961813,0.87274166612445
nonstat_r200,0,stratified,100,3,0.696812962962963,0.741918518518519,0.877007407407407,0.888125,0.901916666666667
nonstat_r200,0,stratified,100,5,0.722963147693453,0.714221795983783,0.849440439799831,0.88635876033073,0.866967152541813
nonstat_r200,0,stratified,200,1,0.769733902687341,0.77968050743798,0.887541291593727,0.899138644537058,0.890748485669711
nonstat_r200,0,stratified,200,3,0.706331291178515,0.76981290536712,0.897924043576564,0.912907384214223,0.905049886400936
nonstat_r200,0,stratified,200,5,0.717596231528306,0.766949824834637,0.872567882277204,0.889198105551493,0.865761873585501
nonstat_r200,0,stratified,500,1,0.763955201298807,0.794050818005729,0.899825327827415,0.904300849261901,0.907153767682387
nonstat_r200,0,stratified,500,3,0.704465409851523,0.797901055850439,0.90044759480191,0.912711618422196,0.901793522169901
nonstat_r200,0,stratified,500,5,0.729867969567233,0.820452717643201,0.901266627462403,0.904352589221759,0.900364379812369
nonstat_r200,1,random,30,1,0.636675984160261,0.611582445259725,0.744125611460517,0.835506201956674,0.636055424528302
nonstat_r200,1,random,30,3,0.57065989371904,0.619135259465423,0.804886292351953,0.818978974540158,0.712575438571192
nonstat_r200,1,random,30,5,0.62808284457478,0.644451979472141,0.81876741202346,0.868989186217009,0.746981304985337
nonstat_r200,1,random,50,1,0.750230088237013,0.724683902588675,0.832480241629171,0.852364613159586,0.637631113773155
nonstat_r200,1,random,50,3,0.644849654073745,0.632465914343288,0.829242871836469,0.863851026086512,0.749780313535061
nonstat_r200,1,random,50,5,0.599025603241849,0.632534536747099,0.754190458648001,0.816461595137226,0.736754466752625
nonstat_r200,1,random,100,1,0.753601797994321,0.768901270069494,0.864435149481878,0.885919765592663,0.844514519748165
nonstat_r200,1,random,100,3,0.623527074969056,0.708263828988967,0.832763811517092,0.834021786508402,0.737968775000874
nonstat_r200,1,random,100,5,0.611848774315755,0.652369791859355,0.778773797808345,0.852535904816166,0.78867953148007
nonstat_r200,1,random,200,1,0.717617594543964,0.770327501170823,0.878748463294696,0.889625226846973,0.86179531085353
nonstat_r200,1,random,200,3,0.636548006037035,0.720050647239798,0.861693308469263,0.879983093399896,0.86148016195507
nonstat_r200,1,random,200,5,0.650898223367017,0.736843119124672,0.863069553603534,0.881832992096515,0.885913157064336
nonstat_r200,1,random,500,1,0.758117682099601,0.820879773491289,0.907051881609607,0.917627252237936,0.898232716270234
nonstat_r200,1,random,500,3,0.647748742973579,0.78035260020503,0.905077103044526,0.920315101854848,0.891780918510697
nonstat_r200,1,random,500,5,0.664587548487699,0.776708046518735,0.900782246736343,0.90775876828817,0.894789747026303
nonstat_r200,1,clustered,30,1,0.3414545890944,0.410354646553542,0.506125035457382,0.607688615089207,0.571783924532144
nonstat_r200,1,clustered,30,3,0.622249350715905,0.644612360465691,0.804500055822875,0.796407569215789,0.533948544121119
nonstat_r200,1,clustered,30,5,0.615166788856305,0.60120417888563,0.752259897360704,0.776002565982405,0.564742485337243
nonstat_r200,1,clustered,50,1,0.425741963125141,0.612987350136883,0.628826002657778,0.74052440290758,0.527768700665897
nonstat_r200,1,clustered,50,3,0.547139643374745,0.56211199157828,0.753929655560282,0.843171592556007,0.687344526242168
nonstat_r200,1,clustered,50,5,0.598180674714514,0.572528836918464,0.678285228253603,0.797221636563825,0.605764500451408
nonstat_r200,1,clustered,100,1,0.661741743697745,0.635754723638002,0.774456801984444,0.803002176591599,0.70827973272975
nonstat_r200,1,clustered,100,3,0.603874197806199,0.659137954576487,0.778609985890492,0.836325155887306,0.756264166401165
nonstat_r200,1,clustered,100,5,0.499755108260289,0.56541965374122,0.775417948569107,0.812525396180414,0.721383039705114
nonstat_r200,1,clustered,200,1,0.692244402676057,0.708295525741569,0.82185872923283,0.842135300768394,0.804630169738083
nonstat_r200,1,clustered,200,3,0.559110183360123,0.645173432056383,0.799969452101623,0.828120795118155,0.798282044381732
nonstat_r200,1,clustered,200,5,0.637729670202284,0.718204804961456,0.851497746768678,0.871859241870979,0.851332014722077
nonstat_r200,1,clustered,500,1,0.743228511530398,0.753757973147776,0.868695303091128,0.880065123332887,0.865308889780989
nonstat_r200,1,clustered,500,3,0.55724706744868,0.739779142228739,0.908253299120235,0.917602639296188,0.906893328445748
nonstat_r200,1,clustered,500,5,0.620409000255875,0.753927494914264,0.865891723270623,0.888081139495255,0.860969311370454
nonstat_r200,1,stratified,30,1,0.631058862843454,0.62180291635414,0.724304827839214,0.793569600758419,0.562257205072836
nonstat_r200,1,stratified,30,3,0.634652306845186,0.619731894453139,0.705279516605808,0.785477525647713,0.716623558221758
nonstat_r200,1,stratified,30,5,0.628012415926126,0.624821493314786,0.736670267630541,0.761577962101088,0.698640019533996
nonstat_r200,1,stratified,50,1,0.748877527851226,0.751189307766116,0.85068099085176,0.873683429894015,0.711675724571337
nonstat_r200,1,stratified,50,3,0.636114923498101,0.631011771198687,0.785463368407294,0.835729690869878,0.688108620351611
nonstat_r200,1,stratified,50,5,0.560364899423642,0.575948918442907,0.786238660508671,0.821210006197983,0.624371340963577
nonstat_r200,1,stratified,100,1,0.752615745968653,0.790135055783911,0.875038619630516,0.886623605402231,0.873080084918018
nonstat_r200,1,stratified,100,3,0.646125104823996,0.704338121735904,0.868331056462161,0.903446412881937,0.880970874846061
nonstat_r200,1,stratified,100,5,0.659604022202793,0.724528573957898,0.854666985483491,0.885711469556948,0.867493278380021
nonstat_r200,1,stratified,200,1,0.770418383673647,0.815854520094657,0.893948447111342,0.897685150712198,0.877081975013576
nonstat_r200,1,stratified,200,3,0.66217385905452,0.753030408169228,0.888334161164027,0.899957269327412,0.896036638812599
nonstat_r200,1,stratified,200,5,0.657733454349303,0.77165630482769,0.88647296747481,0.893493673356297,0.871335232032166
nonstat_r200,1,stratified,500,1,0.766235465116279,0.829676598837209,0.900717659883721,0.90633539244186,0.878217659883721
nonstat_r200,1,stratified,500,3,0.665021801901651,0.783515866534445,0.898054234964709,0.904215641952984,0.88626735402205
nonstat_r200,1,stratified,500,5,0.668026514285714,0.769855085714286,0.897192228571429,0.9096192,0.889998628571429
nonstat_r200,2,random,30,1,0.602968116980331,0.549375169129715,0.793346364027497,0.829783961733368,0.566308582152751
nonstat_r200,2,random,30,3,0.789616364239209,0.768719292560887,0.832547436399807,0.847502712804437,0.762799162044852
nonstat_r200,2,random,30,5,0.603621219383186,0.598152345562555,0.807941133225509,0.822442050751302,0.713640295517777
nonstat_r200,2,random,50,1,0.529742443482941,0.632345589629553,0.856706295166242,0.856984020272017,0.794117590725131
nonstat_r200,2,random,50,3,0.764764878236227,0.740843460300687,0.828641145107834,0.845067486430664,0.757282290215668
nonstat_r200,2,random,50,5,0.603797596833254,0.648681303237795,0.785467789914195,0.828028747433265,0.772667296476448
nonstat_r200,2,random,100,1,0.667399846773596,0.709932530954205,0.876793423811687,0.903210720525304,0.828568930019638
nonstat_r200,2,random,100,3,0.765986134317471,0.771487213530386,0.846465788669296,0.864843350041912,0.823618541834268
nonstat_r200,2,random,100,5,0.567353931471579,0.638544266191325,0.832965933848287,0.867426223014458,0.855618934442464
nonstat_r200,2,random,200,1,0.616908380075601,0.73160952170467,0.887684238202658,0.896118804109255,0.882293317888062
nonstat_r200,2,random,200,3,0.80386342199585,0.814279381248821,0.906131861912847,0.911044142614601,0.914736842105263
nonstat_r200,2,random,200,5,0.593481867283951,0.735669367283951,0.880829475308642,0.912404513888889,0.909876543209877
nonstat_r200,2,random,500,1,0.636496143107283,0.802389853769344,0.922841323174483,0.926149259381951,0.919700913350054
nonstat_r200,2,random,500,3,0.807077301723609,0.844022189167638,0.923884791142734,0.917950300558179,0.926112141937067
nonstat_r200,2,random,500,5,0.615904565585807,0.76113021212198,0.902393076051493,0.91596053598975,0.909259689022975
nonstat_r200,2,clustered,30,1,0.503744300822562,0.54732972972973,0.767576028202115,0.716748296122209,0.757555816686251
nonstat_r200,2,clustered,30,3,0.723927118357971,0.641902287688854,0.807929982091962,0.833059441882304,0.773406077867954
nonstat_r200,2,clustered,30,5,0.603637672632687,0.591370494519106,0.72566982256766,0.630668622654363,0.411864433021614
nonstat_r200,2,clustered,50,1,0.528100730752767,0.513714035650951,0.719651019690577,0.769401065553721,0.642294227358894
nonstat_r200,2,clustered,50,3,0.71977647801324,0.592399446758145,0.711615009658713,0.759167144646656,0.616809037562513
nonstat_r200,2,clustered,50,5,0.578640279726201,0.536324379246841,0.676673382712628,0.689594554806976,0.506514949456462
nonstat_r200,2,clustered,100,1,0.61139806737019,0.622640056727989,0.801910197160179,0.81010476807872,0.76306084000768
nonstat_r200,2,clustered,100,3,0.791871180817143,0.744515215852795,0.841594753783987,0.844124070649651,0.867790638388543
nonstat_r200,2,clustered,100,5,0.519007013686753,0.53589772868025,0.79929901839351,0.826349321855453,0.802314284387193
nonstat_r200,2,clustered,200,1,0.587336465784476,0.650611916324524,0.837522236149787,0.859787471196211,0.823161623970757
nonstat_r200,2,clustered,200,3,0.789256268178327,0.77516612808433,0.8807567441712,0.89557918099183,0.884813480268359
nonstat_r200,2,clustered,200,5,0.573160506567316,0.604920554826275,0.789438989597007,0.803743104507963,0.752812260507326
nonstat_r200,2,clustered,500,1,0.634844592956295,0.767789219251985,0.895021632721101,0.898527952051888,0.902277686852155
nonstat_r200,2,clustered,500,3,0.781428690215825,0.784927803593287,0.897171122984312,0.908151899615378,0.909593507254448
nonstat_r200,2,clustered,500,5,0.564810505287311,0.731947389288238,0.892494526900071,0.907473486829126,0.88965885780283
nonstat_r200,2,stratified,30,1,0.61304015556783,0.625811510203464,0.780828875386839,0.830194800281475,0.619181339426911
nonstat_r200,2,stratified,30,3,0.698821891480845,0.660233540908437,0.784397439486687,0.802818153615666,0.719854949644751
nonstat_r200,2,stratified,30,5,0.581432733849091,0.608304222151806,0.774901653154441,0.82519089721692,0.728560774099808
nonstat_r200,2,stratified,50,1,0.537187366232496,0.598740483397542,0.806104957805907,0.812888881245031,0.696866591756864
nonstat_r200,2,stratified,50,3,0.783925350088669,0.788452424631566,0.865455688558674,0.871428407631627,0.807961459671008
nonstat_r200,2,stratified,50,5,0.600325184843966,0.66833780966732,0.870454048609864,0.895003942817436,0.687883058377121
nonstat_r200,2,stratified,100,1,0.650172076838743,0.739426092759426,0.875619428952762,0.885405405405405,0.888433195099862
nonstat_r200,2,stratified,100,3,0.79254379930288,0.79720655231456,0.888640463523513,0.895884929370758,0.794527380297193
nonstat_r200,2,stratified,100,5,0.582822771483299,0.718890363663811,0.857756651681472,0.888552108677624,0.795219768693426
nonstat_r200,2,stratified,200,1,0.633470789991355,0.700586394228696,0.877507927667419,0.896296171278872,0.909436127660293
nonstat_r200,2,stratified,200,3,0.780147517397082,0.817087526609811,0.908438556217549,0.920816975684841,0.902041775743985
nonstat_r200,2,stratified,200,5,0.620638502197828,0.715398849165762,0.877766803819458,0.895433358577775,0.880339394601854
nonstat_r200,2,stratified,500,1,0.650590864335591,0.800359018093985,0.918068757518765,0.929679895928053,0.923209286651568
nonstat_r200,2,stratified,500,3,0.792587340001027,0.84121200945213,0.923229008838084,0.931241076843232,0.921143532838167
nonstat_r200,2,stratified,500,5,0.624651160069505,0.768368335962837,0.919423095299851,0.920356260396941,0.922421509796771
nonstat_r200,3,random,30,1,0.627201443839331,0.581747281732101,0.684302464099045,0.754145661629675,0.638304332150515
nonstat_r200,3,random,30,3,0.565572181692316,0.558645295276639,0.613596038127696,0.736778316204271,0.646018424836253
nonstat_r200,3,random,30,5,0.56454610123119,0.628910533515732,0.741741176470588,0.827824897400821,0.781713816689466
nonstat_r200,3,random,50,1,0.656829109618796,0.663543470106951,0.799073530564803,0.850130006632775,0.757166258034028
nonstat_r200,3,random,50,3,0.560969594321771,0.578286273029066,0.577954519164242,0.699240021738609,0.554418546787117
nonstat_r200,3,random,50,5,0.538794664413327,0.621055218321032,0.733093484858936,0.797103495550804,0.78185572877147
nonstat_r200,3,random,100,1,0.672938297099371,0.676248324272187,0.78870745350984,0.831256599340119,0.837110758438126
nonstat_r200,3,random,100,3,0.507768021452232,0.631463273568537,0.78168988905831,0.846828960513171,0.83984015984016
nonstat_r200,3,random,100,5,0.564655540355677,0.654774281805746,0.80168098495212,0.858839945280438,0.861452257181943
nonstat_r200,3,random,200,1,0.687322408706854,0.764398856734846,0.847320028644262,0.877277500683746,0.870409767442831
nonstat_r200,3,random,200,3,0.618525094519074,0.714208884470962,0.828105174342338,0.861742371382136,0.845540481644729
nonstat_r200,3,random,200,5,0.592938735379467,0.700231584476244,0.842535578711592,0.876513600975824,0.874792452993994
nonstat_r200,3,random,500,1,0.679127371170863,0.780538740983911,0.89547661667626,0.917077279560439,0.895370141959261
nonstat_r200,3,random,500,3,0.618236352222262,0.728043179123186,0.845504852049994,0.872763417381986,0.84906119015259
nonstat_r200,3,random,500,5,0.549337990656989,0.709247708920108,0.856430978293241,0.875721147709771,0.877481471396601
nonstat_r200,3,clustered,30,1,0.479367503687184,0.579135468088811,0.710185229864198,0.541068832332251,0.603187657216706
nonstat_r200,3,clustered,30,3,0.572267012033889,0.562429442555717,0.695169175975393,0.727957476660731,0.477354702930225
nonstat_r200,3,clustered,30,5,0.47226557081426,0.571324689624081,0.629604704189208,0.698014200998752,0.678659054653905
nonstat_r200,3,clustered,50,1,0.49765626902379,0.437334112547788,0.577809839205851,0.707360329867452,0.586942273195834
nonstat_r200,3,clustered,50,3,0.475957049486461,0.535016250089779,0.57941221360339,0.589590964590965,0.653639660992602
nonstat_r200,3,clustered,50,5,0.555644322845417,0.537451162790698,0.649052804377565,0.619868673050616,0.636401641586867
nonstat_r200,3,clustered,100,1,0.570581896551724,0.547556292437758,0.656549560644388,0.723573134402876,0.649549410864066
nonstat_r200,3,clustered,100,3,0.571734062927497,0.644796716826265,0.744531874145007,0.759821614227086,0.664389603283174
nonstat_r200,3,clustered,100,5,0.520313675309741,0.627700780729892,0.775633100180701,0.802358833141681,0.84665315015433
nonstat_r200,3,clustered,200,1,0.686374,0.630405,0.769624,0.778668,0.851252
nonstat_r200,3,clustered,200,3,0.570255528799108,0.65636673445597,0.772899098884455,0.834643382884761,0.836820653330043
nonstat_r200,3,clustered,200,5,0.539076628148464,0.643085361307844,0.796777251184834,0.847236807071729,0.874383087491347
nonstat_r200,3,clustered,500,1,0.69334341011957,0.763451665202999,0.860393585759643,0.870503445247585,0.874193575626562
nonstat_r200,3,clustered,500,3,0.561037760569803,0.706710284963242,0.847262714609653,0.87610670595202,0.857735026069876
nonstat_r200,3,clustered,500,5,0.569918966832223,0.679319877560785,0.821211755636845,0.879656646744053,0.87260228316011
nonstat_r200,3,stratified,30,1,0.609978725580871,0.691876888130795,0.731020566663674,0.795318792681934,0.717545028070124
nonstat_r200,3,stratified,30,3,0.564942407740608,0.565478503013637,0.612967428413918,0.671219497372699,0.594448266806153
nonstat_r200,3,stratified,30,5,0.500736995439503,0.599096125416927,0.742386003796446,0.803463553898067,0.722034756748216
nonstat_r200,3,stratified,50,1,0.639016358098411,0.566127808344554,0.691080513803665,0.786849052735263,0.731394486143492
nonstat_r200,3,stratified,50,3,0.588680382161187,0.637262232972673,0.733770287141074,0.801527387640449,0.690292733042031
nonstat_r200,3,stratified,50,5,0.570855204185641,0.614252202272096,0.740337445088886,0.841051792862456,0.773273518274037
nonstat_r200,3,stratified,100,1,0.694639574579832,0.715627461922269,0.82270056460084,0.879646878282563,0.759334788602941
nonstat_r200,3,stratified,100,3,0.592075116071969,0.631535262534476,0.762529072029465,0.829950242519086,0.824389811604603
nonstat_r200,3,stratified,100,5,0.574475633299163,0.69899599311364,0.814021490492079,0.851842057724411,0.729798523916171
nonstat_r200,3,stratified,200,1,0.690190449994726,0.752839998428255,0.847962625558642,0.859164410730055,0.871280289697418
nonstat_r200,3,stratified,200,3,0.591745507126627,0.692822763891758,0.803814294567238,0.846419128279281,0.833129518694485
nonstat_r200,3,stratified,200,5,0.562997174527277,0.700184742447294,0.86019343620952,0.886934362095197,0.880445555314062
nonstat_r200,3,stratified,500,1,0.68813965074647,0.793465640410728,0.890286175099642,0.905061474025535,0.899475613051409
nonstat_r200,3,stratified,500,3,0.600118017309205,0.740914180233614,0.848227795021658,0.888185083995469,0.854328598231037
nonstat_r200,3,stratified,500,5,0.587752945921302,0.752918522480185,0.877523979448692,0.896773295574104,0.878112506137336
nonstat_r200,4,random,30,1,0.65090874459699,0.597805030616154,0.697522353363881,0.758936475538461,0.693782182675304
nonstat_r200,4,random,30,3,0.70020102236794,0.673084292690361,0.756952303689444,0.799837075516731,0.694096396612426
nonstat_r200,4,random,30,5,0.621645380042976,0.617126817424954,0.655477623463968,0.764999860466414,0.630095301439056
nonstat_r200,4,random,50,1,0.640373400124582,0.650764315588652,0.816787812622765,0.839048789010698,0.729445521217001
nonstat_r200,4,random,50,3,0.632085107935321,0.566190754133645,0.811343468704685,0.83134707110872,0.693962097237549
nonstat_r200,4,random,50,5,0.63781746031746,0.624540343915344,0.792595899470899,0.794861111111111,0.620153218694885
nonstat_r200,4,random,100,1,0.598021040306557,0.592724373758161,0.819236978427477,0.838845843386319,0.828118347289242
nonstat_r200,4,random,100,3,0.701075662981843,0.695684747121828,0.861404433243599,0.869494243656567,0.833809496534739
nonstat_r200,4,random,100,5,0.636917477296066,0.678430538323261,0.859969572161423,0.883178038495894,0.784298700691198
nonstat_r200,4,random,200,1,0.668156431928176,0.671586764396437,0.858743731149611,0.882576322157537,0.878009486568002
nonstat_r200,4,random,200,3,0.732860429187656,0.675234284344173,0.883105514475527,0.90285823506925,0.916501353793676
nonstat_r200,4,random,200,5,0.684428495047531,0.673223137500113,0.871111201732685,0.889757723223591,0.884267188646929
nonstat_r200,4,random,500,1,0.655298120025371,0.701274530113123,0.862707180550602,0.889766385976752,0.884848083613276
nonstat_r200,4,random,500,3,0.730720658794083,0.762471710996572,0.895410044965528,0.911932421538693,0.906901489183381
nonstat_r200,4,random,500,5,0.681528018359433,0.746086090618927,0.888772872354457,0.898890124770287,0.888665160161436
nonstat_r200,4,clustered,30,1,0.58075239562604,0.599317221051103,0.644787031511304,0.659509098046512,0.421825327491099
nonstat_r200,4,clustered,30,3,0.550016416018386,0.574886683873086,0.636121852456475,0.569519557861905,0.67541769646782
nonstat_r200,4,clustered,50,1,0.489549674833327,0.542668842337756,0.560478202746426,0.638721635369868,0.468389623082205
nonstat_r200,4,clustered,50,3,0.584607826232784,0.557370485933141,0.721697990651226,0.761770409404518,0.754470665208529
nonstat_r200,4,clustered,50,5,0.500919808969723,0.511281253115117,0.705781203273251,0.689892975921848,0.626335535437566
nonstat_r200,4,clustered,100,1,0.579948964145149,0.563691244459924,0.729209490574757,0.694153640231369,0.682405377658497
nonstat_r200,4,clustered,100,3,0.564185751209013,0.532731153357769,0.763052611197666,0.814616898262804,0.64040084293189
nonstat_r200,4,clustered,100,5,0.648558730900908,0.592124104475431,0.745438360259952,0.809347399466338,0.674334777262499
nonstat_r200,4,clustered,200,1,0.636346922024624,0.611548016415869,0.836752941176471,0.829160054719562,0.855102599179207
nonstat_r200,4,clustered,200,3,0.380508444507522,0.48168065214306,0.797545815001419,0.810021865242691,0.831903739710474
nonstat_r200,4,clustered,200,5,0.652911952320077,0.577474448657483,0.786054577537391,0.805472295594686,0.6884667892234
nonstat_r200,4,clustered,500,1,0.647584374146874,0.682144502457002,0.871725063131313,0.88752602033852,0.884358790608791
nonstat_r200,4,clustered,500,3,0.680564705021227,0.706846545161763,0.876673208534622,0.876537110232762,0.870448140828576
nonstat_r200,4,clustered,500,5,0.666552923277548,0.7027417952619,0.884869593566616,0.908566615953054,0.898576396435558
nonstat_r200,4,stratified,30,1,0.631959616451658,0.551186017478152,0.697042108822305,0.726992734775974,0.490790591621584
nonstat_r200,4,stratified,30,3,0.701173481173481,0.643119658119658,0.829689304689305,0.850928620928621,0.821272811272811
nonstat_r200,4,stratified,30,5,0.678868515404667,0.619826558482576,0.801992419996263,0.813519230255959,0.730932109144936
nonstat_r200,4,stratified,50,1,0.539549774843892,0.517445517445517,0.701090848149672,0.770949094478506,0.712022182610418
nonstat_r200,4,stratified,50,3,0.615772444444444,0.57149037037037,0.791656296296296,0.850292148148148,0.788933925925926
nonstat_r200,4,stratified,50,5,0.689911903086652,0.669364573756157,0.788761855093054,0.869660852734961,0.806438560326941
nonstat_r200,4,stratified,100,1,0.656968311385083,0.648596211163095,0.808205608964438,0.844970770060759,0.776755786289788
nonstat_r200,4,stratified,100,3,0.706321892891153,0.71653333820517,0.84934721197741,0.858538997147692,0.835500158715297
nonstat_r200,4,stratified,100,5,0.673153331412143,0.692455621637444,0.878393189002017,0.885191479898979,0.800065350726913
nonstat_r200,4,stratified,200,1,0.63798405755307,0.664707798854838,0.844995916426532,0.872167640046758,0.869488551685272
nonstat_r200,4,stratified,200,3,0.719841693171866,0.703633462182624,0.855172958770422,0.880640997780807,0.848374896558385
nonstat_r200,4,stratified,200,5,0.675044091710758,0.700363815559894,0.866034292504881,0.899566392213451,0.885712871006989
nonstat_r200,4,stratified,500,1,0.66156378600823,0.69733919612154,0.860544562827668,0.892241952759457,0.888487513388579
nonstat_r200,4,stratified,500,3,0.716065429755344,0.759777149785195,0.898853477776607,0.908795905149714,0.889309957666527
nonstat_r200,4,stratified,500,5,0.685078824145613,0.750048892775334,0.889610229042983,0.922090767470456,0.900042935724546
nonstat_r200,5,random,30,1,0.709089840289785,0.632888466364368,0.721890576509484,0.816955553168157,0.709063488813798
nonstat_r200,5,random,30,3,0.744774332810047,0.66660125588697,0.687485282574568,0.749376962323391,0.777873822605965
nonstat_r200,5,random,30,5,0.717729353718059,0.697961800110007,0.790646936259224,0.81550283299152,0.724349209400093
nonstat_r200,5,random,50,1,0.723833334344703,0.598345601249244,0.66140754360521,0.761717225043944,0.612799087339875
nonstat_r200,5,random,50,3,0.742452703609285,0.727718210590287,0.760341275917317,0.810266888185571,0.813979368750049
nonstat_r200,5,random,50,5,0.736249722221666,0.711903327133788,0.769393932720586,0.816232865331062,0.765410941763647
nonstat_r200,5,random,100,1,0.786055969191271,0.756387163029525,0.834993581514763,0.86310243902439,0.860631578947368
nonstat_r200,5,random,100,3,0.722171356646976,0.705364477442806,0.808421182647498,0.8463344436624,0.834215257450609
nonstat_r200,5,random,100,5,0.679550314261647,0.651850944404847,0.767317801140413,0.823603439059159,0.771388825892568
nonstat_r200,5,random,200,1,0.744582888900807,0.751437577837764,0.81908269126489,0.855255029784428,0.797702259008325
nonstat_r200,5,random,200,3,0.736012558869702,0.78513147566719,0.872004513343799,0.865561224489796,0.845861459968603
nonstat_r200,5,random,200,5,0.749448050845256,0.736201271131411,0.812857767947588,0.852258446070821,0.825717933502365
nonstat_r200,5,random,500,1,0.752128608865729,0.772701636213846,0.86913310679201,0.899601370528008,0.878130973650975
nonstat_r200,5,random,500,3,0.7471691548583,0.801377269420547,0.894861383476721,0.910407309590081,0.891607493041498
nonstat_r200,5,random,500,5,0.748330734112897,0.76629670758669,0.898796267640818,0.904762338206113,0.880458110073446
nonstat_r200,5,clustered,30,1,0.763449316040779,0.696460833655956,0.761049812879081,0.769303902116402,0.451205397470641
nonstat_r200,5,clustered,30,3,0.564472742282514,0.580801051265127,0.678100903106935,0.551630039223037,0.368616784747882
nonstat_r200,5,clustered,30,5,0.618845093675827,0.714173962628481,0.749291332747323,0.815889585833654,0.426849276716807
nonstat_r200,5,clustered,50,1,0.647744,0.619828,0.726625,0.766493,0.734224
nonstat_r200,5,clustered,50,3,0.702135922330097,0.669212951554877,0.760231629786605,0.785756246611798,0.646286530974324
nonstat_r200,5,clustered,50,5,0.466301763148058,0.474251636300014,0.573794545931717,0.549061165411441,0.592068219594245
nonstat_r200,5,clustered,100,1,0.640427335030992,0.64202810143373,0.793831727108222,0.782898615398472,0.774553955244045
nonstat_r200,5,clustered,100,3,0.54223782063402,0.617064898846663,0.764017890905653,0.77547740593685,0.857143560534443
nonstat_r200,5,clustered,100,5,0.698531162687325,0.56976183483617,0.697655059372619,0.771508683642367,0.668464844742189
nonstat_r200,5,clustered,200,1,0.735623439450687,0.713715061034818,0.813784202039118,0.853685497295048,0.84667928110695
nonstat_r200,5,clustered,200,3,0.721525825172791,0.751054159353673,0.826416412237153,0.859497525619387,0.797520276861524
nonstat_r200,5,clustered,200,5,0.730957946769913,0.677835407180137,0.777648923304194,0.832138131995682,0.817568445061323
nonstat_r200,5,clustered,500,1,0.79670776950383,0.792992277648775,0.879764192489391,0.906994822110124,0.874473981548207
nonstat_r200,5,clustered,500,3,0.742366145906013,0.782672853866966,0.871375728707374,0.877890617352348,0.861308684504854
nonstat_r200,5,clustered,500,5,0.757741842536758,0.750747806331116,0.86859234138525,0.870161542750891,0.871854082929286
nonstat_r200,5,stratified,30,1,0.738818131094509,0.72812724720063,0.79630718842343,0.841688303578802,0.631718941043527
nonstat_r200,5,stratified,30,3,0.739309210526316,0.692615092042004,0.779007266890182,0.792128589954453,0.728796337297571
nonstat_r200,5,stratified,30,5,0.680862797000063,0.67358944665028,0.706070381924749,0.777527651730006,0.687845646625071
nonstat_r200,5,stratified,50,1,0.767010309278351,0.714364938296684,0.790486008836524,0.822299527703012,0.657606012899294
nonstat_r200,5,stratified,50,3,0.733320507579219,0.739384684446368,0.820575716037804,0.835730146133436,0.699529655548341
nonstat_r200,5,stratified,50,5,0.708874137322504,0.696398340149674,0.777787637265674,0.862664534358543,0.723281175534556
nonstat_r200,5,stratified,100,1,0.767571675768352,0.740471012192024,0.840759540894082,0.870898288671577,0.785309047180594
nonstat_r200,5,stratified,100,3,0.737842092777502,0.72133811970772,0.812703040236522,0.8403321968635,0.75719083478578
nonstat_r200,5,stratified,100,5,0.736544928161695,0.693099286911662,0.780435125744507,0.84074293854733,0.818539097980216
nonstat_r200,5,stratified,200,1,0.77338746202478,0.776423411555221,0.872410498429289,0.89494229007381,0.889628344352782
nonstat_r200,5,stratified,200,3,0.745016368294534,0.765797974127024,0.848277968433704,0.88241317687247,0.867713341346154
nonstat_r200,5,stratified,200,5,0.756488179430188,0.72246009294807,0.851635683976561,0.897350979995959,0.866255809254395
nonstat_r200,5,stratified,500,1,0.772381017948552,0.804052193351908,0.905842998768872,0.918858938637984,0.899203411520767
nonstat_r200,5,stratified,500,3,0.740384483659542,0.810557742024498,0.904608089304481,0.915878787641569,0.884971945570297
nonstat_r200,5,stratified,500,5,0.743223399691007,0.770774960670842,0.88971922707377,0.91062461350667,0.870065726526888
