world_id,n,design,n_time,rep,d_ml,d_spatial,d_temporal,d_total
0,30,random,1,0,-0.0001896460753589846,0.010636140533374805,0.04389273918407133,0.05433923364208715
0,30,random,1,1,-0.013066576910646277,0.07043998936697149,0.04231601131384821,0.09968942377017342
0,30,random,1,2,-0.01809304348317209,0.02197973910473283,0.029463204881290506,0.03334990050285125
0,30,random,1,3,0.004301866121176223,0.0681556563027319,0.04773807266437968,0.12019559508828781
0,30,random,1,4,-0.03219714506172833,0.03581693672839503,0.06135320216049389,0.0649729938271606
0,30,random,1,5,-0.012669868868511291,0.07288600804142076,-0.03672513425996826,0.023491004912941205
0,30,random,3,0,0.0015734228607724443,0.049507798578706574,0.03388554362242502,0.08496676506190404
0,30,random,3,1,0.013809583868403363,0.009468828349538327,0.026063642756680827,0.04934205497462252
0,30,random,3,2,-0.053074168348315354,0.09621036659940096,0.059745344890845486,0.1028815431419311
0,30,random,3,3,0.01540098910903287,0.011600495323652482,0.006394405303962514,0.033395889736647866
0,30,random,3,4,0.004602557634684645,0.05891694184553298,-0.006358733871460909,0.057160765608756714
0,30,random,3,5,-0.04497550143704521,0.11953750840824307,0.046087682688191856,0.12064968965938971
0,30,random,5,0,0.05869708708344645,0.0417713042022434,0.00721445739544424,0.10768284868113409
0,30,random,5,1,0.010298000897959736,0.10143045757900904,0.051389174257470915,0.1631176327344397
0,30,random,5,2,-0.03763438813062692,0.03407894511385978,-0.014607302032742409,-0.018162745049509543
0,30,random,5,3,-0.08185418327915106,0.10479378795313743,0.05948195884193097,0.08242156351591734
0,30,random,5,4,-0.03174915721145444,0.017672876287012418,0.04461642657656617,0.03054014565212415
0,30,random,5,5,-0.01284664916169298,0.05585208615813009,-0.0030445650115988876,0.03996087198483822
0,30,clustered,1,0,0.019099119993764457,0.08984941608573072,-0.17796695556624387,-0.0690184194867487
0,30,clustered,1,1,-0.009108133971291843,0.19338468899521533,-0.05396937799043067,0.13030717703349282
0,30,clustered,1,2,-0.03974958515613225,0.010781166756732463,-0.1104830902192322,-0.13945150861863198
0,30,clustered,1,3,0.010739817637394622,0.03889346865413468,-0.11774125978080197,-0.06810797348927267
0,30,clustered,1,4,-0.06581131540207319,0.13914329417898552,0.03369874409617857,0.1070307228730909
0,30,clustered,1,5,0.011790386240801531,0.09052446088352295,-0.021964004621552347,0.08035084250277214
0,30,clustered,3,0,-0.00863244023621379,0.014075110773224098,0.008268635627126097,0.013711306164136405
0,30,clustered,3,1,0.0012603498137081504,0.07123927417558451,0.02979337497691581,0.10229299896620847
0,30,clustered,3,2,-0.05727578953786128,0.1419634419582978,-0.030606023655651793,0.05408162876478473
0,30,clustered,3,3,0.08815793265766841,0.022048129112829662,-0.02022191267592105,0.08998414909457703
0,30,clustered,3,4,0.015400042841084316,-0.07888351585025344,0.011304548926982405,-0.05217892408218672
0,30,clustered,3,5,-0.02139751886155916,0.026209708335889204,-0.03482775409433858,-0.03001556462000854
0,30,clustered,5,0,0.00585784853060578,-0.0011476678630234494,-0.0540693836359637,-0.049359202968381366
0,30,clustered,5,1,-0.08567996733348093,0.04604986986818904,0.05566378672121264,0.016033689255920747
0,30,clustered,5,2,-0.05600076852874791,-0.05695182285412359,0.09203516019021096,-0.02091743119266054
0,30,clustered,5,3,-0.018132736192570165,0.14855326793404378,0.023119867112975312,0.15354039885444892
0,30,clustered,5,4,-0.04744562400926711,0.08546309139129371,-0.05850944244604317,-0.020491975064016565
0,30,clustered,5,5,-0.005005699088145854,0.0713411854103344,-0.001923442249240237,0.06441204407294832
0,30,stratified,1,0,-0.0008504134273384922,0.0927199630721377,0.01498949432961938,0.10685904397441859
0,30,stratified,1,1,-0.007307934682656447,0.03468817765220822,0.02536596788963752,0.05274621085918929
0,30,stratified,1,2,0.10271260233779755,0.03489470446263798,0.06948464341488803,0.20709195021532356
0,30,stratified,1,3,-0.013978587962962918,0.04394290123456779,0.06277777777777793,0.0927420910493828
0,30,stratified,1,4,0.03138990109318063,0.02330320382376605,0.037476693010269124,0.0921697979272158
0,30,stratified,1,5,0.002668235809707875,0.1061400592395576,0.012476009490418827,0.1212843045396843
0,30,stratified,3,0,-0.02632802285603597,0.12287927945377952,0.08502251706939123,0.18157377366713479
0,30,stratified,3,1,-0.027385610774967928,0.06524624640154464,0.032676752876370174,0.07053738850294689
0,30,stratified,3,2,0.01434935410334326,0.0363658814589668,0.02298252279635249,0.07369775835866255
0,30,stratified,3,3,-0.11528498168498169,0.10410451770451778,0.005872527472527422,-0.005307936507936484
0,30,stratified,3,4,0.020090079524216597,0.0680145807008119,0.019952936191463433,0.10805759641649193
0,30,stratified,3,5,-0.015584156534954263,0.0619129939209726,0.04019756838905786,0.0865264057750762
0,30,stratified,5,0,-0.07845559845559846,0.13650030983364314,0.1295104628437963,0.18755517422184098
0,30,stratified,5,1,-0.08005883428850136,0.09528944640897452,0.04442484148274595,0.05965545360321911
0,30,stratified,5,2,-0.021906228896190205,0.062484349983686016,-0.005059223455675443,0.03551889763182037
0,30,stratified,5,3,-0.07328013973244396,0.06202139464018708,0.07132176835642345,0.06006302326416657
0,30,stratified,5,4,-0.04322537699672546,0.06108967927702558,0.06705371855643028,0.08491802083673039
0,30,stratified,5,5,-0.003588998560881018,0.050351567388311924,0.05820708453259904,0.10496965336002995
0,50,random,1,0,-0.005054481026489199,0.08679499047720207,0.03533109743605323,0.1170716068867661
0,50,random,1,1,-0.03495813648193791,0.09549995802199629,0.0718024209859488,0.13234424252600718
0,50,random,1,2,-0.012646762642543274,0.01509491635396687,0.0973532561100704,0.09980140982149399
0,50,random,1,3,-0.009310047846889935,0.09727081339712929,0.05469952153110036,0.1426602870813397
0,50,random,1,4,0.011725358851674583,0.013929186602870791,0.0368267942583731,0.06248133971291847
0,50,random,1,5,-0.026825954883886283,0.07139206163186862,0.0348972575451032,0.07946336429308554
0,50,random,3,0,-0.02216456829795066,0.0586370511961829,0.03703689767536367,0.0735093805735959
0,50,random,3,1,-0.052988189545617126,0.05325833846996786,-0.030690439772009692,-0.03042029084765896
0,50,random,3,2,0.0004489799024419705,0.07787993973015561,0.029848602454930706,0.10817752208752829
0,50,random,3,3,-0.033130714357480384,0.035300527865583686,0.08515696852128085,0.08732678202938415
0,50,random,3,4,-0.03943512087920564,0.06873747957763965,0.06493204092746863,0.09423439962590263
0,50,random,3,5,-0.017369710450681808,0.08027292392833119,0.014861569742554925,0.0777647832202043
0,50,random,5,0,-0.016666698790907875,0.08793240031687355,0.034407953448119644,0.10567365497408532
0,50,random,5,1,-0.01911018863501912,0.07752201750058141,0.04408414947893324,0.10249597834449553
0,50,random,5,2,0.0028221450617283983,0.04552758487654318,0.02800636574074089,0.07635609567901247
0,50,random,5,3,-0.029425053010845192,0.0674808600950304,0.03837852306185341,0.07643433014603862
0,50,random,5,4,0.027209569377990572,0.071245933014354,0.026153110047846928,0.1246086124401915
0,50,random,5,5,-0.057002788385767,0.04720649966660595,0.06951263866157487,0.059716349942413816
0,50,clustered,1,0,0.012115941361224292,0.04785998418073911,0.025190829436112283,0.08516675497807569
0,50,clustered,1,1,0.03592778620896858,0.13848712338897923,-0.02870852560300119,0.14570638399494662
0,50,clustered,1,2,0.08542141669836045,-0.005581307350298048,0.08514727431034863,0.16498738365841104
0,50,clustered,1,3,-0.03022285666238611,0.07813359933957054,-0.051343790130251254,-0.0034330474530668287
0,50,clustered,1,4,0.04198676085293196,0.05355652335206229,-0.002391045606658815,0.09315223859833544
0,50,clustered,1,5,0.014071086135005073,-0.0311377727212655,-0.010730723483477367,-0.027797410069737793
0,50,clustered,3,0,-0.02636127017178569,0.02939662107803709,0.055686905494297445,0.058722256400548845
0,50,clustered,3,1,0.045622362869198296,0.06879853849446582,0.005375542713875081,0.1197964440775392
0,50,clustered,3,2,0.029446125100951237,0.08581866941880822,-0.022862470290106574,0.09240232422965289
0,50,clustered,3,3,-0.010404690404690387,0.09919919919919917,-0.06378569045235705,0.02500881834215174
0,50,clustered,3,4,0.003964496151996233,0.0271971951659451,-0.027354083994708844,0.003807607323232487
0,50,clustered,3,5,-0.08682443453675515,0.08176303361710058,-0.07669386534518119,-0.08175526626483576
0,50,clustered,5,0,0.008459218510381561,0.0971734362530352,-0.1222127230437643,-0.016580068280347526
0,50,clustered,5,1,-0.03312973210061687,0.05036496909589949,0.002876849026717032,0.020112086021999653
0,50,clustered,5,2,-0.06107531064872229,0.10706018072706824,-0.09028360899475396,-0.04429873891640801
0,50,clustered,5,3,-0.08050860622630973,0.04496034766668744,0.06885466507177018,0.03330640651214789
0,50,clustered,5,4,-0.04140429034913562,0.07521572805191035,-0.008296934773134423,0.025514502929640304
0,50,clustered,5,5,-0.06168486006363205,0.03571689944456857,-0.036023118581916425,-0.061991079200979904
0,50,stratified,1,0,-0.009628227536043865,0.0599197838514437,0.0112176673968295,0.06150922371222933
0,50,stratified,1,1,-0.013256175157171146,0.06377051019069657,0.02955026339352751,0.08006459842705294
0,50,stratified,1,2,-0.023127895988294123,0.08502393000853559,0.042525301792464276,0.10442133581270574
0,50,stratified,1,3,0.008226872077282787,0.03413041471818845,0.010891928685700103,0.05324921548117134
0,50,stratified,1,4,0.0055775075987842815,0.08426861702127664,0.02477583586626142,0.11462196048632234
0,50,stratified,1,5,-0.006709283846630942,0.05603543346422635,0.022428689116406608,0.07175483873400201
0,50,stratified,3,0,-0.03402812826923951,0.06283127486072215,0.0642206713579343,0.09302381794941694
0,50,stratified,3,1,-0.005268317296951763,0.060979015322512264,0.03403076828263063,0.08974146630819113
0,50,stratified,3,2,-0.021955288621955282,0.06210496210496219,0.019073359073359053,0.05922303255636596
0,50,stratified,3,3,-0.04291434291434304,0.09972448639115317,0.052700319366985826,0.10951046284379595
0,50,stratified,3,4,-0.03777648496814978,0.046676303974801936,0.04717579860376553,0.05607561761041768
0,50,stratified,3,5,-0.023765686508639527,0.0523297691223259,0.03720947700082422,0.06577355961451059
0,50,stratified,5,0,-0.017381268996960575,0.07134973404255329,0.052510448328267456,0.10647891337386017
0,50,stratified,5,1,-0.05595756951755759,0.06570976806837192,0.09450478417043418,0.1042569827212485
0,50,stratified,5,2,-0.002489286074657704,0.05585234487892443,0.01751733932919708,0.0708803981334638
0,50,stratified,5,3,0.01262291834959306,0.03892705679487973,0.06946246038650328,0.12101243553097607
0,50,stratified,5,4,0.00245544235369477,0.10696808500434507,-0.00901511823530432,0.10040840912273552
0,50,stratified,5,5,0.0030272036529469526,0.11534977082890407,0.022980315993709977,0.141357290475561
0,100,random,1,0,0.019725186219471835,0.0804560054702268,0.0035740348094901453,0.10375522649918878
0,100,random,1,1,-0.0314228942874244,0.09310784683084106,0.04010621554066862,0.10179116808408528
0,100,random,1,2,0.005932965492013054,0.08517920832825276,0.01942788989147659,0.11054006371174241
0,100,random,1,3,0.0020692636533934383,0.07190162832028446,0.0035006484461309606,0.07747154041980886
0,100,random,1,4,-0.036333038904957315,0.15270152467713916,0.020548406526688212,0.13691689229887005
0,100,random,1,5,0.039778363997113986,0.0624220253126504,0.03132703523328506,0.13352742454304944
0,100,random,3,0,-0.006915689415462722,0.04233663785286823,0.047190465755908795,0.0826114141933143
0,100,random,3,1,-0.030639316619699986,0.07787588889890684,0.024875741188702616,0.07211231346790947
0,100,random,3,2,-0.04690423019637968,0.1015953139187411,0.03153628484970883,0.08622736857207025
0,100,random,3,3,-0.0038412255147012297,0.07655827726159214,0.011250739802221355,0.08396779154911227
0,100,random,3,4,0.0129988862524818,0.08569367100866776,0.027438864946007446,0.126131422207157
0,100,random,3,5,-0.02902350831501832,0.07858463013047523,0.013222322391331365,0.06278344420678827
0,100,random,5,0,-0.02653891987225332,0.06459221125887793,0.03285380618713962,0.07090709757376423
0,100,random,5,1,-0.03434508748933063,0.08107624070235353,0.01851241464455544,0.06524356785757834
0,100,random,5,2,0.019529820972650658,0.07894862851681395,0.030584237855272534,0.12906268734473714
0,100,random,5,3,-0.01677892872477471,0.10747255106422138,0.03462648745629637,0.12532010979574304
0,100,random,5,4,0.025600695299039855,0.0770722449544673,0.03038376046025104,0.1330567007137582
0,100,random,5,5,-0.028656725465236232,0.09381724707522587,0.04054146208401532,0.10570198369400496
0,100,clustered,1,0,-0.13820927500172786,0.2037459395949962,-0.06808617657674265,-0.0025495119834743063
0,100,clustered,1,1,-0.04027190291498306,0.11602304340523473,0.06040785437247442,0.1361589948627261
0,100,clustered,1,2,-0.036182971123703944,0.043595144080057935,-0.010887011695201454,-0.0034748387388474633
0,100,clustered,1,3,-0.022173955514183996,0.06315851974433961,-0.00775810717890657,0.03322645705124905
0,100,clustered,1,4,0.03706937880967043,0.07154190352258982,0.049021566254975,0.15763284858723525
0,100,clustered,1,5,-0.05323892785387063,0.0827720635583632,0.006862864535291946,0.03639600023978451
0,100,clustered,3,0,-0.03067914133738614,0.15586721124620062,0.0047634878419452464,0.12995155775075973
0,100,clustered,3,1,-0.025232851899518516,0.09453644120310778,-0.0697869297869298,-0.00048334048334053303
0,100,clustered,3,2,-0.06534439201105868,0.061211687878354515,0.05580151580151571,0.05166881166881154
0,100,clustered,3,3,0.04592238427199913,0.056856922277257915,0.016107518498134965,0.11888682504739201
0,100,clustered,3,4,0.019563674222705996,0.08390137712365708,0.0006208887416592201,0.1040859400880223
0,100,clustered,3,5,-0.06464588973664775,0.07272566453359575,-0.04112763044548362,-0.03304785564853563
0,100,clustered,5,0,-0.0012870037777915622,0.08648181550752476,0.0793413637208148,0.164536175450548
0,100,clustered,5,1,-0.027526489887084837,0.09649873636862494,0.03143524565457645,0.10040749213611655
0,100,clustered,5,2,-0.024474951141617796,0.11137232470565805,0.01094904428237753,0.09784641784641779
0,100,clustered,5,3,-0.024174650841317313,0.06668954668954652,-0.005341532008198646,0.03717336384003056
0,100,clustered,5,4,-0.06221712239827659,0.2040359080980868,-0.05285260716510676,0.08896617853470346
0,100,clustered,5,5,0.05299627540623253,0.1022421978156175,-0.03345169858267005,0.12178677463917997
0,100,stratified,1,0,0.010985157788558575,0.06004803304673623,0.022188385609299033,0.09322157644459383
0,100,stratified,1,1,0.01678286474164159,0.10652830547112457,0.03312784954407311,0.15643901975683927
0,100,stratified,1,2,-0.009618949614485506,0.10118813416968697,0.04474845075324807,0.13631763530844954
0,100,stratified,1,3,0.005242211246200612,0.10789608662613981,0.024645706686930002,0.13778400455927042
0,100,stratified,1,4,0.007028199817841196,0.09139367007586074,0.026935147960574723,0.12535701785427666
0,100,stratified,1,5,0.007925569228487972,0.07966822491202774,0.03239236605521845,0.11998616019573416
0,100,stratified,3,0,-0.01353430809882239,0.08512217950989542,0.047345523037694015,0.11893339444876705
0,100,stratified,3,1,-0.033554941825416074,0.11137569327224506,0.044043510368941385,0.12186426181577037
0,100,stratified,3,2,-0.02957804587653723,0.11272361797685071,0.030119664817940706,0.11326523691825419
0,100,stratified,3,3,0.004297381471134676,0.06248532054207556,0.029547003862964827,0.09632970587617506
0,100,stratified,3,4,-0.020035505717605262,0.08038662630709958,0.02068236714975835,0.08103348773925267
0,100,stratified,3,5,0.01898394748888621,0.09144146991279434,0.022165336459177287,0.13259075386085784
0,100,stratified,5,0,-0.008948486857969784,0.07543668615866905,0.03419640704123461,0.10068460634193388
0,100,stratified,5,1,0.018770666081521892,0.06657504861494679,0.03381103351215575,0.11915674820862443
0,100,stratified,5,2,-0.01443542761870753,0.094940369859984,0.027174293162146035,0.1076792354034225
0,100,stratified,5,3,-0.0007212846259272432,0.06936180053873608,0.042862883887392456,0.1115033998002013
0,100,stratified,5,4,-0.002536822536822414,0.06016492683159347,0.05626483626483625,0.1138929405596073
0,100,stratified,5,5,0.009206003535955132,0.050186282618427946,0.07554310299038636,0.13493538914476944
0,200,random,1,0,0.01706374698233304,0.11309812544129583,-0.005967910191988279,0.12419396223164059
0,200,random,1,1,0.031715327344326805,0.06054351002953495,0.015015459635737027,0.10727429700959878
0,200,random,1,2,0.018585212589219746,0.11377926562884566,-0.005690645766674773,0.12667383245139063
0,200,random,1,3,0.034931247730595416,0.08441710280427128,0.018742668991044042,0.13809101952591074
0,200,random,1,4,0.025708133971291902,0.10821435406698565,0.00038181818181803884,0.1343043062200956
0,200,random,1,5,0.02679842511624897,0.08302355690945185,0.019155272391575218,0.12897725441727603
0,200,random,3,0,-0.01992823744348793,0.09719975072768938,0.042337585929274724,0.11960909921347618
0,200,random,3,1,-0.00670861048924154,0.083443437447278,0.04389031165940971,0.12062513861744617
0,200,random,3,2,0.005401616755817296,0.10212392833032746,0.02196504487482287,0.12949058996096763
0,200,random,3,3,-0.004103922590934284,0.09436817610255777,0.023382391277678938,0.11364664478930242
0,200,random,3,4,-0.009355317318739065,0.06574412442196775,0.05693628993305133,0.11332509703628002
0,200,random,3,5,0.004643068322313537,0.07648823922408843,0.031671159029649565,0.11280246657605153
0,200,random,5,0,0.0020964340904781054,0.12822327914963438,-0.005415240409259892,0.1249044728308526
0,200,random,5,1,-0.013701976544573502,0.11094371115872237,0.021920310863295933,0.1191620454774448
0,200,random,5,2,-0.004558231981449001,0.09561308030855131,0.033559225782026525,0.12461407410912884
0,200,random,5,3,-0.0030199200249896307,0.10452532056940955,0.046866481312971664,0.14837188185739159
0,200,random,5,4,-0.012723488790086113,0.12958440400093452,0.024732662907183456,0.14159357811803186
0,200,random,5,5,-0.00602629376214292,0.09666835610231839,0.046774329793197844,0.1374163921333733
0,200,clustered,1,0,0.017973385068676073,0.06374560571023757,0.01212069712865027,0.09383968790756392
0,200,clustered,1,1,-0.023209380982286754,0.07268123727877374,0.002509250081339953,0.051981106377826936
0,200,clustered,1,2,0.0738101177457936,0.06840819830951927,0.012591587044675334,0.1548099030999882
0,200,clustered,1,3,0.014841335266487454,0.08726898194714483,-0.02499908297440634,0.07711123423922595
0,200,clustered,1,4,0.026467010215801445,0.0794633681919843,-0.00018890165024487704,0.10574147675754086
0,200,clustered,1,5,-0.006582085006866523,0.08826199628806031,0.013085640845893254,0.09476555212708704
0,200,clustered,3,0,-0.02091352051769635,0.09654377261853675,0.03355210697417632,0.10918235907501672
0,200,clustered,3,1,-0.01789542531158017,0.08297013381169205,0.006035582397365458,0.07111029089747734
0,200,clustered,3,2,-0.033421848080236405,0.07526765936500135,0.014564553593403917,0.05641036487816886
0,200,clustered,3,3,-0.03195922529595785,0.14242394037907136,0.01160254247684489,0.1220672575599584
0,200,clustered,3,4,-0.0019438943957408306,0.1284116014978297,0.018706641893788567,0.14517434899587744
0,200,clustered,3,5,0.015968037602820173,0.10808460634547612,-0.014713043478260968,0.10933960047003533
0,200,clustered,5,0,-0.005129097588635778,0.1079252398646775,0.03549060143545879,0.13828674371150051
0,200,clustered,5,1,-0.05179950968894009,0.13943977421478349,-0.0030152616883951655,0.08462500283744823
0,200,clustered,5,2,0.029808168700068194,0.0836765343407444,0.0165500944447885,0.1300347974856011
0,200,clustered,5,3,-0.011810378086419826,0.09125964506172846,0.045481288580246915,0.12493055555555554
0,200,clustered,5,4,-0.05121722488038283,0.10553205741626781,0.013919617224880443,0.06823444976076543
0,200,clustered,5,5,-0.0012193608920524346,0.11918719612906215,-0.00835330061026196,0.10961453462674775
0,200,stratified,1,0,0.009607877366000994,0.10210419899825618,0.03285401052387249,0.14456608688812966
0,200,stratified,1,1,0.0322470693596032,0.09244955517662123,0.01800775648235331,0.14270438101857774
0,200,stratified,1,2,-0.002174057072547364,0.0996753584780653,0.020506365056078835,0.11800766646159677
0,200,stratified,1,3,0.04469601204056617,0.08268996498367753,0.02258179877949651,0.1499677758037402
0,200,stratified,1,4,0.03311211087058685,0.0658034111656357,0.019973576562487994,0.11888909859871055
0,200,stratified,1,5,0.0221122957576132,0.09304921076350625,0.024520641866126458,0.1396821483872459
0,200,stratified,3,0,0.0014198217735070795,0.07699737077062774,0.02931770834320635,0.10773490088734117
0,200,stratified,3,1,-0.013099254769494584,0.10152092213786668,0.010588637029477432,0.09901030439784952
0,200,stratified,3,2,0.0005427560601423131,0.09593950028421039,0.02515973757601908,0.12164199392037178
0,200,stratified,3,3,-0.010389213920812268,0.10501665520252867,0.023880507616567237,0.11850794889828364
0,200,stratified,3,4,-0.016942332716937236,0.10473026961623633,0.0539755648395468,0.1417635017388459
0,200,stratified,3,5,-0.01174433350836257,0.11053852759363902,0.051013115816890386,0.14980730990216684
0,200,stratified,5,0,-0.009821159449412087,0.11258878266313199,0.04030095294035818,0.1430685761540781
0,200,stratified,5,1,-0.010530714344452852,0.10799504301978036,0.03141046358857036,0.12887479226389786
0,200,stratified,5,2,0.01569080120495636,0.09158768941262174,0.03370254725356425,0.14098103787114236
0,200,stratified,5,3,0.013973782594292716,0.09594529364440885,0.020914296531162613,0.13083337276986418
0,200,stratified,5,4,0.029392627609284627,0.10738472103134555,0.010911381071257664,0.14768872971188785
0,200,stratified,5,5,0.0017848609521924352,0.09908120117810337,0.024432128639450434,0.12529819076974624
0,500,random,1,0,0.029279094961965457,0.13365522509041017,0.009703516647961097,0.17263783670033672
0,500,random,1,1,0.06922946095517635,0.08627430746651987,0.004594913777288601,0.16009868219898482
0,500,random,1,2,0.05057133914011258,0.10000367110032538,0.015334572490706244,0.1659095827311442
0,500,random,1,3,0.05537647074596952,0.10422831685178491,0.020214557009302858,0.17981934460705729
0,500,random,1,4,0.0494564304308347,0.0971006476774412,0.01355856374554254,0.16011564185381844
0,500,random,1,5,0.05245126679768419,0.11466529831776551,0.02601791500049322,0.19313448011594292
0,500,random,3,0,0.027107093843168784,0.09318726042307512,0.018737400028394413,0.13903175429463832
0,500,random,3,1,0.011913150875916934,0.11087337849305923,0.02495340061829432,0.14773992998727048
0,500,random,3,2,-0.0028071821490455173,0.10525230589962242,0.03083076701901455,0.13327589076959145
0,500,random,3,3,0.011296708095591135,0.11370640434093915,0.010113982214101092,0.13511709465063138
0,500,random,3,4,0.0003874183482099891,0.11843147610245586,0.04503882857027208,0.16385772302093793
0,500,random,3,5,0.02003547219971713,0.09635816195778957,0.01307319109977223,0.12946682525727893
0,500,random,5,0,0.023107686473255118,0.11603067617444196,0.03485737379309295,0.17399573644079003
0,500,random,5,1,0.01614010140318123,0.1272511068991805,0.008816221467285335,0.15220742976964707
0,500,random,5,2,0.02155300151975681,0.10206401975683899,0.030980243161094156,0.15459726443768995
0,500,random,5,3,0.009979167104265718,0.12187148528426106,0.01618798108044628,0.14803863346897306
0,500,random,5,4,0.006236165221517265,0.12097763562572406,0.012607488313097548,0.13982128916033887
0,500,random,5,5,0.018432508964842054,0.11474430588399853,0.021191430802006028,0.1543682456508466
0,500,clustered,1,0,0.03975814562629032,0.0835109271672494,0.010294887454196378,0.1335639602477361
0,500,clustered,1,1,0.07511078106511093,0.10475491271595971,0.0026844366433571576,0.1825501304244278
0,500,clustered,1,2,0.03260524645652629,0.08935763031912813,0.006519874009825344,0.12848275078547977
0,500,clustered,1,3,0.07749368686868685,0.12232958442449171,0.024781963150018793,0.22460523444319735
0,500,clustered,1,4,0.0620392344094477,0.10007001129408555,0.0069188811834115516,0.1690281268869448
0,500,clustered,1,5,0.03959638826536971,0.11409523475495698,0.01306272602568892,0.1667543490460156
0,500,clustered,3,0,-0.009526765493688805,0.10522439201258948,0.014598152166278466,0.11029577868517915
0,500,clustered,3,1,-0.01439228162364592,0.09969353287665905,0.029613729134202682,0.11491498038721581
0,500,clustered,3,2,-0.005012274959083518,0.12557396799418075,0.019475131842153326,0.14003682487725055
0,500,clustered,3,3,0.030870169442467565,0.1106461096826249,0.036849325659818355,0.17836560478491081
0,500,clustered,3,4,0.024103094423673643,0.11140138646633457,0.010567294838488284,0.1460717757284965
0,500,clustered,3,5,-0.02025160969987516,0.11169691978520058,0.012567523644492207,0.10401283372981762
0,500,clustered,5,0,0.012798867887304888,0.1621028689799603,0.024901547170097627,0.1998032840373628
0,500,clustered,5,1,-0.0028211805555558023,0.11791763117283971,0.031480516975308626,0.14657696759259253
0,500,clustered,5,2,-0.00651032026713283,0.13484307461003586,0.03700982765068439,0.16534258199358742
0,500,clustered,5,3,0.007478762634613001,0.09105719827277792,0.029255643154249222,0.12779160406164014
0,500,clustered,5,4,0.011183045423476257,0.10773026315789447,0.04226993102591203,0.16118323960728276
0,500,clustered,5,5,-8.606926400378523e-05,0.1326639477606859,0.039616452660013124,0.17219433115669525
0,500,stratified,1,0,0.06662543700616197,0.09680498370581214,0.0232382791982243,0.1866686999101984
0,500,stratified,1,1,0.04588953770539783,0.10980748638384108,0.017374565708078604,0.17307158979731752
0,500,stratified,1,2,0.04864487972665488,0.10881674771134398,0.02208752825148963,0.17954915568948848
0,500,stratified,1,3,0.05504170837504163,0.10478001811335158,0.007834501167834462,0.16765622765622767
0,500,stratified,1,4,0.06069246167623654,0.10175363671254722,0.013862026926347859,0.17630812531513163
0,500,stratified,1,5,0.06510889765916994,0.09440391511430801,0.015284398201143135,0.1747972109746211
0,500,stratified,3,0,0.02617423924409057,0.1030808038406058,0.014497675945077337,0.1437527190297737
0,500,stratified,3,1,0.033394928316514916,0.09770432100664528,0.033765075067684114,0.1648643243908443
0,500,stratified,3,2,0.019243438750025987,0.10504418213497602,0.02205708849074728,0.14634470937574928
0,500,stratified,3,3,0.03497382218873901,0.10625984521608112,0.029408183609950567,0.1706418510147707
0,500,stratified,3,4,0.03142289428742451,0.09663625289013755,0.009166206093337181,0.13722535327089924
0,500,stratified,3,5,0.0340094545274543,0.08537632484278956,0.026780529689615085,0.14616630905985895
0,500,stratified,5,0,0.022114197530864077,0.11593364197530875,0.013843557098765502,0.15189139660493833
0,500,stratified,5,1,0.04288067460557343,0.0907936891736687,0.03383323006709782,0.16750759384633995
0,500,stratified,5,2,0.03155253725712137,0.09725617807960774,0.03145727221278993,0.16026598754951904
0,500,stratified,5,3,0.040048103663965384,0.10830063461147843,0.025611309486520906,0.17396004776196472
0,500,stratified,5,4,0.030845246181909758,0.10192450065256708,0.02585463398997101,0.15862438082444785
0,500,stratified,5,5,-0.0012021322477886454,0.1306890837690391,0.01566082278433134,0.1451477743055818
1,30,random,1,0,0.03666077738515905,0.055672626569108874,0.07634532880350475,0.16867873275777268
1,30,random,1,1,0.03025763075588428,0.06766945186402762,0.030520169851380063,0.12844725247129196
1,30,random,1,2,-0.006893287124609682,0.04169241035019655,-0.011667829489048875,0.023131293736537994
1,30,random,1,3,-0.040252583803115694,0.05631895193065406,0.07882683215130026,0.09489320027883863
1,30,random,1,4,-0.02967735389610382,0.13286886724386715,-0.07358086069023562,0.029610652657527714
1,30,random,1,5,-0.022723950651031943,0.08592217988947914,-0.007375958418995521,0.05582227081945168
1,30,random,3,0,-0.04603053906906962,0.03672891472621409,0.030943609663276028,0.021641985320420498
1,30,random,3,1,-0.0263782743022708,0.05354186376537384,0.14201824148533582,0.16918183094843886
1,30,random,3,2,-0.04147047726844,0.08017355215996991,0.1474353895491416,0.1861384644406715
1,30,random,3,3,-0.01168839634941321,0.04352579623766062,0.11836282361706096,0.15020022350530837
1,30,random,3,4,-0.09698088455772103,0.13915011244377806,0.10462612443778108,0.1467953523238381
1,30,random,3,5,0.04441432479013274,0.07041108923450967,0.004275690481538863,0.11910110450618128
1,30,random,5,0,-0.00999030426150782,0.05855579666651278,0.026868276467057584,0.07543376887206255
1,30,random,5,1,-0.0019009075300469025,0.08882701184025699,0.04920711901948116,0.13613322332969124
1,30,random,5,2,-0.02399469334671811,0.10048588344395082,0.07328182172705067,0.14977301182428338
1,30,random,5,3,-0.03298861863770297,0.025024274151616233,0.05374884220217324,0.0457844977160865
1,30,random,5,4,-0.09193929764888409,0.03513900077574872,0.13479755937462723,0.07799726250149186
1,30,random,5,5,-0.013127709805784926,0.09483949040803008,0.08695414117716926,0.16866592177941442
1,30,clustered,1,0,-0.0018857758620688947,0.0628720686640945,-0.06478987068965514,-0.003803577887629528
1,30,clustered,1,1,0.01602810790416903,0.046582720241463815,-0.04381437464629301,0.018796453499339838
1,30,clustered,1,2,0.02199145416219589,0.04813787487919402,0.027486701824076032,0.09761603086546594
1,30,clustered,1,3,0.09716286721504108,0.0799858989424207,0.0004643948296122469,0.17761316098707403
1,30,clustered,1,4,-0.03348747767090182,0.0668942763473867,-0.16758830553230097,-0.1341815068558161
1,30,clustered,1,5,0.059334880006946755,0.03490303715603349,0.029333313197631217,0.12357123036061146
1,30,clustered,3,0,0.02611306517556511,0.07054736351611357,-0.025486449314574278,0.0711739793771044
1,30,clustered,3,1,-0.03720275115925398,0.11520526139566889,-0.0769690485231318,0.0010334617132831125
1,30,clustered,3,2,0.0371142571142572,-0.09126936460269802,0.11691501024834366,0.06275990275990284
1,30,clustered,3,3,-0.0148546296296298,0.08030000000000004,0.010264814814815004,0.07571018518518524
1,30,clustered,3,4,-0.05382685804264942,0.04388850137331746,0.009064083733608563,-0.0008742729357233969
1,30,clustered,3,5,0.00027150222462712925,0.07530663780663799,0.12010074705387197,0.1956788870851371
1,30,clustered,5,0,-0.050886154757819435,-0.015255251200636089,0.10394667506783761,0.03780526910938209
1,30,clustered,5,1,0.006393133371062065,0.061594982078853056,0.09445576306357284,0.16244387851348796
1,30,clustered,5,2,0.051839114361026284,0.028814244719351623,0.06944189385465527,0.15009525293503317
1,30,clustered,5,3,0.021902418248071598,0.01879324215607392,0.09409493161705562,0.13479059202120114
1,30,clustered,5,4,-0.04273332139873487,0.11722479562000243,0.041567833273660204,0.11605930749492777
1,30,clustered,5,5,-0.02885743091705928,0.09791699011056632,0.024209191355957893,0.09326875054946493
1,30,stratified,1,0,-0.021643083621219916,0.07357247645639098,0.09816762103071319,0.15009701386588425
1,30,stratified,1,1,-0.0341344508904351,0.04497732561326695,0.004548109585623017,0.01539098430845487
1,30,stratified,1,2,-0.038508245877061476,0.0581343703148427,0.05487912293853059,0.07450524737631181
1,30,stratified,1,3,-0.0018316806585414458,0.08920594624942035,0.03460946991105407,0.12198373550193298
1,30,stratified,1,4,0.00021056385586049053,0.04776005584684617,0.03297411013058771,0.08094472983329437
1,30,stratified,1,5,-0.04563769419089647,0.05270544943480626,0.08064022547300964,0.08770798071691943
1,30,stratified,3,0,-0.0014806616336509038,0.12337798145101131,0.09525003747924765,0.21714735729660806
1,30,stratified,3,1,0.015948452189519013,0.07251173040706249,0.11519928967177495,0.20365947226835646
1,30,stratified,3,2,-0.08434169891753085,0.101645869613607,0.12087854533483233,0.13818271603090848
1,30,stratified,3,3,-0.05832621803784077,0.15553878528682819,0.09275543281146115,0.18996800006044856
1,30,stratified,3,4,0.01805314115654877,0.01394725639886052,0.1094402532352946,0.1414406507907039
1,30,stratified,3,5,0.02951121752771546,0.06949312837295196,0.08052488572307825,0.17952923162374568
1,30,stratified,5,0,0.018578736642100635,0.08683562715730198,0.07957814454422751,0.18499250834363012
1,30,stratified,5,1,-0.01249776226279986,0.026142364840673005,0.09032719447428095,0.10397179705215409
1,30,stratified,5,2,-0.058301759852696367,0.08268959463564551,0.11320327482066939,0.13759110960361853
1,30,stratified,5,3,0.03220855156687452,0.06122072013786928,0.11877530430803784,0.21220457601278164
1,30,stratified,5,4,-0.07343148148148149,0.11929351851851855,0.09303240740740748,0.13889444444444454
1,30,stratified,5,5,0.0023417266120170366,0.06093973981641754,0.049199499489635645,0.11248096591807022
1,50,random,1,0,0.03660841961832462,0.04187910368423797,-0.02146549723363944,0.05702202606892315
1,50,random,1,1,-0.05358442981633127,0.1233365108197163,0.01518907294958316,0.0849411539529682
1,50,random,1,2,-0.03426806262969251,0.0792652329749105,0.05084229390680994,0.09583946425202794
1,50,random,1,3,0.007775146552177037,0.06413862597482523,0.06408233192473112,0.13599610445173338
1,50,random,1,4,-0.006990579031877497,0.09561179219079363,0.10175958267698548,0.19038079583590162
1,50,random,1,5,0.01973899357237252,0.06376852891284945,0.021924884155448687,0.10543240664067066
1,50,random,3,0,0.011147069399496834,0.07408819382082221,0.07845401951537267,0.16368928273569172
1,50,random,3,1,0.01579986339310513,0.07665842271577517,0.09962451868587163,0.19208280479475193
1,50,random,3,2,-0.025218725669655884,0.11717399459713185,0.09109563604350202,0.18305090497097798
1,50,random,3,3,0.02512177004493865,0.08969130646877943,0.11240354482024595,0.22721662133396403
1,50,random,3,4,0.025454403738268017,0.07438609631971471,0.07308196091776153,0.17292246097574426
1,50,random,3,5,0.058039944706611335,0.019008532341865614,0.12289908956575624,0.19994756661423319
1,50,random,5,0,0.010718139400591187,0.026587130459245656,0.07488446212189914,0.11218973198173599
1,50,random,5,1,0.015590147998552961,0.08996808687002666,0.1194660673378346,0.22502430220641423
1,50,random,5,2,-0.02869226670883762,0.07986975945599428,0.0465641008262877,0.09774159357344436
1,50,random,5,3,2.051259100110947e-05,0.1542453604248719,0.033900786191669696,0.18816665920754272
1,50,random,5,4,-0.07758348922771408,0.10201816366172767,0.11776931658798018,0.14220399102199377
1,50,random,5,5,0.0013305212435852365,0.03727044545888525,0.1310418904403866,0.1696428571428571
1,50,clustered,1,0,-0.009749873725756864,0.061496964723952385,-0.13985459215766538,-0.08810750115946986
1,50,clustered,1,1,-0.055883126745793876,0.11510436977894567,-0.011335414447009251,0.04788582858614254
1,50,clustered,1,2,-0.012119627811117195,-0.017729549311996218,0.024651262350730563,-0.00519791477238285
1,50,clustered,1,3,-0.026530669800234885,0.03125546415981195,-0.07618331374853116,-0.07145851938895409
1,50,clustered,1,4,-0.03671674105094408,0.1632396210053959,0.04866473511019043,0.17518761506464225
1,50,clustered,1,5,0.030066652155311457,0.036664314826351574,0.056561446832146256,0.12329241381380929
1,50,clustered,3,0,-0.06235479827290047,0.0002590649519477184,0.11267746877756624,0.050581735456613486
1,50,clustered,3,1,-0.0019001445206983103,0.011385734066782227,-0.0016646363147978516,0.007820953231286065
1,50,clustered,3,2,-0.03292761335485139,-0.08410799352972675,0.029172742584292366,-0.08786286430028578
1,50,clustered,3,3,0.05131533337352279,0.041314692850253354,0.046518002471666264,0.1391480286954424
1,50,clustered,3,4,-0.02062318685666814,0.06557132650363146,0.0940387316482234,0.13898687129518672
1,50,clustered,3,5,-0.010328139205839415,0.010789233449412516,0.09217236744005308,0.09263346168362618
1,50,clustered,5,0,-0.04493938268556097,0.11441600576104838,0.01884688543318147,0.08832350850866888
1,50,clustered,5,1,-0.05003661720990038,0.09270460925012836,0.07927014087742001,0.12193813291764799
1,50,clustered,5,2,-0.03654268694274143,0.06606666162409058,0.06296086530603207,0.09248483998738122
1,50,clustered,5,3,-0.022671606695395474,0.024301966786590246,0.017620502625331547,0.019250862716526318
1,50,clustered,5,4,-0.01585894495623763,0.029670002262148,0.08622002423992747,0.10003108154583784
1,50,clustered,5,5,-0.03208891846383466,0.11421882927331412,0.10836409291108162,0.19049400372056108
1,50,stratified,1,0,0.00785575538142358,0.07247248173156984,0.03670298014682705,0.11703121725982046
1,50,stratified,1,1,0.02101476099251265,0.07339949321101202,0.10614424405248013,0.2005584982560048
1,50,stratified,1,2,-0.03829348575119551,0.14317997037014774,0.08986219677751872,0.19474868139647095
1,50,stratified,1,3,0.039124190331211284,0.08803134066043339,0.01665044301098295,0.14380597400262762
1,50,stratified,1,4,-0.019058989424206807,0.05038589894242074,0.048062044653348956,0.07938895417156289
1,50,stratified,1,5,0.0035512025231029254,0.09206891766266989,0.07197553700531734,0.16759565719109015
1,50,stratified,3,0,0.011308208573833634,0.06905738936988937,0.08932611081048558,0.16969170875420858
1,50,stratified,3,1,0.04502315010154534,0.12096560958183544,0.1399123127785935,0.3059010724619743
1,50,stratified,3,2,0.03640114119168325,0.11993988032041436,0.042556784362166145,0.19889780587426376
1,50,stratified,3,3,-0.018798475829725825,0.06712305345117842,0.07996632996633002,0.1282909075877826
1,50,stratified,3,4,-0.03110438462000964,0.13005332341269837,0.11076821037758522,0.20971714917027395
1,50,stratified,3,5,0.06425617143536722,0.07402890857573263,0.1199090495508165,0.25819412956191634
1,50,stratified,5,0,0.016299614749999525,0.08593491016764077,0.09111153146707784,0.19334605638471813
1,50,stratified,5,1,-0.05585124657597851,0.04507823018710255,0.15846696689725615,0.1476939505083802
1,50,stratified,5,2,-0.05227822324042242,0.11324577559164173,0.09073681018799262,0.15170436253921193
1,50,stratified,5,3,-0.03734972919679003,0.12492011635206501,0.09700561212082359,0.18457599927609858
1,50,stratified,5,4,-0.01126298533991521,0.10314056653796455,0.048385560974152586,0.14026314217220193
1,50,stratified,5,5,-0.06391831189767139,0.11625044651202376,0.05741913273946475,0.10975126735381713
1,100,random,1,0,0.06335217982234786,0.08713712947367813,0.05672566354952924,0.20721497284555523
1,100,random,1,1,0.06383736436927911,0.032990846820634134,0.06196960053343026,0.1587978117233435
1,100,random,1,2,0.02009167546361812,0.0963771533813983,0.06753157544040922,0.18400040428542563
1,100,random,1,3,-0.027389783249158195,0.0641684704184704,0.07410883387445888,0.11088752104377109
1,100,random,1,4,-0.004934929724102144,0.05962898111778914,0.10309876484785374,0.15779281624154073
1,100,random,1,5,0.07241973912845534,0.0791226885400147,0.04657255157865969,0.19811497924712973
1,100,random,3,0,0.042613567933236896,0.09934889632925015,0.06379759829089926,0.2057600625533863
1,100,random,3,1,0.02531203148425787,0.11221139430284854,0.0681343703148426,0.205657796101949
1,100,random,3,2,0.0006112054329371341,0.11873420109413324,0.10123184304848121,0.22057724957555158
1,100,random,3,3,0.014406736861007463,0.07878438715252767,0.0978187878663177,0.19100991187985283
1,100,random,3,4,0.038782229839403604,0.09337885133972124,0.09679640347289187,0.2289574846520167
1,100,random,3,5,0.006117589561738357,0.12179676607868117,0.08576180517669862,0.21367616081711815
1,100,random,5,0,-0.0025941648136917905,0.13428639879013848,0.09525788169410565,0.22695011567055234
1,100,random,5,1,-0.01057009118518104,0.05540673265982854,0.11031672570358864,0.15515336717823613
1,100,random,5,2,0.008142803598200965,0.09735944527736129,0.0658124062968517,0.17131465517241395
1,100,random,5,3,0.014694947062781183,0.10713333917279644,0.06266178885122231,0.18449007508679993
1,100,random,5,4,-0.12071749613049176,0.17949588492677704,0.0950261935944755,0.15380458239076078
1,100,random,5,5,0.021153263261736832,0.07346504233100082,0.07966455246992021,0.17428285806265786
1,100,clustered,1,0,-0.006018778437499539,0.10801949297840702,0.1246098852386811,0.22661059977958858
1,100,clustered,1,1,0.0006444640064464657,0.08750293589158509,0.03628475570517731,0.12443215560320886
1,100,clustered,1,2,0.06325369928268154,-0.0451074122921733,0.08819939490735335,0.10634568189786159
1,100,clustered,1,3,0.016677042067534398,0.02713355970571596,0.08311827956989237,0.12692888134314273
1,100,clustered,1,4,0.03045591536236958,0.11051287860470527,0.07692036759568288,0.21788916156275773
1,100,clustered,1,5,0.03185975041907252,0.07738498789346249,0.06996833674799763,0.17921307506053263
1,100,clustered,3,0,0.03845748355990819,0.11226798902801549,0.03338190526214713,0.1841073778500708
1,100,clustered,3,1,0.007555317709843079,0.08955169799540652,0.11690674218268049,0.2140137578879301
1,100,clustered,3,2,0.06194246626686656,0.0387659295352325,0.10284857571214379,0.20355697151424285
1,100,clustered,3,3,0.017527198178354575,0.04725357929515417,0.1171605250625074,0.18194130253601615
1,100,clustered,3,4,0.09233571411286651,0.1148451562584345,0.09659468484919564,0.30377555522049665
1,100,clustered,3,5,0.17231680376028202,0.07543689776733253,0.15629048178613392,0.4040441833137485
1,100,clustered,5,0,0.09066069532296056,0.10734567616233437,0.06176185419456104,0.25976822567985597
1,100,clustered,5,1,0.03675618382484902,0.12487849195429801,0.06836323054375792,0.22999790632290495
1,100,clustered,5,2,0.07566109422492406,0.08668882978723402,0.12672492401215807,0.28907484802431616
1,100,clustered,5,3,0.019772783017816264,0.03833589760742062,0.09026988055685647,0.14837856118209336
1,100,clustered,5,4,-0.04710539904756439,0.003660010475681097,0.14330953786699585,0.09986414929511256
1,100,clustered,5,5,0.061106395019807525,0.07982267496698747,0.04829088851160146,0.18921995849839646
1,100,stratified,1,0,0.017572113394691447,0.11581979364995743,0.03812151473875125,0.17151342178340012
1,100,stratified,1,1,0.014162276398789642,0.12016007228583137,0.04306621223377216,0.17738856091839317
1,100,stratified,1,2,-0.019406435535806787,0.11131866935877333,0.07408766109480658,0.16599989491777312
1,100,stratified,1,3,0.0075671843639579794,0.1247776420612372,0.046829376874025996,0.17917420329922118
1,100,stratified,1,4,0.013775651783236698,0.11482824560774263,0.06521890968948851,0.19382280708046784
1,100,stratified,1,5,0.008285972273861963,0.11720249793230086,0.042274962250263726,0.16776343245642655
1,100,stratified,3,0,0.034254886186171896,0.10950451942643513,0.10660262174057089,0.2503620273531779
1,100,stratified,3,1,0.011059707557889986,0.11740203640851599,0.07884310021748775,0.20730484418389372
1,100,stratified,3,2,0.008867033655567291,0.09815368033178185,0.08710765007757493,0.19412836406492406
1,100,stratified,3,3,0.01955630625608551,0.10561092901048752,0.10238143019599977,0.2275486654625728
1,100,stratified,3,4,0.03558214676170457,0.09457318113712132,0.0910467521410796,0.2212020800399055
1,100,stratified,3,5,0.021356309293930065,0.09669060684928366,0.10543920440234766,0.22348612054556138
1,100,stratified,5,0,-0.006798062310030439,0.12911284194528883,0.09047777355623099,0.21279255319148938
1,100,stratified,5,1,-0.011207690407205484,0.12281947907074242,0.10738270107584857,0.2189944897393855
1,100,stratified,5,2,-0.003488192941317969,0.09908797799422808,0.08858018428330927,0.18417996933621938
1,100,stratified,5,3,-0.005726962776143152,0.09216384101630015,0.12341506702162441,0.20985194526178141
1,100,stratified,5,4,-0.020003015529979518,0.11358310111891057,0.0887645448131954,0.18234463040212645
1,100,stratified,5,5,0.009614090446850576,0.10465114105401685,0.10541103367829152,0.21967626517915895
1,200,random,1,0,0.0509593881896796,0.11244189862693776,0.07732634463177634,0.2407276314483937
1,200,random,1,1,0.021345029239766222,0.13104414261460096,0.04131956234672696,0.19370873420109413
1,200,random,1,2,0.01698174364841032,0.1357042757042758,0.06263596930263593,0.21532198865532204
1,200,random,1,3,0.012908594269479767,0.14122004019827106,0.043328371516653585,0.1974570059844044
1,200,random,1,4,0.029654255319149003,0.11688069908814591,0.06473499240121572,0.21126994680851063
1,200,random,1,5,0.06730313037379576,0.11397088469205408,0.04024217125261831,0.22151618631846814
1,200,random,3,0,0.026692513608901236,0.15805953520368476,0.02786740294311174,0.21261945175569774
1,200,random,3,1,0.0015972938192819752,0.12565189906758678,0.09491104823112395,0.2221602411179927
1,200,random,3,2,0.009450383141402674,0.11910055185130253,0.0974057919038025,0.2259567268965077
1,200,random,3,3,0.019857500867200506,0.11691810844551298,0.06055934897818738,0.19733495829090086
1,200,random,3,4,0.03989806764094339,0.15224424303682493,0.04371029319514008,0.2358526038729084
1,200,random,3,5,0.04248125937031477,0.14588174662668685,0.04157140179910035,0.22993440779610197
1,200,random,5,0,0.022755634196312102,0.12393183088098336,0.07441516111007629,0.22110262618737175
1,200,random,5,1,0.03919858830324474,0.12429044798118749,0.04459652814110959,0.20808556442554182
1,200,random,5,2,0.03202504960317487,0.11627435064935054,0.09236806307118806,0.24066746332371347
1,200,random,5,3,0.02537157757496733,0.15066958465263558,0.048712981933320965,0.22475414416092387
1,200,random,5,4,0.0017255532659864459,0.14623179746062598,0.06436295067747055,0.21232030140408298
1,200,random,5,5,-0.0025298979493240115,0.1432676656186589,0.06566399833508019,0.20640176600441507
1,200,clustered,1,0,0.08693676523881322,0.16526810509772416,0.09460428750345029,0.34680915783998767
1,200,clustered,1,1,0.030127668949447628,0.19577523692877574,0.023781562497666275,0.24968446837588965
1,200,clustered,1,2,0.010468292461467521,0.04713663637532994,0.04014516385317901,0.09775009268997648
1,200,clustered,1,3,0.046396176911544074,0.1237247001499252,0.06372376311844075,0.23384464017991002
1,200,clustered,1,4,0.07828552387084386,0.14172648732705662,0.08184652400074566,0.30185853519864614
1,200,clustered,1,5,-0.04210066848118654,0.12877235748040905,0.05710597744810664,0.14377766644732914
1,200,clustered,3,0,0.029021658038760223,0.07462142568325603,0.10564392278355828,0.20928700650557452
1,200,clustered,3,1,-0.011883180785651426,0.208290479396814,0.05568853635616966,0.25209583496733223
1,200,clustered,3,2,0.038752368220938416,0.10628966014751307,0.07375834571284612,0.2188003740812976
1,200,clustered,3,3,0.04407129669984344,0.12718406467506282,0.07648177833976477,0.24773713971467104
1,200,clustered,3,4,0.09135630942785034,0.10700741308455675,0.009557536824738255,0.20792125933714534
1,200,clustered,3,5,0.02424519757853094,0.17110729777396438,0.08401735068401728,0.2793698460365126
1,200,clustered,5,0,-0.001815021072782419,0.1254284546878428,0.06203607720885895,0.18564951082391934
1,200,clustered,5,1,0.02630274386437037,0.06311465786025916,0.10121715534897935,0.19063455707360888
1,200,clustered,5,2,0.03176747672753322,0.09745065789473673,0.11322017842224608,0.24243831304451602
1,200,clustered,5,3,0.047374555076070024,0.13751646751244684,0.10152047715485857,0.28641149974337543
1,200,clustered,5,4,0.11986020966680638,0.13973892594365012,0.046281479930609604,0.3058806155410661
1,200,clustered,5,5,0.08395271280732197,0.22706956242148718,0.1365965409463421,0.44761881617515126
1,200,stratified,1,0,0.04800850778865984,0.10307227815446429,0.06320628724060007,0.2142870731837242
1,200,stratified,1,1,0.055138145598931154,0.1079719880806731,0.04999568412282607,0.21310581780243032
1,200,stratified,1,2,0.04113817688158017,0.12059143287937191,0.05544706715160996,0.21717667691256204
1,200,stratified,1,3,0.014435087758932541,0.1242405929540581,0.06449712051297984,0.20317280122597048
1,200,stratified,1,4,0.040110318477589835,0.13005838724352936,0.03155516207037812,0.2017238677914973
1,200,stratified,1,5,0.03130824372759866,0.14935766836445952,0.04923599320882854,0.22990190530088672
1,200,stratified,3,0,0.047696581324400134,0.12303998175509967,0.04445418585870664,0.21519074893820644
1,200,stratified,3,1,0.032834442951609644,0.11559607893176405,0.06312720954146633,0.21155773142484002
1,200,stratified,3,2,0.05795606455515634,0.1277613684737232,0.034814900560862116,0.22053233358974167
1,200,stratified,3,3,0.03929765412778741,0.12454435108610085,0.05164996347257811,0.21549196868646636
1,200,stratified,3,4,0.050150120828959865,0.1309853521877835,0.04254550097545684,0.22368097399220022
1,200,stratified,3,5,0.07737054244946684,0.11443548326565545,0.04147557964106918,0.23328160535619147
1,200,stratified,5,0,0.013809970014992512,0.12922694902548726,0.05474325337331343,0.1977801724137932
1,200,stratified,5,1,0.023749325939346644,0.11110012296359051,0.06602995534872946,0.20087940425166662
1,200,stratified,5,2,0.025043873903152325,0.1244161753099029,0.030771159292446337,0.18023120850550156
1,200,stratified,5,3,0.03955032306186024,0.12758120966353814,0.07546192015902298,0.24259345288442136
1,200,stratified,5,4,0.021556625861261725,0.14472168335302993,0.04165923398815219,0.20793754320244384
1,200,stratified,5,5,0.024294832583745207,0.14116363081968797,0.04639574900855448,0.21185421241198765
1,500,random,1,0,0.07942832804883826,0.1322275330083763,0.0370611897212626,0.24871705077847717
1,500,random,1,1,0.06787964534993396,0.11341350688549334,0.030456517638181357,0.21174966987360866
1,500,random,1,2,0.03785199775765802,0.15301679452622863,0.04058485190560657,0.2314536441894932
1,500,random,1,3,0.07110647488697597,0.13175822134142567,0.04003549420945085,0.2429001904378525
1,500,random,1,4,0.0814470607819251,0.13285689424262825,0.031724563222130686,0.24602851824668404
1,500,random,1,5,0.08144583958020979,0.12514898800599705,0.020118065967016485,0.22671289355322333
1,500,random,3,0,0.08733819036427726,0.12823125734430085,0.02288225616921269,0.2384517038777908
1,500,random,3,1,0.07098520606309522,0.1308454240809811,0.022210595601761862,0.22404122574583818
1,500,random,3,2,0.07439017336186915,0.12327239887224306,0.0485081101858259,0.2461706824199381
1,500,random,3,3,0.07802955810431123,0.12273937323240791,0.04207260940391233,0.24284154074063147
1,500,random,3,4,0.0807169610026216,0.1325404011929101,0.02071456910772851,0.23397193130326022
1,500,random,3,5,0.07993563958165739,0.11895982206237266,0.032148975438928806,0.23104443708295885
1,500,random,5,0,0.049729118495890345,0.13760011551610007,0.035513699721898884,0.2228429337338893
1,500,random,5,1,0.06038223346116156,0.14400101605403282,0.0313744595104366,0.23575770902563098
1,500,random,5,2,0.03128667682966657,0.14638918069676865,0.04689782826520572,0.22457368579164094
1,500,random,5,3,0.044464360870610786,0.1449887641293892,0.05380535263347752,0.24325847763347752
1,500,random,5,4,0.036273451394163714,0.14277188536243102,0.023197132405546106,0.20224246916214084
1,500,random,5,5,0.037609852899486595,0.14643810716714312,0.04237639869631027,0.22642435876293998
1,500,clustered,1,0,0.047899276891090414,0.1325368433926497,0.045712178193603514,0.22614829847734363
1,500,clustered,1,1,0.104559731120064,0.1488810734649847,0.0364499629409476,0.2898907675259963
1,500,clustered,1,2,0.05198166028250839,0.13528928138710583,0.04517575876159874,0.23244670043121296
1,500,clustered,1,3,0.047307492988659994,0.12256889403731264,0.06525404676258961,0.23513043378856224
1,500,clustered,1,4,0.08877248875562227,0.15453616941529236,0.03029235382308837,0.273601011994003
1,500,clustered,1,5,0.07188361122787357,0.1264424828359254,0.04471906963710237,0.24304516370090135
1,500,clustered,3,0,0.1272788817725794,0.12900101166764522,0.03011384607734957,0.2863937395175742
1,500,clustered,3,1,0.07430489690144204,0.14589416807940203,0.031619442722608415,0.2518185077034525
1,500,clustered,3,2,0.10489667277362813,0.14953758526715366,0.024906153511075835,0.2793404115518576
1,500,clustered,3,3,0.07022377356281473,0.1259311702376772,0.07281879317410134,0.26897373697459326
1,500,clustered,3,4,0.07578191195431927,0.14710259716338192,0.0353315527721495,0.2582160618898507
1,500,clustered,3,5,0.12226070426602464,0.1630926813782393,0.02717828873262329,0.3125316743768872
1,500,clustered,5,0,0.019291659341677203,0.19771895102370285,0.055515858838473875,0.2725264692038539
1,500,clustered,5,1,0.035777211846821366,0.143049424636861,0.044373703074891524,0.22320033955857388
1,500,clustered,5,2,0.03341027289195353,0.13270521679424996,0.05059932507450471,0.2167148147607082
1,500,clustered,5,3,0.05069770372003657,0.14860227645409751,0.0555077923064522,0.2548077724805863
1,500,clustered,5,4,0.04973605657968616,0.12555702345196118,0.05815093227891843,0.23344401231056577
1,500,clustered,5,5,0.11388911497680321,0.1686952918630551,0.03851397346632213,0.32109838030618043
1,500,stratified,1,0,0.0819787317666425,0.12673712819524074,0.030391400751952125,0.23910726071383537
1,500,stratified,1,1,0.07850878098882585,0.11972675943677002,0.03144745019912831,0.2296829906247242
1,500,stratified,1,2,0.08663445812858772,0.11848654921127877,0.03699506732435687,0.24211607466422336
1,500,stratified,1,3,0.07619468213382252,0.1220410719744065,0.03230137700441982,0.23053713111264884
1,500,stratified,1,4,0.0977035859049935,0.11693756462321436,0.03004943496051138,0.24469058548871925
1,500,stratified,1,5,0.07616763624306733,0.12861142090667965,0.030101767844224803,0.23488082499397178
1,500,stratified,3,0,0.1030524600190954,0.11847606367108243,0.018057606814655847,0.23958613050483368
1,500,stratified,3,1,0.09138429918669921,0.09695945122351424,0.033884097596102336,0.2222278480063158
1,500,stratified,3,2,0.10136220043166233,0.11497953712070841,0.04193863376673823,0.25828037131910897
1,500,stratified,3,3,0.05423435114929609,0.13946148654553026,0.032505284920916755,0.2262011226157431
1,500,stratified,3,4,0.0897817469561798,0.12362578483317466,0.01849215120233927,0.23189968299169372
1,500,stratified,3,5,0.09662481259370304,0.12038793103448286,0.0274006746626686,0.2444134182908545
1,500,stratified,5,0,0.0551786143081312,0.14398318004389288,0.032135870101392516,0.2312976644534166
1,500,stratified,5,1,0.062217045241154234,0.14476314072112895,0.03177088078296786,0.23875106674525104
1,500,stratified,5,2,0.0630382490942566,0.13622713369365091,0.030948394904080523,0.23021377769198803
1,500,stratified,5,3,0.0549398148148148,0.1455666666666665,0.03646574074074094,0.23697222222222225
1,500,stratified,5,4,0.056920566757332036,0.1447354319418166,0.03049609744560078,0.2321520961447494
1,500,stratified,5,5,0.06288509048696278,0.14116170823907592,0.024452315751875342,0.22849911447791404
2,30,random,1,0,0.015116219160336786,0.1824940749573103,0.02208642465995414,0.21969671877760122
2,30,random,1,1,0.07146977463717763,0.17002691318671248,0.04598278080454865,0.28747946862843876
2,30,random,1,2,0.003066666666666551,0.15648796296296297,0.00014166666666659555,0.15969629629629611
2,30,random,1,3,-0.0231124488936989,0.2512692024410774,0.041565205627705715,0.26972195917508424
2,30,random,1,4,0.0053229785729752566,0.15750815752018787,0.14415814206578226,0.3069892781589454
2,30,random,1,5,-0.03337666558336039,0.2244570314313571,0.03152235479827303,0.22260272064626974
2,30,random,3,0,-0.06208412207396474,0.11130061406343805,0.04484509903504319,0.0940615910245165
2,30,random,3,1,0.02316348973607041,0.07841000733137826,0.03913031524926691,0.14070381231671558
2,30,random,3,2,0.0065888578633646055,0.1129990976451688,-0.001794518796588318,0.11779343671194509
2,30,random,3,3,-0.020879845128630614,0.15418977000249723,0.023328344953067348,0.15663826982693396
2,30,random,3,4,-0.006634391744685719,0.09585136607195432,0.06301614114114107,0.15223311546840967
2,30,random,3,5,-0.0029340428646337235,0.08959253213365215,0.04546608387267714,0.13212457314169557
2,30,random,5,0,-0.030352608837678652,0.22560989190473335,0.05225377887984817,0.24751106194690287
2,30,random,5,1,-0.006186661359075307,0.19485956075994382,0.029573236469788378,0.2182461358706569
2,30,random,5,2,0.011258912061440807,0.15426426163069495,0.07886089813800656,0.24438407183014232
2,30,random,5,3,-0.0010139596302585208,0.1676664780230146,0.025227315600829914,0.191879833993586
2,30,random,5,4,-0.0355886387774369,0.2324029752773189,0.04915956160018886,0.24597389810007086
2,30,random,5,5,-0.02649436202667932,0.19937414009690735,0.09106093348088784,0.26394071155111587
2,30,clustered,1,0,0.11178304846184373,0.21965238940173248,-0.09181584050191283,0.23961959736166338
2,30,clustered,1,1,-0.04731015698912022,0.12398925319299925,-0.006629907757805253,0.07004918844607377
2,30,clustered,1,2,0.1726880140582162,0.20453866009449906,-0.036775214373213516,0.34045145977950175
2,30,clustered,1,3,-0.010729244362843615,0.1822102206370918,0.054187588724021296,0.22566856499826948
2,30,clustered,1,4,-0.07085477181547917,-0.031452206539890226,0.2816409404880914,0.179333962132722
2,30,clustered,1,5,-0.08609934962495547,0.08233681092987277,0.150008557566377,0.1462460188712943
2,30,clustered,3,0,-0.022869672447868528,0.012731770356689265,0.000659097674023168,-0.009478804417156095
2,30,clustered,3,1,0.06618345505488965,0.21675347939920075,0.008247668917367168,0.2911846033714576
2,30,clustered,3,2,-0.06435418166607765,0.08762555547946627,0.04383498766423777,0.06710636147762639
2,30,clustered,3,3,0.011877631355023066,0.22379373876240305,0.04532867427801912,0.28100004439544524
2,30,clustered,3,4,-0.07881927338769557,0.1437480239115888,-0.01861291461092207,0.04631583591297117
2,30,clustered,3,5,-0.018658426407238138,0.07592342843675126,-0.1365600408521337,-0.07929503882262057
2,30,clustered,5,0,0.03826658340506206,0.1963164241016091,0.0025550436092031115,0.23713805111587427
2,30,clustered,5,1,0.06268534885759358,0.21222535499328,0.1251698270320808,0.40008053088295437
2,30,clustered,5,2,0.07115092592592587,0.15025555555555536,0.07447685185185204,0.2958833333333333
2,30,clustered,5,3,0.05481785862689881,0.28747402927189625,0.04036382104436931,0.38265570894316436
2,30,clustered,5,4,-0.02133700952655304,0.18014126159020305,-0.019514188821404654,0.13929006324224535
2,30,clustered,5,5,0.020182602744022282,0.23988794412333891,-0.018157885512617877,0.24191266135474332
2,30,stratified,1,0,0.002731239692777221,0.23476204376304965,0.020014836822837667,0.25750812027866454
2,30,stratified,1,1,-0.03985978360623166,0.21515602384267207,0.026449659850183216,0.20174590008662363
2,30,stratified,1,2,-0.04893989750075356,0.20934588716259428,0.03255766501716917,0.1929636546790099
2,30,stratified,1,3,0.0011827768276561068,0.17381965033868307,0.03221129789919419,0.20721372506553337
2,30,stratified,1,4,-0.009857504826031538,0.17448949563112293,0.053065062123009654,0.21769705292810104
2,30,stratified,1,5,0.012470804754020848,0.13857578938032178,0.03662709910122974,0.18767369323557237
2,30,stratified,3,0,-0.06900032629088826,0.12023819234847855,0.09424059503592919,0.14547846109351947
2,30,stratified,3,1,-0.07877797996998648,0.14542071746699536,0.06531272085788853,0.13195545835489741
2,30,stratified,3,2,-0.011551139792933762,0.15048423789405263,0.054870699661079936,0.1938037977621988
2,30,stratified,3,3,-0.06398494167118596,0.13377222611924156,0.03693695527846608,0.10672423972652167
2,30,stratified,3,4,-0.06148928342309268,0.21011349791362777,0.09105716308831158,0.23968137757884667
2,30,stratified,3,5,-0.05393835616438336,0.18475204881258578,0.06979328677394281,0.20060697942214523
2,30,stratified,5,0,-0.009744164637405683,0.17502190117004213,0.05134803557640888,0.21662577210904532
2,30,stratified,5,1,-0.08409906498526609,0.2679205044935351,0.04754840567060148,0.2313698451788705
2,30,stratified,5,2,0.010874638725625774,0.2003093703557105,0.038294150155712026,0.2494781592370483
2,30,stratified,5,3,-0.08607081179244325,0.1643052842655507,0.13834770010999997,0.2165821725831074
2,30,stratified,5,4,-0.006329629629629796,0.19520648148148156,0.023146296296296387,0.21202314814814816
2,30,stratified,5,5,0.009908345715287314,0.19335418324550036,0.04809299357622354,0.2513555225370112
2,50,random,1,0,-0.04881980989829704,0.14417462452696328,0.052219762594607144,0.14757457722327338
2,50,random,1,1,-0.05469185338971516,0.2332070394107857,0.0321807226894828,0.21069590871055333
2,50,random,1,2,-0.01871920083840628,0.17551155409875063,0.015006577920485209,0.17179893118082956
2,50,random,1,3,0.006645171726678556,0.21145340843082017,0.02536286497893414,0.24346144513643286
2,50,random,1,4,0.012247220908230716,0.14738517768448445,0.014843380439924392,0.17447577903263956
2,50,random,1,5,0.011309821400569242,0.18436457086141345,0.02358910877389775,0.21926350103588044
2,50,random,3,0,-0.01876262207619961,0.14550993187846628,0.042161502290812614,0.16890881209307929
2,50,random,3,1,-0.021838899744701212,0.10012802371807827,0.03252158060627852,0.11081070457965558
2,50,random,3,2,-0.03674692481039765,0.1574177017122237,0.058005600101819876,0.17867637700364591
2,50,random,3,3,0.005279343163813177,0.1260098056896798,0.031584026059261805,0.16287317491275477
2,50,random,3,4,-0.007338066021367218,0.09809068155137668,0.028654543306679492,0.11940715883668895
2,50,random,3,5,0.009387548351446062,0.08142107202062976,0.022435991895376817,0.11324461226745264
2,50,random,5,0,-0.02791933981788086,0.2488839285714286,0.05356311346972553,0.2745277022232733
2,50,random,5,1,0.02610783708130926,0.1676831926335256,0.08018868799516232,0.2739797177099972
2,50,random,5,2,0.002800846707576188,0.2538942648100071,0.0424229628864764,0.2991180744040597
2,50,random,5,3,-0.004205816063692636,0.19589974095539153,0.043225324903407025,0.23491924979510592
2,50,random,5,4,0.03062356456396198,0.1616523959239191,0.041071123300703616,0.2333470837885847
2,50,random,5,5,0.005535528453458616,0.18802734916035901,0.032415830020438796,0.22597870763425643
2,50,clustered,1,0,0.14742004439234468,0.1601078312792712,-0.006110004305051042,0.30141787136656484
2,50,clustered,1,1,0.0011273663531372602,0.15276093136087632,0.031027689308250728,0.1849159870222643
2,50,clustered,1,2,-0.009783181571983768,0.1584977541265532,-0.09272730920105998,0.05598726335350945
2,50,clustered,1,3,0.04473796097386329,0.16794124448024816,-0.019211906253729483,0.19346729920038197
2,50,clustered,1,4,0.024533278513099055,0.18485034259587263,0.0015106156079814914,0.21089423671695318
2,50,clustered,1,5,-0.04835942225972911,0.21155368518532347,-0.03642336502341281,0.12677089790218155
2,50,clustered,3,0,-0.028549190132577507,0.08218014350395919,0.0151296656812554,0.06876061905263708
2,50,clustered,3,1,-0.002111888345381341,0.18458664678134118,0.02688228889000177,0.2093570473259616
2,50,clustered,3,2,-0.033955632782652456,0.11048176448070623,0.035778621771536234,0.11230475346959001
2,50,clustered,3,3,-0.006119396094002472,0.13701832956276838,-0.00560136663742572,0.1252975668313402
2,50,clustered,3,4,-0.008279371298678062,0.14974371149129628,-0.006295986121911734,0.1351683540707065
2,50,clustered,3,5,-0.05160865115796165,0.25230257547330703,0.034010263331578416,0.2347041876469238
2,50,clustered,5,0,0.01210176161919052,0.2081727886056971,0.04652455022488755,0.2667991004497752
2,50,clustered,5,1,0.07724775584490406,0.23886900942928602,0.056385858128620625,0.3725026234028107
2,50,clustered,5,2,0.0036122817579771205,0.19219791736348035,0.1132377862510312,0.3090479853724887
2,50,clustered,5,3,0.023634829925945566,0.19989700312313108,0.08762486986953733,0.31115670291861397
2,50,clustered,5,4,0.02808510159199573,0.21988362143377194,0.0460945064512982,0.29406322947706587
2,50,clustered,5,5,0.031762979531483326,0.16350794496693655,0.09222560403515767,0.28749652853357754
2,50,stratified,1,0,0.01545962186613048,0.16804728151608328,-0.000687381740775761,0.182819521641438
2,50,stratified,1,1,0.04168344969566762,0.1874291383219956,0.04696730665950588,0.2760798946771691
2,50,stratified,1,2,0.030142274627568688,0.1740665297650591,0.040343652476005354,0.24455245686863314
2,50,stratified,1,3,-0.024771226741770125,0.17182141373101245,0.030233159425642753,0.17728334641488508
2,50,stratified,1,4,0.007656359486584385,0.22661941290822118,0.0061721696942054205,0.240447942089011
2,50,stratified,1,5,-0.008831561908703822,0.1803296106315042,0.003511744619205448,0.17500979334200584
2,50,stratified,3,0,-0.04300219452717824,0.12658557824034777,0.03914004854952302,0.12272343226269256
2,50,stratified,3,1,0.011974400000000052,0.09100708571428573,0.027048228571428523,0.1300297142857143
2,50,stratified,3,2,-0.02908915529833267,0.10020577832896971,0.03295484819254957,0.1040714712231866
2,50,stratified,3,3,-0.03735284706512687,0.1296945692939636,0.032691763900464244,0.12503348612930099
2,50,stratified,3,4,-0.03141866200042831,0.11586871774425767,0.030043524486676798,0.11449358023050615
2,50,stratified,3,5,-0.008336836077098342,0.1181611604758348,0.023758697970488796,0.13358302236922526
2,50,stratified,5,0,-0.037275326797385655,0.23346692280515824,0.04010536271565668,0.23629695872342926
2,50,stratified,5,1,-0.006330050536815013,0.20554443614085205,0.0382272528838542,0.23744163848789124
2,50,stratified,5,2,0.013631341164799582,0.21573240002295002,0.03547665274227807,0.2648403939300277
2,50,stratified,5,3,0.04195309547875259,0.17840768848458455,0.038676964143114945,0.2590377481064521
2,50,stratified,5,4,0.029784663241670173,0.14811872661400483,0.05162644028033503,0.22952983013601003
2,50,stratified,5,5,-0.02324761069301451,0.23356110623759185,0.023224525601366675,0.23353802114594402
2,100,random,1,0,-0.006340571318457111,0.15892747624138637,0.033082329224252915,0.18566923414718217
2,100,random,1,1,0.05702722590139808,0.14423763016478242,0.011475126541351743,0.21273998260753224
2,100,random,1,2,0.02085792265688846,0.13532543139787157,0.023464004936084804,0.17964735899084483
2,100,random,1,3,0.02054030906446358,0.21181086229428336,0.019777984509860236,0.2521291558686072
2,100,random,1,4,0.027553174763605304,0.13957486392800733,0.0131720309353216,0.18030006962693423
2,100,random,1,5,0.03166579389898527,0.15441073430493257,0.022455636358272413,0.20853216456219026
2,100,random,3,0,-0.009729328637561707,0.11929917823997149,0.024264255284588976,0.13383410488699876
2,100,random,3,1,-0.009326986338480503,0.12764112572541686,0.012549320978439749,0.1308634603653761
2,100,random,3,2,0.016476601428057736,0.09747264601633532,0.018612083452582917,0.13256133089697597
2,100,random,3,3,-0.009103701176871981,0.08477908623719865,0.02120241900199482,0.0968778040623215
2,100,random,3,4,-0.0071451833883611204,0.13102778339285315,0.02550086472160451,0.14938346472609654
2,100,random,3,5,-0.005064588040141316,0.09660903406915888,0.021566250591087632,0.1131106966201052
2,100,random,5,0,-0.022614183271659316,0.2023049855764596,0.016254291837536905,0.19594509414233718
2,100,random,5,1,-0.03803969769576909,0.22964640057007224,0.043292695571194306,0.23489939844549745
2,100,random,5,2,-0.006887675910596025,0.20470302152317876,0.01803637949385084,0.21585172510643358
2,100,random,5,3,0.0255984297831775,0.1821228642223175,0.01886170517605945,0.22658299918155445
2,100,random,5,4,0.004949167215443584,0.22012833983233315,0.023613752229021623,0.24869125927679836
2,100,random,5,5,0.032454252182587906,0.17298107159184073,0.023439799074216228,0.22887512284864486
2,100,clustered,1,0,-0.018483547185430438,0.17521212748344372,0.01676786453405854,0.17349644483207183
2,100,clustered,1,1,-0.041317189754689676,0.24947766354016343,0.02430649500962012,0.23246696879509388
2,100,clustered,1,2,0.027096150303923427,0.23270583901270947,0.03493276846564741,0.2947347577822803
2,100,clustered,1,3,0.018367103227840853,0.22816743200150758,-0.014007400206369702,0.23252713502297873
2,100,clustered,1,4,0.022147392404214927,0.16019444584052323,0.05765618863070743,0.23999802687544558
2,100,clustered,1,5,0.0006755465033344565,0.18331574767832592,0.022194689744928442,0.20618598392658882
2,100,clustered,3,0,-0.010863054924357796,0.09981589291934112,0.0426219870664315,0.13157482506141482
2,100,clustered,3,1,-0.04210221535903058,0.07808138326305147,0.05441234335095302,0.09039151125497391
2,100,clustered,3,2,-0.03242003831195206,0.07202719568119798,0.0765885310849248,0.11619568845417072
2,100,clustered,3,3,-0.008599658340643468,0.0874158548409435,0.03058589962602154,0.10940209612632157
2,100,clustered,3,4,0.005637216212451723,0.11779098379683384,0.047245461720599846,0.1706736617298854
2,100,clustered,3,5,-0.04908663026614146,0.12055063253371523,-0.003360335362214917,0.06810366690535885
2,100,clustered,5,0,0.028069314510996146,0.2114911696500884,0.08469313773058251,0.32425362189166707
2,100,clustered,5,1,0.10641367107468813,0.23634568821009505,0.025483330229092993,0.3682426895138762
2,100,clustered,5,2,0.02316803760282038,0.19010481786133937,0.043083431257344484,0.25635628672150423
2,100,clustered,5,3,0.015556896791865671,0.2972747109893683,0.042495009053345245,0.3553266168345792
2,100,clustered,5,4,-0.00303251452676756,0.1958105042396231,0.035857572256039916,0.22863556196889545
2,100,clustered,5,5,0.022780651753167014,0.20680206471278473,0.0444438336325258,0.27402655009847754
2,100,stratified,1,0,0.028759120544282757,0.1346909283724541,0.0010296786431768234,0.1644797275599137
2,100,stratified,1,1,0.015446521044538697,0.16317219757313095,0.012041637715169973,0.19066035633283962
2,100,stratified,1,2,-0.002974801571438812,0.17802049266432518,0.027020494523576133,0.2020661856164625
2,100,stratified,1,3,0.003999710125537792,0.16346782765105072,0.017031053730832912,0.18449859150742143
2,100,stratified,1,4,0.018324102879567983,0.15805013535322465,0.016379500425236948,0.19275373865802958
2,100,stratified,1,5,0.03981547865421009,0.16488939066934705,0.011674402790917582,0.21637927211447472
2,100,stratified,3,0,0.006501321414399852,0.09989312639908987,0.024429321174823437,0.13082376898831316
2,100,stratified,3,1,-0.008481095176010256,0.11571335444216757,0.017547029241944845,0.12477928850810216
2,100,stratified,3,2,0.00426800715899911,0.10044160733223628,0.013394435303415442,0.11810404979465083
2,100,stratified,3,3,0.010345518797885478,0.08828955574033415,0.03188197867791154,0.13051705321613116
2,100,stratified,3,4,-0.033625064800175686,0.13149131723767693,0.030496207921394847,0.1283624603588961
2,100,stratified,3,5,-0.021522153585180392,0.11000326505490565,0.02304584587439662,0.11152695734412188
2,100,stratified,5,0,0.056039075390864834,0.1831413846939306,0.023285410916839777,0.2624658710016352
2,100,stratified,5,1,0.010670943311018588,0.21602668152263826,0.02177220390931678,0.24846982874297363
2,100,stratified,5,2,0.03006852862364795,0.16794016317768645,0.023632242229544853,0.22164093403087926
2,100,stratified,5,3,0.02762020132204901,0.17510900655142259,0.019707575679590805,0.2224367835530624
2,100,stratified,5,4,0.037690567431552635,0.19317142989057656,0.020370284870031008,0.2512322821921602
2,100,stratified,5,5,0.02026481481481479,0.18920925925925935,0.01935462962962964,0.22882870370370378
2,200,random,1,0,0.0415333348251582,0.16273384353741482,0.014185389067908005,0.21845256743048103
2,200,random,1,1,0.04482871449474635,0.14090980948669496,0.018134976948699033,0.20387350093014034
2,200,random,1,2,0.03954042281248171,0.1475858700123407,0.020544712640300777,0.20767100546512318
2,200,random,1,3,0.03680445180144887,0.15254085212665436,0.0058146987086994395,0.19516000263680267
2,200,random,1,4,0.03484619635291952,0.1573411309633449,0.007012341130963495,0.19919966844722792
2,200,random,1,5,0.014464108333840042,0.17149602207073478,0.01310956674941366,0.19906969715398848
2,200,random,3,0,0.004580749781846971,0.11085027054649854,0.02198132648034945,0.13741234680869496
2,200,random,3,1,0.015522606021912688,0.0880620317166777,0.005942290616354651,0.10952692835494504
2,200,random,3,2,-0.008332794681195077,0.13242808993951705,0.002628006833187202,0.12672330209150917
2,200,random,3,3,0.0037881091520940435,0.11159026867839117,0.01965651774080901,0.13503489557129422
2,200,random,3,4,-0.010499587486342499,0.11480979775681754,0.016873109312402823,0.12118331958287787
2,200,random,3,5,0.006692092825382412,0.09934861017556362,0.0192804670750526,0.12532117007599863
2,200,random,5,0,0.047176655888683805,0.20435073912777935,0.007314468470235758,0.2588418634866989
2,200,random,5,1,0.02214312027997789,0.23362773991526953,0.01822619266899994,0.27399705286424736
2,200,random,5,2,0.02908951371734403,0.18570208338329774,0.019967678318091875,0.23475927541873365
2,200,random,5,3,0.06474509481366286,0.16349094484656335,0.015372637135849576,0.24360867679607578
2,200,random,5,4,0.048830484381174544,0.15188251841502498,0.02828319339849661,0.22899619619469613
2,200,random,5,5,0.05243796191699701,0.16145591069174037,0.01440571909539956,0.22829959170413694
2,200,clustered,1,0,0.03909403081588514,0.1564104994016694,0.0167049449610156,0.21220947517857014
2,200,clustered,1,1,-0.04281484834601601,0.18193002214073328,0.044893850425018256,0.18400902421973553
2,200,clustered,1,2,0.017653028571428586,0.14804479999999998,0.03813302857142864,0.2038308571428572
2,200,clustered,1,3,0.046424217797643275,0.1940830527660068,0.019346447437162406,0.2598537180008125
2,200,clustered,1,4,-0.00910746812386154,0.17574636227995077,0.011495904033526072,0.1781347981896153
2,200,clustered,1,5,0.013206518557545954,0.15109471958787024,0.031747599812668614,0.1960488379580848
2,200,clustered,3,0,0.0027886730205277654,0.13274468475073298,0.01951337976539591,0.15504673753665665
2,200,clustered,3,1,0.02152121535101237,0.12044018194237005,0.02139080080162703,0.16335219809500945
2,200,clustered,3,2,-0.010023810575281122,0.10378025083907427,0.03014503474062291,0.12390147500441606
2,200,clustered,3,3,0.009325887010358302,0.09206918234313599,0.026533106619835767,0.12792817597333006
2,200,clustered,3,4,0.013863755383643372,0.12407306286679143,0.0021525255367802476,0.14008934378721505
2,200,clustered,3,5,-0.010154558982684136,0.1116794808201057,0.017058606902356832,0.1185835287397784
2,200,clustered,5,0,0.02454230266674584,0.16958187325533047,0.012765783690681265,0.20688995961275758
2,200,clustered,5,1,0.02756540442824218,0.20377902670184656,0.024262131534582676,0.2556065626646714
2,200,clustered,5,2,0.00783388839294863,0.20229360448321687,0.025033592443983066,0.23516108532014857
2,200,clustered,5,3,0.054923163418290843,0.23331240629685146,0.01663605697151438,0.3048716266866567
2,200,clustered,5,4,0.013773763827600871,0.19847990842048002,0.04241219851296618,0.2546658707610471
2,200,clustered,5,5,0.004954508932575097,0.19028919909731679,0.03987492015498617,0.23511862818487805
2,200,stratified,1,0,0.04285719543072486,0.13742602897014666,0.022304473591238216,0.20258769799210974
2,200,stratified,1,1,0.04124141948744997,0.13431948543488348,0.020396292815544004,0.19595719773787745
2,200,stratified,1,2,0.04518965597288649,0.13599052880820828,0.012358048191652315,0.19353823297274708
2,200,stratified,1,3,0.03745989446731246,0.14586334194164774,0.013686670778646826,0.19700990718760703
2,200,stratified,1,4,0.042785530988742826,0.1353684899375739,0.02082337629870379,0.1989773972250205
2,200,stratified,1,5,0.05132483518441522,0.1365343068836491,0.011166812674466842,0.19902595474253115
2,200,stratified,3,0,0.008245534091810613,0.11009665142209857,0.022398261418206333,0.14074044693211551
2,200,stratified,3,1,0.009915907627877418,0.09056578295066942,0.02132091247437995,0.12180260305292678
2,200,stratified,3,2,0.01705864178924532,0.09719940619725109,0.003159286833855579,0.11741733482035199
2,200,stratified,3,3,-0.002811543563243979,0.1116601574390601,0.016082435047624632,0.12493104892344076
2,200,stratified,3,4,0.0202946540956509,0.08330652913167402,0.021597059408646757,0.12519824263597168
2,200,stratified,3,5,0.022058699589278863,0.0946025669598961,0.016573054225295647,0.13323432077447062
2,200,stratified,5,0,0.039305643259404555,0.1694763604631253,0.018735996789271847,0.2275180005118017
2,200,stratified,5,1,0.08807432756698486,0.13969366735331257,0.023445633153919565,0.251213628074217
2,200,stratified,5,2,0.04826078884744556,0.16315148923881273,0.015277754337010396,0.22669003242326868
2,200,stratified,5,3,0.07177387201807428,0.13183877112543474,0.032036089514991595,0.23564873265850061
2,200,stratified,5,4,0.05733855078408234,0.16688212760658894,0.010041822616440599,0.23426250100711188
2,200,stratified,5,5,0.07993166812872254,0.1215448543330716,0.022042568908998583,0.22351909137079273
2,500,random,1,0,0.06466496569878166,0.12964702465423072,0.007041308519790013,0.2013532988728024
2,500,random,1,1,0.07941049529705912,0.12916158173592096,0.01354327896178098,0.22211535599476107
2,500,random,1,2,0.06878055555555551,0.12756481481481485,0.012275000000000147,0.2086203703703705
2,500,random,1,3,0.04745798101939447,0.16351739888836336,0.015651793105487255,0.2266271730132451
2,500,random,1,4,0.052136468661235336,0.1431816623710621,0.012874769084249005,0.20819290011654645
2,500,random,1,5,0.050802640876170146,0.13330886033091915,0.01694617411529198,0.20105767532238128
2,500,random,3,0,0.014338716594966883,0.09876783677536194,0.012222369971101599,0.12532892334143042
2,500,random,3,1,0.025415464704966362,0.10502766056848789,0.010280943870551229,0.14072406914400548
2,500,random,3,2,0.03418433658537501,0.09585480253877376,0.011067849159997145,0.14110698828414592
2,500,random,3,3,0.033059199549125395,0.08810595555028211,0.007413848081928798,0.1285790031813363
2,500,random,3,4,0.02600906076315912,0.09565550418009428,0.011294194572883165,0.13295875951613656
2,500,random,3,5,0.023541733836024092,0.11089513380136018,0.011399998881805096,0.14583686651918937
2,500,random,5,0,0.07567209995466062,0.152986821860994,0.011497424576894844,0.24015634639254946
2,500,random,5,1,0.08926356927848056,0.14813675162823903,0.006412556637433009,0.2438128775441526
2,500,random,5,2,0.09513943869358998,0.13963107385182294,0.017390990684355567,0.2521615032297685
2,500,random,5,3,0.0798473727070198,0.14007839121780907,0.012018379086276676,0.23194414301110555
2,500,random,5,4,0.08999239566348305,0.14113109392750023,0.014746649164917636,0.2458701387559009
2,500,random,5,5,0.08585868977630451,0.13947898565499017,0.012309885131432052,0.23764756056272673
2,500,clustered,1,0,0.07412831962397182,0.1504658049353702,0.009441128084606398,0.23403525264394842
2,500,clustered,1,1,0.03477536246514834,0.17335828388193353,0.012541964093970237,0.2206756104410521
2,500,clustered,1,2,0.03209553404758714,0.16354295342788605,0.015024476378046603,0.2106629638535198
2,500,clustered,1,3,0.04071312502901714,0.1533320952690469,0.01144064255536481,0.20548586285342885
2,500,clustered,1,4,0.07505655902207631,0.13772760445174237,0.013487502280605801,0.22627166575442448
2,500,clustered,1,5,0.06270973113937606,0.1676557720515247,0.010263695045863774,0.24062919823676454
2,500,clustered,3,0,-0.005529185593494357,0.1287232212562689,0.011071603426015653,0.1342656390887902
2,500,clustered,3,1,-0.003824159634445823,0.12243641267545369,0.014878446011920454,0.13349069905292832
2,500,clustered,3,2,0.011003451047495671,0.12592774477211388,0.00933259925837926,0.1462637950779888
2,500,clustered,3,3,0.006609820089954921,0.1189645802098952,0.02022207646176921,0.14579647676161933
2,500,clustered,3,4,0.006821120022295291,0.12073837245308716,0.009437705146466802,0.13699719762184925
2,500,clustered,3,5,0.009940300237639699,0.12537402915434992,0.011006238045557448,0.14632056743754707
2,500,clustered,5,0,0.03491853792576982,0.21658461475748536,0.011595352224110012,0.2630985049073652
2,500,clustered,5,1,0.09593650353795147,0.17645400470700534,0.01725100115269662,0.28964150939765343
2,500,clustered,5,2,0.10631634564580428,0.16289639271819012,0.013446371103319033,0.28265910946731343
2,500,clustered,5,3,0.05097105754602027,0.19343459106345862,0.01576008190988465,0.26016573051936354
2,500,clustered,5,4,0.06542991798442299,0.177283086499882,0.01444768556761844,0.25716069005192344
2,500,clustered,5,5,0.06372944011776538,0.17306276855643532,0.016757187354880854,0.25354939602908155
2,500,stratified,1,0,0.07714687147354038,0.13149054166419183,0.013544388845994071,0.22218180198372628
2,500,stratified,1,1,0.06053567373964497,0.14387694189512867,0.016561499754630726,0.22097411538940437
2,500,stratified,1,2,0.06796194256405352,0.11896998963509275,0.01485329882046238,0.20178523101960866
2,500,stratified,1,3,0.08231470451131706,0.12307712228725343,0.014201917883225113,0.2195937446817956
2,500,stratified,1,4,0.06465843276553773,0.1434743676260113,0.014525506307054625,0.22265830669860365
2,500,stratified,1,5,0.06830528055273077,0.12347367201052828,0.01412858168331621,0.20590753424657526
2,500,stratified,3,0,0.03541501059883423,0.0969903727256669,0.004506344579873978,0.1369117279043751
2,500,stratified,3,1,0.039255783774863606,0.08698681128682317,0.013045255682510581,0.13928785074419736
2,500,stratified,3,2,0.023374140029905344,0.09962404970177852,0.014232933542585702,0.13723112327426956
2,500,stratified,3,3,0.03409989819012804,0.07909766423250753,0.003934145859121552,0.11713170828175712
2,500,stratified,3,4,0.025129300338920135,0.08950183388272426,0.0174167788662426,0.132047913087887
2,500,stratified,3,5,0.026621370759523977,0.10212863618107748,0.015259143548294385,0.14400915048889584
2,500,stratified,5,0,0.08205760358712744,0.15151031505658374,0.01081076513741841,0.2443786837811296
2,500,stratified,5,1,0.10591536123451006,0.11937777417757323,0.011255957980702447,0.23654909339278574
2,500,stratified,5,2,0.09484903434536207,0.1297646758445633,0.009767434059103963,0.23438114424902934
2,500,stratified,5,3,0.09427526192184876,0.14684688341133967,0.010305303375512387,0.2514274487087008
2,500,stratified,5,4,0.08101112876403149,0.14403916968581099,0.014281233295718065,0.23933153174556054
2,500,stratified,5,5,0.09453917528061617,0.12849059186527456,0.008337094614092821,0.23136686175998356
3,30,random,1,0,-0.045204247642136375,0.08960824493504682,-0.0018804469336931584,0.04252355035921729
3,30,random,1,1,0.009714217756291332,0.07004581501456375,-0.01125176737978506,0.06850826539107002
3,30,random,1,2,-0.05849322841510318,0.0182113170394419,0.056360667688792665,0.01607875631313138
3,30,random,1,3,-0.02162605208325552,0.07716521907976792,0.0011575716387479673,0.05669673863526037
3,30,random,1,4,0.03453151304713786,0.0621890407046658,0.02638456740019235,0.12310512115199601
3,30,random,1,5,-0.010612318055877257,0.043851427547217936,0.026795916385986773,0.06003502587732745
3,30,random,3,0,-0.003918516052390686,0.09907139776484741,-0.02179916919514835,0.07335371251730838
3,30,random,3,1,-0.03265800353300974,0.06435550492443487,0.025815356493348096,0.05751285788477323
3,30,random,3,2,-0.019368272620446603,0.10738613396004715,0.025567097532314786,0.11358495887191533
3,30,random,3,3,-0.006033937259069533,0.05420497924220424,0.08905667037822185,0.13722771236135656
3,30,random,3,4,0.012453007518796966,0.04269695816923269,0.02251723057644095,0.0776671962644706
3,30,random,3,5,-0.02059212686914247,0.05133936622378643,0.05624654741362123,0.08699378676826519
3,30,random,5,0,-0.020557507281520837,0.10603003639326136,0.07077657444363061,0.15624910355537114
3,30,random,5,1,-0.023446738130753042,0.05813380581038574,0.06456016353785876,0.09924723121749146
3,30,random,5,2,0.04103113444868767,0.08157827938413031,0.06239960295811364,0.18500901679093162
3,30,random,5,3,0.014346461534891497,0.10653103372259654,-0.005722921271399395,0.11515457398608864
3,30,random,5,4,0.0465526333760784,0.11027096343397402,0.03775258177844898,0.1945761785885014
3,30,random,5,5,0.017772227292377263,0.13828810221432342,0.04096738556126611,0.1970277150679668
3,30,clustered,1,0,-0.012726901279500047,-0.02721302048259322,-0.022273968871300953,-0.06221389063339422
3,30,clustered,1,1,-0.01772043466303963,0.029300547788406517,-0.06334407355378657,-0.051763960428419686
3,30,clustered,1,2,-0.04334175028241072,0.03587816835374791,-0.02241012691873201,-0.02987370884739482
3,30,clustered,1,3,-0.011993044071517023,0.07079678010218848,0.036143204621465475,0.09494694065213694
3,30,clustered,1,4,-0.1234780542852052,0.03115441438498545,0.09007227386113914,-0.0022513660390806045
3,30,clustered,1,5,-0.04872175709186444,0.06836234515264084,-0.027264703851801686,-0.007624115791025288
3,30,clustered,3,0,-0.04107432559894353,0.015138653084323717,0.08683078664402943,0.06089511412940962
3,30,clustered,3,1,-0.05147702244732999,-0.053245667376102146,0.03737143026644618,-0.06735125955698595
3,30,clustered,3,2,0.03988379182956148,0.052851498568162736,0.09028880259901584,0.18302409299674005
3,30,clustered,3,3,-0.0218767001148521,0.017850261439883774,0.12148454028894407,0.11745810161397574
3,30,clustered,3,4,0.016226391872538493,0.05875738453276047,0.04913884413414493,0.1241226205394439
3,30,clustered,3,5,-0.06451579674831776,0.02365064173997411,0.06460194891176707,0.023736793903423425
3,30,clustered,5,0,-0.04644236094019205,-0.00023747077282798568,0.04030753907211426,-0.0063722926409057745
3,30,clustered,5,1,0.030300133063919987,0.07675915430486424,0.0645744418707801,0.17163372923956433
3,30,clustered,5,2,0.009599220182350932,0.020586348241126595,0.10863377699423704,0.13881934541771457
3,30,clustered,5,3,0.013447033353299442,0.04884513050842043,0.060856674509126574,0.12314883837084645
3,30,clustered,5,4,-0.029826718687451903,-0.04912861353881148,-0.05195470590826656,-0.13091003813452995
3,30,clustered,5,5,-0.04601759434475683,0.0579941224882613,-0.02110500275926075,-0.009128474615756277
3,30,stratified,1,0,-0.04145200245259306,0.06856512083507793,0.036630937070048386,0.06374405545253325
3,30,stratified,1,1,-0.07181895831608731,0.08451546872765847,0.045180462218074924,0.057876972629646084
3,30,stratified,1,2,-0.02429742606343055,0.003791595127136005,0.01564671735753409,-0.0048591135787604545
3,30,stratified,1,3,-0.031277985566032784,0.04654258321355198,0.03742446248899389,0.05268906013651309
3,30,stratified,1,4,-0.04003261173871264,0.04028136136984428,0.06212309228895063,0.06237184192008227
3,30,stratified,1,5,0.010549212657921747,0.06736799552680894,0.01386915916097442,0.09178636734570511
3,30,stratified,3,0,-0.03699205339935829,0.09473647738786628,0.046969784937979875,0.10471420892648786
3,30,stratified,3,1,0.0019587104952752954,0.07679007761706769,0.019286125503742313,0.0980349136160853
3,30,stratified,3,2,-0.04988321434832843,0.04267624830571237,0.019567016489493105,0.012360050446877047
3,30,stratified,3,3,0.05468232769445014,0.08967232076950582,-0.005584663150925651,0.1387699853130303
3,30,stratified,3,4,-0.0036806926419922226,0.05630530890421748,0.05272969848906772,0.10535431475129298
3,30,stratified,3,5,0.028489476625069843,0.09504190724529726,0.032482771465822124,0.15601415533618923
3,30,stratified,5,0,0.03249817163174473,0.07858832784981973,0.02492882253084361,0.13601532201240807
3,30,stratified,5,1,-0.06770611053530051,0.12610028502621617,0.05415498109986605,0.11254915559078171
3,30,stratified,5,2,-0.05117006123522838,0.1503308475595535,-0.004583486726584707,0.09457729959774042
3,30,stratified,5,3,0.018882291410287966,0.11827102048978588,0.02009944929854779,0.15725276119862164
3,30,stratified,5,4,0.05021466565349558,0.1362661474164133,0.019787234042553115,0.206268047112462
3,30,stratified,5,5,0.0013467489882584838,0.05752624384699845,0.041201111955828984,0.10007410479108592
3,50,random,1,0,-0.008846217870627449,0.07119914346895073,0.04989274445562619,0.11224567005394948
3,50,random,1,1,-0.042011057955064324,0.07069754209434809,-0.003948333819973282,0.02473815031931048
3,50,random,1,2,-0.010629345352061725,0.1739044488498055,0.022655604315747646,0.1859307078134914
3,50,random,1,3,-0.01721225284859762,0.036003708108998445,0.03437566438549,0.053167119645890826
3,50,random,1,4,-0.019663058044905868,0.07375214308709377,0.02686252049502491,0.08095160553721281
3,50,random,1,5,-0.011269876601865514,0.06640622807985597,0.06441131963240576,0.11954767111039621
3,50,random,3,0,-0.03921692126909537,0.0679247943595771,0.04746415981198582,0.07617203290246755
3,50,random,3,1,0.0436904072064479,0.07589027024179518,0.009209367780194322,0.1287900452284374
3,50,random,3,2,-0.0006415997219734182,0.09194257682488327,-0.010101376575117893,0.08119960052779196
3,50,random,3,3,-0.0012390599615179632,0.09936998854524615,0.044206552418600165,0.14233748100232835
3,50,random,3,4,0.002486992344682748,0.10835268912501805,0.04995484170185749,0.1607945231715583
3,50,random,3,5,0.023912115396240163,0.07180340627455717,-0.013234449616151722,0.08248107205464561
3,50,random,5,0,0.03241644748753547,0.08836212350995509,0.03472342546319651,0.15550199646068708
3,50,random,5,1,0.003935617143164483,0.1345251533930778,0.03742963884473327,0.17589040938097555
3,50,random,5,2,0.047694610324078734,0.0519732299357305,0.11903307559811516,0.2187009158579244
3,50,random,5,3,0.047483804563826726,0.11390388555546338,0.020211287558859703,0.1815989776781498
3,50,random,5,4,0.002223063097152589,0.052841910579386586,0.0737076213514446,0.12877259502798377
3,50,random,5,5,-0.00102811627453947,0.08176426720397634,0.039809252456164845,0.12054540338560171
3,50,clustered,1,0,-0.0016047003525265224,0.09002585193889551,0.07386415981198591,0.1622853113983549
3,50,clustered,1,1,0.04044790104947538,0.09736975262368808,0.03867691154422792,0.17649456521739137
3,50,clustered,1,2,-0.0394764195910019,0.0875277887548952,0.006087774071570018,0.054139143235463316
3,50,clustered,1,3,-0.05504042987227997,0.02206366041863772,-0.03071598569063383,-0.06369275514427608
3,50,clustered,1,4,0.016120944314263808,0.06119700108773718,-0.0005881698679821579,0.07672977553401883
3,50,clustered,1,5,-0.01255632165997933,0.04226188157472488,-0.15270798436627597,-0.12300242445153042
3,50,clustered,3,0,-0.05684780618380014,0.04047653655856953,0.0764253717396679,0.06005410211443729
3,50,clustered,3,1,-0.015674299023693328,0.009259844922014482,-0.0799490638766519,-0.08636351797833075
3,50,clustered,3,2,-0.0281183805640719,-0.02572578515523316,-0.03791537984676163,-0.09175954556606669
3,50,clustered,3,3,-0.025707987614265404,0.16745912911184357,0.13699729224003754,0.2787484337376157
3,50,clustered,3,4,-0.05464381664797824,0.05444156801950606,-0.009650551997651968,-0.009852800626124147
3,50,clustered,3,5,0.07354597510766181,0.06144243055226917,-0.009422175950026146,0.12556622970990483
3,50,clustered,5,0,-0.022819728205776935,0.0981964703372794,-0.04081632653061207,0.034560415600890404
3,50,clustered,5,1,-0.005344746088967178,0.0660760964275342,0.04251593172848589,0.10324728206705291
3,50,clustered,5,2,0.012598079004328966,0.02842694053631556,0.00010240049302545629,0.04112742003366998
3,50,clustered,5,3,0.07347437287911979,0.062084433587952126,0.09511535454229736,0.23067416100936927
3,50,clustered,5,4,-0.020027751196172283,0.08456746411483262,0.0451799043062201,0.10971961722488044
3,50,clustered,5,5,-0.015066025278249406,-0.023887002452367412,-0.06375966798717225,-0.10271269571778907
3,50,stratified,1,0,-0.023093207957636697,0.0837821584703059,0.054220967124697705,0.11490991763736691
3,50,stratified,1,1,-0.004347004170129232,0.04657517837222702,0.026716528535812967,0.06894470273791076
3,50,stratified,1,2,-0.08289337939520136,0.11916615399176567,0.005081633618853831,0.04135440821541814
3,50,stratified,1,3,-0.0038646736799521353,0.035994748463775816,0.011055570018297933,0.043185644802121614
3,50,stratified,1,4,-0.007417831461657087,0.09121326684275877,-0.01765108828987816,0.06614434709122352
3,50,stratified,1,5,-0.0031880027994973803,0.04100191148471177,-0.0057890142307778225,0.03202489445443657
3,50,stratified,3,0,0.07819631405627148,0.11178316706393632,0.05626012199508379,0.24623960311529158
3,50,stratified,3,1,-0.014492987141987879,0.09669289577294993,0.046312918103391,0.12851282673435305
3,50,stratified,3,2,-0.03923976761816128,0.07991597174789289,0.05893330280944831,0.09960950693917991
3,50,stratified,3,3,-0.021578378378378393,0.08801598119858989,0.06609165687426566,0.13252925969447715
3,50,stratified,3,4,0.02843282867448671,0.11697876902797943,0.04978115593977139,0.19519275364223754
3,50,stratified,3,5,-0.0031398212891603494,0.1310331921264397,0.041990620232849496,0.16988399107012886
3,50,stratified,5,0,0.0451147445133539,0.09755134506121155,0.06094301405333169,0.20360910362789714
3,50,stratified,5,1,-0.05211123552571295,0.1651451753643879,0.08094194316174896,0.1939758830004239
3,50,stratified,5,2,0.03964199993884909,0.10510781660857327,0.06778381642512077,0.21253363297254313
3,50,stratified,5,3,-0.010501635189583358,0.13066340893397788,0.09422827398341282,0.21439004772780734
3,50,stratified,5,4,0.03613581291257628,0.10207164148324088,0.07232986627610571,0.21053732067192288
3,50,stratified,5,5,-0.02895018647760439,0.07782791974952352,0.08226198597190881,0.13113971924382795
3,100,random,1,0,-0.018584376543221426,0.12173306469935463,-0.00319769570630013,0.09995099244983308
3,100,random,1,1,0.011155947877259376,0.05429265330904676,0.05888001494558859,0.12432861613189472
3,100,random,1,2,0.0044831163931335904,0.1119769854744388,0.012831541218637943,0.12929164308621033
3,100,random,1,3,-0.021744590129777253,0.10082115430408367,0.015390597094892322,0.09446716126919874
3,100,random,1,4,-0.0012734848329355453,0.07795593089408903,0.013316079868490482,0.08999852592964397
3,100,random,1,5,0.0020682688317613662,0.06428532533690356,0.012333566792033235,0.07868716096069817
3,100,random,3,0,0.013381288154843629,0.09398514031517669,0.059343145142208065,0.16670957361222838
3,100,random,3,1,-0.0015717978848414083,0.07579882491186851,0.04665475910693295,0.12088178613396006
3,100,random,3,2,-0.010287400004515335,0.13233362933752768,0.039842979809001866,0.1618892091420142
3,100,random,3,3,0.03705685068208475,0.09322292283548228,0.051219484821674044,0.18149925833924108
3,100,random,3,4,0.0029007844138516647,0.0921513887051113,0.04554129028530751,0.14059346340427048
3,100,random,3,5,0.024044387325637295,0.126259807900433,0.0035267105579606106,0.1538309057840309
3,100,random,5,0,0.018296966593114528,0.13256043301202658,0.04951061492505493,0.20036801453019604
3,100,random,5,1,0.04262678034596612,0.1218697944901681,0.06978561924005722,0.23428219407619144
3,100,random,5,2,0.003635148564429147,0.1575603386514034,0.034444838185333726,0.19564032540116627
3,100,random,5,3,0.05492436106982257,0.12174650090455386,0.021735870260583545,0.19840673223495997
3,100,random,5,4,0.008997931023873917,0.10334785718680783,0.06143378507260633,0.17377957328328808
3,100,random,5,5,-0.005353390832006921,0.12705444752815076,0.07343434865801324,0.19513540535415708
3,100,clustered,1,0,-0.08858967448123967,0.1231001494366869,-0.04194490217556035,-0.007434427220113116
3,100,clustered,1,1,-0.007644302848575757,0.044980322338830536,0.052765179910045035,0.09010119940029981
3,100,clustered,1,2,-0.022389176429216784,0.0026028271023230687,0.014624652317292375,-0.00516169700960134
3,100,clustered,1,3,-0.03141473302711306,0.05935901307951286,0.057419042836840295,0.08536332288924009
3,100,clustered,1,4,-0.03545468408478636,0.04865476466147445,-0.09586931515463015,-0.08266923457794206
3,100,clustered,1,5,0.0020815391696858976,0.07183769376967386,-0.006744817960444238,0.06717441497891552
3,100,clustered,3,0,0.007833697291065422,0.11173345901297671,0.028467565826903907,0.14803472213094604
3,100,clustered,3,1,-0.004129799730111072,0.06185882199595172,0.04026099490891255,0.0979900171747532
3,100,clustered,3,2,-0.013520094007050454,0.06901621621621634,0.09642021151586366,0.15191633372502955
3,100,clustered,3,3,0.047173584652934863,0.05360385164900583,-0.011654103167043739,0.08912333313489695
3,100,clustered,3,4,-0.0726103404791929,0.08345990378777235,-0.016294428097706648,-0.005444864789127202
3,100,clustered,3,5,0.009832422457368484,0.04955861855350785,0.12665249817607138,0.18604353918694772
3,100,clustered,5,0,0.03318057310394634,0.13473724786288188,0.0881265586702461,0.2560443796370743
3,100,clustered,5,1,0.04535112402625274,0.03754677053303079,0.04940712598908181,0.13230502054836535
3,100,clustered,5,2,-0.00453192423919635,0.011993386859304622,0.09302038423327741,0.10048184685338568
3,100,clustered,5,3,-0.0021824306726564435,0.05062364667435981,-0.07322834346287888,-0.024787127461175507
3,100,clustered,5,4,0.05901802768455733,0.02773211880464821,-0.007787708604433452,0.07896243788477209
3,100,clustered,5,5,-0.020832857719029874,0.0656490423030387,-0.09166133978646829,-0.046845155202459465
3,100,stratified,1,0,-0.008232197414806186,0.1072394829612221,-0.0016385428907167432,0.09736874265569917
3,100,stratified,1,1,-0.008726944806851322,0.07745340012914859,0.018819739782480638,0.0875461951047779
3,100,stratified,1,2,0.006513765926900894,0.09231807441526585,-0.002402120595800694,0.09642971974636605
3,100,stratified,1,3,-0.00212092060330904,0.08722403184943905,0.024987857682664427,0.11009096892879444
3,100,stratified,1,4,0.0012837938464612675,0.06897988345941919,0.03370948555873299,0.10397316286461344
3,100,stratified,1,5,0.002761134196191728,0.10033497881033704,0.014091078935954182,0.11718719194248295
3,100,stratified,3,0,0.02242067473855558,0.09173597639381292,0.05309626805211798,0.16725291918448648
3,100,stratified,3,1,-0.01044163803969056,0.12908374032116732,0.07535184090308511,0.19399394318456187
3,100,stratified,3,2,0.014997441319676952,0.14416094099231647,0.06859238717348604,0.22775076948547945
3,100,stratified,3,3,-0.023563663724367023,0.11248399703524004,0.07795034776033372,0.16687068107120673
3,100,stratified,3,4,-0.009740059821133684,0.1486739897486804,0.07053333358212155,0.20946726350966827
3,100,stratified,3,5,0.03348301174612722,0.12926366707191772,0.0914554165567446,0.25420209537478955
3,100,stratified,5,0,0.04055509480037778,0.10537374924167375,0.063780995384769,0.20970983942682053
3,100,stratified,5,1,0.07255807806565417,0.13891139419918463,0.014727091988301022,0.22619656425313983
3,100,stratified,5,2,-0.002112314113533964,0.15981105896217973,0.06448394208268149,0.22218268693132726
3,100,stratified,5,3,-0.0029494082959421464,0.1628293985509054,0.025093469866159235,0.18497346012112248
3,100,stratified,5,4,0.04112931669017983,0.1273203168128565,0.03498780899220999,0.2034374424952463
3,100,stratified,5,5,0.02514819186286843,0.11835521528737736,0.0549072129080771,0.19841062005832288
3,200,random,1,0,0.002916420210810844,0.09991118259626708,0.016636469993338676,0.1194640728004166
3,200,random,1,1,-0.011033216059602724,0.10659867993140981,-0.0032983236754967615,0.09226714019631033
3,200,random,1,2,0.012045988485990256,0.08673224298013216,-0.005454893454128085,0.09332333801199433
3,200,random,1,3,0.0044136578759377265,0.09062090725086314,0.024572307715204245,0.11960687284200511
3,200,random,1,4,0.0034354788198603936,0.09582773099000685,0.03250296760110949,0.13176617741097674
3,200,random,1,5,0.013478131397032356,0.09291229897048159,0.011848731783967836,0.11823916215148178
3,200,random,3,0,0.024562406296851358,0.14111694152923548,0.03875281109445283,0.20443215892053967
3,200,random,3,1,0.007715760902075597,0.1341402090686129,0.07356097086797875,0.21541694083866725
3,200,random,3,2,0.02340710486322195,0.14662329027355625,0.029863221884498414,0.19989361702127662
3,200,random,3,3,0.05637203046605821,0.10403097231457403,0.06260861844889076,0.223011621229523
3,200,random,3,4,0.05891609870740311,0.10891844888366631,0.02880752056404201,0.19664206815511143
3,200,random,3,5,0.049437535325352444,0.141638831706713,0.029695979856751542,0.22077234688881697
3,200,random,5,0,0.056308834876543146,0.14048032407407418,0.02836805555555555,0.22515721450617288
3,200,random,5,1,0.030672887120629433,0.1439953883723294,0.04103849865046594,0.21570677414342476
3,200,random,5,2,0.04789090909090932,0.13268133971291862,0.05444019138755973,0.23501244019138767
3,200,random,5,3,0.06048254155676869,0.1527009982825246,0.040107648898975556,0.25329118873826884
3,200,random,5,4,0.04520179041580408,0.13915399554918306,0.05479316506632581,0.23914895103131295
3,200,random,5,5,0.044576076555023825,0.13493588516746424,0.047162679425837295,0.22667464114832536
3,200,clustered,1,0,-0.034488176093379064,0.08655928872494456,0.025782233369464613,0.07785334600103011
3,200,clustered,1,1,0.03624705622949098,0.07462863559132038,0.03918480486345155,0.1500604966842629
3,200,clustered,1,2,-0.06115348575712143,0.12079835082458756,0.040674662668665706,0.10031952773613184
3,200,clustered,1,3,-0.023771140127496704,0.09354795474752653,0.019183031643885018,0.08895984626391484
3,200,clustered,1,4,0.04080935792107565,0.1047047101212657,0.025233658810555726,0.17074772685289707
3,200,clustered,1,5,0.020927426782096026,0.11650948609320322,0.029513722600847392,0.16695063547614664
3,200,clustered,3,0,0.07904704029841614,0.1902546551091544,0.03273959671008364,0.3020412921176542
3,200,clustered,3,1,-0.03932861907633134,0.13668705779989465,0.05058540234008291,0.14794384106364622
3,200,clustered,3,2,-0.0066628095606618976,0.14014968299797592,0.028042772949160577,0.1615296463864746
3,200,clustered,3,3,0.09393134501070283,0.1398534632063565,0.09166856027695724,0.32545336849401657
3,200,clustered,3,4,0.035349157114985985,0.12756828435556633,0.03255891049871962,0.19547635196927193
3,200,clustered,3,5,0.01976555023923443,0.1130870813397129,0.05716937799043065,0.19002200956937798
3,200,clustered,5,0,0.027961230355286415,0.10648944383293579,0.05273592765853363,0.18718660184675584
3,200,clustered,5,1,-0.024556937890271135,0.1599256399256399,0.08253682253682271,0.21790552457219148
3,200,clustered,5,2,0.06420458019935182,0.11790745581850415,0.08598288540328991,0.2680949214211459
3,200,clustered,5,3,0.07538024703042912,0.10641048696228306,0.03190951682362397,0.21370025081633615
3,200,clustered,5,4,0.022334406071377044,0.13120130649887118,0.051862241221960814,0.20539795379220904
3,200,clustered,5,5,0.01786325617584117,0.10427348764831768,0.04904882318615034,0.17118556701030918
3,200,stratified,1,0,0.040075179982817066,0.09720935780192674,0.009939822467893822,0.14722436025263763
3,200,stratified,1,1,0.02822607076838357,0.10012941553248589,0.01701411584469381,0.14536960214556327
3,200,stratified,1,2,0.02541628990880407,0.08678990974800804,0.03173072022260015,0.14393691987941226
3,200,stratified,1,3,0.03626820144321585,0.10075101108590256,0.038285630818960525,0.17530484334807894
3,200,stratified,1,4,0.0018396313986261958,0.11091420866783308,0.01722521326409865,0.12997905333055793
3,200,stratified,1,5,0.031133119106568907,0.09148975399041248,0.02468750235172834,0.14731037544870973
3,200,stratified,3,0,0.049521300316645145,0.14520619258822498,0.037173628694738725,0.23190112159960885
3,200,stratified,3,1,0.03593313466194814,0.13341124976718188,0.05616967777984749,0.22551406220897752
3,200,stratified,3,2,0.049016116941529075,0.10031390554722652,0.06935438530734628,0.21868440779610188
3,200,stratified,3,3,0.021829996720571843,0.1436531691976397,0.052589326504034695,0.21807249242224624
3,200,stratified,3,4,0.0315722327441077,0.1286422634078883,0.05575659872534866,0.21597109487734467
3,200,stratified,3,5,0.0298797833574318,0.1268194148840911,0.0556885640549033,0.2123877622964262
3,200,stratified,5,0,0.02956559192714725,0.16833505107063762,0.03704159488062986,0.23494223787841473
3,200,stratified,5,1,0.0411141323696097,0.14568431504990842,0.06505712487804305,0.25185557229756117
3,200,stratified,5,2,0.029452553886655908,0.1427731941800061,0.0670674376513174,0.23929318571797942
3,200,stratified,5,3,0.045593680242738466,0.14486118722681895,0.02967207761829005,0.22012694508784747
3,200,stratified,5,4,0.03144040853181984,0.15341379022528445,0.058046384751382685,0.24290058350848698
3,200,stratified,5,5,0.05424665751671942,0.12860136793607957,0.04062709409448739,0.22347511954728638
3,500,random,1,0,0.0393974887556221,0.09909857571214409,0.03183189655172414,0.17032796101949033
3,500,random,1,1,0.05693105353955541,0.09861856894272625,0.024400489914190415,0.17995011239647207
3,500,random,1,2,0.06385336918371953,0.10058850859532287,0.032272811238760246,0.19671468901780265
3,500,random,1,3,0.042181131735583355,0.0963003550278092,0.024925128913374728,0.1634066156767673
3,500,random,1,4,0.039192938209331674,0.09811405352388958,0.025544813413665768,0.16285180514688702
3,500,random,1,5,0.04298875435740768,0.10296025003530507,0.027328100727659344,0.1732771051203721
3,500,random,3,0,0.0762886128584328,0.14125894422144492,0.03577404032202991,0.25332159740190763
3,500,random,3,1,0.05837841558518886,0.1474180333968329,0.03625431598999873,0.2420507649720205
3,500,random,3,2,0.05689122057662854,0.1457337852267978,0.038882956497516274,0.24150796230094262
3,500,random,3,3,0.06607874176388795,0.14427457988272985,0.03904691561385487,0.24940023726047267
3,500,random,3,4,0.0684878567429339,0.1376619116651806,0.036593780103646,0.2427435485117605
3,500,random,3,5,0.07490111011866785,0.14017593767122782,0.03235594352580895,0.24743299131570462
3,500,random,5,0,0.054124714002881325,0.18198661109784364,0.037283624402006055,0.273394949502731
3,500,random,5,1,0.1146106811395291,0.11850700198755082,0.02730651753391833,0.26042420066099825
3,500,random,5,2,0.0939284250391128,0.14437959322699268,0.02657360420743926,0.26488162247354474
3,500,random,5,3,0.09483570596845137,0.13282600313452575,0.034517189055632946,0.26217889815861006
3,500,random,5,4,0.11545095850951714,0.13010807621324194,0.0320335784669501,0.2775926131897092
3,500,random,5,5,0.06991070103446473,0.15145551724204398,0.01273951031091769,0.2341057285874264
3,500,clustered,1,0,0.022945945996196038,0.09768969472958133,0.045122162085782125,0.1657578028115595
3,500,clustered,1,1,0.027013427831009462,0.10995063517076042,0.020967916595096225,0.1579319795968661
3,500,clustered,1,2,0.011262361298110313,0.10802265657644294,0.016502158874599382,0.13578717674915264
3,500,clustered,1,3,0.027269732368765176,0.10402529022273577,0.027250578913194712,0.15854560150469565
3,500,clustered,1,4,0.018841867272613166,0.1339793347874535,0.010698983824336317,0.16352018588440298
3,500,clustered,1,5,0.011486856798681666,0.14124849657040361,0.012173337248952976,0.16490869061803826
3,500,clustered,3,0,0.06778761061946903,0.14044673702143762,0.04561733945388291,0.25385168709478956
3,500,clustered,3,1,0.01711521490060064,0.16125189663714623,0.04550380875704463,0.2238709202947915
3,500,clustered,3,2,0.03952304493558967,0.1652185735743512,0.0344610392973681,0.23920265780730898
3,500,clustered,3,3,0.00020026640944381668,0.15985669009232462,0.05714666299205373,0.21720361949382216
3,500,clustered,3,4,0.042644461033585435,0.15634423781930007,0.0426758736400189,0.2416645724929044
3,500,clustered,3,5,0.053797196016821536,0.16836234148468454,0.03976676184119676,0.26192629934270284
3,500,clustered,5,0,0.04854305115229862,0.1270919704914033,0.043301693391049945,0.21893671503475187
3,500,clustered,5,1,0.07162459158968582,0.1350290686286031,0.05648206912222142,0.2631357293405103
3,500,clustered,5,2,0.02964430328417511,0.167921328803615,0.047839491202166906,0.245405123289957
3,500,clustered,5,3,0.08060849189098507,0.16581771635508114,0.03812924278784979,0.284555451033916
3,500,clustered,5,4,0.033828870272626044,0.1634632705437995,0.049816473778509285,0.24710861459493483
3,500,clustered,5,5,0.07097410495884016,0.16855741267274027,0.047102203398569076,0.2866337210301495
3,500,stratified,1,0,0.04087738561309062,0.10825628354074268,0.02106484902106387,0.17019851817489717
3,500,stratified,1,1,0.059573226220312914,0.10165667144050594,0.028119032700799518,0.18934893036161837
3,500,stratified,1,2,0.04728263635832364,0.09694434442624211,0.03914628651790242,0.18337326730246817
3,500,stratified,1,3,0.053934242832066714,0.08451953486380781,0.03030886845029679,0.1687626461461713
3,500,stratified,1,4,0.052714453584018606,0.10339365452408933,0.03970199764982374,0.19581010575793167
3,500,stratified,1,5,0.056036669053586285,0.09669542158968858,0.026325113378684706,0.17905720402195957
3,500,stratified,3,0,0.08632267616642608,0.1310350529100529,0.030749270983645993,0.24810700006012498
3,500,stratified,3,1,0.10572580932870923,0.12039990912009835,0.03981628740581078,0.26594200585461836
3,500,stratified,3,2,0.06342953033960819,0.14997312427075005,0.02986670762015886,0.2432693622305171
3,500,stratified,3,3,0.08495320101996795,0.12058776794969783,0.027159108965579826,0.2327000779352456
3,500,stratified,3,4,0.06775961298949884,0.11868396951711702,0.04282043454402096,0.22926401705063681
3,500,stratified,3,5,0.08130254774685741,0.12479504974956757,0.030619941752951685,0.23671753924937666
3,500,stratified,5,0,0.09627633132417834,0.1319741114149009,0.033396701982228216,0.26164714472130746
3,500,stratified,5,1,0.09830128835515606,0.1293444034745681,0.03596395584419043,0.2636096476739146
3,500,stratified,5,2,0.10393504250089414,0.12668652831997806,0.03348324696177585,0.26410481778264805
3,500,stratified,5,3,0.08976263219741476,0.12527097532314935,0.04447849588719166,0.25951210340775577
3,500,stratified,5,4,0.09801815649166634,0.130265622748451,0.033909409673855584,0.2621931889139729
3,500,stratified,5,5,0.1037424625559229,0.1461631978214355,0.038031511379109095,0.2879371717564675
4,30,random,1,0,0.06226441435152874,0.1544667325812441,0.06318332985911246,0.2799144767918853
4,30,random,1,1,0.021395943515771565,0.10967721129988084,0.09022471526455145,0.22129787008020385
4,30,random,1,2,0.09361105351671395,0.17580497769177017,0.045568687078121006,0.3149847182866051
4,30,random,1,3,-0.0957271424842886,0.1750977803898448,0.13759479956663057,0.21696543747218677
4,30,random,1,4,0.06634646277035627,0.21936469975419126,0.061995859465152514,0.34770702198970005
4,30,random,1,5,0.04355567536793614,0.14657871767657804,0.09057533192951783,0.280709724974032
4,30,random,3,0,-0.029426569426569293,0.05720768387435049,0.05647266313932975,0.08425377758711095
4,30,random,3,1,-0.03940727716390957,0.08681112202858077,0.13805906542628887,0.18546291029096007
4,30,random,3,2,-0.026174733721903598,0.08471079933344106,0.11868765406501247,0.17722371967654993
4,30,random,3,3,0.011116369315224084,0.0903033457952771,0.12315839288249497,0.22457810799299616
4,30,random,3,4,0.007805033145054874,0.06658124225482132,0.11426281222526768,0.18864908762514387
4,30,random,3,5,-0.03079653763859158,0.16591324645010697,0.11481229332814624,0.24992900213966163
4,30,random,5,0,0.023972915561308206,0.08525009766023572,0.06599305397647226,0.1752160671980162
4,30,random,5,1,0.11971554313494759,0.11851369449433335,0.052979075060382685,0.29120831268966363
4,30,random,5,2,1.0575621461894613e-05,0.10633883522028065,0.06496892690130451,0.17131833774304706
4,30,random,5,3,-0.0018368097049750176,0.05679581103471365,0.06779165247444918,0.12275065380418781
4,30,random,5,4,0.019608162608109048,0.09371358032263999,0.011594875176348052,0.12491661810709709
4,30,random,5,5,-0.027031983922128022,0.09929360070582005,0.09790744412418262,0.17016906090787465
4,30,clustered,1,0,-0.052107104967905826,0.0511635539341021,0.08719976187023448,0.08625621083643076
4,30,clustered,1,1,-0.02855980226669874,0.124217242886424,-0.06336753225223068,0.03228990836749457
4,30,clustered,1,2,-0.025792364962623604,0.20930510760790932,-0.29031528816011565,-0.10680254551482993
4,30,clustered,1,3,0.02079187506147795,0.13477690090117367,-0.061328606775069794,0.09424016918758182
4,30,clustered,1,4,-0.012027925531914896,0.10846599544072955,0.07432370820668699,0.17076177811550164
4,30,clustered,1,5,-0.05001980758347491,0.1541482739105829,0.007555178268251361,0.11168364459535934
4,30,clustered,3,0,-0.016017042610436905,0.034330614128394554,0.12388448723564005,0.1421980587535977
4,30,clustered,3,1,-0.0393310289837121,0.0918988434384096,-0.025721689787576718,0.026846124667120774
4,30,clustered,3,2,0.02686788460536038,0.0892652018711183,-0.10617418852887861,0.009958897947600076
4,30,clustered,3,3,0.02230631712437775,0.17021616431027742,0.034896497841820806,0.22741897927647597
4,30,clustered,3,4,-0.05928918894344426,-0.0168865930169122,0.1299469221676669,0.05377114020731044
4,30,clustered,3,5,0.06907632451126389,0.06428166578606076,0.0011681636966233144,0.13452615399394796
4,30,clustered,5,0,-0.07642713204528667,0.10575044609894152,0.03394101495200608,0.06326432900566092
4,30,clustered,5,1,-0.04163197821435505,0.10336802178564475,0.08917914802567584,0.15091519159696554
4,30,clustered,5,2,0.004074402810893218,0.15063011113238223,0.04460378511440999,0.19930829905768543
4,30,clustered,5,3,0.03623158098851942,0.1596567804585005,-0.026100768223201065,0.16978759322381887
4,30,clustered,5,4,-0.01251285599949803,0.1518880496712096,0.012874059682254635,0.15224925335396622
4,30,clustered,5,5,0.035990308295140994,0.18143543887038321,0.05800724945706348,0.2754329966225877
4,30,stratified,1,0,-0.004864117180831684,0.18239201012071704,0.07257594348250218,0.25010383642238754
4,30,stratified,1,1,0.019497607655502125,0.20022966507177042,0.028764593301435437,0.248491866028708
4,30,stratified,1,2,0.03520617654201752,0.12572881426132065,0.05540400360712472,0.2163389944104629
4,30,stratified,1,3,-0.012019993578321064,0.16260461046508368,0.032371270685035314,0.18295588757179793
4,30,stratified,1,4,0.023035438261502117,0.11272882948414864,0.039015616475722936,0.1747798842213737
4,30,stratified,1,5,0.08899192654080978,0.1637003323027464,0.05085767471485092,0.3035499335584071
4,30,stratified,3,0,0.01584708805070134,0.1182902488924441,0.0386481279227171,0.17278546486586255
4,30,stratified,3,1,-0.08897271897123249,0.14711214161191866,0.07325972674567893,0.1313991493863651
4,30,stratified,3,2,0.015797175900563176,0.1873633966534669,0.09557068684115233,0.2987312593951824
4,30,stratified,3,3,0.025690177353607346,0.10745987183044192,0.04323345834683401,0.17638350753088328
4,30,stratified,3,4,0.0267059221761754,0.22059135703070776,0.05498098103075355,0.3022782602376367
4,30,stratified,3,5,-0.03317613761391325,0.15880024129479708,0.06041095994354606,0.1860350636244299
4,30,stratified,5,0,0.011652345864115343,0.13917601678335578,0.037009059110841624,0.18783742175831275
4,30,stratified,5,1,0.018440902044291385,0.10908260759606092,0.08121468244851615,0.20873819208886846
4,30,stratified,5,2,0.04460493677487387,0.16672151116807232,0.048395942661517255,0.25972239060446345
4,30,stratified,5,3,0.005134540511898766,0.052868776925380945,0.06593982537378762,0.12394314281106733
4,30,stratified,5,4,0.047934629731547496,0.1378932764630345,0.05032811257873171,0.23615601877331371
4,30,stratified,5,5,-0.026564344746162982,0.13063715590629477,0.052565556453116224,0.156638367613248
4,50,random,1,0,0.03288589462222902,0.1340728264629658,0.06360359236386404,0.23056231344905886
4,50,random,1,1,0.00801949742085084,0.13436183805782975,0.07545501869291571,0.2178363541715963
4,50,random,1,2,-0.04376913103337665,0.148421492826877,0.055583349723405506,0.16023571151690585
4,50,random,1,3,-0.03467586961926994,0.1795558759413205,0.05771473288372264,0.2025947392057732
4,50,random,1,4,-0.024309838458749455,0.17009309579486298,0.06658085407191006,0.21236411140802358
4,50,random,1,5,0.056923590256923506,0.1700452833786168,0.061698841698841767,0.28866771533438207
4,50,random,3,0,0.043540113353943144,0.14865297478329398,0.06158979662969022,0.25378288476692734
4,50,random,3,1,0.03109873990961931,0.13759349319849534,0.08070200937465921,0.24939424248277386
4,50,random,3,2,-0.018613427804301752,0.18029987336624131,0.03817709066167585,0.1998635362236154
4,50,random,3,3,0.023319930965518654,0.17386027889779232,0.08224781715314033,0.2794280270164513
4,50,random,3,4,0.025597269624573427,0.1267764990552721,0.07184692422013295,0.22422069289997848
4,50,random,3,5,0.05546389159858556,0.01594127240580434,0.10724206651627843,0.17864723052066833
4,50,random,5,0,0.007237489360814919,0.16019342939087933,0.020536233889572264,0.1879671526412665
4,50,random,5,1,0.029610117753060328,0.09103919405952898,0.08145331044553528,0.2021026222581246
4,50,random,5,2,-0.00019450207468896252,0.11195674893169016,0.044465496686691086,0.1562277435436923
4,50,random,5,3,0.024659004559270392,0.12838335866261408,0.09035334346504575,0.24339570668693022
4,50,random,5,4,0.04555879006110475,0.12314892754707574,0.04552858835266249,0.21423630596084298
4,50,random,5,5,0.007106477366700559,0.14062632835867028,0.05703150963374015,0.204764315359111
4,50,clustered,1,0,-0.03307258562708071,0.18737501666444478,-0.021994250531853998,0.13230818050551008
4,50,clustered,1,1,-0.0006288461100699694,0.16943466450158984,-0.019498023355515315,0.14930779503600455
4,50,clustered,1,2,-0.0403558831535642,0.16406070516372273,-0.063502574428693,0.06020224758146553
4,50,clustered,1,3,-0.02956213392552487,-0.0486833101144481,0.08316476862490801,0.0049193245849350475
4,50,clustered,1,4,0.03304801444248906,0.03525577139559488,0.09285582758614142,0.16115961342422536
4,50,clustered,1,5,-0.024109483613285243,0.18802876039512373,0.07028591684659291,0.2342051936284314
4,50,clustered,3,0,-0.023880941617466345,0.19024332037927005,0.028066921350145768,0.19442930011194948
4,50,clustered,3,1,-0.0404378097328707,0.08952100995524048,0.07605887470942463,0.1251420749317944
4,50,clustered,3,2,0.03987292531120323,0.17523475723044535,0.001423445531677725,0.2165311280733263
4,50,clustered,3,3,-0.009977257581283538,0.06293214891987808,0.05999052876600919,0.11294542010460373
4,50,clustered,3,4,-0.048859371154319375,0.08648550947575684,0.0896860770982032,0.12731221541964066
4,50,clustered,3,5,-0.0053627180203627,0.12359178891856581,-0.11349096072079168,0.0047381101774114365
4,50,clustered,5,0,0.049227751196172176,0.10421435406698576,0.03579808612440172,0.18924019138755965
4,50,clustered,5,1,0.054344099559343384,0.12893516052491416,0.048847029199554415,0.23212628928381196
4,50,clustered,5,2,0.09003147547334278,0.15881458525010883,-0.03792939809210194,0.21091666263134967
4,50,clustered,5,3,0.010798665620094128,0.13899529042386183,-0.04021585557299845,0.1095781004709575
4,50,clustered,5,4,0.02008934146692931,0.12448532590422212,-0.11479129641193153,0.0297833709592199
4,50,clustered,5,5,0.039498816671612924,0.08776605864134124,0.07354709342586896,0.20081196873882312
4,50,stratified,1,0,0.0381933761998523,0.15705855433177462,0.0068578098080234184,0.20210974033965035
4,50,stratified,1,1,0.034754304711194894,0.1466497676546733,0.04366296703148187,0.22506703939735007
4,50,stratified,1,2,0.013062633728846418,0.17123808597549117,0.03804609998054864,0.22234681968488623
4,50,stratified,1,3,-0.034657672491634206,0.23002488826836842,0.06541611970650041,0.2607833354832346
4,50,stratified,1,4,0.05129950038846076,0.1875055528145918,0.029110925859764603,0.26791597906281717
4,50,stratified,1,5,-0.023782294832826678,0.22120345744680858,0.05323898176291797,0.2506601443768999
4,50,stratified,3,0,0.04464251935139707,0.15111019892403976,0.017541105167182325,0.21329382344261916
4,50,stratified,3,1,-0.012038849150680098,0.11471352888765751,0.0781726581878992,0.18084733792487662
4,50,stratified,3,2,0.019113633799261454,0.14526419059894935,0.04437281387036518,0.20875063826857598
4,50,stratified,3,3,0.029383360686195514,0.09095536322536701,0.10756545333498468,0.2279041772465472
4,50,stratified,3,4,0.0797273804896631,0.1336228151087443,0.030346275895276054,0.24369647149368345
4,50,stratified,3,5,0.017677912754542224,0.14216349378124626,0.0426977274112913,0.20253913394707979
4,50,stratified,5,0,-0.0018988047624908244,0.15623846295840516,0.031282688284518856,0.1856223464804332
4,50,stratified,5,1,0.07258299020634151,0.11700824280208733,0.055798846162793514,0.24539007917122235
4,50,stratified,5,2,-0.018419304977319362,0.12486504225439654,0.07649676878145761,0.1829425060585348
4,50,stratified,5,3,-0.004870677442422089,0.19226358325350446,0.05593569240910601,0.24332859822018837
4,50,stratified,5,4,0.04302394498618678,0.15795621057996556,0.034887514744806336,0.23586767031095868
4,50,stratified,5,5,-0.0315771997141614,0.15340229447585896,0.11957062076679303,0.2413957155284906
4,100,random,1,0,-0.007273673749467746,0.2130708437840142,0.010928020443897513,0.21672519047844396
4,100,random,1,1,0.04168664246741094,0.2482392758486862,0.009138453226186893,0.29906437154228405
4,100,random,1,2,0.012903225806451535,0.17941331824184126,0.051238445576306524,0.24355498962459932
4,100,random,1,3,0.021857193732193858,0.1887492801721522,0.04881474662059804,0.2594212205249441
4,100,random,1,4,0.05490062537157325,0.19395173124825948,0.03836703516680351,0.28721939178663625
4,100,random,1,5,0.0431191334113199,0.16988063563355849,0.03334672747858991,0.2463464965234683
4,100,random,3,0,0.03239153259042371,0.12784208805142117,0.05076314928886827,0.21099676993071315
4,100,random,3,1,0.09348008888280102,0.132741098402697,0.04929932500818046,0.27552051229367847
4,100,random,3,2,0.029064539493820707,0.11738264207186433,0.05715382904419808,0.20360101060988312
4,100,random,3,3,0.02678839679837297,0.1517344714156953,0.031088946066913925,0.2096118142809822
4,100,random,3,4,0.0293626014698114,0.1367251068735288,0.09035880685911912,0.2564465152024593
4,100,random,3,5,0.04990398836734178,0.16976985982877146,0.034181484046338695,0.25385533224245194
4,100,random,5,0,0.045408309102557776,0.12432112759351432,0.031670198610221245,0.20139963530629335
4,100,random,5,1,0.06589282296650723,0.12118373205741628,0.046229665071770176,0.23330622009569368
4,100,random,5,2,0.06915032024655998,0.14333515156538224,0.03889410372403468,0.2513795755359769
4,100,random,5,3,0.04959802500311761,0.12059834455667784,0.045223648522259574,0.21542001808205502
4,100,random,5,4,0.013031416331550139,0.16021016296027457,0.0672218371787272,0.24046341647055192
4,100,random,5,5,0.043378633583544435,0.13713812152586158,0.04193789849357754,0.22245465360298355
4,100,clustered,1,0,0.01969398692584079,0.16113122076162634,0.04980265601336287,0.23062786370083
4,100,clustered,1,1,-0.0034851914733067257,0.18571590265987525,0.04614978305980022,0.22838049424636875
4,100,clustered,1,2,0.01862865088804999,0.1851018676534527,0.060609194807881184,0.2643397133493839
4,100,clustered,1,3,-0.03792154861178876,0.2129397503546525,0.06502807196631377,0.24004627370917753
4,100,clustered,1,4,0.038803662445735854,0.15834150215522602,-0.0108288844426625,0.18631628015829937
4,100,clustered,1,5,0.031790188322362245,0.18199678748620796,-0.045577539424599744,0.16820943638397046
4,100,clustered,3,0,0.02429953976843413,0.18466791583028674,0.015371581654849198,0.22433903725357007
4,100,clustered,3,1,0.022759594936515914,0.15797304526788158,0.0237876748449789,0.2045203150493764
4,100,clustered,3,2,0.056254340907182954,0.14503591027392548,0.011527732195602325,0.21281798337671076
4,100,clustered,3,3,0.0015749082415748017,0.1876495543162211,-0.015918775918775996,0.1733056866390199
4,100,clustered,3,4,0.05562370892559576,0.11903801998141617,-0.006647353345466511,0.16801437556154541
4,100,clustered,3,5,0.023983342211031045,0.17943925233644864,0.03920875502396959,0.24263134957144927
4,100,clustered,5,0,0.036907978262216035,0.20420976032699567,0.028301503375239956,0.26941924196445166
4,100,clustered,5,1,0.07184246728856392,0.1275610755164659,0.06734633546901203,0.26674987827404184
4,100,clustered,5,2,0.04158535303875277,0.1319185387565771,0.039202238251431654,0.21270613004676153
4,100,clustered,5,3,0.0217417921673575,0.1686801194855979,0.0589877540866679,0.2494096657396233
4,100,clustered,5,4,0.057456202085964136,0.15035317860746722,-0.00645098618410489,0.20135839450932647
4,100,clustered,5,5,0.07237313797313794,0.11986813186813183,0.015506715506715452,0.20774798534798522
4,100,stratified,1,0,0.05831667549389785,0.16843401122671942,0.036366294024628876,0.26311698074524614
4,100,stratified,1,1,0.06785295121946655,0.17105933413069985,0.03990905545676593,0.2788213408069323
4,100,stratified,1,2,0.05000757734163852,0.17339643308631836,0.03680190143317241,0.2602059118611293
4,100,stratified,1,3,0.058569141229621646,0.16563700021513517,0.03789711966278975,0.26210326110754656
4,100,stratified,1,4,0.05161280531759094,0.1645708291283795,0.045272177495845334,0.2614558119418158
4,100,stratified,1,5,0.04312982276344346,0.18174753586930315,0.0472141005546175,0.2720914591873641
4,100,stratified,3,0,0.04432344497607643,0.14286124401913902,0.044822966507176876,0.23200765550239233
4,100,stratified,3,1,0.05150039225941416,0.13029454067191748,0.04009987232340617,0.22189480525473781
4,100,stratified,3,2,0.05756272401433682,0.12431239388794602,0.054050179211469374,0.2359252971137522
4,100,stratified,3,3,0.036630540720394955,0.1598804054601769,0.020989369583700235,0.2175003157642721
4,100,stratified,3,4,0.0757079365079365,0.12876874236874225,0.03220512820512833,0.23668180708180708
4,100,stratified,3,5,0.052678055936775436,0.1287236761156595,0.05704226018645586,0.2384439922388908
4,100,stratified,5,0,0.04929891444183221,0.16068401752762995,0.02084204902786857,0.23082498099733073
4,100,stratified,5,1,0.04603635487300284,0.12746166957218008,0.03779694056232863,0.21129496500751155
4,100,stratified,5,2,-0.004310076069335422,0.18840994824791146,0.05280135459533586,0.2369012267739119
4,100,stratified,5,3,0.048545948190991894,0.13402581220772825,0.06451513659857244,0.24708689699729258
4,100,stratified,5,4,0.03063962546395016,0.1653457143910394,0.02806886154932653,0.2240542014043161
4,100,stratified,5,5,0.052023137956338505,0.13692823946676436,0.03304726197028074,0.2219986393933836
4,200,random,1,0,0.06739462884514702,0.20130772327985613,0.036494515236923375,0.3051968673619265
4,200,random,1,1,0.03000690347320134,0.19851643007284414,0.027555880424882773,0.25607921397092825
4,200,random,1,2,0.056564844536186376,0.1827594898518402,0.03537104895825982,0.2746953833462864
4,200,random,1,3,0.06596026815777734,0.18947912016404223,0.02112763977270138,0.27656702809452094
4,200,random,1,4,0.04896835295256641,0.18378105429411573,0.0322099020651927,0.26495930931187484
4,200,random,1,5,0.054022006665443656,0.17678235644835805,0.023471419617195677,0.2542757827309974
4,200,random,3,0,0.05541509928303545,0.17565724929670934,0.021510846262853933,0.2525831948425987
4,200,random,3,1,0.06495607154964855,0.15867967569369035,0.03550476059138197,0.25914050783472087
4,200,random,3,2,0.07013453795170821,0.1493707278489974,0.02494247167001118,0.2444477374707168
4,200,random,3,3,0.0804636867517794,0.15539626123839,0.02656285293419225,0.26242280092436165
4,200,random,3,4,0.026589065473118345,0.17749539708340722,0.04441525626112197,0.24849971881764754
4,200,random,3,5,0.048944713963206654,0.15239156539699317,0.040034583793650214,0.24137086315385003
4,200,random,5,0,0.07865293865293876,0.15181753181753177,0.030935697602364365,0.2614061680728349
4,200,random,5,1,0.04292838145896649,0.16523271276595752,0.02959916413373853,0.23776025835866255
4,200,random,5,2,0.08868803827751215,0.13617416267942573,0.021660287081339713,0.2465224880382776
4,200,random,5,3,0.07320438234014781,0.13319164388243332,0.022774847759895578,0.2291708739824767
4,200,random,5,4,0.10755161405580071,0.1261952013297707,0.04180388989001427,0.2755507052755857
4,200,random,5,5,0.11371575134873002,0.14292181911862767,0.018241005940474064,0.27487857640783175
4,200,clustered,1,0,0.0431273625167663,0.21100989970735262,0.023854750945006775,0.2779920131691257
4,200,clustered,1,1,0.05017013931227898,0.23389868613583709,0.047516118461163326,0.3315849439092794
4,200,clustered,1,2,0.04379300024246846,0.1809543022973873,0.0615168667030368,0.28626416924289255
4,200,clustered,1,3,0.05643071467539551,0.21125526610898948,0.07033665211856699,0.338022632902952
4,200,clustered,1,4,0.041889899097671046,0.18235485763931225,0.02889034111693678,0.2531350978539201
4,200,clustered,1,5,0.030227459472742302,0.22500787123428634,0.03703127759731539,0.29226660830434403
4,200,clustered,3,0,0.03715019240395434,0.15874792735577536,0.03057443530221482,0.22647255506194452
4,200,clustered,3,1,0.009320716864793521,0.1865520914377068,0.042746468352441114,0.23861927665494143
4,200,clustered,3,2,0.011208147735530138,0.19278014105111796,0.04372334089537988,0.24771162968202798
4,200,clustered,3,3,0.09648812389897321,0.23527500768664045,0.04126517265451135,0.373028304240125
4,200,clustered,3,4,0.03761638985364257,0.15666851358838874,0.02723179897254524,0.22151670241457655
4,200,clustered,3,5,0.07876473276866092,0.17964941604401596,0.05125846482781582,0.3096726136404927
4,200,clustered,5,0,0.07044165269072344,0.13054239541228374,0.04751756331681989,0.24850161141982707
4,200,clustered,5,1,0.10194052419354849,0.19599512636525263,0.04327632874015741,0.3412119792989585
4,200,clustered,5,2,0.053183966022821494,0.14913921559252874,0.06662363740677002,0.26894681902212025
4,200,clustered,5,3,0.0267288230884557,0.20130809595202404,0.004007683658170946,0.23204460269865068
4,200,clustered,5,4,0.02992900873738613,0.13243658472803355,0.06384214250553766,0.22620773597095734
4,200,clustered,5,5,0.04511243442288282,0.15923202551440974,0.05193881009791301,0.25628327003520557
4,200,stratified,1,0,0.0683096287164503,0.19554311348537778,0.020145119436263736,0.2839978616380918
4,200,stratified,1,1,0.050950428839170336,0.2060653262764942,0.03051462618767653,0.2875303813033411
4,200,stratified,1,2,0.05294105489417977,0.18358623436748445,0.04618356180856198,0.2827108510702262
4,200,stratified,1,3,0.06334426685251726,0.1822303606902982,0.013952303085646434,0.2595269306284619
4,200,stratified,1,4,0.08825337723305338,0.18271726243490227,0.02960932696672469,0.30057996663468034
4,200,stratified,1,5,0.05701941315148873,0.16840121792951968,0.02334204928544581,0.24876268036645421
4,200,stratified,3,0,0.08717870627492208,0.13358044354991272,0.029885896747149365,0.25064504657198416
4,200,stratified,3,1,0.061032670367416886,0.16048426669938065,0.027332009446114358,0.2488489465129119
4,200,stratified,3,2,0.04363061411724589,0.16906850999523093,0.042296575936747516,0.25499570004922434
4,200,stratified,3,3,0.08459365228539761,0.13346618168317126,0.023856624336966892,0.24191645830553576
4,200,stratified,3,4,0.04836969381477452,0.15900809237612967,0.031987127916331515,0.2393649141072357
4,200,stratified,3,5,0.07195090479088506,0.13174067283470314,0.030350360914882857,0.23404193854047106
4,200,stratified,5,0,0.07714913941679735,0.14898484415213054,0.028058799434263926,0.2541927830031918
4,200,stratified,5,1,0.08804073636753984,0.1393071827271053,0.02240576887689405,0.24975368797153918
4,200,stratified,5,2,0.07533206579328988,0.13691612436046408,0.04519639604118042,0.2574445861949344
4,200,stratified,5,3,0.07604592232507623,0.12591673226725209,0.015231785542588527,0.21719444013491684
4,200,stratified,5,4,0.0661464709253291,0.13919725997665877,0.05216077646687012,0.257504507368858
4,200,stratified,5,5,0.09453405017921135,0.131488330327451,0.018919936990617225,0.24494231749727957
4,500,random,1,0,0.09912784554432075,0.17554369244418366,0.017124193956793987,0.2917957319452984
4,500,random,1,1,0.09556062231759654,0.18603128966934657,0.020255923955751598,0.3018478359426947
4,500,random,1,2,0.10333880658071593,0.162918340531502,0.007059923575620242,0.27331707068783817
4,500,random,1,3,0.10179425837320588,0.15803827751196153,0.025930143540670025,0.28576267942583744
4,500,random,1,4,0.09397150535881105,0.1646748169448543,0.03280125687955493,0.2914475791832203
4,500,random,1,5,0.11220363220363194,0.17105105105105134,0.023534010200676803,0.3067886934553601
4,500,random,3,0,0.11063720287524581,0.1280249745974713,0.011134696555247459,0.24979687402796458
4,500,random,3,1,0.1408259941664728,0.12092943246926824,0.021752855800730053,0.2835082824364711
4,500,random,3,2,0.11097171445798759,0.13232706970638308,0.017752879309423597,0.26105166347379427
4,500,random,3,3,0.10498392190143002,0.1487286659700452,0.018587475055373615,0.27230006292684883
4,500,random,3,4,0.08426724919847772,0.14756125272345733,0.007876782301013185,0.23970528422294823
4,500,random,3,5,0.07480078901489629,0.15439352595328149,0.018421168207970018,0.2476154831761478
4,500,random,5,0,0.11920021638585743,0.13620990962821167,0.016375690353372496,0.2717858163674416
4,500,random,5,1,0.11002053105990639,0.1309255768159303,0.019626624739545573,0.2605727326153823
4,500,random,5,2,0.10062317137788845,0.13254582594205222,0.021974182351540805,0.2551431796714815
4,500,random,5,3,0.12539898935515625,0.13246542733202082,0.01766801778242655,0.2755324344696036
4,500,random,5,4,0.09353083147981645,0.14864701149969262,0.02445979840045398,0.26663764137996304
4,500,random,5,5,0.12104873675505656,0.1233344797471192,0.033823393024136506,0.27820660952631227
4,500,clustered,1,0,0.09976160556938063,0.19902798187898152,0.023989627751088816,0.32277921519945096
4,500,clustered,1,1,0.0900071837542028,0.1936537664092325,0.03389116125678715,0.31755211142022244
4,500,clustered,1,2,0.09643675119133532,0.20655362864611393,0.025207948200003383,0.32819832803745264
4,500,clustered,1,3,0.10686684628474197,0.2022869792651414,0.019514755467321843,0.3286685810172052
4,500,clustered,1,4,0.0852018518518517,0.2115787037037039,0.02286203703703693,0.31964259259259253
4,500,clustered,1,5,0.10009474969474963,0.2031120879120879,0.01732258852258861,0.32052942612942614
4,500,clustered,3,0,0.1042727743471239,0.15722549830356525,0.02881717147516394,0.2903154441258531
4,500,clustered,3,1,0.10921221001220993,0.159091575091575,0.025921367521367422,0.29422515262515236
4,500,clustered,3,2,0.08478364304656982,0.14760649137207105,0.027230627204846702,0.2596207616234876
4,500,clustered,3,3,0.11476257829864633,0.17839058395635465,0.008498686603354288,0.3016518488583553
4,500,clustered,3,4,0.17062553446131024,0.18157243472729023,0.02759000186884486,0.37978797105744533
4,500,clustered,3,5,0.08930161175450557,0.15854047965566342,0.019272155818418457,0.26711424722858745
4,500,clustered,5,0,0.11970005659309557,0.1361450669684966,0.039396340313148426,0.2952414638747406
4,500,clustered,5,1,0.09668352460610774,0.1411262400311224,0.03509142190235348,0.2729011865395836
4,500,clustered,5,2,0.08901139369889366,0.14434241973304474,0.010021156505531592,0.24337496993747
4,500,clustered,5,3,0.08707645947379039,0.14063001769964367,0.033362334859336484,0.26106881203277055
4,500,clustered,5,4,0.09843873020511207,0.15948328341490736,0.026850431408835695,0.2847724450288551
4,500,clustered,5,5,0.10907591534839256,0.1443088953137609,0.044515744854225936,0.2979005555163794
4,500,stratified,1,0,0.11246670381083945,0.17021030979766605,0.01637714564840753,0.29905415925691303
4,500,stratified,1,1,0.11898650131279287,0.16096938582486486,0.0067342105462278035,0.28669009768388554
4,500,stratified,1,2,0.09895941746880965,0.18742112181885373,0.016897980155984205,0.3032785194436476
4,500,stratified,1,3,0.08313895148643302,0.17896967266661745,0.017102778577896993,0.27921140273094747
4,500,stratified,1,4,0.09647075162279606,0.17817843526699062,0.02015748540815321,0.2948066722979399
4,500,stratified,1,5,0.09256275312821127,0.18163838179290315,0.012262550625642632,0.28646368554675705
4,500,stratified,3,0,0.12079080947005483,0.1221375584583132,0.01769395873169466,0.2606223266600627
4,500,stratified,3,1,0.11011034305754264,0.13346989747155236,0.016177966247780784,0.2597582067768758
4,500,stratified,3,2,0.12699528670166949,0.12492926215875588,0.02032166294833393,0.2722462118087593
4,500,stratified,3,3,0.13358678850700123,0.13082871128083884,0.014736580893495832,0.2791520806813359
4,500,stratified,3,4,0.11886418963068046,0.12643137587482334,0.011789275257845122,0.2570848407633489
4,500,stratified,3,5,0.12963071556661954,0.12950965110736146,0.02159960200059019,0.2807399686745712
4,500,stratified,5,0,0.13014071345065248,0.1249327005906965,0.017583412810730836,0.2726568268520798
4,500,stratified,5,1,0.13660234489496814,0.12065372476950398,0.011232077915028338,0.26848814757950046
4,500,stratified,5,2,0.10310389548009036,0.13354724050146494,0.02118257361064424,0.25783370959219953
4,500,stratified,5,3,0.12680776014109352,0.11988273988273979,0.02744172744172757,0.2741322274655609
4,500,stratified,5,4,0.09862319625936711,0.13401870316467446,0.019891465906979655,0.2525333653310212
4,500,stratified,5,5,0.11442073621067694,0.1278374266964134,0.029807727353819646,0.27206589026091
5,30,random,1,0,0.031653262405190286,0.052845873355379935,0.10104695306272238,0.1855460888232926
5,30,random,1,1,0.00699159052079279,0.09225963900103917,0.057406389012292336,0.1566576185341243
5,30,random,1,2,-0.002748492511184475,0.0010960902548141638,0.03161252674576931,0.029960124489398998
5,30,random,1,3,-0.0609458077310453,0.014764094596388166,0.0683864117238312,0.022204698589174066
5,30,random,1,4,0.002472031935340846,0.07464195948942887,0.027010990094130216,0.10412498151889993
5,30,random,1,5,0.02206758029826339,0.004807132093432975,0.031813181495898846,0.05868789388759521
5,30,random,3,0,0.036410073768572526,0.022045961224766875,0.19339014700586976,0.25184618199920916
5,30,random,3,1,0.006368697452713401,0.056116508964670686,0.07526974835033506,0.13775495476771915
5,30,random,3,2,-0.01973802559129023,0.025545340070078915,0.07991216681266422,0.0857194812914529
5,30,random,3,3,-0.03633345304924229,0.031767982760909086,0.09795656654773155,0.09339109625939834
5,30,random,3,4,-0.03544740973312399,0.07110282574568283,0.08195054945054958,0.11760596546310842
5,30,random,3,5,0.030412564859871316,0.026655267202008393,0.12512519406309586,0.18219302612497557
5,30,random,5,0,-0.08487727556558922,0.02283875306210681,0.17762716749123397,0.11558864498775157
5,30,random,5,1,-0.05483610468026523,0.04012424133400061,0.06065612876986626,0.04594426542360164
5,30,random,5,2,0.010936431989063689,0.02758380973093888,0.08368836605977747,0.12220860777978004
5,30,random,5,3,-0.018171427227046344,0.022152339239186025,0.035514518908596804,0.039495430920736485
5,30,random,5,4,-0.02491465132842019,0.05033249210379653,0.04335654455936078,0.06877438533473712
5,30,random,5,5,-0.020835419732067928,-0.0013548752397753994,0.08507306889352817,0.06288277392168484
5,30,clustered,1,0,0.0022168333320179423,0.06381066447778627,-0.018573255144000544,0.04745424266580367
5,30,clustered,1,1,-0.031190926275992514,0.013560552818114746,-0.1961836549150312,-0.21381402837290897
5,30,clustered,1,2,-0.011830441864878583,0.07312357667004055,0.08268657483552644,0.1439797096406884
5,30,clustered,1,3,-0.027440863753535716,0.04444228976173126,-0.04657738445024251,-0.029575958442046968
5,30,clustered,1,4,-0.033894566719497754,0.017356204276980924,0.04603044167362835,0.029492079231111523
5,30,clustered,1,5,-0.019502635705633597,0.04272341049801853,0.04415079527139143,0.06737157006377636
5,30,clustered,3,0,0.0043003798095451184,0.012883446437417567,0.026560128647705072,0.04374395489466776
5,30,clustered,3,1,0.06004985446212929,0.02141361398402175,0.14451794450981603,0.22598141295596708
5,30,clustered,3,2,-0.020727935787196783,0.004056005450381539,0.07127208010312813,0.05460014976631289
5,30,clustered,3,3,0.03452600082871171,0.069170531331676,0.1373101533116593,0.241006685472047
5,30,clustered,3,4,-0.08088580965141146,5.974347522896828e-05,-0.0502569948836078,-0.13108306105979028
5,30,clustered,3,5,-0.02266754011412686,0.046171695566727844,0.0605717397652743,0.08407589521787528
5,30,clustered,5,0,-0.0026246237781839543,0.0007847808501888487,0.002345654939678865,0.0005058120116837594
5,30,clustered,5,1,0.06327642746913587,0.06544174382716061,0.03839602623456784,0.16711419753086432
5,30,clustered,5,2,0.004552776389152413,-0.05709357803788173,0.06053353865837696,0.007992737009647644
5,30,clustered,5,3,-0.034500379939209735,0.02065824468085098,-0.02154540273556227,-0.035387537993921026
5,30,clustered,5,4,-0.05147749022298731,0.013801537723175161,0.17196170533461574,0.1342857528348036
5,30,clustered,5,5,-0.026984362561895292,-0.0143209867024916,-0.023011878901890714,-0.0643172281662776
5,30,stratified,1,0,0.02053692411924124,0.03330615428247308,0.02948730068696026,0.08333037908867458
5,30,stratified,1,1,-0.03640166371457498,0.09499739056174095,0.06061013410931171,0.11920586095647767
5,30,stratified,1,2,-0.01651556964827927,0.054534294344635637,0.10954402043269229,0.14756274512904866
5,30,stratified,1,3,-0.02877959279601694,0.005789690933401315,0.14888975788565184,0.12589985602303622
5,30,stratified,1,4,0.0015812623323910868,0.014361354336636323,0.07383330972757651,0.08977592639660392
5,30,stratified,1,5,-0.04252228163992888,0.058090711031887565,0.1172875816993465,0.13285601109130518
5,30,stratified,3,0,-0.04488191582353285,0.02834078639720128,0.12911484077958335,0.11257371135325178
5,30,stratified,3,1,-0.03581155410196102,0.08257641740284516,0.07580120514051081,0.12256606844139495
5,30,stratified,3,2,-0.03250900000000001,0.04186600000000007,0.05366499999999996,0.06302200000000002
5,30,stratified,3,3,-0.07948914788191785,0.07681295120230147,0.12211928412465778,0.1194430874450414
5,30,stratified,3,4,-0.016709595030410695,0.03968233666725052,0.08437932276160875,0.10735206439844858
5,30,stratified,3,5,-0.008208751747622922,0.035146800327189864,0.05239388085417429,0.07933192943374123
5,30,stratified,5,0,-0.01590938684919896,0.019482488207891002,0.07096157920002166,0.0745346805587137
5,30,stratified,5,1,-0.03278639704116437,0.032625966665065564,0.07408521062490991,0.0739247802488111
5,30,stratified,5,2,-0.031114579436338663,0.04045859832896881,0.06634048821548799,0.07568450710811814
5,30,stratified,5,3,-0.014513561180227952,0.06802612135945474,0.06313551646884974,0.11664807664807653
5,30,stratified,5,4,-0.019179700740884265,0.018618953077332745,0.10867367197714406,0.10811292431359254
5,30,stratified,5,5,-0.0009912499926609808,0.028732550379571342,0.0916177239021394,0.11935902428904976
5,50,random,1,0,-0.027135747911210872,0.039049834767427405,0.037828126948497354,0.049742213804713886
5,50,random,1,1,-0.0161538097939119,0.07341396451755222,0.06425285183084373,0.12151300655448405
5,50,random,1,2,-0.068231945717666,0.08837724968463267,0.08147149158890232,0.101616795555869
5,50,random,1,3,-0.015294749694749754,0.05435311355311356,0.024543101343101448,0.06360146520146526
5,50,random,1,4,0.007887074386830117,0.074559362908166,0.059206853234698986,0.1416532905296951
5,50,random,1,5,-0.03817913151246477,0.02598693932027263,0.08336908336908344,0.0711768911768913
5,50,random,3,0,-0.021967478429269605,0.0695890513199734,0.09879423890136085,0.14641581179206464
5,50,random,3,1,-0.08491349316801644,0.04686709261133615,0.1907321451163967,0.1526857445597164
5,50,random,3,2,-0.08429401709401707,0.06689133089133081,0.11164053724053724,0.09423785103785098
5,50,random,3,3,-0.006166116568639635,0.05056860843448863,0.08706376705043195,0.13146625891628094
5,50,random,3,4,0.10806177957355989,0.06791904986794006,0.05543894631893809,0.23141977576043804
5,50,random,3,5,0.0020748644986450238,0.07306142465494414,0.06770636383689421,0.14284265299048338
5,50,random,5,0,-0.027989328797947022,0.04691885973163956,0.08014877973525181,0.09907831066894435
5,50,random,5,1,-0.043550957266150436,0.055850218283046815,0.06536375338280564,0.07766301439970202
5,50,random,5,2,-0.07677764491396688,0.06394065613599509,0.1087175558297323,0.09588056705176051
5,50,random,5,3,0.00443698145330107,0.06228876722658516,0.06885678247907367,0.1355825311589599
5,50,random,5,4,-0.014117167098687378,0.007395348031659754,0.02460882399918396,0.017887004932156336
5,50,random,5,5,-0.02837469496934053,0.05651670629458139,0.0976186099987486,0.12576062132398946
5,50,clustered,1,0,-0.019564092054090265,0.0725708215706311,0.03271522618064804,0.08572195569718888
5,50,clustered,1,1,0.08533920974091957,0.050219670751841416,0.08565671037592071,0.2212155908686817
5,50,clustered,1,2,-0.029469589349828684,0.05696015376654073,-0.009296721871572045,0.018193842545140004
5,50,clustered,1,3,-0.051786564751992836,0.041643569303799866,-0.044811486481210916,-0.05495448192940389
5,50,clustered,1,4,-0.059315324257893653,0.045926687464548976,0.06586586941450823,0.05247723262116355
5,50,clustered,1,5,0.004474345833061499,0.005321617676974366,-0.003474999555626801,0.0063209639544090646
5,50,clustered,3,0,-0.06284995692837803,0.10227010521781943,-0.030311653950283124,0.00910849433915828
5,50,clustered,3,1,-0.009893352208110495,0.1082025751346023,0.04133496631965705,0.13964418924614885
5,50,clustered,3,2,-0.011672193518926455,0.04894404884634007,-0.2648103355793025,-0.22753848025188889
5,50,clustered,3,3,0.0306264305674524,0.06720883626785656,0.13777279830528533,0.2356080651405943
5,50,clustered,3,4,-0.09563209295297481,0.1078834668087576,0.09336552914323903,0.10561690299902182
5,50,clustered,3,5,0.02794214332675854,0.06091357450874074,0.25361057977836976,0.34246629761386904
5,50,clustered,5,0,-0.016555900476868946,0.032314439214714774,0.04045449619124297,0.0562130349290888
5,50,clustered,5,1,0.09240945850914195,-0.008469393994985475,0.05360923836604903,0.1375493028802055
5,50,clustered,5,2,-0.03386536813217067,0.010085987937311747,0.10704456274721041,0.08326518255235149
5,50,clustered,5,3,0.02672248803827748,0.035870813397129275,0.06159712918660287,0.12419043062200963
5,50,clustered,5,4,0.06627783669141035,0.14720295630089242,0.059685750241313174,0.27316654323361594
5,50,clustered,5,5,-0.04509372636634967,0.011632807403430423,-0.010560934165430247,-0.0440218531283495
5,50,stratified,1,0,-0.004728134726611044,0.0829773298850961,0.0643299385213868,0.14257913367987185
5,50,stratified,1,1,-0.03134668620745784,0.07388280177728135,0.09782608695652173,0.14036220252634524
5,50,stratified,1,2,-0.015417218125669763,0.08903404077645438,0.08942794006428434,0.16304476271506896
5,50,stratified,1,3,-0.004374376480858144,0.05648109178201788,0.05313162489088419,0.10523834019204392
5,50,stratified,1,4,-0.04754499999999984,0.07763399999999998,0.048957999999999946,0.07904700000000009
5,50,stratified,1,5,-0.039633144501004414,0.03964790215087821,0.08564454527745369,0.08565930292732749
5,50,stratified,3,0,-0.01921976980153417,0.05196996764058315,0.11107683206794705,0.14382702990699603
5,50,stratified,3,1,-0.026209021938679133,0.06092271331759014,0.10576569280398074,0.14047938418289174
5,50,stratified,3,2,-0.023942160805586754,0.03824997661803231,0.11754602350667165,0.1318538393191172
5,50,stratified,3,3,-0.01304680140066472,0.04697026253577208,0.10381746327994923,0.1377409244150566
5,50,stratified,3,4,-0.016042066637765418,0.04994639097045883,0.08468484857868341,0.11858917291137683
5,50,stratified,3,5,-0.02568221262139503,0.02807270197205658,0.08727035268463612,0.08966084203529767
5,50,stratified,5,0,0.01454788707650323,0.05570978746242594,0.032236828133959006,0.10249450267288818
5,50,stratified,5,1,0.011365351851452488,0.072267129881053,0.09756420335686644,0.18119668508937192
5,50,stratified,5,2,-0.05417817545224657,0.07082279712118256,0.060823769694611896,0.07746839136354788
5,50,stratified,5,3,0.028933086948064513,0.061199183038319394,0.078060688581988,0.1681929585683719
5,50,stratified,5,4,-0.12808203402534324,0.05418934112007234,0.16450722589611266,0.09061453299084177
5,50,stratified,5,5,-0.004162543830155352,0.04584754310965966,0.028861136461885817,0.07054613574139013
5,100,random,1,0,0.01745226962033164,0.09303928726775623,0.04638468588827438,0.15687624277636225
5,100,random,1,1,-0.029681909437380027,0.07283510093501189,0.10063668643193224,0.1437898779295641
5,100,random,1,2,-0.014384763144526413,0.08349274511049021,0.06867836391922788,0.13778634588519167
5,100,random,1,3,0.029799673851718445,0.05675038063513904,0.11196469560781819,0.19851475009467567
5,100,random,1,4,0.021297684921825377,0.02859993985814946,0.09478087489154341,0.14467849967151825
5,100,random,1,5,-0.031128905495825587,0.0747682688763599,0.09003141753336286,0.13367078091389717
5,100,random,3,0,-0.043580032457301354,0.09034769490136763,0.09422267914539617,0.14099034158946244
5,100,random,3,1,0.00857720551174379,0.07621005575328976,0.07343305340374229,0.15822031466877584
5,100,random,3,2,0.008834176277809247,0.072959995588328,0.05548071469086768,0.13727488655700493
5,100,random,3,3,0.02075065087630179,0.08028698088646169,0.07807935928371867,0.17911699104648215
5,100,random,3,4,-0.025010969293812635,0.12343785503294702,0.07012023129539524,0.16854711703452963
5,100,random,3,5,-0.008368330286070091,0.08978414997325335,0.1107433991488953,0.19215921883607856
5,100,random,5,0,0.015545925959151274,0.06474722634470365,0.07354452572395864,0.15383767802781356
5,100,random,5,1,-0.006828083440541088,0.031669047600255795,0.07638061262342066,0.10122157678313537
5,100,random,5,2,-0.00891954513175608,0.06380282950437033,0.07795891868839855,0.1328422030610128
5,100,random,5,3,-0.027298784374255924,0.10051854155627737,0.08682547361792647,0.16004523079994792
5,100,random,5,4,-0.0176477725741776,0.0408614187497921,0.09383604940397794,0.11704969557959244
5,100,random,5,5,-0.03953183434315499,0.04586817794364961,0.10513377258660261,0.11147011618709723
5,100,clustered,1,0,0.028780463980463966,0.07243565323565326,0.0357137973137972,0.13692991452991443
5,100,clustered,1,1,-0.0003789827285196612,0.08213793022820781,0.04481641258261626,0.1265753600823044
5,100,clustered,1,2,0.02265142181262625,0.09820018727514668,-0.04565078113449317,0.07520082795327976
5,100,clustered,1,3,-0.043088090950544555,0.18031961758727566,0.0569204105449459,0.194151937181677
5,100,clustered,1,4,-0.015999207763913725,0.03165874430580329,0.09651416122004353,0.11217369776193309
5,100,clustered,1,5,-0.0262327078212643,0.09602772263187753,0.08270506396924426,0.1525000787798575
5,100,clustered,3,0,-0.00958297475616754,0.037932483903869496,0.06589951074137823,0.09424901988908019
5,100,clustered,3,1,-0.03552295514929138,0.05380384931680149,0.07940599696356276,0.09768689113107287
5,100,clustered,3,2,-0.004512521546589654,0.007421436279151816,0.02280985547518599,0.025718770207748154
5,100,clustered,3,3,0.008096177568319818,0.04192793996710531,0.07124161816801622,0.12126573570344135
5,100,clustered,3,4,-0.016328646407049785,0.1281547657616794,0.10841115628847287,0.22023727564310247
5,100,clustered,3,5,-0.0236368358811595,0.05638701248103628,0.08472661945530513,0.11747679605518191
5,100,clustered,5,0,-0.020705185799525405,0.041149276998333706,0.029974044124987387,0.05041813532379569
5,100,clustered,5,1,0.002719564869620772,0.08797012231129431,0.020080737699252227,0.1107704248801673
5,100,clustered,5,2,0.00474942028299663,0.03793668070607159,0.04583029672045791,0.08851639770952613
5,100,clustered,5,3,-0.07481080936024043,0.06030523523277931,0.10037550604183276,0.08586993191437164
5,100,clustered,5,4,-0.05721852094127833,0.0018646015373370295,0.12912461561776456,0.07377069621382326
5,100,clustered,5,5,-0.007709982276566274,0.04200126623445333,0.048262199052825916,0.08255348301071297
5,100,stratified,1,0,-0.03447520631391643,0.09145464208745502,0.0771737670322139,0.1341532028057525
5,100,stratified,1,1,-0.013311299944075206,0.08675841204250312,0.05160240477226119,0.1250495168706891
5,100,stratified,1,2,-0.019805043332490002,0.08102404636892713,0.09446067655617407,0.1556796795926112
5,100,stratified,1,3,-0.01290536977094825,0.10708761143318735,0.09018662546881828,0.18436886713105738
5,100,stratified,1,4,-0.010598568072136105,0.08846163004826013,0.078994157988316,0.15685721996444002
5,100,stratified,1,5,0.002072739937310164,0.04862032936962046,0.08438031742872776,0.13507338673565839
5,100,stratified,3,0,-0.01012541765531938,0.08487724565396348,0.07569609219892515,0.15044792019756925
5,100,stratified,3,1,-0.05903748037676615,0.09521291208791216,0.08869014913657769,0.1248655808477237
5,100,stratified,3,2,0.003047619047619299,0.07224713064713051,0.07023589743589742,0.14553064713064723
5,100,stratified,3,3,-0.018995033023089136,0.09163381708471874,0.09057075189339725,0.16320953595502685
5,100,stratified,3,4,-0.031530645817555936,0.11410293599450205,0.06236433120027107,0.1449366213772172
5,100,stratified,3,5,-0.008140058165929553,0.09278001026924043,0.07516271195177027,0.15980266405508115
5,100,stratified,5,0,-0.03135501224842685,0.08365531485662137,0.07819107545991633,0.13049137806811084
5,100,stratified,5,1,0.01558779210031136,0.0693457655702252,0.04555710839234561,0.13049066606288218
5,100,stratified,5,2,-0.05699889523992496,0.13685191411691244,0.06978529228108932,0.1496383111580768
5,100,stratified,5,3,-0.0036557817491614797,0.09918444273436078,0.07424893687307965,0.16977759785827895
5,100,stratified,5,4,-0.025397376543209838,0.05758487654320976,0.09484471450617282,0.12703221450617275
5,100,stratified,5,5,-0.024504659558391206,0.04498229291487621,0.09338770120820317,0.11386533456468817
5,200,random,1,0,0.02881598218307968,0.0973299972112307,0.05049622541056342,0.1766422048048738
5,200,random,1,1,0.02667625798438278,0.09381710434354296,0.041474986323611684,0.16196834865153742
5,200,random,1,2,0.022792825647316328,0.10695807680231528,0.043688118087801264,0.17343902053743288
5,200,random,1,3,0.013672938650839295,0.12201067868446192,0.040392341023354206,0.17607595835865542
5,200,random,1,4,0.03202529872950033,0.07649566173212274,0.06237303156969909,0.17089399203132216
5,200,random,1,5,0.013038900446404988,0.11090551127167703,0.034957952603963505,0.15890236432204552
5,200,random,3,0,-0.016991083079599845,0.13682870658050073,0.019255266264835758,0.13909288976573664
5,200,random,3,1,-0.043119205443854614,0.1264016544577664,0.05441452335239927,0.13769697236631107
5,200,random,3,2,0.01393838304552597,0.09182005494505485,0.05231357927786506,0.15807201726844589
5,200,random,3,3,0.013077904238618432,0.09269917582417597,0.0654984301412872,0.1712755102040816
5,200,random,3,4,-0.02686399642714421,0.098865657491636,0.07762440354464906,0.14962606460914085
5,200,random,3,5,-0.018545238839590028,0.10639464043799962,0.059776030268779756,0.14762543186718935
5,200,random,5,0,0.002378519429386383,0.11140361511860841,0.03127579856480589,0.14505793311280069
5,200,random,5,1,-0.019982642196397227,0.1017394366603741,0.058577776238282864,0.14033457070225974
5,200,random,5,2,0.0063286796233378295,0.08913576664660339,0.04501832140987616,0.14048276767981738
5,200,random,5,3,-0.017671642817831512,0.13959594569803702,0.03674306702134156,0.15866736990154706
5,200,random,5,4,-0.011725479940930206,0.09937334635737138,0.053402081282303615,0.1410499476987448
5,200,random,5,5,0.006719714506172814,0.09595871913580234,0.042332175925926085,0.14501060956790124
5,200,clustered,1,0,-0.04311789118492193,0.11836747921490987,0.054018647167079936,0.12926823519706787
5,200,clustered,1,1,0.00034450855318113316,0.06456753929154202,0.05545318977834357,0.12036523762306672
5,200,clustered,1,2,0.008327105796946621,0.09260732680566663,0.0591941601487358,0.16012859275134905
5,200,clustered,1,3,0.010738767150215933,0.06653681364788344,0.06259894863442961,0.13987452943252898
5,200,clustered,1,4,-0.018833740792481568,0.07112113442976886,0.07366907702565395,0.12595647066294124
5,200,clustered,1,5,0.011179989922371347,0.04544489255355921,0.05422903245112243,0.11085391492705299
5,200,clustered,3,0,0.018392933009483192,0.11478649127447904,0.024318832215087904,0.15749825649905014
5,200,clustered,3,1,-0.03122912120851229,0.11131284831627375,0.0727555866852101,0.15283931379297155
5,200,clustered,3,2,0.013868207757503637,0.07385243196690294,0.08408355534807366,0.17180419507248024
5,200,clustered,3,3,-0.021096976285821634,0.08788109279189071,0.05987693186084364,0.12666104836691272
5,200,clustered,3,4,-0.014068959178739515,0.07818696940453418,0.08252963542384695,0.1466476456496416
5,200,clustered,3,5,0.021631317927614302,0.09947058059593672,0.05128509508851409,0.1723869936120651
5,200,clustered,5,0,-0.038919248400197004,0.08149189330543938,0.0870085220280582,0.12958116693330057
5,200,clustered,5,1,-0.06781534733688033,0.09064086100409718,0.07894384822356759,0.10176936189078445
5,200,clustered,5,2,-0.003705074865430258,0.03637300300088542,0.055871902153899256,0.08853983028935442
5,200,clustered,5,3,-0.0342377983473956,0.07053424348521697,0.05583463341490835,0.09213107855272973
5,200,clustered,5,4,0.014761537531298496,0.12171726283109874,0.05443391307623224,0.19091271343862948
5,200,clustered,5,5,0.005572872210705904,0.08195170558468479,0.062395210949884095,0.14991978874527478
5,200,stratified,1,0,0.023497818714396712,0.08039846247155158,0.050377263924832105,0.1542735451107804
5,200,stratified,1,1,0.03407238950395286,0.11742237265825162,0.016458837724968478,0.16795359988717296
5,200,stratified,1,2,0.037817589954790454,0.08097576175140886,0.046731784542020205,0.16552513624821952
5,200,stratified,1,3,0.016917789855001586,0.10400003131293156,0.04317955422127673,0.16409737538920988
5,200,stratified,1,4,0.022988482521721476,0.11045463730046479,0.03607193372398465,0.1695150535461709
5,200,stratified,1,5,0.024457179441135013,0.07820051373740045,0.05588455742850229,0.15854225060703775
5,200,stratified,3,0,0.020125909188895785,0.1226995824317958,0.033628012998107804,0.17645350461879938
5,200,stratified,3,1,-0.0011650933267589592,0.12769701211219886,0.03979907110648073,0.16633098989192063
5,200,stratified,3,2,0.006910321821036014,0.11735086342229217,0.03904238618524303,0.16330357142857121
5,200,stratified,3,3,0.024346672922912815,0.1176913258205361,0.04116895046166302,0.18320694920511194
5,200,stratified,3,4,-0.008915535908696426,0.09846731292457822,0.06222214487238242,0.15177392188826422
5,200,stratified,3,5,-0.002473784172887905,0.1086608961403468,0.04379157754562113,0.14997868951308002
5,200,stratified,5,0,0.025959940439022056,0.10543638022959789,0.044185599692588395,0.17558192036120834
5,200,stratified,5,1,-0.005713852594263935,0.114983509510455,0.05459935981529107,0.16386901673148213
5,200,stratified,5,2,0.021120736687866293,0.08039597362514017,0.048511737747849115,0.15002844806085558
5,200,stratified,5,3,0.006742384100874688,0.10526623970020188,0.04830730066579125,0.16031592446686782
5,200,stratified,5,4,0.013942985953505405,0.09823728761577621,0.03679058302152982,0.14897085659081144
5,200,stratified,5,5,0.020282405400384174,0.10350800458289444,0.033789171363101445,0.15757958134638006
5,500,random,1,0,0.049097965072889216,0.10439623861883685,0.028383501666749522,0.18187770535847558
5,500,random,1,1,0.045429125827155525,0.12034131051296093,0.03072192646400318,0.19649236280411964
5,500,random,1,2,0.043798886484257116,0.13328655312623272,0.020734776245798225,0.19782021585628806
5,500,random,1,3,0.04848257848307125,0.10924843526686712,0.0248602828840373,0.18259129663397566
5,500,random,1,4,0.025488081263121964,0.11415609463483034,0.023725248335984994,0.1633694242339373
5,500,random,1,5,0.046899455656052025,0.11791150799696881,0.03443059565197604,0.19924155930499687
5,500,random,3,0,0.032854362828887984,0.1085337720770414,0.03681333925740826,0.17820147416333765
5,500,random,3,1,0.020938565985153645,0.11417281998391293,0.04148865591197948,0.17660004188104605
5,500,random,3,2,0.005000399097455532,0.13954393868305637,0.03671112547429323,0.18125546325480513
5,500,random,3,3,0.032327092919550826,0.10268959992423099,0.03314200361480979,0.1681586964585916
5,500,random,3,4,0.010820024420024499,0.12398534798534788,0.025784615384615517,0.1605899877899879
5,500,random,3,5,0.020394627594627512,0.12191355311355312,0.03214945054945073,0.17445763125763136
5,500,random,5,0,0.02924313601046602,0.1173268647098561,0.009101368806932242,0.15567136952725436
5,500,random,5,1,0.02518825365623667,0.10466732190282091,0.026930586157534298,0.15678616171659188
5,500,random,5,2,0.02869026325444879,0.10045270745428969,0.02538525041276829,0.15452822112150677
5,500,random,5,3,0.023548191850807587,0.11299941407496372,0.03437330192929855,0.17092090785506986
5,500,random,5,4,0.008075189635770919,0.1329578515914247,0.023748442780819334,0.16478148400801496
5,500,random,5,5,0.025769099125753425,0.12482233708673418,0.014986531459146746,0.16557796767163435
5,500,clustered,1,0,0.018217500328393532,0.10571816201655104,0.04244214884944664,0.1663778111943912
5,500,clustered,1,1,0.04510808486058526,0.10279520069314962,0.04299954585313681,0.1909028314068717
5,500,clustered,1,2,0.04882652384038222,0.11177204269173413,0.02002248577072341,0.18062105230283976
5,500,clustered,1,3,0.0002864681941004976,0.12339344870038604,0.028225542654023772,0.1519054595485103
5,500,clustered,1,4,0.05321693121693105,0.12594179894179913,0.05033968253968257,0.22949841269841276
5,500,clustered,1,5,0.05841728546573033,0.09687150469148076,0.0413941620580377,0.19668295221524879
5,500,clustered,3,0,0.011928711240912215,0.12182606568073062,0.03569972192878901,0.16945449885043185
5,500,clustered,3,1,0.0029772824558184086,0.13180303308261487,0.037193099125542695,0.17197341466397598
5,500,clustered,3,2,0.020443162020905903,0.12721802813266225,0.041437806491160356,0.1890989966447285
5,500,clustered,3,3,0.026362152575230113,0.1436189331400658,0.030866816331100333,0.20084790204639624
5,500,clustered,3,4,0.03699080355796758,0.17312628775315353,0.02014674104226344,0.23026383235338455
5,500,clustered,3,5,0.03957030268372852,0.13552403245880829,0.031623791253692635,0.20671812639622944
5,500,clustered,5,0,0.040785991996818094,0.12025470572479124,0.03997329567130137,0.2010139933929107
5,500,clustered,5,1,0.007123077638815478,0.13624365112595793,0.034413880848498946,0.17778060961327236
5,500,clustered,5,2,0.034950217722008015,0.10239172253925843,0.05455324731771316,0.1918951875789796
5,500,clustered,5,3,-0.012893261906236408,0.12710371895708183,0.03191479067318992,0.14612524772403535
5,500,clustered,5,4,0.006616247478362647,0.12500813431378943,0.03514633630506936,0.16677071809722144
5,500,clustered,5,5,0.009586862902844384,0.139870332686574,0.024380294354266363,0.17383748994368475
5,500,stratified,1,0,0.04217963555583171,0.11789578543466117,0.03321125644690248,0.19328667743739536
5,500,stratified,1,1,0.045290451229736295,0.11478092753214375,0.02599624693447422,0.18606762569635427
5,500,stratified,1,2,0.04387414600202422,0.108410298582996,0.031694790612348145,0.18397923519736836
5,500,stratified,1,3,0.042976377045631065,0.12324138794043515,0.043349799682590784,0.209567564668657
5,500,stratified,1,4,0.054626564439690384,0.11007292260366497,0.0320461270602197,0.19674561410357505
5,500,stratified,1,5,0.02443762700025398,0.12350576263652535,0.032644026225552514,0.18058741586233185
5,500,stratified,3,0,0.04491350845202291,0.12485535459070551,0.02427381597752709,0.19404267902025552
5,500,stratified,3,1,0.02486684238518333,0.12319425760230274,0.025809308910023976,0.17387040889751004
5,500,stratified,3,2,0.022562275176730262,0.12074561377373372,0.027532967458600677,0.17084085640906466
5,500,stratified,3,3,0.04457988044028338,0.1138792462677124,0.025261141510627638,0.18372026821862342
5,500,stratified,3,4,0.0391137402230447,0.11453244252215855,0.03515856228443337,0.18880474502963662
5,500,stratified,3,5,0.04335947550668873,0.11659782495546389,0.02052975709973137,0.180487057561884
5,500,stratified,5,0,0.029924139272515027,0.09961097062828239,0.029994164559424275,0.1595292744602217
5,500,stratified,5,1,0.04370652697285582,0.11149205907207282,0.0202337512158427,0.17543233726077134
5,500,stratified,5,2,0.028049393859999716,0.11045823380805853,0.02946840594455158,0.16797603361260982
5,500,stratified,5,3,0.03735266464868825,0.11382945789763355,0.02852878676695414,0.17971090931327593
5,500,stratified,5,4,0.030636574074074163,0.11713831018518528,0.023694058641975158,0.1714689429012346
5,500,stratified,5,5,0.024317184958848603,0.1228081415405845,0.03495539894534505,0.18208072544477816
