site,region,year,latitude,longitude,depth,htyperank,kd490,meansummermIST,maxsummermIST,CVsummermIST,pred,dens
Carnac Island,CSMC,2003,-32.12077,115.6775,-4.0,1.0,0.1065,21.91,23.02,3.34,31.179487362889432,
Carnac Island,CSMC,2004,-32.12077,115.6775,-4.0,1.0,0.1065,21.91,23.02,3.34,31.29741739453441,
Carnac Island,CSMC,2005,-32.12077,115.6775,-4.0,1.0,0.1065,21.91,23.02,3.34,31.954041390419757,
Carnac Island,CSMC,2006,-32.12077,115.6775,-4.0,1.0,0.1065,21.91,23.02,3.34,33.49028719427193,31.083333333333332
Carnac Island,CSMC,2007,-32.12077,115.6775,-4.0,1.0,0.0987,22.2,23.36,2.24,30.608048411896572,29.083333333333332
Carnac Island,CSMC,2008,-32.12077,115.6775,-4.0,1.0,0.0987,22.34,23.55,3.69,31.427153698965473,33.25
Carnac Island,CSMC,2009,-32.12077,115.6775,-4.0,1.0,0.1074,22.76,24.05,3.5499999999999994,31.666971839573502,35.375
Carnac Island,CSMC,2010,-32.12077,115.6775,-4.0,1.0,0.11010000000000002,22.73,24.36,3.52,27.78311525354008,24.25
Carnac Island,CSMC,2011,-32.12077,115.6775,-4.0,1.0,0.0909,22.75,24.179999999999996,3.16,27.362348283562053,23.541666666666668
Carnac Island,CSMC,2012,-32.12077,115.6775,-4.0,1.0,0.0909,23.600000000000005,25.61,4.01,28.517069969161216,30.875
Carnac Island,CSMC,2013,-32.12077,115.6775,-4.0,1.0,0.0909,23.33,25.72,4.72,28.686404873330513,27.666666666666668
Carnac Island,CSMC,2014,-32.12077,115.6775,-4.0,1.0,0.0989,23.31,24.77,3.8699999999999997,29.909225352793296,33.125
Carnac Island,CSMC,2015,-32.12077,115.6775,-4.0,1.0,0.0989,22.88,24.84,4.15,29.995797503301603,32.5
Carnac Island,CSMC,2016,-32.12077,115.6775,-4.0,1.0,0.0989,22.88,24.84,4.15,31.12209306612327,31.833333333333332
Carnac Island,CSMC,2017,-32.12077,115.6775,-4.0,1.0,0.0989,22.88,24.84,4.15,27.21021098877474,
Carnac Island,CSMC,2018,-32.12077,115.6775,-4.0,1.0,0.1204,22.66,23.790000000000003,3.24,30.882873207129663,35.0
Carnac Island,CSMC,2019,-32.12077,115.6775,-4.0,1.0,0.1204,22.77,24.13,3.81,28.94097211796548,26.583333333333332
Carnac Island,CSMC,2020,-32.12077,115.6775,-4.0,1.0,0.21030000000000001,23.179999999999996,24.350000000000005,2.42,24.234320440910935,17.541666666666668
Carnac Island,CSMC,2021,-32.12077,115.6775,-4.0,1.0,0.21030000000000001,23.179999999999996,24.350000000000005,2.42,27.37006441578779,
Carnac Island,CSMC,2022,-32.12077,115.6775,-4.0,1.0,0.2267,23.28,24.600000000000005,3.22,29.257679278917387,30.708333333333332
Carnac Island,CSMC,2023,-32.12077,115.6775,-4.0,1.0,0.18099999999999997,23.712500000000002,25.3325,4.5825000000000005,31.036172973451425,29.25
Carnac Island,CSMC,2024,-32.12077,115.6775,-4.0,1.0,0.16780000000000003,22.86,24.2,3.76,27.24949356293617,31.291666666666668
Causeway,CSMC,2003,-32.26047998,115.70012000000001,-5.1,1.0,0.1322,23.209999999999997,25.959999999999997,5.489999999999999,28.062448266466326,
Causeway,CSMC,2004,-32.26047998,115.70012000000001,-5.1,1.0,0.1322,23.209999999999997,25.959999999999997,5.489999999999999,24.576918586235486,
Causeway,CSMC,2005,-32.26047998,115.70012000000001,-5.1,1.0,0.1322,23.209999999999997,25.959999999999997,5.489999999999999,21.747872236252192,
Causeway,CSMC,2006,-32.26047998,115.70012000000001,-5.1,1.0,0.1322,23.209999999999997,25.959999999999997,5.489999999999999,23.954323855297627,
Causeway,CSMC,2007,-32.26047998,115.70012000000001,-5.1,1.0,0.1322,23.209999999999997,25.959999999999997,5.489999999999999,19.282707720285043,
Causeway,CSMC,2008,-32.26047998,115.70012000000001,-5.1,1.0,0.1322,23.209999999999997,25.959999999999997,5.489999999999999,19.002004239321558,
Causeway,CSMC,2009,-32.26047998,115.70012000000001,-5.1,1.0,0.1322,23.209999999999997,25.959999999999997,5.489999999999999,19.34533312445973,
Causeway,CSMC,2010,-32.26047998,115.70012000000001,-5.1,1.0,0.1322,23.209999999999997,25.959999999999997,5.489999999999999,19.031310095269006,
Causeway,CSMC,2011,-32.26047998,115.70012000000001,-5.1,1.0,0.1322,23.209999999999997,25.959999999999997,5.489999999999999,18.769271082748148,
Causeway,CSMC,2012,-32.26047998,115.70012000000001,-5.1,1.0,0.1322,23.209999999999997,25.959999999999997,5.489999999999999,18.025027138437387,18.666666666666668
Causeway,CSMC,2013,-32.26047998,115.70012000000001,-5.1,1.0,0.1317,22.9,25.43,5.29,17.604811852739648,15.571428571428571
Causeway,CSMC,2014,-32.26047998,115.70012000000001,-5.1,1.0,0.1327,22.84,24.649999999999995,4.15,15.96297624479194,12.916666666666666
Causeway,CSMC,2015,-32.26047998,115.70012000000001,-5.1,1.0,0.1327,22.84,24.649999999999995,4.15,18.352299682410088,
Causeway,CSMC,2016,-32.26047998,115.70012000000001,-5.1,1.0,0.12,22.399999999999995,23.89,4.24,20.003589678573487,21.333333333333332
Causeway,CSMC,2017,-32.26047998,115.70012000000001,-5.1,1.0,0.1143,22.429999999999996,24.74,3.93,17.794987327561017,18.083333333333332
Causeway,CSMC,2018,-32.26047998,115.70012000000001,-5.1,1.0,0.1351,22.05,23.790000000000003,3.1,17.243514814185172,17.083333333333332
Causeway,CSMC,2019,-32.26047998,115.70012000000001,-5.1,1.0,0.1351,22.05,23.790000000000003,3.1,18.665252253735993,
Causeway,CSMC,2020,-32.26047998,115.70012000000001,-5.1,1.0,0.2963,22.600000000000005,23.7,2.52,18.63177771700399,21.25
Causeway,CSMC,2021,-32.26047998,115.70012000000001,-5.1,1.0,0.2963,22.600000000000005,23.7,2.52,19.34946611203169,
Causeway,CSMC,2022,-32.26047998,115.70012000000001,-5.1,1.0,0.2848,22.81,23.929999999999996,3.82,18.08390405708009,14.541666666666666
Causeway,CSMC,2023,-32.26047998,115.70012000000001,-5.1,1.0,0.2848,22.81,23.929999999999996,3.82,19.2649952430728,
Causeway,CSMC,2024,-32.26047998,115.70012000000001,-5.1,1.0,0.2848,22.81,23.929999999999996,3.82,17.444376984455445,
Coogee,CSMC,2003,-32.11173,115.76136000000001,-4.9,1.0,0.0951,22.2,23.36,2.24,24.100804965284514,
Coogee,CSMC,2004,-32.11173,115.76136000000001,-4.9,1.0,0.0951,22.2,23.36,2.24,26.3927476105433,
Coogee,CSMC,2005,-32.11173,115.76136000000001,-4.9,1.0,0.0951,22.2,23.36,2.24,26.320333228628908,
Coogee,CSMC,2006,-32.11173,115.76136000000001,-4.9,1.0,0.0951,22.2,23.36,2.24,27.17695705270474,
Coogee,CSMC,2007,-32.11173,115.76136000000001,-4.9,1.0,0.0951,22.2,23.36,2.24,24.515048030070616,25.333333333333332
Coogee,CSMC,2008,-32.11173,115.76136000000001,-4.9,1.0,0.0987,22.34,23.55,3.69,23.251307163904183,21.041666666666668
Coogee,CSMC,2009,-32.11173,115.76136000000001,-4.9,1.0,0.1074,22.76,24.05,3.5499999999999994,24.812523602770924,27.458333333333332
Coogee,CSMC,2010,-32.11173,115.76136000000001,-4.9,1.0,0.11010000000000002,22.73,24.36,3.52,23.474842498267645,22.541666666666668
Coogee,CSMC,2011,-32.11173,115.76136000000001,-4.9,1.0,0.0909,22.75,24.179999999999996,3.16,24.532527196073705,29.791666666666668
Coogee,CSMC,2012,-32.11173,115.76136000000001,-4.9,1.0,0.09849999999999999,23.600000000000005,25.61,4.01,17.824235521718858,16.666666666666668
Coogee,CSMC,2013,-32.11173,115.76136000000001,-4.9,1.0,0.0948,23.33,25.72,4.72,19.15004077106259,24.25
Coogee,CSMC,2014,-32.11173,115.76136000000001,-4.9,1.0,0.0989,23.31,24.77,3.8699999999999997,19.410315934115232,18.041666666666668
Coogee,CSMC,2015,-32.11173,115.76136000000001,-4.9,1.0,0.0953,22.88,24.84,4.15,23.051702387162457,27.5
Coogee,CSMC,2016,-32.11173,115.76136000000001,-4.9,1.0,0.0928,22.88,24.840000000000003,4.15,21.86713956985631,21.304347826086957
Coogee,CSMC,2017,-32.11173,115.76136000000001,-4.9,1.0,0.0971,22.95,24.91,3.36,17.135237103976202,12.5
Coogee,CSMC,2018,-32.11173,115.76136000000001,-4.9,1.0,0.1204,22.66,23.790000000000003,3.24,17.46056431582317,15.625
Coogee,CSMC,2019,-32.11173,115.76136000000001,-4.9,1.0,0.1168,22.77,24.13,3.81,22.629217338111804,22.0
Coogee,CSMC,2020,-32.11173,115.76136000000001,-4.9,1.0,0.24640000000000004,23.179999999999996,24.350000000000005,2.42,20.99336868363997,23.791666666666668
Coogee,CSMC,2021,-32.11173,115.76136000000001,-4.9,1.0,0.24640000000000004,23.179999999999996,24.350000000000005,2.42,21.3929773265278,
Coogee,CSMC,2022,-32.11173,115.76136000000001,-4.9,1.0,0.2877,23.28,24.600000000000005,3.22,22.834040908764656,23.75
Coogee,CSMC,2023,-32.11173,115.76136000000001,-4.9,1.0,0.2877,23.28,24.600000000000005,3.22,22.761682657557262,
Coogee,CSMC,2024,-32.11173,115.76136000000001,-4.9,1.0,0.2877,23.28,24.600000000000005,3.22,20.11416507542509,
Garden Island 2.0m,CSMC,2003,-32.15816,115.67134,-2.0,1.0,0.1087,21.99,23.89,4.04,36.47513657559895,28.833333333333332
Garden Island 2.0m,CSMC,2004,-32.15816,115.67134,-2.0,1.0,0.1087,21.99,23.89,4.04,36.80669306123287,
Garden Island 2.0m,CSMC,2005,-32.15816,115.67134,-2.0,1.0,0.10259999999999998,22.459999999999997,24.600000000000005,3.7999999999999994,39.09118667875584,39.25
Garden Island 2.0m,CSMC,2006,-32.15816,115.67134,-2.0,1.0,0.112875,22.06,23.38,3.78,40.89318827688082,43.25
Garden Island 2.0m,CSMC,2007,-32.15816,115.67134,-2.0,1.0,0.0974,22.399999999999995,23.86,2.64,36.88623242413618,35.666666666666664
Garden Island 2.0m,CSMC,2008,-32.15816,115.67134,-2.0,1.0,0.09700000000000002,22.600000000000005,24.05,4.09,38.59117890231269,41.583333333333336
Garden Island 2.0m,CSMC,2009,-32.15816,115.67134,-2.0,1.0,0.11120000000000001,23.09,24.58,3.89,39.97069286062879,42.875
Garden Island 2.0m,CSMC,2010,-32.15816,115.67134,-2.0,1.0,0.1105,23.02,24.81,3.92,36.10560411033787,35.5
Garden Island 2.0m,CSMC,2011,-32.15816,115.67134,-2.0,1.0,0.0907,23.040000000000003,24.649999999999995,3.4500000000000006,36.743885608523705,39.833333333333336
Garden Island 2.0m,CSMC,2012,-32.15816,115.67134,-2.0,1.0,0.1003,24.149999999999995,26.58,4.47,30.25640846052181,35.291666666666664
Garden Island 2.0m,CSMC,2013,-32.15816,115.67134,-2.0,1.0,0.1025,23.81,26.67,5.38,30.434962701661703,31.666666666666668
Garden Island 2.0m,CSMC,2014,-32.15816,115.67134,-2.0,1.0,0.1033,23.76,25.55,4.34,35.68541820380155,32.375
Garden Island 2.0m,CSMC,2015,-32.15816,115.67134,-2.0,1.0,0.10149999999999999,23.179999999999996,25.36,4.54,40.55349711002757,51.166666666666664
Garden Island 2.0m,CSMC,2016,-32.15816,115.67134,-2.0,1.0,0.0957,23.25,24.820000000000004,3.7999999999999994,44.20263786465984,59.666666666666664
Garden Island 2.0m,CSMC,2017,-32.15816,115.67134,-2.0,1.0,0.09700000000000002,23.25,25.600000000000005,3.91,29.103613039072716,30.958333333333332
Garden Island 2.0m,CSMC,2018,-32.15816,115.67134,-2.0,1.0,0.1186,22.84,24.06,3.44,35.7227562533964,34.0
Garden Island 2.0m,CSMC,2019,-32.15816,115.67134,-2.0,1.0,0.11720000000000001,22.95,24.41,4.15,41.86723598970114,49.625
Garden Island 2.0m,CSMC,2020,-32.15816,115.67134,-2.0,1.0,0.2003,23.39,24.820000000000004,2.97,28.500354614753377,34.125
Garden Island 2.0m,CSMC,2021,-32.15816,115.67134,-2.0,1.0,0.2003,23.39,24.820000000000004,2.97,35.34392627559681,
Garden Island 2.0m,CSMC,2022,-32.15816,115.67134,-2.0,1.0,0.22620000000000004,23.63,25.209999999999997,3.66,42.279898042943614,45.166666666666664
Garden Island 2.0m,CSMC,2023,-32.15816,115.67134,-2.0,1.0,0.1466,23.72,25.459999999999997,4.62,39.63988770372067,42.916666666666664
Garden Island 2.0m,CSMC,2024,-32.15816,115.67134,-2.0,1.0,0.1575,22.86,24.14,3.7900000000000005,28.026118047114082,28.166666666666668
Garden Island 2.5m,CSMC,2003,-32.15985,115.6716,-2.4,1.0,0.1087,21.99,23.89,4.04,28.92898811918081,20.083333333333332
Garden Island 2.5m,CSMC,2004,-32.15985,115.6716,-2.4,1.0,0.11120000000000001,22.72,24.69,3.66,29.735986609533494,24.5
Garden Island 2.5m,CSMC,2005,-32.15985,115.6716,-2.4,1.0,0.10259999999999998,22.459999999999997,24.600000000000005,3.7999999999999994,31.726169358943,30.416666666666668
Garden Island 2.5m,CSMC,2006,-32.15985,115.6716,-2.4,1.0,0.1163,22.06,23.38,3.78,38.46602601225502,39.958333333333336
Garden Island 2.5m,CSMC,2007,-32.15985,115.6716,-2.4,1.0,0.0974,22.399999999999995,23.86,2.64,29.39939824264236,28.541666666666668
Garden Island 2.5m,CSMC,2008,-32.15985,115.6716,-2.4,1.0,0.09700000000000002,22.600000000000005,24.05,4.09,30.44435324770673,35.125
Garden Island 2.5m,CSMC,2009,-32.15985,115.6716,-2.4,1.0,0.11120000000000001,23.09,24.58,3.89,29.46413309214102,30.708333333333332
Garden Island 2.5m,CSMC,2010,-32.15985,115.6716,-2.4,1.0,0.1105,23.02,24.81,3.92,27.99021895407784,23.708333333333332
Garden Island 2.5m,CSMC,2011,-32.15985,115.6716,-2.4,1.0,0.0907,23.040000000000003,24.649999999999995,3.4500000000000006,27.71449388309576,23.125
Garden Island 2.5m,CSMC,2012,-32.15985,115.6716,-2.4,1.0,0.1003,24.149999999999995,26.58,4.47,25.99508818148665,27.625
Garden Island 2.5m,CSMC,2013,-32.15985,115.6716,-2.4,1.0,0.1025,23.81,26.67,5.38,25.42273025978076,19.0
Garden Island 2.5m,CSMC,2014,-32.15985,115.6716,-2.4,1.0,0.1033,23.76,25.55,4.34,28.794047188008438,27.0
Garden Island 2.5m,CSMC,2015,-32.15985,115.6716,-2.4,1.0,0.10149999999999999,23.179999999999996,25.36,4.54,29.955383380195563,30.833333333333332
Garden Island 2.5m,CSMC,2016,-32.15985,115.6716,-2.4,1.0,0.0957,23.25,24.820000000000004,3.7999999999999994,30.708316937122934,30.583333333333332
Garden Island 2.5m,CSMC,2017,-32.15985,115.6716,-2.4,1.0,0.09700000000000002,23.25,25.600000000000005,3.91,24.75745617997834,23.333333333333332
Garden Island 2.5m,CSMC,2018,-32.15985,115.6716,-2.4,1.0,0.1186,22.84,24.06,3.44,28.705260772127744,26.25
Garden Island 2.5m,CSMC,2019,-32.15985,115.6716,-2.4,1.0,0.11720000000000001,22.95,24.41,4.15,28.923977449793657,29.166666666666668
Garden Island 2.5m,CSMC,2020,-32.15985,115.6716,-2.4,1.0,0.2003,23.39,24.820000000000004,2.97,20.37876044813681,16.541666666666668
Garden Island 2.5m,CSMC,2021,-32.15985,115.6716,-2.4,1.0,0.2003,23.39,24.820000000000004,2.97,30.290560160035675,
Garden Island 2.5m,CSMC,2022,-32.15985,115.6716,-2.4,1.0,0.22620000000000004,23.63,25.209999999999997,3.66,31.019730944839278,27.333333333333332
Garden Island 2.5m,CSMC,2023,-32.15985,115.6716,-2.4,1.0,0.1466,23.72,25.459999999999997,4.62,32.88971920009174,33.291666666666664
Garden Island 2.5m,CSMC,2024,-32.15985,115.6716,-2.4,1.0,0.1575,22.86,24.14,3.7900000000000005,20.53509978059128,19.333333333333332
Garden Island 3.2m,CSMC,2003,-32.15979,115.67257,-3.1000000000000005,1.0,0.1087,21.99,23.89,4.04,32.202090749179995,34.75
Garden Island 3.2m,CSMC,2004,-32.15979,115.67257,-3.1000000000000005,1.0,0.11120000000000001,22.72,24.69,3.66,32.90915741803244,39.125
Garden Island 3.2m,CSMC,2005,-32.15979,115.67257,-3.1000000000000005,1.0,0.10259999999999998,22.459999999999997,24.600000000000005,3.7999999999999994,34.25642513558637,38.208333333333336
Garden Island 3.2m,CSMC,2006,-32.15979,115.67257,-3.1000000000000005,1.0,0.1163,22.06,23.38,3.78,39.031253502483175,40.791666666666664
Garden Island 3.2m,CSMC,2007,-32.15979,115.67257,-3.1000000000000005,1.0,0.0974,22.399999999999995,23.86,2.64,29.781841559029733,29.0
Garden Island 3.2m,CSMC,2008,-32.15979,115.67257,-3.1000000000000005,1.0,0.09700000000000002,22.600000000000005,24.05,4.09,28.666245307108177,22.458333333333332
Garden Island 3.2m,CSMC,2009,-32.15979,115.67257,-3.1000000000000005,1.0,0.11120000000000001,23.09,24.58,3.89,29.670789691356386,27.125
Garden Island 3.2m,CSMC,2010,-32.15979,115.67257,-3.1000000000000005,1.0,0.1105,23.02,24.81,3.92,28.874315836763902,26.333333333333332
Garden Island 3.2m,CSMC,2011,-32.15979,115.67257,-3.1000000000000005,1.0,0.0907,23.040000000000003,24.649999999999995,3.4500000000000006,28.51088327561172,26.833333333333332
Garden Island 3.2m,CSMC,2012,-32.15979,115.67257,-3.1000000000000005,1.0,0.1003,24.149999999999995,26.58,4.47,23.744060927162113,21.083333333333332
Garden Island 3.2m,CSMC,2013,-32.15979,115.67257,-3.1000000000000005,1.0,0.1025,23.81,26.67,5.38,24.43585702070699,22.541666666666668
Garden Island 3.2m,CSMC,2014,-32.15979,115.67257,-3.1000000000000005,1.0,0.1033,23.76,25.55,4.34,30.04519351347456,31.666666666666668
Garden Island 3.2m,CSMC,2015,-32.15979,115.67257,-3.1000000000000005,1.0,0.10149999999999999,23.179999999999996,25.36,4.54,30.531881152003614,31.625
Garden Island 3.2m,CSMC,2016,-32.15979,115.67257,-3.1000000000000005,1.0,0.0957,23.25,24.820000000000004,3.7999999999999994,31.811503789772832,30.708333333333332
Garden Island 3.2m,CSMC,2017,-32.15979,115.67257,-3.1000000000000005,1.0,0.09700000000000002,23.25,25.600000000000005,3.91,23.835439004748253,23.0
Garden Island 3.2m,CSMC,2018,-32.15979,115.67257,-3.1000000000000005,1.0,0.1186,22.84,24.06,3.44,29.667054465300424,29.583333333333332
Garden Island 3.2m,CSMC,2019,-32.15979,115.67257,-3.1000000000000005,1.0,0.11720000000000001,22.95,24.41,4.15,28.990889721878077,26.208333333333332
Garden Island 3.2m,CSMC,2020,-32.15979,115.67257,-3.1000000000000005,1.0,0.2003,23.39,24.820000000000004,2.97,19.428120217707544,17.083333333333332
Garden Island 3.2m,CSMC,2021,-32.15979,115.67257,-3.1000000000000005,1.0,0.2003,23.39,24.820000000000004,2.97,30.99372700380785,
Garden Island 3.2m,CSMC,2022,-32.15979,115.67257,-3.1000000000000005,1.0,0.22620000000000004,23.63,25.209999999999997,3.66,35.117465238027144,43.916666666666664
Garden Island 3.2m,CSMC,2023,-32.15979,115.67257,-3.1000000000000005,1.0,0.1466,23.72,25.459999999999997,4.62,35.896304176745254,43.208333333333336
Garden Island 3.2m,CSMC,2024,-32.15979,115.67257,-3.1000000000000005,1.0,0.1575,22.86,24.14,3.7900000000000005,20.35255784760562,21.666666666666668
Garden Island 5.5m,CSMC,2003,-32.16018,115.67949,-4.6,1.0,0.1087,21.99,23.89,4.04,33.195452801314076,43.916666666666664
Garden Island 5.5m,CSMC,2004,-32.16018,115.67949,-4.6,1.0,0.11120000000000001,22.72,24.69,3.66,31.029666717414553,32.0
Garden Island 5.5m,CSMC,2005,-32.16018,115.67949,-4.6,1.0,0.10259999999999998,22.459999999999997,24.600000000000005,3.7999999999999994,33.021006060616905,33.75
Garden Island 5.5m,CSMC,2006,-32.16018,115.67949,-4.6,1.0,0.1163,22.06,23.38,3.78,36.87046144921804,38.041666666666664
Garden Island 5.5m,CSMC,2007,-32.16018,115.67949,-4.6,1.0,0.0974,22.399999999999995,23.86,2.64,30.308291126668056,29.666666666666668
Garden Island 5.5m,CSMC,2008,-32.16018,115.67949,-4.6,1.0,0.09700000000000002,22.600000000000005,24.05,4.09,29.20380554855099,27.083333333333332
Garden Island 5.5m,CSMC,2009,-32.16018,115.67949,-4.6,1.0,0.11120000000000001,23.09,24.58,3.89,28.672209998764473,27.916666666666668
Garden Island 5.5m,CSMC,2010,-32.16018,115.67949,-4.6,1.0,0.1105,23.02,24.81,3.92,26.51753890242922,26.166666666666668
Garden Island 5.5m,CSMC,2011,-32.16018,115.67949,-4.6,1.0,0.0907,23.040000000000003,24.649999999999995,3.4500000000000006,26.59798270931427,27.791666666666668
Garden Island 5.5m,CSMC,2012,-32.16018,115.67949,-4.6,1.0,0.1003,24.149999999999995,26.58,4.47,18.688122691756814,19.166666666666668
Garden Island 5.5m,CSMC,2013,-32.16018,115.67949,-4.6,1.0,0.1025,23.81,26.67,5.38,18.530246080534095,18.041666666666668
Garden Island 5.5m,CSMC,2014,-32.16018,115.67949,-4.6,1.0,0.1033,23.76,25.55,4.34,24.099216843498628,19.833333333333332
Garden Island 5.5m,CSMC,2015,-32.16018,115.67949,-4.6,1.0,0.10149999999999999,23.179999999999996,25.36,4.54,26.659648879562333,20.916666666666668
Garden Island 5.5m,CSMC,2016,-32.16018,115.67949,-4.6,1.0,0.0957,23.25,24.820000000000004,3.7999999999999994,30.392939783914443,30.5
Garden Island 5.5m,CSMC,2017,-32.16018,115.67949,-4.6,1.0,0.09700000000000002,23.25,25.600000000000005,3.91,17.869750835382643,13.708333333333334
Garden Island 5.5m,CSMC,2018,-32.16018,115.67949,-4.6,1.0,0.1186,22.84,24.06,3.44,25.28217313980448,22.458333333333332
Garden Island 5.5m,CSMC,2019,-32.16018,115.67949,-4.6,1.0,0.11720000000000001,22.95,24.41,4.15,27.64370368643014,27.041666666666668
Garden Island 5.5m,CSMC,2020,-32.16018,115.67949,-4.6,1.0,0.2003,23.39,24.820000000000004,2.97,18.206010498122552,18.041666666666668
Garden Island 5.5m,CSMC,2021,-32.16018,115.67949,-4.6,1.0,0.2003,23.39,24.820000000000004,2.97,25.789141882385067,
Garden Island 5.5m,CSMC,2022,-32.16018,115.67949,-4.6,1.0,0.22620000000000004,23.63,25.209999999999997,3.66,30.2284741292247,28.75
Garden Island 5.5m,CSMC,2023,-32.16018,115.67949,-4.6,1.0,0.1466,23.72,25.459999999999997,4.62,32.5591720053173,35.833333333333336
Garden Island 5.5m,CSMC,2024,-32.16018,115.67949,-4.6,1.0,0.1575,22.86,24.14,3.7900000000000005,16.594258890695578,12.666666666666666
Garden Island 7.0m,CSMC,2003,-32.15908,115.68062000000002,-6.799999999999999,1.0,0.1087,21.99,23.89,4.04,23.06073937417606,21.125
Garden Island 7.0m,CSMC,2004,-32.15908,115.68062000000002,-6.799999999999999,1.0,0.11120000000000001,22.72,24.69,3.66,21.222323229812975,18.708333333333332
Garden Island 7.0m,CSMC,2005,-32.15908,115.68062000000002,-6.799999999999999,1.0,0.10259999999999998,22.459999999999997,24.600000000000005,3.7999999999999994,23.919224061883355,25.291666666666668
Garden Island 7.0m,CSMC,2006,-32.15908,115.68062000000002,-6.799999999999999,1.0,0.1163,22.06,23.38,3.78,27.729841208080895,30.958333333333332
Garden Island 7.0m,CSMC,2007,-32.15908,115.68062000000002,-6.799999999999999,1.0,0.0974,22.399999999999995,23.86,2.64,20.985579855898724,19.375
Garden Island 7.0m,CSMC,2008,-32.15908,115.68062000000002,-6.799999999999999,1.0,0.09700000000000002,22.600000000000005,24.05,4.09,21.034745425948152,20.958333333333332
Garden Island 7.0m,CSMC,2009,-32.15908,115.68062000000002,-6.799999999999999,1.0,0.1112,23.090000000000003,24.579999999999995,3.89,19.822359971266913,17.130434782608695
Garden Island 7.0m,CSMC,2010,-32.15908,115.68062000000002,-6.799999999999999,1.0,0.1105,23.02,24.81,3.92,21.222131861702618,23.0
Garden Island 7.0m,CSMC,2011,-32.15908,115.68062000000002,-6.799999999999999,1.0,0.0907,23.040000000000003,24.649999999999995,3.4500000000000006,21.135876713434122,21.375
Garden Island 7.0m,CSMC,2012,-32.15908,115.68062000000002,-6.799999999999999,1.0,0.1003,24.149999999999995,26.58,4.47,14.479181536208934,8.375
Garden Island 7.0m,CSMC,2013,-32.15908,115.68062000000002,-6.799999999999999,1.0,0.1025,23.81,26.67,5.38,14.822099512165893,12.291666666666666
Garden Island 7.0m,CSMC,2014,-32.15908,115.68062000000002,-6.799999999999999,1.0,0.1033,23.76,25.55,4.34,19.90883770561406,20.916666666666668
Garden Island 7.0m,CSMC,2015,-32.15908,115.68062000000002,-6.799999999999999,1.0,0.10149999999999999,23.179999999999996,25.36,4.54,21.571926539390923,23.541666666666668
Garden Island 7.0m,CSMC,2016,-32.15908,115.68062000000002,-6.799999999999999,1.0,0.0957,23.25,24.820000000000004,3.7999999999999994,23.160105495344347,26.875
Garden Island 7.0m,CSMC,2017,-32.15908,115.68062000000002,-6.799999999999999,1.0,0.09700000000000002,23.25,25.600000000000005,3.91,17.32649491666448,20.041666666666668
Garden Island 7.0m,CSMC,2018,-32.15908,115.68062000000002,-6.799999999999999,1.0,0.1186,22.84,24.06,3.44,20.195059711072428,21.208333333333332
Garden Island 7.0m,CSMC,2019,-32.15908,115.68062000000002,-6.799999999999999,1.0,0.11720000000000001,22.95,24.41,4.15,19.2101090241849,15.833333333333334
Garden Island 7.0m,CSMC,2020,-32.15908,115.68062000000002,-6.799999999999999,1.0,0.2003,23.39,24.820000000000004,2.97,17.069691304823483,16.708333333333332
Garden Island 7.0m,CSMC,2021,-32.15908,115.68062000000002,-6.799999999999999,1.0,0.2003,23.39,24.820000000000004,2.97,20.093125096517976,
Garden Island 7.0m,CSMC,2022,-32.15908,115.68062000000002,-6.799999999999999,1.0,0.22620000000000004,23.63,25.209999999999997,3.66,20.421989782921237,18.375
Garden Island 7.0m,CSMC,2023,-32.15908,115.68062000000002,-6.799999999999999,1.0,0.1466,23.72,25.459999999999997,4.62,23.20442767146199,20.416666666666668
Garden Island 7.0m,CSMC,2024,-32.15908,115.68062000000002,-6.799999999999999,1.0,0.1575,22.86,24.14,3.7900000000000005,15.164694798195766,10.208333333333334
Garden Island Settlement,CSMC,2003,-32.21313,115.68872,-1.2,1.0,0.1164,22.459999999999997,24.600000000000005,3.7999999999999994,40.23728575457382,
Garden Island Settlement,CSMC,2004,-32.21313,115.68872,-1.2,1.0,0.1164,22.459999999999997,24.600000000000005,3.7999999999999994,39.4246065687701,
Garden Island Settlement,CSMC,2005,-32.21313,115.68872,-1.2,1.0,0.1164,22.459999999999997,24.600000000000005,3.7999999999999994,39.83082395486654,47.458333333333336
Garden Island Settlement,CSMC,2006,-32.21313,115.68872,-1.2,1.0,0.1306,22.06,23.38,3.78,38.3130673960323,37.791666666666664
Garden Island Settlement,CSMC,2007,-32.21313,115.68872,-1.2,1.0,0.1113,22.399999999999995,23.86,2.64,33.61218370074543,38.708333333333336
Garden Island Settlement,CSMC,2008,-32.21313,115.68872,-1.2,1.0,0.10759999999999999,22.600000000000005,24.05,4.09,32.6134752585246,33.291666666666664
Garden Island Settlement,CSMC,2009,-32.21313,115.68872,-1.2,1.0,0.1293,23.09,24.58,3.89,33.174216789847364,27.333333333333332
Garden Island Settlement,CSMC,2010,-32.21313,115.68872,-1.2,1.0,0.125,23.02,24.81,3.92,29.386251460216688,22.125
Garden Island Settlement,CSMC,2011,-32.21313,115.68872,-1.2,1.0,0.1047,23.040000000000003,24.649999999999995,3.4500000000000006,31.2400615940468,30.625
Garden Island Settlement,CSMC,2012,-32.21313,115.68872,-1.2,1.0,0.1047,23.040000000000003,24.649999999999995,3.4500000000000006,22.658260757887145,
Garden Island Settlement,CSMC,2013,-32.21313,115.68872,-1.2,1.0,0.1277,23.81,26.67,5.38,26.475555914950746,27.916666666666668
Garden Island Settlement,CSMC,2014,-32.21313,115.68872,-1.2,1.0,0.1214,23.76,25.55,4.34,24.38155536276806,20.041666666666668
Garden Island Settlement,CSMC,2015,-32.21313,115.68872,-1.2,1.0,0.1148,23.179999999999996,25.36,4.54,28.45227171340685,19.25
Garden Island Settlement,CSMC,2016,-32.21313,115.68872,-1.2,1.0,0.1087,23.25,24.820000000000004,3.7999999999999994,41.10850844251698,56.916666666666664
Garden Island Settlement,CSMC,2017,-32.21313,115.68872,-1.2,1.0,0.1296,23.25,25.600000000000005,3.91,22.26407361926173,21.083333333333332
Garden Island Settlement,CSMC,2018,-32.21313,115.68872,-1.2,1.0,0.1315,22.84,24.06,3.44,30.15779728768688,31.25
Garden Island Settlement,CSMC,2019,-32.21313,115.68872,-1.2,1.0,0.2709,22.95,24.41,4.15,32.43301861283199,34.833333333333336
Garden Island Settlement,CSMC,2020,-32.21313,115.68872,-1.2,1.0,0.2756,23.39,24.820000000000004,2.97,20.41165049449175,16.666666666666668
Garden Island Settlement,CSMC,2021,-32.21313,115.68872,-1.2,1.0,0.2756,23.39,24.820000000000004,2.97,30.72366405898733,
Garden Island Settlement,CSMC,2022,-32.21313,115.68872,-1.2,1.0,0.2809,23.63,25.209999999999997,3.66,32.31934114822253,30.291666666666668
Garden Island Settlement,CSMC,2023,-32.21313,115.68872,-1.2,1.0,0.1466,23.72,25.459999999999997,4.62,37.90391611727978,38.791666666666664
Garden Island Settlement,CSMC,2024,-32.21313,115.68872,-1.2,1.0,0.1575,22.86,24.14,3.7900000000000005,20.311092435293823,17.458333333333332
Jervoise Bay,CSMC,2003,-32.1723,115.77004,-4.5,1.0,0.11220000000000001,22.459999999999997,24.600000000000005,3.7999999999999994,21.198424356908653,
Jervoise Bay,CSMC,2004,-32.1723,115.77004,-4.5,1.0,0.11220000000000001,22.459999999999997,24.600000000000005,3.7999999999999994,24.809081961935668,
Jervoise Bay,CSMC,2005,-32.1723,115.77004,-4.5,1.0,0.11220000000000001,22.459999999999997,24.600000000000005,3.7999999999999994,24.597003683137505,24.416666666666668
Jervoise Bay,CSMC,2006,-32.1723,115.77004,-4.5,1.0,0.133,22.06,23.38,3.78,28.137251789378144,38.958333333333336
Jervoise Bay,CSMC,2007,-32.1723,115.77004,-4.5,1.0,0.102,22.399999999999995,23.86,2.64,24.10306379417766,28.208333333333332
Jervoise Bay,CSMC,2008,-32.1723,115.77004,-4.5,1.0,0.10659999999999999,22.600000000000005,24.05,4.09,20.32993414685242,16.375
Jervoise Bay,CSMC,2009,-32.1723,115.77004,-4.5,1.0,0.1269,23.09,24.58,3.89,20.754674674483226,24.25
Jervoise Bay,CSMC,2010,-32.1723,115.77004,-4.5,1.0,0.1179,23.02,24.81,3.92,19.87090802035028,22.833333333333332
Jervoise Bay,CSMC,2011,-32.1723,115.77004,-4.5,1.0,0.0917,23.040000000000003,24.649999999999995,3.4500000000000006,20.107703328448977,23.666666666666668
Jervoise Bay,CSMC,2012,-32.1723,115.77004,-4.5,1.0,0.1053,24.149999999999995,26.58,4.47,11.617671556357957,14.125
Jervoise Bay,CSMC,2013,-32.1723,115.77004,-4.5,1.0,0.1181,23.81,26.67,5.38,11.886231471154982,10.75
Jervoise Bay,CSMC,2014,-32.1723,115.77004,-4.5,1.0,0.1193,23.76,25.55,4.34,11.728233038039694,10.375
Jervoise Bay,CSMC,2015,-32.1723,115.77004,-4.5,1.0,0.123,23.179999999999996,25.36,4.54,12.995682530203801,10.916666666666666
Jervoise Bay,CSMC,2016,-32.1723,115.77004,-4.5,1.0,0.1058,23.25,24.820000000000004,3.7999999999999994,14.337420021391841,9.75
Jervoise Bay,CSMC,2017,-32.1723,115.77004,-4.5,1.0,0.1008,23.25,25.600000000000005,3.91,8.993590083156235,1.9583333333333333
Jervoise Bay,CSMC,2018,-32.1723,115.77004,-4.5,1.0,0.1319,22.84,24.06,3.44,10.428004810763271,3.8333333333333335
Jervoise Bay,CSMC,2019,-32.1723,115.77004,-4.5,1.0,0.1309,22.95,24.41,4.15,12.45116068487472,8.125
Jervoise Bay,CSMC,2020,-32.1723,115.77004,-4.5,1.0,0.2003,23.39,24.820000000000004,2.97,7.901138515074435,2.9583333333333335
Jervoise Bay,CSMC,2021,-32.1723,115.77004,-4.5,1.0,0.2003,23.39,24.820000000000004,2.97,11.893183380148287,
Jervoise Bay,CSMC,2022,-32.1723,115.77004,-4.5,1.0,0.22620000000000004,23.63,25.209999999999997,3.66,10.858598666820543,4.416666666666667
Jervoise Bay,CSMC,2023,-32.1723,115.77004,-4.5,1.0,0.1466,23.72,25.459999999999997,4.62,15.023464295893309,5.0
Jervoise Bay,CSMC,2024,-32.1723,115.77004,-4.5,1.0,0.1575,22.86,24.14,3.7900000000000005,10.121407008753105,5.125
Kwinana,CSMC,2003,-32.19181,115.74354999999998,-5.2,1.0,0.11220000000000001,22.459999999999997,24.600000000000005,3.7999999999999994,27.506053485483097,
Kwinana,CSMC,2004,-32.19181,115.74354999999998,-5.2,1.0,0.11220000000000001,22.459999999999997,24.600000000000005,3.7999999999999994,29.92989293202435,
Kwinana,CSMC,2005,-32.19181,115.74354999999998,-5.2,1.0,0.11220000000000001,22.459999999999997,24.600000000000005,3.7999999999999994,29.95522118239381,31.125
Kwinana,CSMC,2006,-32.19181,115.74354999999998,-5.2,1.0,0.133,22.06,23.38,3.78,32.631507147904394,37.0
Kwinana,CSMC,2007,-32.19181,115.74354999999998,-5.2,1.0,0.102,22.399999999999995,23.86,2.64,29.291946285108303,32.875
Kwinana,CSMC,2008,-32.19181,115.74354999999998,-5.2,1.0,0.10659999999999999,22.600000000000005,24.05,4.09,28.662547715980004,28.666666666666668
Kwinana,CSMC,2009,-32.19181,115.74354999999998,-5.2,1.0,0.1269,23.09,24.58,3.89,30.468656162656025,32.75
Kwinana,CSMC,2010,-32.19181,115.74354999999998,-5.2,1.0,0.1179,23.02,24.81,3.92,30.91885577316702,38.375
Kwinana,CSMC,2011,-32.19181,115.74354999999998,-5.2,1.0,0.0917,23.040000000000003,24.649999999999995,3.4500000000000006,27.458210615635604,25.958333333333332
Kwinana,CSMC,2012,-32.19181,115.74354999999998,-5.2,1.0,0.1053,24.149999999999995,26.58,4.47,20.15886152496374,20.458333333333332
Kwinana,CSMC,2013,-32.19181,115.74354999999998,-5.2,1.0,0.1181,23.81,26.67,5.38,21.789385234714285,25.375
Kwinana,CSMC,2014,-32.19181,115.74354999999998,-5.2,1.0,0.1193,23.76,25.55,4.34,21.08335413735855,14.833333333333334
Kwinana,CSMC,2015,-32.19181,115.74354999999998,-5.2,1.0,0.123,23.179999999999996,25.36,4.54,26.453431265456572,26.833333333333332
Kwinana,CSMC,2016,-32.19181,115.74354999999998,-5.2,1.0,0.1058,23.25,24.820000000000004,3.7999999999999994,23.886936682096913,21.208333333333332
Kwinana,CSMC,2017,-32.19181,115.74354999999998,-5.2,1.0,0.1008,23.25,25.600000000000005,3.91,22.568371517865184,26.291666666666668
Kwinana,CSMC,2018,-32.19181,115.74354999999998,-5.2,1.0,0.1319,22.84,24.06,3.44,23.908356302783215,29.458333333333332
Kwinana,CSMC,2019,-32.19181,115.74354999999998,-5.2,1.0,0.1309,22.95,24.41,4.15,29.7514584082043,37.208333333333336
Kwinana,CSMC,2020,-32.19181,115.74354999999998,-5.2,1.0,0.1837,23.39,24.820000000000004,2.97,25.939185126784,36.291666666666664
Kwinana,CSMC,2021,-32.19181,115.74354999999998,-5.2,1.0,0.1837,23.39,24.820000000000004,2.97,26.63261815152386,
Kwinana,CSMC,2022,-32.19181,115.74354999999998,-5.2,1.0,0.221,23.63,25.209999999999997,3.66,29.657737308596896,38.666666666666664
Kwinana,CSMC,2023,-32.19181,115.74354999999998,-5.2,1.0,0.1466,23.72,25.459999999999997,4.62,28.869622811250835,35.25
Kwinana,CSMC,2024,-32.19181,115.74354999999998,-5.2,1.0,0.1575,22.86,24.14,3.7900000000000005,22.86170415431093,21.25
Luscombe Bay,CSMC,2003,-32.16672,115.67521,-1.5,1.0,0.10259999999999998,22.459999999999997,24.600000000000005,3.7999999999999994,37.39999758910263,
Luscombe Bay,CSMC,2004,-32.16672,115.67521,-1.5,1.0,0.10259999999999998,22.459999999999997,24.600000000000005,3.7999999999999994,36.882010983497885,
Luscombe Bay,CSMC,2005,-32.16672,115.67521,-1.5,1.0,0.10259999999999998,22.459999999999997,24.600000000000005,3.7999999999999994,37.10956526285381,36.708333333333336
Luscombe Bay,CSMC,2006,-32.16672,115.67521,-1.5,1.0,0.1185,22.06,23.38,3.78,40.13448246896764,42.666666666666664
Luscombe Bay,CSMC,2007,-32.16672,115.67521,-1.5,1.0,0.0957,22.399999999999995,23.86,2.64,32.8919691790949,30.416666666666668
Luscombe Bay,CSMC,2008,-32.16672,115.67521,-1.5,1.0,0.0983,22.600000000000005,24.05,4.09,33.1652726178394,30.375
Luscombe Bay,CSMC,2009,-32.16672,115.67521,-1.5,1.0,0.1159,23.09,24.58,3.89,35.37358576844327,35.125
Luscombe Bay,CSMC,2010,-32.16672,115.67521,-1.5,1.0,0.11,23.02,24.81,3.92,31.865289642492947,31.25
Luscombe Bay,CSMC,2011,-32.16672,115.67521,-1.5,1.0,0.0867,23.040000000000003,24.649999999999995,3.4500000000000006,32.615637495203565,31.625
Luscombe Bay,CSMC,2012,-32.16672,115.67521,-1.5,1.0,0.0867,23.040000000000003,24.649999999999995,3.4500000000000006,25.009481470237365,
Luscombe Bay,CSMC,2013,-32.16672,115.67521,-1.5,1.0,0.10559999999999999,23.81,26.67,5.38,27.137648084699187,29.125
Luscombe Bay,CSMC,2014,-32.16672,115.67521,-1.5,1.0,0.1049,23.76,25.55,4.34,32.62070730521781,34.916666666666664
Luscombe Bay,CSMC,2015,-32.16672,115.67521,-1.5,1.0,0.1053,23.179999999999996,25.36,4.54,36.307722092360656,34.125
Luscombe Bay,CSMC,2016,-32.16672,115.67521,-1.5,1.0,0.0981,23.25,24.820000000000004,3.7999999999999994,38.83867730005504,37.75
Luscombe Bay,CSMC,2017,-32.16672,115.67521,-1.5,1.0,0.09449999999999999,23.25,25.600000000000005,3.91,22.76767042687875,22.375
Luscombe Bay,CSMC,2018,-32.16672,115.67521,-1.5,1.0,0.1244,22.84,24.06,3.44,35.67366940894012,41.833333333333336
Luscombe Bay,CSMC,2019,-32.16672,115.67521,-1.5,1.0,0.1219,22.95,24.41,4.15,39.60964598712197,48.083333333333336
Luscombe Bay,CSMC,2020,-32.16672,115.67521,-1.5,1.0,0.2003,23.39,24.820000000000004,2.97,20.54176004130817,22.083333333333332
Luscombe Bay,CSMC,2021,-32.16672,115.67521,-1.5,1.0,0.2003,23.39,24.820000000000004,2.97,33.228844884552394,
Luscombe Bay,CSMC,2022,-32.16672,115.67521,-1.5,1.0,0.22620000000000004,23.63,25.209999999999997,3.66,40.42987792228241,46.75
Luscombe Bay,CSMC,2023,-32.16672,115.67521,-1.5,1.0,0.1466,23.72,25.459999999999997,4.62,36.69422756309714,33.083333333333336
Luscombe Bay,CSMC,2024,-32.16672,115.67521,-1.5,1.0,0.1575,22.86,24.12,3.75,19.685047223408613,16.75
Mangles Bay,CSMC,2003,-32.27244,115.71357,-3.4,1.0,0.159,21.66,24.02,3.65,21.954885580093563,
Mangles Bay,CSMC,2004,-32.27244,115.71357,-3.4,1.0,0.159,21.66,24.02,3.65,19.68362850543531,
Mangles Bay,CSMC,2005,-32.27244,115.71357,-3.4,1.0,0.159,21.66,24.02,3.65,18.15653292937102,13.0
Mangles Bay,CSMC,2006,-32.27244,115.71357,-3.4,1.0,0.1683,21.28,23.31,5.0,21.08853359163342,22.083333333333332
Mangles Bay,CSMC,2007,-32.27244,115.71357,-3.4,1.0,0.1421,21.570000000000004,23.64,3.33,16.494779975679037,15.291666666666666
Mangles Bay,CSMC,2008,-32.27244,115.71357,-3.4,1.0,0.1396,21.75,23.01,4.54,15.513975332163415,12.666666666666666
Mangles Bay,CSMC,2009,-32.27244,115.71357,-3.4,1.0,0.1703,22.24,23.83,4.54,14.369419801231734,8.458333333333334
Mangles Bay,CSMC,2010,-32.27244,115.71357,-3.4,1.0,0.1714,22.17,23.87,3.61,15.091961505006108,14.833333333333334
Mangles Bay,CSMC,2011,-32.27244,115.71357,-3.4,1.0,0.1413,22.209999999999997,23.7,3.23,15.65475414096987,17.083333333333332
Mangles Bay,CSMC,2012,-32.27244,115.71357,-3.4,1.0,0.1661,23.209999999999997,25.959999999999997,5.489999999999999,14.34071965569954,12.333333333333334
Mangles Bay,CSMC,2013,-32.27244,115.71357,-3.4,1.0,0.1682,22.899999999999995,25.429999999999996,5.29,15.778095039837302,17.25
Mangles Bay,CSMC,2014,-32.27244,115.71357,-3.4,1.0,0.1674,22.84,24.649999999999995,4.15,14.714800729090056,12.666666666666666
Mangles Bay,CSMC,2015,-32.27244,115.71357,-3.4,1.0,0.162,22.33,24.209999999999997,4.57,14.097213097403529,11.75
Mangles Bay,CSMC,2016,-32.27244,115.71357,-3.4,1.0,0.1544,22.399999999999995,23.89,4.24,13.762293526518881,12.666666666666666
Mangles Bay,CSMC,2017,-32.27244,115.71357,-3.4,1.0,0.1434,22.429999999999996,24.74,3.93,12.33744746870311,10.166666666666666
Mangles Bay,CSMC,2018,-32.27244,115.71357,-3.4,1.0,0.1633,22.05,23.790000000000003,3.1,12.425315510332373,7.083333333333333
Mangles Bay,CSMC,2019,-32.27244,115.71357,-3.4,1.0,0.167,22.17,23.31,4.25,13.292410988375392,11.0
Mangles Bay,CSMC,2020,-32.27244,115.71357,-3.4,1.0,0.2963,22.600000000000005,23.7,2.52,12.901712517281052,12.083333333333334
Mangles Bay,CSMC,2021,-32.27244,115.71357,-3.4,1.0,0.2963,22.600000000000005,23.7,2.52,14.587308297292854,
Mangles Bay,CSMC,2022,-32.27244,115.71357,-3.4,1.0,0.2848,22.81,23.929999999999996,3.82,15.795484838939869,14.041666666666666
Mangles Bay,CSMC,2023,-32.27244,115.71357,-3.4,1.0,0.17499999999999996,23.72,25.459999999999997,4.62,16.2630553901575,9.083333333333334
Mangles Bay,CSMC,2024,-32.27244,115.71357,-3.4,1.0,0.1648,22.86,24.12,3.75,12.66502347237269,10.0
Southern Flats,CSMC,2003,-32.24142,115.70671,-2.3476190476190477,1.1428571428571428,0.11620000000000001,21.22,22.72,3.82,37.14556061744813,45.541666666666664
Southern Flats,CSMC,2004,-32.24142,115.70671,-2.3476190476190477,1.1428571428571428,0.1296,21.91,23.87,4.57,34.25571597010067,40.041666666666664
Southern Flats,CSMC,2005,-32.24142,115.70671,-2.3476190476190477,1.1428571428571428,0.1164,21.66,24.02,3.65,33.730423373600836,37.333333333333336
Southern Flats,CSMC,2006,-32.24142,115.70671,-2.3476190476190477,1.1428571428571428,0.1306,21.28,23.31,5.0,34.274044016283135,35.291666666666664
Southern Flats,CSMC,2007,-32.24142,115.70671,-2.3476190476190477,1.1428571428571428,0.1113,21.570000000000004,23.64,3.33,29.994013323572737,26.916666666666668
Southern Flats,CSMC,2008,-32.24142,115.70671,-2.3476190476190477,1.1428571428571428,0.10759999999999999,21.75,23.01,4.54,30.32266422459238,30.291666666666668
Southern Flats,CSMC,2009,-32.24142,115.70671,-2.3476190476190477,1.1428571428571428,0.1293,22.24,23.83,4.54,30.55978326036451,31.041666666666668
Southern Flats,CSMC,2010,-32.24142,115.70671,-2.3476190476190477,1.1428571428571428,0.125,22.17,23.87,3.61,32.36181060182741,35.541666666666664
Southern Flats,CSMC,2011,-32.24142,115.70671,-2.3476190476190477,1.1428571428571428,0.1047,22.209999999999997,23.7,3.23,31.87823060049947,34.875
Southern Flats,CSMC,2012,-32.24142,115.70671,-2.3476190476190477,1.1428571428571428,0.1176,23.209999999999997,25.959999999999997,5.489999999999999,24.19660854518868,25.0
Southern Flats,CSMC,2013,-32.24142,115.70671,-2.3476190476190477,1.1428571428571428,0.1277,22.899999999999995,25.429999999999996,5.29,29.323985302995226,33.416666666666664
Southern Flats,CSMC,2014,-32.24142,115.70671,-2.3476190476190477,1.1428571428571428,0.1236,22.84,24.649999999999995,4.15,28.171229725349065,27.791666666666668
Southern Flats,CSMC,2015,-32.24142,115.70671,-2.3476190476190477,1.1428571428571428,0.1214,22.33,24.21,4.57,31.995811270899747,33.61904761904762
Southern Flats,CSMC,2016,-32.24142,115.70671,-2.3476190476190477,1.1428571428571428,0.1148,22.399999999999995,23.89,4.24,32.62263114903699,36.916666666666664
Southern Flats,CSMC,2017,-32.24142,115.70671,-2.3476190476190477,1.1428571428571428,0.1087,22.429999999999996,24.74,3.93,21.99701234869111,19.916666666666668
Southern Flats,CSMC,2018,-32.24142,115.70671,-2.3476190476190477,1.1428571428571428,0.1296,22.05,23.790000000000003,3.1,28.34580141510371,29.083333333333332
Southern Flats,CSMC,2019,-32.24142,115.70671,-2.3476190476190477,1.1428571428571428,0.1315,22.17,23.31,4.25,29.91401263738816,27.625
Southern Flats,CSMC,2020,-32.24142,115.70671,-2.3476190476190477,1.1428571428571428,0.2756,22.600000000000005,23.7,2.52,21.252495169128217,19.041666666666668
Southern Flats,CSMC,2021,-32.24142,115.70671,-2.3476190476190477,1.1428571428571428,0.2756,22.600000000000005,23.7,2.52,30.910582637469275,
Southern Flats,CSMC,2022,-32.24142,115.70671,-2.3476190476190477,1.1428571428571428,0.2809,22.81,23.929999999999996,3.82,32.38636555540582,38.083333333333336
Southern Flats,CSMC,2023,-32.24142,115.70671,-2.3476190476190477,1.1428571428571428,0.17499999999999996,23.72,25.459999999999997,4.62,33.45547988769766,33.416666666666664
Southern Flats,CSMC,2024,-32.24142,115.70671,-2.3476190476190477,1.1428571428571428,0.1648,22.86,24.12,3.75,21.466442448195252,20.541666666666668
Woodman Point,CSMC,2003,-32.12859,115.73773999999999,-3.8,1.0,0.1404,21.91,23.02,3.34,17.459733338368505,
Woodman Point,CSMC,2004,-32.12859,115.73773999999999,-3.8,1.0,0.1404,21.91,23.02,3.34,21.892589242689972,
Woodman Point,CSMC,2005,-32.12859,115.73773999999999,-3.8,1.0,0.1404,21.91,23.02,3.34,22.21410922978152,
Woodman Point,CSMC,2006,-32.12859,115.73773999999999,-3.8,1.0,0.1404,21.91,23.02,3.34,23.690495588732958,27.25
Woodman Point,CSMC,2007,-32.12859,115.73773999999999,-3.8,1.0,0.1084,22.2,23.36,2.24,21.529519173823008,21.041666666666668
Woodman Point,CSMC,2008,-32.12859,115.73773999999999,-3.8,1.0,0.10959999999999999,22.34,23.55,3.69,20.06864138946272,21.458333333333332
Woodman Point,CSMC,2009,-32.12859,115.73773999999999,-3.8,1.0,0.1304,22.76,24.05,3.5499999999999994,20.65177361989879,24.958333333333332
Woodman Point,CSMC,2010,-32.12859,115.73773999999999,-3.8,1.0,0.1275,22.73,24.36,3.52,18.865036300731433,19.833333333333332
Woodman Point,CSMC,2011,-32.12859,115.73773999999999,-3.8,1.0,0.1007,22.75,24.179999999999996,3.16,16.362679838533808,10.583333333333334
Woodman Point,CSMC,2012,-32.12859,115.73773999999999,-3.8,1.0,0.11359999999999999,23.600000000000005,25.61,4.01,9.332976448480068,7.166666666666667
Woodman Point,CSMC,2013,-32.12859,115.73773999999999,-3.8,1.0,0.12120000000000002,23.33,25.72,4.72,10.432676769976025,7.96
Woodman Point,CSMC,2014,-32.12859,115.73773999999999,-3.8,1.0,0.1249,23.31,24.77,3.87,10.433628134082426,9.466666666666667
Woodman Point,CSMC,2015,-32.12859,115.73773999999999,-3.8,1.0,0.11990000000000002,22.88,24.84,4.15,10.715109668272532,7.633333333333334
Woodman Point,CSMC,2016,-32.12859,115.73773999999999,-3.8,1.0,0.1132,22.88,24.84,4.15,12.823485472973164,8.366666666666667
Woodman Point,CSMC,2017,-32.12859,115.73773999999999,-3.8,1.0,0.1107,22.95,24.91,3.36,10.605184706740218,6.133333333333334
Woodman Point,CSMC,2018,-32.12859,115.73773999999999,-3.8,1.0,0.1391,22.66,23.79,3.24,8.939696235600842,3.2666666666666666
Woodman Point,CSMC,2019,-32.12859,115.73773999999999,-3.8,1.0,0.1402,22.77,24.13,3.81,9.59394833281459,2.7333333333333334
Woodman Point,CSMC,2020,-32.12859,115.73773999999999,-3.8,1.0,0.2464,23.18,24.35,2.42,7.395291569863792,2.1666666666666665
Woodman Point,CSMC,2021,-32.12859,115.73773999999999,-3.8,1.0,0.2464,23.18,24.35,2.42,11.383755681777114,
Woodman Point,CSMC,2022,-32.12859,115.73773999999999,-3.8,1.0,0.2877,23.28,24.600000000000005,3.22,10.841471077641934,7.583333333333333
Woodman Point,CSMC,2023,-32.12859,115.73773999999999,-3.8,1.0,0.2877,23.28,24.600000000000005,3.22,15.974566116376872,
Woodman Point,CSMC,2024,-32.12859,115.73773999999999,-3.8,1.0,0.2877,23.28,24.600000000000005,3.22,12.29197403705228,
Boullanger Island 2.5,JBMP,2003,-30.31406,115.00243,-3.0,4.0,0.1054,22.8,24.600000000000005,3.7000000000000006,33.4355516623155,34.625
Boullanger Island 2.5,JBMP,2004,-30.31406,115.00243,-3.0,4.0,0.10259999999999998,23.36,24.899999999999995,3.5499999999999994,37.4876014501962,38.0
Boullanger Island 2.5,JBMP,2005,-30.31406,115.00243,-3.0,4.0,0.1007,22.87,24.56,4.51,33.832492581878,35.125
Boullanger Island 2.5,JBMP,2006,-30.31406,115.00243,-3.0,4.0,0.1007,22.87,24.56,4.51,30.939995427583387,
Boullanger Island 2.5,JBMP,2007,-30.31406,115.00243,-3.0,4.0,0.10210000000000001,22.91,24.38,3.09,29.446760923414672,29.083333333333332
Boullanger Island 2.5,JBMP,2008,-30.31406,115.00243,-3.0,4.0,0.1002,23.37,24.76,3.2099999999999995,32.036050149654095,30.791666666666668
Boullanger Island 2.5,JBMP,2009,-30.31406,115.00243,-3.0,4.0,0.1002,23.37,24.76,3.2099999999999995,30.71268714685327,
Boullanger Island 2.5,JBMP,2010,-30.31406,115.00243,-3.0,4.0,0.1063,23.81,25.01,2.37,40.366874269432756,40.75
Boullanger Island 2.5,JBMP,2011,-30.31406,115.00243,-3.0,4.0,0.1003,23.49,25.84,3.6300000000000003,32.7212154658643,34.666666666666664
Boullanger Island 2.5,JBMP,2012,-30.31406,115.00243,-3.0,4.0,0.1204,25.47,28.77,4.66,29.117955819471874,25.0
Boullanger Island 2.5,JBMP,2013,-30.31406,115.00243,-3.0,4.0,0.1204,25.47,28.77,4.66,29.176564197390338,
Boullanger Island 2.5,JBMP,2014,-30.31406,115.00243,-3.0,4.0,0.1002,24.459999999999997,26.53,3.73,30.060305330251524,24.875
Boullanger Island 2.5,JBMP,2015,-30.31406,115.00243,-3.0,4.0,0.1002,24.459999999999997,26.53,3.73,30.005422838706792,
Boullanger Island 2.5,JBMP,2016,-30.31406,115.00243,-3.0,4.0,0.1012,23.7,25.23,3.27,27.202018844522687,28.583333333333332
Boullanger Island 2.5,JBMP,2017,-30.31406,115.00243,-3.0,4.0,0.10059999999999998,23.709999999999997,25.45,3.16,23.762087048944032,21.041666666666668
Boullanger Island 2.5,JBMP,2018,-30.31406,115.00243,-3.0,4.0,0.10149999999999999,23.78,24.77,3.19,29.34163779881505,26.083333333333332
Boullanger Island 2.5,JBMP,2019,-30.31406,115.00243,-3.0,4.0,0.10149999999999999,23.78,24.77,3.19,29.595561582319363,
Boullanger Island 2.5,JBMP,2020,-30.31406,115.00243,-3.0,4.0,0.2561,23.58,25.61,3.61,26.782046436465947,19.958333333333332
Boullanger Island 2.5,JBMP,2021,-30.31406,115.00243,-3.0,4.0,0.2561,23.58,25.61,3.61,29.417134565314463,
Boullanger Island 2.5,JBMP,2022,-30.31406,115.00243,-3.0,4.0,0.18600000000000003,24.570000000000004,26.37,3.97,26.79026884473689,22.541666666666668
Boullanger Island 2.5,JBMP,2023,-30.31406,115.00243,-3.0,4.0,0.18600000000000003,24.570000000000004,26.37,3.97,29.219031765554483,
Boullanger Island 2.5,JBMP,2024,-30.31406,115.00243,-3.0,4.0,0.1592,23.8,25.149999999999995,3.17,22.631795201351586,18.166666666666668
Boullanger Island 3.5,JBMP,2003,-30.31232,115.00273,-3.6,4.0,0.1054,22.8,24.600000000000005,3.7000000000000006,33.36408046222846,34.458333333333336
Boullanger Island 3.5,JBMP,2004,-30.31232,115.00273,-3.6,4.0,0.10259999999999998,23.36,24.899999999999995,3.5499999999999994,36.43801511832659,38.958333333333336
Boullanger Island 3.5,JBMP,2005,-30.31232,115.00273,-3.6,4.0,0.1007,22.87,24.56,4.51,33.00592728248919,32.208333333333336
Boullanger Island 3.5,JBMP,2006,-30.31232,115.00273,-3.6,4.0,0.1007,22.87,24.56,4.51,31.33828357705265,
Boullanger Island 3.5,JBMP,2007,-30.31232,115.00273,-3.6,4.0,0.10210000000000001,22.91,24.38,3.09,29.6224541717474,25.5
Boullanger Island 3.5,JBMP,2008,-30.31232,115.00273,-3.6,4.0,0.1002,23.37,24.76,3.2099999999999995,31.71627719233842,32.583333333333336
Boullanger Island 3.5,JBMP,2009,-30.31232,115.00273,-3.6,4.0,0.1002,23.37,24.76,3.2099999999999995,31.519915550020567,
Boullanger Island 3.5,JBMP,2010,-30.31232,115.00273,-3.6,4.0,0.1063,23.81,25.01,2.37,39.86107096091724,42.791666666666664
Boullanger Island 3.5,JBMP,2011,-30.31232,115.00273,-3.6,4.0,0.1003,23.49,25.84,3.6300000000000003,33.552316673516415,34.875
Boullanger Island 3.5,JBMP,2012,-30.31232,115.00273,-3.6,4.0,0.1204,25.47,28.77,4.66,29.474900008170565,29.333333333333332
Boullanger Island 3.5,JBMP,2013,-30.31232,115.00273,-3.6,4.0,0.1204,25.47,28.77,4.66,30.689249986837737,
Boullanger Island 3.5,JBMP,2014,-30.31232,115.00273,-3.6,4.0,0.1002,24.459999999999997,26.53,3.73,31.6720789110618,31.916666666666668
Boullanger Island 3.5,JBMP,2015,-30.31232,115.00273,-3.6,4.0,0.1002,24.459999999999997,26.53,3.73,31.87272198395217,
Boullanger Island 3.5,JBMP,2016,-30.31232,115.00273,-3.6,4.0,0.1006,23.71,25.45,3.16,29.419458648637118,
Boullanger Island 3.5,JBMP,2017,-30.31232,115.00273,-3.6,4.0,0.1006,23.71,25.45,3.16,21.80551789998236,15.5
Boullanger Island 3.5,JBMP,2018,-30.31232,115.00273,-3.6,4.0,0.10149999999999999,23.78,24.77,3.19,31.2468561663493,31.375
Boullanger Island 3.5,JBMP,2019,-30.31232,115.00273,-3.6,4.0,0.10149999999999999,23.78,24.77,3.19,31.04786189911197,
Boullanger Island 3.5,JBMP,2020,-30.31232,115.00273,-3.6,4.0,0.2561,23.58,25.61,3.61,27.84108773784438,31.416666666666668
Boullanger Island 3.5,JBMP,2021,-30.31232,115.00273,-3.6,4.0,0.2561,23.58,25.61,3.61,29.9143047757781,
Boullanger Island 3.5,JBMP,2022,-30.31232,115.00273,-3.6,4.0,0.18600000000000003,24.570000000000004,26.37,3.97,27.547895599520434,23.75
Boullanger Island 3.5,JBMP,2023,-30.31232,115.00273,-3.6,4.0,0.18600000000000003,24.570000000000004,26.37,3.97,29.83507707761622,
Boullanger Island 3.5,JBMP,2024,-30.31232,115.00273,-3.6,4.0,0.1592,23.8,25.149999999999995,3.17,23.175333659819287,21.791666666666668
Boullanger Island 5.5,JBMP,2003,-30.311400000000003,115.00292,-5.599999999999999,4.0,0.1054,22.8,24.600000000000005,3.7000000000000006,29.056867810249813,29.083333333333332
Boullanger Island 5.5,JBMP,2004,-30.311400000000003,115.00292,-5.599999999999999,4.0,0.10259999999999998,23.36,24.899999999999995,3.5499999999999994,31.587614530510425,33.5
Boullanger Island 5.5,JBMP,2005,-30.311400000000003,115.00292,-5.599999999999999,4.0,0.1007,22.87,24.56,4.51,29.059870099692642,31.875
Boullanger Island 5.5,JBMP,2006,-30.311400000000003,115.00292,-5.599999999999999,4.0,0.1007,22.87,24.56,4.51,26.69338484079627,
Boullanger Island 5.5,JBMP,2007,-30.311400000000003,115.00292,-5.599999999999999,4.0,0.10210000000000001,22.91,24.38,3.09,24.451026162112086,28.708333333333332
Boullanger Island 5.5,JBMP,2008,-30.311400000000003,115.00292,-5.599999999999999,4.0,0.1002,23.37,24.76,3.2099999999999995,28.710371715825545,29.958333333333332
Boullanger Island 5.5,JBMP,2009,-30.311400000000003,115.00292,-5.599999999999999,4.0,0.1002,23.37,24.76,3.2099999999999995,26.355763047590564,
Boullanger Island 5.5,JBMP,2010,-30.311400000000003,115.00292,-5.599999999999999,4.0,0.1063,23.81,25.01,2.37,32.554067146681675,33.625
Boullanger Island 5.5,JBMP,2011,-30.311400000000003,115.00292,-5.599999999999999,4.0,0.1003,23.49,25.84,3.6300000000000003,27.02366437043645,24.25
Boullanger Island 5.5,JBMP,2012,-30.311400000000003,115.00292,-5.599999999999999,4.0,0.1204,25.47,28.77,4.66,24.030616147835964,27.166666666666668
Boullanger Island 5.5,JBMP,2013,-30.311400000000003,115.00292,-5.599999999999999,4.0,0.1204,25.47,28.77,4.66,25.736392659301444,
Boullanger Island 5.5,JBMP,2014,-30.311400000000003,115.00292,-5.599999999999999,4.0,0.1002,24.459999999999997,26.53,3.73,26.04852698965019,27.416666666666668
Boullanger Island 5.5,JBMP,2015,-30.311400000000003,115.00292,-5.599999999999999,4.0,0.1002,24.459999999999997,26.53,3.73,25.80236615905844,
Boullanger Island 5.5,JBMP,2016,-30.311400000000003,115.00292,-5.599999999999999,4.0,0.1012,23.7,25.23,3.27,23.257749145063492,18.333333333333332
Boullanger Island 5.5,JBMP,2017,-30.311400000000003,115.00292,-5.599999999999999,4.0,0.10059999999999998,23.709999999999997,25.45,3.16,18.87559157598473,17.791666666666668
Boullanger Island 5.5,JBMP,2018,-30.311400000000003,115.00292,-5.599999999999999,4.0,0.1015,23.780000000000005,24.769999999999996,3.1899999999999995,25.77098135316883,25.772727272727273
Boullanger Island 5.5,JBMP,2019,-30.311400000000003,115.00292,-5.599999999999999,4.0,0.1015,23.780000000000005,24.769999999999996,3.1899999999999995,26.08809957335536,
Boullanger Island 5.5,JBMP,2020,-30.311400000000003,115.00292,-5.599999999999999,4.0,0.2561,23.58,25.61,3.61,22.0422785264388,21.916666666666668
Boullanger Island 5.5,JBMP,2021,-30.311400000000003,115.00292,-5.599999999999999,4.0,0.2561,23.58,25.61,3.61,25.05983310119422,
Boullanger Island 5.5,JBMP,2022,-30.311400000000003,115.00292,-5.599999999999999,4.0,0.18600000000000003,24.570000000000004,26.37,3.97,21.93928407133963,21.708333333333332
Boullanger Island 5.5,JBMP,2023,-30.311400000000003,115.00292,-5.599999999999999,4.0,0.18600000000000003,24.570000000000004,26.37,3.97,25.335465136552457,
Boullanger Island 5.5,JBMP,2024,-30.311400000000003,115.00292,-5.599999999999999,4.0,0.1592,23.8,25.149999999999995,3.17,18.46870901674599,17.5
Cervantes Island,JBMP,2003,-30.529350000000004,115.0485,-4.2,3.0,0.0936,23.94,25.56,3.68,30.675944756272013,
Cervantes Island,JBMP,2004,-30.529350000000004,115.0485,-4.2,3.0,0.0936,23.94,25.56,3.68,34.09499065558969,
Cervantes Island,JBMP,2005,-30.529350000000004,115.0485,-4.2,3.0,0.0936,23.94,25.56,3.68,31.53499445662558,
Cervantes Island,JBMP,2006,-30.529350000000004,115.0485,-4.2,3.0,0.0936,23.94,25.56,3.68,29.85853233899015,
Cervantes Island,JBMP,2007,-30.529350000000004,115.0485,-4.2,3.0,0.0936,23.94,25.56,3.68,30.00658068739577,
Cervantes Island,JBMP,2008,-30.529350000000004,115.0485,-4.2,3.0,0.0936,23.94,25.56,3.68,30.451045734082545,
Cervantes Island,JBMP,2009,-30.529350000000004,115.0485,-4.2,3.0,0.0936,23.94,25.56,3.68,29.85853233899015,
Cervantes Island,JBMP,2010,-30.529350000000004,115.0485,-4.2,3.0,0.0936,23.94,25.56,3.68,35.679608926132545,
Cervantes Island,JBMP,2011,-30.529350000000004,115.0485,-4.2,3.0,0.0936,23.94,25.56,3.68,30.672234268473428,
Cervantes Island,JBMP,2012,-30.529350000000004,115.0485,-4.2,3.0,0.0936,23.94,25.56,3.68,29.34237087378299,
Cervantes Island,JBMP,2013,-30.529350000000004,115.0485,-4.2,3.0,0.0936,23.94,25.56,3.68,29.38745576693746,
Cervantes Island,JBMP,2014,-30.529350000000004,115.0485,-4.2,3.0,0.0936,23.94,25.56,3.68,30.62559224533188,29.125
Cervantes Island,JBMP,2015,-30.529350000000004,115.0485,-4.2,3.0,0.0936,23.94,25.56,3.68,29.514501417574937,
Cervantes Island,JBMP,2016,-30.529350000000004,115.0485,-4.2,3.0,0.1013,23.350000000000005,24.64,3.22,25.469583469070166,24.75
Cervantes Island,JBMP,2017,-30.529350000000004,115.0485,-4.2,3.0,0.0976,23.38,24.790000000000003,2.91,22.572964584227908,24.791666666666668
Cervantes Island,JBMP,2018,-30.529350000000004,115.0485,-4.2,3.0,0.10010000000000001,23.459999999999997,24.34,3.31,26.482514249488773,19.541666666666668
Cervantes Island,JBMP,2019,-30.529350000000004,115.0485,-4.2,3.0,0.10010000000000001,23.459999999999997,24.34,3.31,27.462464001411323,
Cervantes Island,JBMP,2020,-30.529350000000004,115.0485,-4.2,3.0,0.1327,23.25,24.8,4.05,23.79526139280838,20.458333333333332
Cervantes Island,JBMP,2021,-30.529350000000004,115.0485,-4.2,3.0,0.1327,23.25,24.8,4.05,27.016490486001434,
Cervantes Island,JBMP,2022,-30.529350000000004,115.0485,-4.2,3.0,0.1283,24.0,25.42,3.61,25.9872338762775,28.0
Cervantes Island,JBMP,2023,-30.529350000000004,115.0485,-4.2,3.0,0.1283,24.0,25.42,3.61,28.821183759528285,
Cervantes Island,JBMP,2024,-30.529350000000004,115.0485,-4.2,3.0,0.1516,23.459999999999997,24.929999999999996,3.32,18.848508542884836,11.791666666666666
Fishermans Island 2.5,JBMP,2003,-30.13472,114.99791999999998,-3.0,4.0,0.1233,22.540000000000003,24.33,3.4,45.37302107434721,44.625
Fishermans Island 2.5,JBMP,2004,-30.13472,114.99791999999998,-3.0,4.0,0.1208,23.11,24.53,3.32,48.369520777355646,60.458333333333336
Fishermans Island 2.5,JBMP,2005,-30.13472,114.99791999999998,-3.0,4.0,0.11259999999999999,22.59,23.97,3.94,49.03512854093488,48.958333333333336
Fishermans Island 2.5,JBMP,2006,-30.13472,114.99791999999998,-3.0,4.0,0.11259999999999999,22.59,23.97,3.94,39.58496429298694,
Fishermans Island 2.5,JBMP,2007,-30.13472,114.99791999999998,-3.0,4.0,0.115,22.69,24.23,2.7999999999999994,39.22500286725323,36.666666666666664
Fishermans Island 2.5,JBMP,2008,-30.13472,114.99791999999998,-3.0,4.0,0.1119,23.100000000000005,24.56,2.9500000000000006,49.86768766616877,52.708333333333336
Fishermans Island 2.5,JBMP,2009,-30.13472,114.99791999999998,-3.0,4.0,0.1119,23.100000000000005,24.56,2.9500000000000006,39.27611298026652,
Fishermans Island 2.5,JBMP,2010,-30.13472,114.99791999999998,-3.0,4.0,0.1211,23.52,24.570000000000004,2.44,50.48554275763944,64.20833333333333
Fishermans Island 2.5,JBMP,2011,-30.13472,114.99791999999998,-3.0,4.0,0.115,23.23,25.399999999999995,3.34,38.74022198617704,47.041666666666664
Fishermans Island 2.5,JBMP,2012,-30.13472,114.99791999999998,-3.0,4.0,0.1328,25.070000000000004,28.02,4.48,39.50129258770165,47.416666666666664
Fishermans Island 2.5,JBMP,2013,-30.13472,114.99791999999998,-3.0,4.0,0.1328,25.070000000000004,28.02,4.48,39.18937671083187,
Fishermans Island 2.5,JBMP,2014,-30.13472,114.99791999999998,-3.0,4.0,0.1124,24.12,25.75,3.16,40.45389039299397,44.875
Fishermans Island 2.5,JBMP,2015,-30.13472,114.99791999999998,-3.0,4.0,0.1124,24.12,25.75,3.16,40.05748804428,
Fishermans Island 2.5,JBMP,2016,-30.13472,114.99791999999998,-3.0,4.0,0.1244,23.38,24.679999999999996,2.99,37.95915919771743,31.541666666666668
Fishermans Island 2.5,JBMP,2017,-30.13472,114.99791999999998,-3.0,4.0,0.11820000000000001,23.42,24.89,2.83,27.27068085196636,28.625
Fishermans Island 2.5,JBMP,2018,-30.13472,114.99791999999998,-3.0,4.0,0.1211,23.540000000000003,24.45,2.55,36.86006145824515,31.541666666666668
Fishermans Island 2.5,JBMP,2019,-30.13472,114.99791999999998,-3.0,4.0,0.1211,23.540000000000003,24.45,2.55,37.57530906975222,
Fishermans Island 2.5,JBMP,2020,-30.13472,114.99791999999998,-3.0,4.0,0.23739999999999997,23.23,25.02,3.1199999999999997,27.307747808547962,25.208333333333332
Fishermans Island 2.5,JBMP,2021,-30.13472,114.99791999999998,-3.0,4.0,0.23739999999999997,23.23,25.02,3.1199999999999997,37.37983524155083,
Fishermans Island 2.5,JBMP,2022,-30.13472,114.99791999999998,-3.0,4.0,0.21430000000000002,24.24,26.02,3.7900000000000005,29.36016629508405,30.625
Fishermans Island 2.5,JBMP,2023,-30.13472,114.99791999999998,-3.0,4.0,0.21430000000000002,24.24,26.02,3.7900000000000005,38.257522617508535,
Fishermans Island 2.5,JBMP,2024,-30.13472,114.99791999999998,-3.0,4.0,0.1365,23.69,24.820000000000004,2.85,27.006332661505322,30.708333333333332
Fishermans Island 3.5,JBMP,2003,-30.127169999999996,114.99594,-4.7,4.0,0.1233,22.540000000000003,24.33,3.4,31.09355138749396,29.416666666666668
Fishermans Island 3.5,JBMP,2004,-30.127169999999996,114.99594,-4.7,4.0,0.1208,23.11,24.53,3.32,32.190491791111945,31.75
Fishermans Island 3.5,JBMP,2005,-30.127169999999996,114.99594,-4.7,4.0,0.11260000000000002,22.590000000000003,23.97,3.9400000000000004,31.400010738042337,29.652173913043477
Fishermans Island 3.5,JBMP,2006,-30.127169999999996,114.99594,-4.7,4.0,0.11260000000000002,22.590000000000003,23.97,3.9400000000000004,29.771712158055415,
Fishermans Island 3.5,JBMP,2007,-30.127169999999996,114.99594,-4.7,4.0,0.115,22.69,24.23,2.7999999999999994,28.898625012610633,26.75
Fishermans Island 3.5,JBMP,2008,-30.127169999999996,114.99594,-4.7,4.0,0.1119,23.100000000000005,24.56,2.9500000000000006,32.354462615485176,32.333333333333336
Fishermans Island 3.5,JBMP,2009,-30.127169999999996,114.99594,-4.7,4.0,0.1119,23.100000000000005,24.56,2.9500000000000006,29.662170159247342,
Fishermans Island 3.5,JBMP,2010,-30.127169999999996,114.99594,-4.7,4.0,0.1211,23.52,24.570000000000004,2.44,33.45337533108244,40.125
Fishermans Island 3.5,JBMP,2011,-30.127169999999996,114.99594,-4.7,4.0,0.115,23.23,25.399999999999995,3.34,27.842827929252458,19.083333333333332
Fishermans Island 3.5,JBMP,2012,-30.127169999999996,114.99594,-4.7,4.0,0.1328,25.07,28.020000000000003,4.48,27.593344525949906,25.869565217391305
Fishermans Island 3.5,JBMP,2013,-30.127169999999996,114.99594,-4.7,4.0,0.1328,25.07,28.020000000000003,4.48,27.45738468023247,
Fishermans Island 3.5,JBMP,2014,-30.127169999999996,114.99594,-4.7,4.0,0.1124,24.12,25.75,3.16,27.91490604403129,29.041666666666668
Fishermans Island 3.5,JBMP,2015,-30.127169999999996,114.99594,-4.7,4.0,0.1124,24.12,25.75,3.16,27.780380961038517,
Fishermans Island 3.5,JBMP,2016,-30.127169999999996,114.99594,-4.7,4.0,0.1244,23.38,24.679999999999996,2.99,28.289627742780098,29.875
Fishermans Island 3.5,JBMP,2017,-30.127169999999996,114.99594,-4.7,4.0,0.11820000000000001,23.42,24.89,2.83,18.804608045386455,16.958333333333332
Fishermans Island 3.5,JBMP,2018,-30.127169999999996,114.99594,-4.7,4.0,0.1211,23.54,24.45,2.55,28.394777882075633,31.695652173913043
Fishermans Island 3.5,JBMP,2019,-30.127169999999996,114.99594,-4.7,4.0,0.1211,23.54,24.45,2.55,30.180923558676003,
Fishermans Island 3.5,JBMP,2020,-30.127169999999996,114.99594,-4.7,4.0,0.23739999999999997,23.23,25.02,3.1199999999999997,21.07165354968571,21.75
Fishermans Island 3.5,JBMP,2021,-30.127169999999996,114.99594,-4.7,4.0,0.23739999999999997,23.23,25.02,3.1199999999999997,28.471509921339074,
Fishermans Island 3.5,JBMP,2022,-30.127169999999996,114.99594,-4.7,4.0,0.21430000000000002,24.24,26.02,3.7900000000000005,23.16611450651383,16.458333333333332
Fishermans Island 3.5,JBMP,2023,-30.127169999999996,114.99594,-4.7,4.0,0.21430000000000002,24.24,26.02,3.7900000000000005,27.40868181546791,
Fishermans Island 3.5,JBMP,2024,-30.127169999999996,114.99594,-4.7,4.0,0.1365,23.69,24.820000000000004,2.85,21.539938998232394,15.375
Fishermans Island 5.5,JBMP,2003,-30.137019999999996,114.9912,-4.2,4.0,0.1233,22.540000000000003,24.33,3.4,36.66344473569742,36.708333333333336
Fishermans Island 5.5,JBMP,2004,-30.137019999999996,114.9912,-4.2,4.0,0.1208,23.11,24.53,3.32,38.02433178622834,35.791666666666664
Fishermans Island 5.5,JBMP,2005,-30.137019999999996,114.9912,-4.2,4.0,0.11259999999999999,22.59,23.97,3.94,38.5521043273351,42.458333333333336
Fishermans Island 5.5,JBMP,2006,-30.137019999999996,114.9912,-4.2,4.0,0.11259999999999999,22.59,23.97,3.94,33.168580662989484,
Fishermans Island 5.5,JBMP,2007,-30.137019999999996,114.9912,-4.2,4.0,0.115,22.69,24.23,2.7999999999999994,32.79268445208656,35.25
Fishermans Island 5.5,JBMP,2008,-30.137019999999996,114.9912,-4.2,4.0,0.1119,23.100000000000005,24.56,2.9500000000000006,38.98618659044424,40.708333333333336
Fishermans Island 5.5,JBMP,2009,-30.137019999999996,114.9912,-4.2,4.0,0.1119,23.100000000000005,24.56,2.9500000000000006,32.80041471089794,
Fishermans Island 5.5,JBMP,2010,-30.137019999999996,114.9912,-4.2,4.0,0.1211,23.52,24.570000000000004,2.44,39.121440010632746,40.958333333333336
Fishermans Island 5.5,JBMP,2011,-30.137019999999996,114.9912,-4.2,4.0,0.115,23.23,25.399999999999995,3.34,31.949177516501003,31.583333333333332
Fishermans Island 5.5,JBMP,2012,-30.137019999999996,114.9912,-4.2,4.0,0.1328,25.070000000000004,28.02,4.48,30.973812446931944,28.916666666666668
Fishermans Island 5.5,JBMP,2013,-30.137019999999996,114.9912,-4.2,4.0,0.1328,25.070000000000004,28.02,4.48,30.57248237949957,
Fishermans Island 5.5,JBMP,2014,-30.137019999999996,114.9912,-4.2,4.0,0.1124,24.12,25.75,3.16,31.737219265485066,28.75
Fishermans Island 5.5,JBMP,2015,-30.137019999999996,114.9912,-4.2,4.0,0.1124,24.12,25.75,3.16,31.034254257837038,
Fishermans Island 5.5,JBMP,2016,-30.137019999999996,114.9912,-4.2,4.0,0.1244,23.38,24.679999999999996,2.99,30.28341433692421,29.708333333333332
Fishermans Island 5.5,JBMP,2017,-30.137019999999996,114.9912,-4.2,4.0,0.11820000000000001,23.42,24.89,2.83,20.395126105852672,17.5
Fishermans Island 5.5,JBMP,2018,-30.137019999999996,114.9912,-4.2,4.0,0.1211,23.540000000000003,24.45,2.55,29.210421978234525,29.333333333333332
Fishermans Island 5.5,JBMP,2019,-30.137019999999996,114.9912,-4.2,4.0,0.1211,23.540000000000003,24.45,2.55,32.33496737440793,
Fishermans Island 5.5,JBMP,2020,-30.137019999999996,114.9912,-4.2,4.0,0.23739999999999997,23.23,25.02,3.1199999999999997,23.463169956877802,20.041666666666668
Fishermans Island 5.5,JBMP,2021,-30.137019999999996,114.9912,-4.2,4.0,0.23739999999999997,23.23,25.02,3.1199999999999997,30.342519409022554,
Fishermans Island 5.5,JBMP,2022,-30.137019999999996,114.9912,-4.2,4.0,0.21430000000000002,24.24,26.02,3.7900000000000005,25.416054858562305,26.916666666666668
Fishermans Island 5.5,JBMP,2023,-30.137019999999996,114.9912,-4.2,4.0,0.21430000000000002,24.24,26.02,3.7900000000000005,30.039494999957782,
Fishermans Island 5.5,JBMP,2024,-30.137019999999996,114.9912,-4.2,4.0,0.1365,23.69,24.820000000000004,2.85,24.425327946818467,26.25
Green Island,JBMP,2003,-30.68093,115.10975,-5.400000000000001,3.0,0.073,23.91,25.52,3.6199999999999997,24.062192194089302,
Green Island,JBMP,2004,-30.68093,115.10975,-5.400000000000001,3.0,0.073,23.91,25.52,3.6199999999999997,26.2479604422262,
Green Island,JBMP,2005,-30.68093,115.10975,-5.400000000000001,3.0,0.073,23.91,25.52,3.6199999999999997,25.60459015277623,
Green Island,JBMP,2006,-30.68093,115.10975,-5.400000000000001,3.0,0.073,23.91,25.52,3.6199999999999997,19.88938523275556,
Green Island,JBMP,2007,-30.68093,115.10975,-5.400000000000001,3.0,0.073,23.91,25.52,3.6199999999999997,22.14308155780868,
Green Island,JBMP,2008,-30.68093,115.10975,-5.400000000000001,3.0,0.073,23.91,25.52,3.6199999999999997,24.586740200380515,
Green Island,JBMP,2009,-30.68093,115.10975,-5.400000000000001,3.0,0.073,23.91,25.52,3.6199999999999997,19.88938523275556,
Green Island,JBMP,2010,-30.68093,115.10975,-5.400000000000001,3.0,0.073,23.91,25.52,3.6199999999999997,26.71230153340991,
Green Island,JBMP,2011,-30.68093,115.10975,-5.400000000000001,3.0,0.073,23.91,25.52,3.6199999999999997,20.6993521811481,
Green Island,JBMP,2012,-30.68093,115.10975,-5.400000000000001,3.0,0.073,23.91,25.52,3.6199999999999997,19.090112052201864,
Green Island,JBMP,2013,-30.68093,115.10975,-5.400000000000001,3.0,0.073,23.91,25.52,3.6199999999999997,19.664873271439372,
Green Island,JBMP,2014,-30.68093,115.10975,-5.400000000000001,3.0,0.073,23.91,25.52,3.6199999999999997,26.288906065138658,33.583333333333336
Green Island,JBMP,2015,-30.68093,115.10975,-5.400000000000001,3.0,0.073,23.91,25.52,3.6199999999999997,19.761588521365095,
Green Island,JBMP,2016,-30.68093,115.10975,-5.400000000000001,3.0,0.0722,23.3,24.600000000000005,3.18,17.658436386480602,12.875
Green Island,JBMP,2017,-30.68093,115.10975,-5.400000000000001,3.0,0.0723,23.31,24.72,2.8699999999999997,15.601784596158438,13.458333333333334
Green Island,JBMP,2018,-30.68093,115.10975,-5.400000000000001,3.0,0.0764,23.3,24.13,2.92,19.18766468165577,14.458333333333334
Green Island,JBMP,2019,-30.68093,115.10975,-5.400000000000001,3.0,0.0764,23.3,24.13,2.92,18.639117603808337,
Green Island,JBMP,2020,-30.68093,115.10975,-5.400000000000001,3.0,0.1266,23.24,24.7,2.99,16.753444218694757,14.166666666666666
Green Island,JBMP,2021,-30.68093,115.10975,-5.400000000000001,3.0,0.1266,23.24,24.7,2.99,18.812715635443126,
Green Island,JBMP,2022,-30.68093,115.10975,-5.400000000000001,3.0,0.10959999999999999,23.92,25.26,3.42,17.41866430101456,13.625
Green Island,JBMP,2023,-30.68093,115.10975,-5.400000000000001,3.0,0.10959999999999999,23.92,25.26,3.42,19.43228649093866,
Green Island,JBMP,2024,-30.68093,115.10975,-5.400000000000001,3.0,0.10259999999999998,23.459999999999997,24.820000000000004,3.22,15.300926039141032,11.75
Jurien Impact Site 2.5,JBMP,2003,-30.33013,115.03149,-3.9,3.0,0.1002,24.459999999999997,26.47,3.65,32.78272108945642,
Jurien Impact Site 2.5,JBMP,2004,-30.33013,115.03149,-3.9,3.0,0.1002,24.459999999999997,26.47,3.65,35.880605987847005,
Jurien Impact Site 2.5,JBMP,2005,-30.33013,115.03149,-3.9,3.0,0.1002,24.459999999999997,26.47,3.65,32.98554133061507,
Jurien Impact Site 2.5,JBMP,2006,-30.33013,115.03149,-3.9,3.0,0.1002,24.459999999999997,26.47,3.65,34.343158454637724,
Jurien Impact Site 2.5,JBMP,2007,-30.33013,115.03149,-3.9,3.0,0.1002,24.459999999999997,26.47,3.65,34.07474562679341,
Jurien Impact Site 2.5,JBMP,2008,-30.33013,115.03149,-3.9,3.0,0.1002,24.459999999999997,26.47,3.65,32.88963909610927,
Jurien Impact Site 2.5,JBMP,2009,-30.33013,115.03149,-3.9,3.0,0.1002,24.459999999999997,26.47,3.65,34.343158454637724,
Jurien Impact Site 2.5,JBMP,2010,-30.33013,115.03149,-3.9,3.0,0.1002,24.459999999999997,26.47,3.65,36.52523279126006,
Jurien Impact Site 2.5,JBMP,2011,-30.33013,115.03149,-3.9,3.0,0.1002,24.459999999999997,26.47,3.65,33.30221745157879,
Jurien Impact Site 2.5,JBMP,2012,-30.33013,115.03149,-3.9,3.0,0.1002,24.459999999999997,26.47,3.65,33.80326450740138,
Jurien Impact Site 2.5,JBMP,2013,-30.33013,115.03149,-3.9,3.0,0.1002,24.459999999999997,26.47,3.65,34.10593516603503,
Jurien Impact Site 2.5,JBMP,2014,-30.33013,115.03149,-3.9,3.0,0.1002,24.459999999999997,26.47,3.65,34.65955764113105,40.541666666666664
Jurien Impact Site 2.5,JBMP,2015,-30.33013,115.03149,-3.9,3.0,0.1002,24.459999999999997,26.47,3.65,34.10910011350556,
Jurien Impact Site 2.5,JBMP,2016,-30.33013,115.03149,-3.9,3.0,0.1012,23.67,25.2,3.27,32.03264628168111,32.875
Jurien Impact Site 2.5,JBMP,2017,-30.33013,115.03149,-3.9,3.0,0.10059999999999998,23.709999999999997,25.399999999999995,3.15,26.38520109749263,30.25
Jurien Impact Site 2.5,JBMP,2018,-30.33013,115.03149,-3.9,3.0,0.10149999999999999,23.820000000000004,24.84,3.2000000000000006,34.065033198545585,39.625
Jurien Impact Site 2.5,JBMP,2019,-30.33013,115.03149,-3.9,3.0,0.10149999999999999,23.820000000000004,24.84,3.2000000000000006,33.470663929962654,
Jurien Impact Site 2.5,JBMP,2020,-30.33013,115.03149,-3.9,3.0,0.2737,23.570000000000004,25.67,3.68,31.595468536562755,35.0
Jurien Impact Site 2.5,JBMP,2021,-30.33013,115.03149,-3.9,3.0,0.2737,23.570000000000004,25.67,3.68,31.87296050918018,
Jurien Impact Site 2.5,JBMP,2022,-30.33013,115.03149,-3.9,3.0,0.18699999999999997,24.61,26.52,4.08,31.550965391788466,36.958333333333336
Jurien Impact Site 2.5,JBMP,2023,-30.33013,115.03149,-3.9,3.0,0.18699999999999997,24.61,26.52,4.08,31.972295255125665,
Jurien Impact Site 2.5,JBMP,2024,-30.33013,115.03149,-3.9,3.0,0.1775,23.8,25.070000000000004,3.1300000000000003,26.38679775183634,29.166666666666668
Kangaroo Point,JBMP,2003,-30.58201,115.08563,-4.0,4.0,0.0706,23.91,25.55,3.6,31.6992612811236,
Kangaroo Point,JBMP,2004,-30.58201,115.08563,-4.0,4.0,0.0706,23.91,25.55,3.6,33.61080475553868,
Kangaroo Point,JBMP,2005,-30.58201,115.08563,-4.0,4.0,0.0706,23.91,25.55,3.6,32.43067220798358,
Kangaroo Point,JBMP,2006,-30.58201,115.08563,-4.0,4.0,0.0706,23.91,25.55,3.6,30.914689942234677,
Kangaroo Point,JBMP,2007,-30.58201,115.08563,-4.0,4.0,0.0706,23.91,25.55,3.6,31.85712417356531,
Kangaroo Point,JBMP,2008,-30.58201,115.08563,-4.0,4.0,0.0706,23.91,25.55,3.6,31.75332506240069,
Kangaroo Point,JBMP,2009,-30.58201,115.08563,-4.0,4.0,0.0706,23.91,25.55,3.6,30.914689942234677,
Kangaroo Point,JBMP,2010,-30.58201,115.08563,-4.0,4.0,0.0706,23.91,25.55,3.6,33.778944138867374,
Kangaroo Point,JBMP,2011,-30.58201,115.08563,-4.0,4.0,0.0706,23.91,25.55,3.6,32.276356810753335,
Kangaroo Point,JBMP,2012,-30.58201,115.08563,-4.0,4.0,0.0706,23.91,25.55,3.6,31.252071469247312,
Kangaroo Point,JBMP,2013,-30.58201,115.08563,-4.0,4.0,0.0706,23.91,25.55,3.6,30.217347440081017,
Kangaroo Point,JBMP,2014,-30.58201,115.08563,-4.0,4.0,0.0706,23.91,25.55,3.6,32.026056071637406,33.791666666666664
Kangaroo Point,JBMP,2015,-30.58201,115.08563,-4.0,4.0,0.0706,23.91,25.55,3.6,30.506516909827255,
Kangaroo Point,JBMP,2016,-30.58201,115.08563,-4.0,4.0,0.0713,23.320000000000004,24.59,3.17,29.86217003715498,28.875
Kangaroo Point,JBMP,2017,-30.58201,115.08563,-4.0,4.0,0.071,23.33,24.74,2.9,24.769447510885346,22.208333333333332
Kangaroo Point,JBMP,2018,-30.58201,115.08563,-4.0,4.0,0.0748,23.34,24.17,2.9500000000000006,32.09496620861924,39.666666666666664
Kangaroo Point,JBMP,2019,-30.58201,115.08563,-4.0,4.0,0.0748,23.34,24.17,2.9500000000000006,29.826494345863054,
Kangaroo Point,JBMP,2020,-30.58201,115.08563,-4.0,4.0,0.0919,23.24,24.73,3.02,27.85188867891333,30.041666666666668
Kangaroo Point,JBMP,2021,-30.58201,115.08563,-4.0,4.0,0.0919,23.24,24.73,3.02,29.899614235116804,
Kangaroo Point,JBMP,2022,-30.58201,115.08563,-4.0,4.0,0.08949999999999998,23.94,25.320000000000004,3.4500000000000006,30.009767586026513,28.541666666666668
Kangaroo Point,JBMP,2023,-30.58201,115.08563,-4.0,4.0,0.08949999999999998,23.94,25.320000000000004,3.4500000000000006,30.034712024597532,
Kangaroo Point,JBMP,2024,-30.58201,115.08563,-4.0,4.0,0.1296,23.459999999999997,24.820000000000004,3.26,26.619881250270602,28.0
Burns Rocks,MMP,2003,-31.730138,115.708352,-10.699999999999998,4.0,0.0727,23.86,26.03,4.25,20.348855416043325,
Burns Rocks,MMP,2004,-31.730138,115.708352,-10.699999999999998,4.0,0.0727,23.86,26.03,4.25,19.113383625797017,
Burns Rocks,MMP,2005,-31.730138,115.708352,-10.699999999999998,4.0,0.0727,23.86,26.03,4.25,19.089468974082312,
Burns Rocks,MMP,2006,-31.730138,115.708352,-10.699999999999998,4.0,0.0727,23.86,26.03,4.25,20.348855416043325,
Burns Rocks,MMP,2007,-31.730138,115.708352,-10.699999999999998,4.0,0.0727,23.86,26.03,4.25,17.867171424892568,
Burns Rocks,MMP,2008,-31.730138,115.708352,-10.699999999999998,4.0,0.0727,23.86,26.03,4.25,17.904791059204992,
Burns Rocks,MMP,2009,-31.730138,115.708352,-10.699999999999998,4.0,0.0727,23.86,26.03,4.25,17.99323010648472,
Burns Rocks,MMP,2010,-31.730138,115.708352,-10.699999999999998,4.0,0.0727,23.86,26.03,4.25,17.95698350069634,
Burns Rocks,MMP,2011,-31.730138,115.708352,-10.699999999999998,4.0,0.0727,23.86,26.03,4.25,13.24390090932451,
Burns Rocks,MMP,2012,-31.730138,115.708352,-10.699999999999998,4.0,0.0727,23.86,26.03,4.25,11.421874570630935,8.833333333333334
Burns Rocks,MMP,2013,-31.730138,115.708352,-10.699999999999998,4.0,0.0727,23.86,26.03,4.25,15.64937569413714,
Burns Rocks,MMP,2014,-31.730138,115.708352,-10.699999999999998,4.0,0.0709,23.41,24.8,3.68,17.681467650538558,20.166666666666668
Burns Rocks,MMP,2015,-31.730138,115.708352,-10.699999999999998,4.0,0.0709,23.41,24.8,3.68,18.945598885045076,
Burns Rocks,MMP,2016,-31.730138,115.708352,-10.699999999999998,4.0,0.0709,23.41,24.8,3.68,18.795259862156772,
Burns Rocks,MMP,2017,-31.730138,115.708352,-10.699999999999998,4.0,0.0798,22.52,23.81,2.7000000000000006,15.74503458371201,
Burns Rocks,MMP,2018,-31.730138,115.708352,-10.699999999999998,4.0,0.0798,22.52,23.81,2.7000000000000006,16.30324095808151,15.041666666666666
Burns Rocks,MMP,2019,-31.730138,115.708352,-10.699999999999998,4.0,0.0798,22.52,23.81,2.7000000000000006,18.864369190174,
Burns Rocks,MMP,2020,-31.730138,115.708352,-10.699999999999998,4.0,0.117,22.76,24.06,2.34,17.88137839829524,19.916666666666668
Burns Rocks,MMP,2021,-31.730138,115.708352,-10.699999999999998,4.0,0.117,22.76,24.06,2.34,17.095839222919714,
Burns Rocks,MMP,2022,-31.730138,115.708352,-10.699999999999998,4.0,0.1109,23.34,24.55,3.25,17.196106942503175,18.333333333333332
Burns Rocks,MMP,2023,-31.730138,115.708352,-10.699999999999998,4.0,0.1109,23.34,24.55,3.25,19.341297324614587,
Burns Rocks,MMP,2024,-31.730138,115.708352,-10.699999999999998,4.0,0.1286,22.99,24.19,3.81,11.799961629256849,9.208333333333334
Hillarys Channel,MMP,2003,-31.822616999999997,115.721312,-5.900000000000001,4.0,0.08649999999999998,23.83,25.959999999999997,4.19,18.57980251362599,
Hillarys Channel,MMP,2004,-31.822616999999997,115.721312,-5.900000000000001,4.0,0.08649999999999998,23.83,25.959999999999997,4.19,18.255440769533053,
Hillarys Channel,MMP,2005,-31.822616999999997,115.721312,-5.900000000000001,4.0,0.08649999999999998,23.83,25.959999999999997,4.19,18.26216518076494,
Hillarys Channel,MMP,2006,-31.822616999999997,115.721312,-5.900000000000001,4.0,0.08649999999999998,23.83,25.959999999999997,4.19,18.588183796694768,
Hillarys Channel,MMP,2007,-31.822616999999997,115.721312,-5.900000000000001,4.0,0.08649999999999998,23.83,25.959999999999997,4.19,17.11412784520182,
Hillarys Channel,MMP,2008,-31.822616999999997,115.721312,-5.900000000000001,4.0,0.08649999999999998,23.83,25.959999999999997,4.19,17.258903261089614,
Hillarys Channel,MMP,2009,-31.822616999999997,115.721312,-5.900000000000001,4.0,0.08649999999999998,23.83,25.959999999999997,4.19,17.200826132434308,
Hillarys Channel,MMP,2010,-31.822616999999997,115.721312,-5.900000000000001,4.0,0.08649999999999998,23.83,25.959999999999997,4.19,17.564436253305345,
Hillarys Channel,MMP,2011,-31.822616999999997,115.721312,-5.900000000000001,4.0,0.08649999999999998,23.83,25.959999999999997,4.19,10.973892737415893,8.333333333333334
Hillarys Channel,MMP,2012,-31.822616999999997,115.721312,-5.900000000000001,4.0,0.0903,23.83,25.959999999999997,4.19,9.770612385211988,9.583333333333334
Hillarys Channel,MMP,2013,-31.822616999999997,115.721312,-5.900000000000001,4.0,0.0903,23.83,25.959999999999997,4.19,15.810304435143005,
Hillarys Channel,MMP,2014,-31.822616999999997,115.721312,-5.900000000000001,4.0,0.0883,23.429999999999996,24.87,3.75,16.594753050668043,18.666666666666668
Hillarys Channel,MMP,2015,-31.822616999999997,115.721312,-5.900000000000001,4.0,0.0883,23.429999999999996,24.87,3.75,18.509799691677458,
Hillarys Channel,MMP,2016,-31.822616999999997,115.721312,-5.900000000000001,4.0,0.0883,23.429999999999996,24.87,3.75,17.84872817257636,
Hillarys Channel,MMP,2017,-31.822616999999997,115.721312,-5.900000000000001,4.0,0.1054,22.570000000000004,23.76,2.82,13.851803214994558,
Hillarys Channel,MMP,2018,-31.822616999999997,115.721312,-5.900000000000001,4.0,0.1054,22.570000000000004,23.76,2.82,15.361397564460555,18.041666666666668
Hillarys Channel,MMP,2019,-31.822616999999997,115.721312,-5.900000000000001,4.0,0.1054,22.570000000000004,23.76,2.82,18.055237480063965,
Hillarys Channel,MMP,2020,-31.822616999999997,115.721312,-5.900000000000001,4.0,0.1603,22.92,24.23,2.38,11.074661711020626,5.958333333333333
Hillarys Channel,MMP,2021,-31.822616999999997,115.721312,-5.900000000000001,4.0,0.1603,22.92,24.23,2.38,13.008793155602167,
Hillarys Channel,MMP,2022,-31.822616999999997,115.721312,-5.900000000000001,4.0,0.1508,23.38,24.570000000000004,3.2099999999999995,13.550700063652954,10.5
Hillarys Channel,MMP,2023,-31.822616999999997,115.721312,-5.900000000000001,4.0,0.1508,23.38,24.570000000000004,3.2099999999999995,18.04477975832175,
Hillarys Channel,MMP,2024,-31.822616999999997,115.721312,-5.900000000000001,4.0,0.1428,23.100000000000005,24.42,3.77,8.676351913919676,5.25
Mullaloo,MMP,2003,-31.781429,115.725362,-10.3,4.0,0.1133,23.84,25.99,4.21,16.885286153964106,
Mullaloo,MMP,2004,-31.781429,115.725362,-10.3,4.0,0.1133,23.84,25.99,4.21,16.6279635517988,
Mullaloo,MMP,2005,-31.781429,115.725362,-10.3,4.0,0.1133,23.84,25.99,4.21,16.634687963030686,
Mullaloo,MMP,2006,-31.781429,115.725362,-10.3,4.0,0.1133,23.84,25.99,4.21,16.885286153964106,
Mullaloo,MMP,2007,-31.781429,115.725362,-10.3,4.0,0.1133,23.84,25.99,4.21,15.513971578732535,
Mullaloo,MMP,2008,-31.781429,115.725362,-10.3,4.0,0.1133,23.84,25.99,4.21,15.64963202790259,
Mullaloo,MMP,2009,-31.781429,115.725362,-10.3,4.0,0.1133,23.84,25.99,4.21,15.674451033937249,
Mullaloo,MMP,2010,-31.781429,115.725362,-10.3,4.0,0.1133,23.84,25.99,4.21,15.904127362551456,
Mullaloo,MMP,2011,-31.781429,115.725362,-10.3,4.0,0.1133,23.84,25.99,4.21,9.644576993395619,
Mullaloo,MMP,2012,-31.781429,115.725362,-10.3,4.0,0.1133,23.84,25.99,4.21,11.211502135646038,12.875
Mullaloo,MMP,2013,-31.781429,115.725362,-10.3,4.0,0.1133,23.84,25.99,4.21,14.562978386396226,
Mullaloo,MMP,2014,-31.781429,115.725362,-10.3,4.0,0.1062,23.429999999999996,24.84,3.72,15.180379931022122,14.666666666666666
Mullaloo,MMP,2015,-31.781429,115.725362,-10.3,4.0,0.1062,23.429999999999996,24.84,3.72,16.59134640798872,
Mullaloo,MMP,2016,-31.781429,115.725362,-10.3,4.0,0.1062,23.429999999999996,24.84,3.72,16.06667197523092,
Mullaloo,MMP,2017,-31.781429,115.725362,-10.3,4.0,0.1277,22.59,23.790000000000003,2.83,13.038622017551548,
Mullaloo,MMP,2018,-31.781429,115.725362,-10.3,4.0,0.1277,22.59,23.790000000000003,2.83,15.202508873442417,13.625
Mullaloo,MMP,2019,-31.781429,115.725362,-10.3,4.0,0.1277,22.59,23.790000000000003,2.83,16.50473583961606,
Mullaloo,MMP,2020,-31.781429,115.725362,-10.3,4.0,0.19299999999999998,22.88,24.2,2.37,18.60364956357745,19.583333333333332
Mullaloo,MMP,2021,-31.781429,115.725362,-10.3,4.0,0.19299999999999998,22.88,24.2,2.37,14.292310792736828,
Mullaloo,MMP,2022,-31.781429,115.725362,-10.3,4.0,0.1627,23.39,24.58,3.23,14.591346994309484,12.333333333333334
Mullaloo,MMP,2023,-31.781429,115.725362,-10.3,4.0,0.1627,23.39,24.58,3.23,17.010676986538066,
Mullaloo,MMP,2024,-31.781429,115.725362,-10.3,4.0,0.1578,22.99,24.22,3.81,11.114349352136633,10.625
North Beach,MMP,2003,-31.841652,115.735461,-8.9,4.0,0.0919,22.33,23.319999999999997,2.26,18.82881319765634,
North Beach,MMP,2004,-31.841652,115.735461,-8.9,4.0,0.0919,22.33,23.319999999999997,2.26,18.551128238728726,
North Beach,MMP,2005,-31.841652,115.735461,-8.9,4.0,0.0919,22.33,23.319999999999997,2.26,18.52466167773839,
North Beach,MMP,2006,-31.841652,115.735461,-8.9,4.0,0.0919,22.33,23.319999999999997,2.26,18.870246666811315,
North Beach,MMP,2007,-31.841652,115.735461,-8.9,4.0,0.0919,22.33,23.319999999999997,2.26,17.57500779678153,
North Beach,MMP,2008,-31.841652,115.735461,-8.9,4.0,0.0919,22.33,23.319999999999997,2.26,17.700818026204207,
North Beach,MMP,2009,-31.841652,115.735461,-8.9,4.0,0.0919,22.33,23.319999999999997,2.26,17.71467243926274,
North Beach,MMP,2010,-31.841652,115.735461,-8.9,4.0,0.0919,22.33,23.319999999999997,2.26,18.086775241479994,
North Beach,MMP,2011,-31.841652,115.735461,-8.9,4.0,0.0919,22.33,23.319999999999997,2.26,12.365198190084085,9.409090909090908
North Beach,MMP,2012,-31.841652,115.735461,-8.9,4.0,0.0969,23.56,25.899999999999995,4.7,12.299941578479439,12.916666666666666
North Beach,MMP,2013,-31.841652,115.735461,-8.9,4.0,0.0969,23.56,25.899999999999995,4.7,16.47717367444242,
North Beach,MMP,2014,-31.841652,115.735461,-8.9,4.0,0.0956,23.149999999999995,24.47,3.68,16.408764107370793,16.791666666666668
North Beach,MMP,2015,-31.841652,115.735461,-8.9,4.0,0.0956,23.149999999999995,24.47,3.68,18.463656094429286,
North Beach,MMP,2016,-31.841652,115.735461,-8.9,4.0,0.0956,23.149999999999995,24.47,3.68,17.670384115890162,
North Beach,MMP,2017,-31.841652,115.735461,-8.9,4.0,0.1159,22.25,23.600000000000005,2.59,14.784068518384672,
North Beach,MMP,2018,-31.841652,115.735461,-8.9,4.0,0.1159,22.25,23.600000000000005,2.59,16.275082224883384,18.708333333333332
North Beach,MMP,2019,-31.841652,115.735461,-8.9,4.0,0.1159,22.25,23.600000000000005,2.59,18.12691206389241,
North Beach,MMP,2020,-31.841652,115.735461,-8.9,4.0,0.1788,22.66,23.87,2.28,13.902853212898387,14.333333333333334
North Beach,MMP,2021,-31.841652,115.735461,-8.9,4.0,0.1788,22.66,23.87,2.28,15.371499827581374,
North Beach,MMP,2022,-31.841652,115.735461,-8.9,4.0,0.1673,23.09,24.06,3.2000000000000006,20.82920385960133,35.416666666666664
North Beach,MMP,2023,-31.841652,115.735461,-8.9,4.0,0.1673,23.09,24.06,3.2000000000000006,19.681280483376355,
North Beach,MMP,2024,-31.841652,115.735461,-8.9,4.0,0.11369999999999998,22.63,23.929999999999996,3.7999999999999994,12.94969410768821,14.875
Ocean Reef Outer,MMP,2003,-31.774018,115.717537,-8.9,4.0,0.1052,22.62,23.7,2.42,17.63126914330566,
Ocean Reef Outer,MMP,2004,-31.774018,115.717537,-8.9,4.0,0.1052,22.62,23.7,2.42,17.282980406306613,
Ocean Reef Outer,MMP,2005,-31.774018,115.717537,-8.9,4.0,0.1052,22.62,23.7,2.42,17.25651384531628,
Ocean Reef Outer,MMP,2006,-31.774018,115.717537,-8.9,4.0,0.1052,22.62,23.7,2.42,17.63126914330566,
Ocean Reef Outer,MMP,2007,-31.774018,115.717537,-8.9,4.0,0.1052,22.62,23.7,2.42,16.179053450971654,
Ocean Reef Outer,MMP,2008,-31.774018,115.717537,-8.9,4.0,0.1052,22.62,23.7,2.42,16.22829968412993,
Ocean Reef Outer,MMP,2009,-31.774018,115.717537,-8.9,4.0,0.1052,22.62,23.7,2.42,16.35009663516746,
Ocean Reef Outer,MMP,2010,-31.774018,115.717537,-8.9,4.0,0.1052,22.62,23.7,2.42,16.58803438303907,
Ocean Reef Outer,MMP,2011,-31.774018,115.717537,-8.9,4.0,0.1052,22.62,23.7,2.42,9.701279146022985,4.083333333333333
Ocean Reef Outer,MMP,2012,-31.774018,115.717537,-8.9,4.0,0.1133,23.84,25.99,4.21,8.675332633504656,6.583333333333333
Ocean Reef Outer,MMP,2013,-31.774018,115.717537,-8.9,4.0,0.1133,23.84,25.99,4.21,14.62190207688532,
Ocean Reef Outer,MMP,2014,-31.774018,115.717537,-8.9,4.0,0.1062,23.429999999999996,24.84,3.72,15.473288796117798,15.458333333333334
Ocean Reef Outer,MMP,2015,-31.774018,115.717537,-8.9,4.0,0.1062,23.429999999999996,24.84,3.72,17.116971371694646,
Ocean Reef Outer,MMP,2016,-31.774018,115.717537,-8.9,4.0,0.1062,23.429999999999996,24.84,3.72,16.499764515278265,
Ocean Reef Outer,MMP,2017,-31.774018,115.717537,-8.9,4.0,0.1277,22.59,23.790000000000003,2.83,12.672810052098338,
Ocean Reef Outer,MMP,2018,-31.774018,115.717537,-8.9,4.0,0.1277,22.59,23.790000000000003,2.83,15.030578220437276,12.458333333333334
Ocean Reef Outer,MMP,2019,-31.774018,115.717537,-8.9,4.0,0.1277,22.59,23.790000000000003,2.83,16.703881403978794,
Ocean Reef Outer,MMP,2020,-31.774018,115.717537,-8.9,4.0,0.1692,22.88,24.2,2.37,18.862434401728713,22.916666666666668
Ocean Reef Outer,MMP,2021,-31.774018,115.717537,-8.9,4.0,0.1692,22.88,24.2,2.37,13.732569054964218,
Ocean Reef Outer,MMP,2022,-31.774018,115.717537,-8.9,4.0,0.1737,23.39,24.58,3.23,17.001707529463097,15.0
Ocean Reef Outer,MMP,2023,-31.774018,115.717537,-8.9,4.0,0.1737,23.39,24.58,3.23,17.8051563537183,
Ocean Reef Outer,MMP,2024,-31.774018,115.717537,-8.9,4.0,0.1578,22.99,24.22,3.81,10.6288542928679,10.875
Sorrento,MMP,2003,-31.829799999999995,115.740788,-7.3,4.0,0.0903,23.56,25.899999999999995,4.7,18.86673181639571,
Sorrento,MMP,2004,-31.829799999999995,115.740788,-7.3,4.0,0.0903,23.56,25.899999999999995,4.7,18.714033740558833,
Sorrento,MMP,2005,-31.829799999999995,115.740788,-7.3,4.0,0.0903,23.56,25.899999999999995,4.7,18.72075815179072,
Sorrento,MMP,2006,-31.829799999999995,115.740788,-7.3,4.0,0.0903,23.56,25.899999999999995,4.7,18.875113099464492,
Sorrento,MMP,2007,-31.829799999999995,115.740788,-7.3,4.0,0.0903,23.56,25.899999999999995,4.7,17.546499608537335,
Sorrento,MMP,2008,-31.829799999999995,115.740788,-7.3,4.0,0.0903,23.56,25.899999999999995,4.7,17.708436778220843,
Sorrento,MMP,2009,-31.829799999999995,115.740788,-7.3,4.0,0.0903,23.56,25.899999999999995,4.7,17.690074650040437,
Sorrento,MMP,2010,-31.829799999999995,115.740788,-7.3,4.0,0.0903,23.56,25.899999999999995,4.7,17.933759598705464,
Sorrento,MMP,2011,-31.829799999999995,115.740788,-7.3,4.0,0.0903,23.56,25.899999999999995,4.7,9.223174949751822,
Sorrento,MMP,2012,-31.829799999999995,115.740788,-7.3,4.0,0.0903,23.56,25.899999999999995,4.7,8.54184941208802,5.041666666666667
Sorrento,MMP,2013,-31.829799999999995,115.740788,-7.3,4.0,0.0903,23.56,25.899999999999995,4.7,15.468371404418756,
Sorrento,MMP,2014,-31.829799999999995,115.740788,-7.3,4.0,0.0883,23.149999999999995,24.47,3.68,13.661197137903443,12.0
Sorrento,MMP,2015,-31.829799999999995,115.740788,-7.3,4.0,0.0883,23.149999999999995,24.47,3.68,18.356287582526075,
Sorrento,MMP,2016,-31.829799999999995,115.740788,-7.3,4.0,0.0883,23.149999999999995,24.47,3.68,17.789179701906058,
Sorrento,MMP,2017,-31.829799999999995,115.740788,-7.3,4.0,0.1054,22.25,23.600000000000005,2.59,12.298993575275837,
Sorrento,MMP,2018,-31.829799999999995,115.740788,-7.3,4.0,0.1054,22.25,23.600000000000005,2.59,13.348923443740652,10.25
Sorrento,MMP,2019,-31.829799999999995,115.740788,-7.3,4.0,0.1054,22.25,23.600000000000005,2.59,17.866714807635518,
Sorrento,MMP,2020,-31.829799999999995,115.740788,-7.3,4.0,0.212,22.66,23.87,2.28,11.211530258387587,4.166666666666667
Sorrento,MMP,2021,-31.829799999999995,115.740788,-7.3,4.0,0.212,22.66,23.87,2.28,12.581511288570608,
Sorrento,MMP,2022,-31.829799999999995,115.740788,-7.3,4.0,0.1968,23.09,24.06,3.2000000000000006,15.83262490445916,13.666666666666666
Sorrento,MMP,2023,-31.829799999999995,115.740788,-7.3,4.0,0.1968,23.09,24.06,3.2000000000000006,19.354614016353985,
Sorrento,MMP,2024,-31.829799999999995,115.740788,-7.3,4.0,0.11369999999999998,23.100000000000005,24.429999999999996,3.75,9.821230032075801,9.166666666666666
Wreck Rock,MMP,2003,-31.803238000000004,115.71860299999999,-5.7,4.0,0.0903,23.83,25.959999999999997,4.19,18.26887937751864,
Wreck Rock,MMP,2004,-31.803238000000004,115.71860299999999,-5.7,4.0,0.0903,23.83,25.959999999999997,4.19,17.93613635035692,
Wreck Rock,MMP,2005,-31.803238000000004,115.71860299999999,-5.7,4.0,0.0903,23.83,25.959999999999997,4.19,17.942860761588804,
Wreck Rock,MMP,2006,-31.803238000000004,115.71860299999999,-5.7,4.0,0.0903,23.83,25.959999999999997,4.19,18.26887937751864,
Wreck Rock,MMP,2007,-31.803238000000004,115.71860299999999,-5.7,4.0,0.0903,23.83,25.959999999999997,4.19,16.76191909619356,
Wreck Rock,MMP,2008,-31.803238000000004,115.71860299999999,-5.7,4.0,0.0903,23.83,25.959999999999997,4.19,16.918271093109016,
Wreck Rock,MMP,2009,-31.803238000000004,115.71860299999999,-5.7,4.0,0.0903,23.83,25.959999999999997,4.19,16.855536034219682,
Wreck Rock,MMP,2010,-31.803238000000004,115.71860299999999,-5.7,4.0,0.0903,23.83,25.959999999999997,4.19,17.204826876643736,
Wreck Rock,MMP,2011,-31.803238000000004,115.71860299999999,-5.7,4.0,0.0903,23.83,25.959999999999997,4.19,9.68488690238554,
Wreck Rock,MMP,2012,-31.803238000000004,115.71860299999999,-5.7,4.0,0.0903,23.83,25.959999999999997,4.19,10.061742720897135,9.625
Wreck Rock,MMP,2013,-31.803238000000004,115.71860299999999,-5.7,4.0,0.0903,23.83,25.959999999999997,4.19,15.410484707895623,
Wreck Rock,MMP,2014,-31.803238000000004,115.71860299999999,-5.7,4.0,0.0883,23.429999999999996,24.87,3.75,18.139627096098813,23.041666666666668
Wreck Rock,MMP,2015,-31.803238000000004,115.71860299999999,-5.7,4.0,0.0883,23.429999999999996,24.87,3.75,18.157634229550638,
Wreck Rock,MMP,2016,-31.803238000000004,115.71860299999999,-5.7,4.0,0.0883,23.429999999999996,24.87,3.75,17.529740978094072,
Wreck Rock,MMP,2017,-31.803238000000004,115.71860299999999,-5.7,4.0,0.1054,22.57,23.76,2.82,13.459059716544884,
Wreck Rock,MMP,2018,-31.803238000000004,115.71860299999999,-5.7,4.0,0.1054,22.57,23.76,2.82,15.917432525207623,16.136363636363637
Wreck Rock,MMP,2019,-31.803238000000004,115.71860299999999,-5.7,4.0,0.1054,22.57,23.76,2.82,17.69751434723961,
Wreck Rock,MMP,2020,-31.803238000000004,115.71860299999999,-5.7,4.0,0.1603,22.92,24.23,2.38,12.539722050153566,16.208333333333332
Wreck Rock,MMP,2021,-31.803238000000004,115.71860299999999,-5.7,4.0,0.1603,22.92,24.23,2.38,13.273221069748805,
Wreck Rock,MMP,2022,-31.803238000000004,115.71860299999999,-5.7,4.0,0.1508,23.38,24.570000000000004,3.2099999999999995,14.548422481536393,14.0
Wreck Rock,MMP,2023,-31.803238000000004,115.71860299999999,-5.7,4.0,0.1508,23.38,24.570000000000004,3.2099999999999995,17.889803810717183,
Wreck Rock,MMP,2024,-31.803238000000004,115.71860299999999,-5.7,4.0,0.1428,22.99,24.27,3.7900000000000005,10.30752223399374,8.583333333333334
Buayanup,NCMP,2003,-33.65233,115.2484,-3.6,2.0,0.20709999999999998,24.040000000000003,25.86,3.23,56.0265380590005,
Buayanup,NCMP,2004,-33.65233,115.2484,-3.6,2.0,0.20709999999999998,24.040000000000003,25.86,3.23,56.0265380590005,
Buayanup,NCMP,2005,-33.65233,115.2484,-3.6,2.0,0.20709999999999998,24.040000000000003,25.86,3.23,56.0265380590005,
Buayanup,NCMP,2006,-33.65233,115.2484,-3.6,2.0,0.20709999999999998,24.040000000000003,25.86,3.23,56.0265380590005,
Buayanup,NCMP,2007,-33.65233,115.2484,-3.6,2.0,0.20709999999999998,24.040000000000003,25.86,3.23,56.0265380590005,
Buayanup,NCMP,2008,-33.65233,115.2484,-3.6,2.0,0.20709999999999998,24.040000000000003,25.86,3.23,56.0265380590005,
Buayanup,NCMP,2009,-33.65233,115.2484,-3.6,2.0,0.20709999999999998,24.040000000000003,25.86,3.23,56.0265380590005,
Buayanup,NCMP,2010,-33.65233,115.2484,-3.6,2.0,0.20709999999999998,24.040000000000003,25.86,3.23,56.0265380590005,
Buayanup,NCMP,2011,-33.65233,115.2484,-3.6,2.0,0.20709999999999998,24.040000000000003,25.86,3.23,56.0265380590005,
Buayanup,NCMP,2012,-33.65233,115.2484,-3.6,2.0,0.20709999999999998,24.040000000000003,25.86,3.23,55.823715355146064,58.041666666666664
Buayanup,NCMP,2013,-33.65233,115.2484,-3.6,2.0,0.20709999999999998,24.040000000000003,25.86,3.23,56.31992331056955,
Buayanup,NCMP,2014,-33.65233,115.2484,-3.6,2.0,0.23830000000000004,23.5,25.540000000000003,4.2,54.58724580620164,48.541666666666664
Buayanup,NCMP,2015,-33.65233,115.2484,-3.6,2.0,0.2615,22.95,25.149999999999995,4.28,56.67637938989172,58.125
Buayanup,NCMP,2016,-33.65233,115.2484,-3.6,2.0,0.2875,22.81,25.09,4.07,55.00418384384157,53.291666666666664
Buayanup,NCMP,2017,-33.65233,115.2484,-3.6,2.0,0.2279,22.87,25.06,3.8800000000000003,55.751511186419826,56.333333333333336
Buayanup,NCMP,2018,-33.65233,115.2484,-3.6,2.0,0.2184,22.5,24.070000000000004,3.39,55.49780478670707,54.041666666666664
Buayanup,NCMP,2019,-33.65233,115.2484,-3.6,2.0,0.2184,22.5,24.070000000000004,3.39,55.666435971528045,
Buayanup,NCMP,2020,-33.65233,115.2484,-3.6,2.0,0.4429,22.64,24.649999999999995,3.65,55.50590605440913,54.083333333333336
Buayanup,NCMP,2021,-33.65233,115.2484,-3.6,2.0,0.3846,23.159999999999997,24.32,3.22,57.55894237059902,59.69565217391305
Buayanup,NCMP,2022,-33.65233,115.2484,-3.6,2.0,0.3771,23.3,25.36,3.7099999999999995,59.28584325050068,64.66666666666667
Buayanup,NCMP,2023,-33.65233,115.2484,-3.6,2.0,0.1383,23.92,27.19,5.599999999999999,56.268340100452406,54.583333333333336
Buayanup,NCMP,2024,-33.65233,115.2484,-3.6,2.0,0.1367,22.94,25.19,4.21,58.59560857859433,58.541666666666664
Busselton Jetty,NCMP,2003,-33.63896,115.34315,-3.8,2.0,0.1468,24.040000000000003,25.92,3.34,38.99960351838976,
Busselton Jetty,NCMP,2004,-33.63896,115.34315,-3.8,2.0,0.1468,24.040000000000003,25.92,3.34,38.99960351838976,
Busselton Jetty,NCMP,2005,-33.63896,115.34315,-3.8,2.0,0.1468,24.040000000000003,25.92,3.34,38.99960351838976,
Busselton Jetty,NCMP,2006,-33.63896,115.34315,-3.8,2.0,0.1468,24.040000000000003,25.92,3.34,38.99960351838976,
Busselton Jetty,NCMP,2007,-33.63896,115.34315,-3.8,2.0,0.1468,24.040000000000003,25.92,3.34,38.99960351838976,
Busselton Jetty,NCMP,2008,-33.63896,115.34315,-3.8,2.0,0.1468,24.040000000000003,25.92,3.34,38.99960351838976,
Busselton Jetty,NCMP,2009,-33.63896,115.34315,-3.8,2.0,0.1468,24.040000000000003,25.92,3.34,38.99960351838976,
Busselton Jetty,NCMP,2010,-33.63896,115.34315,-3.8,2.0,0.1468,24.040000000000003,25.92,3.34,38.99960351838976,
Busselton Jetty,NCMP,2011,-33.63896,115.34315,-3.8,2.0,0.1468,24.040000000000003,25.92,3.34,38.99960351838976,
Busselton Jetty,NCMP,2012,-33.63896,115.34315,-3.8,2.0,0.1468,24.040000000000003,25.92,3.34,38.72761930464562,36.791666666666664
Busselton Jetty,NCMP,2013,-33.63896,115.34315,-3.8,2.0,0.1468,24.040000000000003,25.92,3.34,39.27006367812307,
Busselton Jetty,NCMP,2014,-33.63896,115.34315,-3.8,2.0,0.1734,23.540000000000003,25.570000000000004,4.42,43.21680974223028,44.791666666666664
Busselton Jetty,NCMP,2015,-33.63896,115.34315,-3.8,2.0,0.1675,23.02,25.2,4.38,42.89897962170361,42.833333333333336
Busselton Jetty,NCMP,2016,-33.63896,115.34315,-3.8,2.0,0.1726,22.899999999999995,25.27,4.36,44.49868394962827,43.875
Busselton Jetty,NCMP,2017,-33.63896,115.34315,-3.8,2.0,0.1506,22.959999999999997,25.209999999999997,3.97,42.30868548007309,43.25
Busselton Jetty,NCMP,2018,-33.63896,115.34315,-3.8,2.0,0.1644,22.58,24.34,3.7999999999999994,43.98050227236638,41.583333333333336
Busselton Jetty,NCMP,2019,-33.63896,115.34315,-3.8,2.0,0.1644,22.58,24.34,3.7999999999999994,44.03741894110257,
Busselton Jetty,NCMP,2020,-33.63896,115.34315,-3.8,2.0,0.2025,22.81,24.899999999999995,3.91,46.58204458274384,48.25
Busselton Jetty,NCMP,2021,-33.63896,115.34315,-3.8,2.0,0.21229999999999996,23.24,24.56,3.4400000000000004,43.94528110372623,45.391304347826086
Busselton Jetty,NCMP,2022,-33.63896,115.34315,-3.8,2.0,0.2171,23.34,25.399999999999995,3.85,45.013662221255906,48.166666666666664
Busselton Jetty,NCMP,2023,-33.63896,115.34315,-3.8,2.0,0.2098,24.19,27.59,5.96,38.13677364340061,38.416666666666664
Busselton Jetty,NCMP,2024,-33.63896,115.34315,-3.8,2.0,0.2107,23.28,25.31,4.51,46.27583815177685,49.5
Dunsborough,NCMP,2003,-33.61654,115.12865,-3.6,2.0,0.09949999999999999,24.03,25.820000000000004,3.14,56.96497431137994,
Dunsborough,NCMP,2004,-33.61654,115.12865,-3.6,2.0,0.09949999999999999,24.03,25.820000000000004,3.14,56.96497431137994,
Dunsborough,NCMP,2005,-33.61654,115.12865,-3.6,2.0,0.09949999999999999,24.03,25.820000000000004,3.14,56.96497431137994,
Dunsborough,NCMP,2006,-33.61654,115.12865,-3.6,2.0,0.09949999999999999,24.03,25.820000000000004,3.14,56.96497431137994,
Dunsborough,NCMP,2007,-33.61654,115.12865,-3.6,2.0,0.09949999999999999,24.03,25.820000000000004,3.14,56.96497431137994,
Dunsborough,NCMP,2008,-33.61654,115.12865,-3.6,2.0,0.09949999999999999,24.03,25.820000000000004,3.14,56.96497431137994,
Dunsborough,NCMP,2009,-33.61654,115.12865,-3.6,2.0,0.09949999999999999,24.03,25.820000000000004,3.14,56.96497431137994,
Dunsborough,NCMP,2010,-33.61654,115.12865,-3.6,2.0,0.09949999999999999,24.03,25.820000000000004,3.14,56.96497431137994,
Dunsborough,NCMP,2011,-33.61654,115.12865,-3.6,2.0,0.09949999999999999,24.03,25.820000000000004,3.14,56.96497431137994,
Dunsborough,NCMP,2012,-33.61654,115.12865,-3.6,2.0,0.09949999999999999,24.03,25.820000000000004,3.14,58.22593665501502,59.958333333333336
Dunsborough,NCMP,2013,-33.61654,115.12865,-3.6,2.0,0.09949999999999999,24.03,25.820000000000004,3.14,57.12948045666213,
Dunsborough,NCMP,2014,-33.61654,115.12865,-3.6,2.0,0.1087,23.47,25.45,3.9599999999999995,55.2596914171325,50.166666666666664
Dunsborough,NCMP,2015,-33.61654,115.12865,-3.6,2.0,0.115,22.86,24.94,4.08,51.74780429830828,54.166666666666664
Dunsborough,NCMP,2016,-33.61654,115.12865,-3.6,2.0,0.1181,22.69,24.97,3.75,57.978196169626315,58.791666666666664
Dunsborough,NCMP,2017,-33.61654,115.12865,-3.6,2.0,0.1042,22.74,24.94,3.69,56.473823153166435,56.833333333333336
Dunsborough,NCMP,2018,-33.61654,115.12865,-3.6,2.0,0.1093,22.38,23.78,2.99,55.47524046802913,52.208333333333336
Dunsborough,NCMP,2019,-33.61654,115.12865,-3.6,2.0,0.1093,22.38,23.78,2.99,55.698234931622075,
Dunsborough,NCMP,2020,-33.61654,115.12865,-3.6,2.0,0.2857,22.47,24.39,3.42,56.5451560043011,58.25
Dunsborough,NCMP,2021,-33.61654,115.12865,-3.6,2.0,0.226,23.05,24.09,2.8699999999999997,57.97766909054231,66.20833333333333
Dunsborough,NCMP,2022,-33.61654,115.12865,-3.6,2.0,0.2867,23.24,25.14,3.47,59.65253104808351,60.833333333333336
Dunsborough,NCMP,2023,-33.61654,115.12865,-3.6,2.0,0.0799,23.929999999999996,27.040000000000003,5.3,52.60471576352778,63.083333333333336
Dunsborough,NCMP,2024,-33.61654,115.12865,-3.6,2.0,0.0757,22.929999999999996,25.36,4.18,59.09013472192386,63.0
Forrest Beach,NCMP,2003,-33.57295,115.44908,-4.6,2.0,0.1581,23.97,25.88,3.4,46.706033286562445,
Forrest Beach,NCMP,2004,-33.57295,115.44908,-4.6,2.0,0.1581,23.97,25.88,3.4,46.78638745304099,
Forrest Beach,NCMP,2005,-33.57295,115.44908,-4.6,2.0,0.1581,23.97,25.88,3.4,46.01225228850913,
Forrest Beach,NCMP,2006,-33.57295,115.44908,-4.6,2.0,0.1581,23.97,25.88,3.4,46.9458277573539,
Forrest Beach,NCMP,2007,-33.57295,115.44908,-4.6,2.0,0.1581,23.97,25.88,3.4,44.030216356452755,
Forrest Beach,NCMP,2008,-33.57295,115.44908,-4.6,2.0,0.1581,23.97,25.88,3.4,44.03541873740514,
Forrest Beach,NCMP,2009,-33.57295,115.44908,-4.6,2.0,0.1581,23.97,25.88,3.4,44.57216375105526,
Forrest Beach,NCMP,2010,-33.57295,115.44908,-4.6,2.0,0.1581,23.97,25.88,3.4,44.03541873740514,
Forrest Beach,NCMP,2011,-33.57295,115.44908,-4.6,2.0,0.1581,23.97,25.88,3.4,44.31940499882889,
Forrest Beach,NCMP,2012,-33.57295,115.44908,-4.6,2.0,0.1581,23.97,25.88,3.4,47.344419030082896,52.125
Forrest Beach,NCMP,2013,-33.57295,115.44908,-4.6,2.0,0.1581,23.97,25.88,3.4,43.787606864993116,
Forrest Beach,NCMP,2014,-33.57295,115.44908,-4.6,2.0,0.1766,23.5,25.45,4.46,47.026600531500144,43.82608695652174
Forrest Beach,NCMP,2015,-33.57295,115.44908,-4.6,2.0,0.1766,22.97,25.03,4.31,46.547468126672776,46.458333333333336
Forrest Beach,NCMP,2016,-33.57295,115.44908,-4.6,2.0,0.1766,22.87,25.350000000000005,4.41,48.02659792532679,48.0
Forrest Beach,NCMP,2017,-33.57295,115.44908,-4.6,2.0,0.1766,22.92,25.179999999999996,3.94,46.6756528303679,47.25
Forrest Beach,NCMP,2018,-33.57295,115.44908,-4.6,2.0,0.1742,22.52,24.44,3.84,48.94142270099571,51.458333333333336
Forrest Beach,NCMP,2019,-33.57295,115.44908,-4.6,2.0,0.1742,22.52,24.44,3.84,45.32270149677675,
Forrest Beach,NCMP,2020,-33.57295,115.44908,-4.6,2.0,0.4314,22.77,24.850000000000005,3.91,48.88784222145804,57.083333333333336
Forrest Beach,NCMP,2021,-33.57295,115.44908,-4.6,2.0,0.4218,23.18,24.49,3.35,46.46472060956549,41.5
Forrest Beach,NCMP,2022,-33.57295,115.44908,-4.6,2.0,0.3828,23.26,25.24,3.7900000000000005,47.17468645478405,47.75
Forrest Beach,NCMP,2023,-33.57295,115.44908,-4.6,2.0,0.1093,23.92,27.34,5.669999999999999,42.997561724995485,50.916666666666664
Forrest Beach,NCMP,2024,-33.57295,115.44908,-4.6,2.0,0.11569999999999998,22.94,24.86,4.07,50.17399276644328,55.458333333333336
MS 1,NCMP,2003,-33.60164098,115.136821,-10.3,2.0,0.115,22.86,24.94,4.08,23.04213886389901,
MS 1,NCMP,2004,-33.60164098,115.136821,-10.3,2.0,0.115,22.86,24.94,4.08,23.04213886389901,
MS 1,NCMP,2005,-33.60164098,115.136821,-10.3,2.0,0.115,22.86,24.94,4.08,23.04213886389901,
MS 1,NCMP,2006,-33.60164098,115.136821,-10.3,2.0,0.115,22.86,24.94,4.08,23.04213886389901,
MS 1,NCMP,2007,-33.60164098,115.136821,-10.3,2.0,0.115,22.86,24.94,4.08,23.04213886389901,
MS 1,NCMP,2008,-33.60164098,115.136821,-10.3,2.0,0.115,22.86,24.94,4.08,23.04213886389901,
MS 1,NCMP,2009,-33.60164098,115.136821,-10.3,2.0,0.115,22.86,24.94,4.08,23.04213886389901,
MS 1,NCMP,2010,-33.60164098,115.136821,-10.3,2.0,0.115,22.86,24.94,4.08,23.04213886389901,
MS 1,NCMP,2011,-33.60164098,115.136821,-10.3,2.0,0.115,22.86,24.94,4.08,23.04213886389901,
MS 1,NCMP,2012,-33.60164098,115.136821,-10.3,2.0,0.115,22.86,24.94,4.08,23.888002066983262,
MS 1,NCMP,2013,-33.60164098,115.136821,-10.3,2.0,0.115,22.86,24.94,4.08,20.3022136203657,
MS 1,NCMP,2014,-33.60164098,115.136821,-10.3,2.0,0.115,22.86,24.94,4.08,23.841130218102805,
MS 1,NCMP,2015,-33.60164098,115.136821,-10.3,2.0,0.115,22.86,24.94,4.08,16.08523664971469,10.791666666666666
MS 1,NCMP,2016,-33.60164098,115.136821,-10.3,2.0,0.115,22.86,24.94,4.08,25.078880298546053,
MS 1,NCMP,2017,-33.60164098,115.136821,-10.3,2.0,0.1042,22.74,24.94,3.69,19.115690993797205,17.083333333333332
MS 1,NCMP,2018,-33.60164098,115.136821,-10.3,2.0,0.1093,22.38,23.78,2.99,23.239985602196626,25.833333333333332
MS 1,NCMP,2019,-33.60164098,115.136821,-10.3,2.0,0.1093,22.38,23.78,2.99,24.690160801535978,
MS 1,NCMP,2020,-33.60164098,115.136821,-10.3,2.0,0.2988,22.47,24.39,3.42,18.256195990595238,13.708333333333334
MS 1,NCMP,2021,-33.60164098,115.136821,-10.3,2.0,0.226,23.05,24.09,2.8699999999999997,22.76484943385297,17.208333333333332
MS 1,NCMP,2022,-33.60164098,115.136821,-10.3,2.0,0.226,23.05,24.09,2.8699999999999997,24.686670559508148,
MS 1,NCMP,2023,-33.60164098,115.136821,-10.3,2.0,0.0799,23.929999999999996,27.040000000000003,5.3,15.90230215238764,12.791666666666666
MS 1,NCMP,2024,-33.60164098,115.136821,-10.3,2.0,0.0799,23.929999999999996,27.040000000000003,5.3,24.5715642125827,
MS 2,NCMP,2003,-33.62425997,115.20374599999998,-8.3,2.0,0.2615,22.95,25.149999999999995,4.28,30.68739640100952,
MS 2,NCMP,2004,-33.62425997,115.20374599999998,-8.3,2.0,0.2615,22.95,25.149999999999995,4.28,30.68739640100952,
MS 2,NCMP,2005,-33.62425997,115.20374599999998,-8.3,2.0,0.2615,22.95,25.149999999999995,4.28,30.68739640100952,
MS 2,NCMP,2006,-33.62425997,115.20374599999998,-8.3,2.0,0.2615,22.95,25.149999999999995,4.28,30.68739640100952,
MS 2,NCMP,2007,-33.62425997,115.20374599999998,-8.3,2.0,0.2615,22.95,25.149999999999995,4.28,30.68739640100952,
MS 2,NCMP,2008,-33.62425997,115.20374599999998,-8.3,2.0,0.2615,22.95,25.149999999999995,4.28,30.68739640100952,
MS 2,NCMP,2009,-33.62425997,115.20374599999998,-8.3,2.0,0.2615,22.95,25.149999999999995,4.28,30.68739640100952,
MS 2,NCMP,2010,-33.62425997,115.20374599999998,-8.3,2.0,0.2615,22.95,25.149999999999995,4.28,30.68739640100952,
MS 2,NCMP,2011,-33.62425997,115.20374599999998,-8.3,2.0,0.2615,22.95,25.149999999999995,4.28,30.68739640100952,
MS 2,NCMP,2012,-33.62425997,115.20374599999998,-8.3,2.0,0.2615,22.95,25.149999999999995,4.28,31.60093106403789,
MS 2,NCMP,2013,-33.62425997,115.20374599999998,-8.3,2.0,0.2615,22.95,25.149999999999995,4.28,29.23416544021669,
MS 2,NCMP,2014,-33.62425997,115.20374599999998,-8.3,2.0,0.2615,22.95,25.149999999999995,4.28,31.517598543046407,
MS 2,NCMP,2015,-33.62425997,115.20374599999998,-8.3,2.0,0.2615,22.95,25.149999999999995,4.28,25.790202174666415,17.333333333333332
MS 2,NCMP,2016,-33.62425997,115.20374599999998,-8.3,2.0,0.2615,22.95,25.149999999999995,4.28,31.67670207873868,
MS 2,NCMP,2017,-33.62425997,115.20374599999998,-8.3,2.0,0.2279,22.87,25.06,3.8800000000000003,31.047462253379774,36.083333333333336
MS 2,NCMP,2018,-33.62425997,115.20374599999998,-8.3,2.0,0.2184,22.5,24.070000000000004,3.39,30.708299656238633,27.541666666666668
MS 2,NCMP,2019,-33.62425997,115.20374599999998,-8.3,2.0,0.2184,22.5,24.070000000000004,3.39,31.881836200605157,
MS 2,NCMP,2020,-33.62425997,115.20374599999998,-8.3,2.0,0.4429,22.64,24.649999999999995,3.65,32.42469643502531,36.666666666666664
MS 2,NCMP,2021,-33.62425997,115.20374599999998,-8.3,2.0,0.3846,23.16,24.320000000000004,3.22,30.892284372242926,32.041666666666664
MS 2,NCMP,2022,-33.62425997,115.20374599999998,-8.3,2.0,0.3846,23.16,24.320000000000004,3.22,32.844670417640145,
MS 2,NCMP,2023,-33.62425997,115.20374599999998,-8.3,2.0,0.1383,23.92,27.19,5.599999999999999,25.44792624250649,22.666666666666668
MS 2,NCMP,2024,-33.62425997,115.20374599999998,-8.3,2.0,0.1383,23.92,27.19,5.599999999999999,31.252092112441872,
MS 3,NCMP,2003,-33.62756697,115.295172,-9.7,2.0,0.295,22.95,25.179999999999996,4.34,31.45669953920297,
MS 3,NCMP,2004,-33.62756697,115.295172,-9.7,2.0,0.295,22.95,25.179999999999996,4.34,31.45669953920297,
MS 3,NCMP,2005,-33.62756697,115.295172,-9.7,2.0,0.295,22.95,25.179999999999996,4.34,31.45669953920297,
MS 3,NCMP,2006,-33.62756697,115.295172,-9.7,2.0,0.295,22.95,25.179999999999996,4.34,31.45669953920297,
MS 3,NCMP,2007,-33.62756697,115.295172,-9.7,2.0,0.295,22.95,25.179999999999996,4.34,31.45669953920297,
MS 3,NCMP,2008,-33.62756697,115.295172,-9.7,2.0,0.295,22.95,25.179999999999996,4.34,31.45669953920297,
MS 3,NCMP,2009,-33.62756697,115.295172,-9.7,2.0,0.295,22.95,25.179999999999996,4.34,31.45669953920297,
MS 3,NCMP,2010,-33.62756697,115.295172,-9.7,2.0,0.295,22.95,25.179999999999996,4.34,31.45669953920297,
MS 3,NCMP,2011,-33.62756697,115.295172,-9.7,2.0,0.295,22.95,25.179999999999996,4.34,31.45669953920297,
MS 3,NCMP,2012,-33.62756697,115.295172,-9.7,2.0,0.295,22.95,25.179999999999996,4.34,31.54660314169066,
MS 3,NCMP,2013,-33.62756697,115.295172,-9.7,2.0,0.295,22.95,25.179999999999996,4.34,29.80992117110732,
MS 3,NCMP,2014,-33.62756697,115.295172,-9.7,2.0,0.295,22.95,25.179999999999996,4.34,31.54660314169066,
MS 3,NCMP,2015,-33.62756697,115.295172,-9.7,2.0,0.295,22.95,25.179999999999996,4.34,28.74737074729504,29.541666666666668
MS 3,NCMP,2016,-33.62756697,115.295172,-9.7,2.0,0.295,22.95,25.179999999999996,4.34,31.587731735030793,
MS 3,NCMP,2017,-33.62756697,115.295172,-9.7,2.0,0.2797,22.88,25.13,3.93,31.973157069911267,34.208333333333336
MS 3,NCMP,2018,-33.62756697,115.295172,-9.7,2.0,0.2751,22.5,24.19,3.56,32.66882670870601,34.708333333333336
MS 3,NCMP,2019,-33.62756697,115.295172,-9.7,2.0,0.2751,22.5,24.19,3.56,33.323374556779925,
MS 3,NCMP,2020,-33.62756697,115.295172,-9.7,2.0,0.5256,22.679999999999996,24.75,3.82,33.144896544380096,31.75
MS 3,NCMP,2021,-33.62756697,115.295172,-9.7,2.0,0.654,23.17,24.39,3.32,31.27262363651199,28.125
MS 3,NCMP,2022,-33.62756697,115.295172,-9.7,2.0,0.654,23.17,24.39,3.32,32.77788254786171,
MS 3,NCMP,2023,-33.62756697,115.295172,-9.7,2.0,0.1093,23.92,27.34,5.669999999999999,25.80680115279844,22.791666666666668
MS 3,NCMP,2024,-33.62756697,115.295172,-9.7,2.0,0.1093,23.92,27.34,5.669999999999999,31.37923238251109,
MS 4,NCMP,2003,-33.57941201,115.41239,-10.3,2.0,0.2288,22.97,25.03,4.31,33.85838862195612,
MS 4,NCMP,2004,-33.57941201,115.41239,-10.3,2.0,0.2288,22.97,25.03,4.31,33.76628873026837,
MS 4,NCMP,2005,-33.57941201,115.41239,-10.3,2.0,0.2288,22.97,25.03,4.31,30.497510058924927,
MS 4,NCMP,2006,-33.57941201,115.41239,-10.3,2.0,0.2288,22.97,25.03,4.31,32.308758286777014,
MS 4,NCMP,2007,-33.57941201,115.41239,-10.3,2.0,0.2288,22.97,25.03,4.31,30.17957883529033,
MS 4,NCMP,2008,-33.57941201,115.41239,-10.3,2.0,0.2288,22.97,25.03,4.31,30.17957883529033,
MS 4,NCMP,2009,-33.57941201,115.41239,-10.3,2.0,0.2288,22.97,25.03,4.31,30.439150065592216,
MS 4,NCMP,2010,-33.57941201,115.41239,-10.3,2.0,0.2288,22.97,25.03,4.31,30.102475991374988,
MS 4,NCMP,2011,-33.57941201,115.41239,-10.3,2.0,0.2288,22.97,25.03,4.31,30.17957883529033,
MS 4,NCMP,2012,-33.57941201,115.41239,-10.3,2.0,0.2288,22.97,25.03,4.31,34.23294841894254,
MS 4,NCMP,2013,-33.57941201,115.41239,-10.3,2.0,0.2288,22.97,25.03,4.31,28.403899996501337,
MS 4,NCMP,2014,-33.57941201,115.41239,-10.3,2.0,0.2288,22.97,25.03,4.31,34.288813710379166,
MS 4,NCMP,2015,-33.57941201,115.41239,-10.3,2.0,0.2288,22.97,25.03,4.31,30.72058248317384,34.25
MS 4,NCMP,2016,-33.57941201,115.41239,-10.3,2.0,0.2288,22.97,25.03,4.31,34.478632494583856,
MS 4,NCMP,2017,-33.57941201,115.41239,-10.3,2.0,0.22430000000000003,22.92,25.179999999999996,3.94,29.65225783437595,26.375
MS 4,NCMP,2018,-33.57941201,115.41239,-10.3,2.0,0.243,22.536666666666665,24.470833333333335,3.8441666666666663,34.876472897416306,41.083333333333336
MS 4,NCMP,2019,-33.57941201,115.41239,-10.3,2.0,0.243,22.536666666666665,24.470833333333335,3.8441666666666663,30.507979516825436,
MS 4,NCMP,2020,-33.57941201,115.41239,-10.3,2.0,0.17889999999999998,22.77,24.850000000000005,3.91,33.80114939507491,31.75
MS 4,NCMP,2021,-33.57941201,115.41239,-10.3,2.0,0.17499999999999996,23.179999999999996,24.49,3.35,33.30655322509508,37.25
MS 4,NCMP,2022,-33.57941201,115.41239,-10.3,2.0,0.17499999999999996,23.179999999999996,24.49,3.35,34.68443214291809,
MS 4,NCMP,2023,-33.57941201,115.41239,-10.3,2.0,0.1093,23.91,27.34,5.739999999999999,26.82275082107745,29.875
MS 4,NCMP,2024,-33.57941201,115.41239,-10.3,2.0,0.1093,23.91,27.34,5.739999999999999,33.10540950979727,
MS 6,NCMP,2003,-33.60354099,115.36037700000001,-10.4,2.0,0.2288,22.97,25.03,4.31,34.2934920059624,
MS 6,NCMP,2004,-33.60354099,115.36037700000001,-10.4,2.0,0.2288,22.97,25.03,4.31,34.27835316380115,
MS 6,NCMP,2005,-33.60354099,115.36037700000001,-10.4,2.0,0.2288,22.97,25.03,4.31,33.07377777610468,
MS 6,NCMP,2006,-33.60354099,115.36037700000001,-10.4,2.0,0.2288,22.97,25.03,4.31,34.27835316380115,
MS 6,NCMP,2007,-33.60354099,115.36037700000001,-10.4,2.0,0.2288,22.97,25.03,4.31,31.88685059813545,
MS 6,NCMP,2008,-33.60354099,115.36037700000001,-10.4,2.0,0.2288,22.97,25.03,4.31,31.88685059813545,
MS 6,NCMP,2009,-33.60354099,115.36037700000001,-10.4,2.0,0.2288,22.97,25.03,4.31,31.800253327097398,
MS 6,NCMP,2010,-33.60354099,115.36037700000001,-10.4,2.0,0.2288,22.97,25.03,4.31,31.780750524983286,
MS 6,NCMP,2011,-33.60354099,115.36037700000001,-10.4,2.0,0.2288,22.97,25.03,4.31,31.88685059813545,
MS 6,NCMP,2012,-33.60354099,115.36037700000001,-10.4,2.0,0.2288,22.97,25.03,4.31,34.43929108776995,
MS 6,NCMP,2013,-33.60354099,115.36037700000001,-10.4,2.0,0.2288,22.97,25.03,4.31,31.575135690039666,
MS 6,NCMP,2014,-33.60354099,115.36037700000001,-10.4,2.0,0.2288,22.97,25.03,4.31,34.5408401865258,
MS 6,NCMP,2015,-33.60354099,115.36037700000001,-10.4,2.0,0.2288,22.97,25.03,4.31,31.95576460269082,31.75
MS 6,NCMP,2016,-33.60354099,115.36037700000001,-10.4,2.0,0.2288,22.97,25.03,4.31,34.72106641037887,
MS 6,NCMP,2017,-33.60354099,115.36037700000001,-10.4,2.0,0.22430000000000003,22.92,25.179999999999996,3.94,31.069187100294016,30.208333333333332
MS 6,NCMP,2018,-33.60354099,115.36037700000001,-10.4,2.0,0.243,22.52,24.44,3.84,35.557138760755876,38.125
MS 6,NCMP,2019,-33.60354099,115.36037700000001,-10.4,2.0,0.243,22.52,24.44,3.84,33.023700653228275,
MS 6,NCMP,2020,-33.60354099,115.36037700000001,-10.4,2.0,0.2602,22.77,24.850000000000005,3.91,35.01782843991706,38.125
MS 6,NCMP,2021,-33.60354099,115.36037700000001,-10.4,2.0,0.2799,23.179999999999996,24.49,3.35,33.826554487972565,35.625
MS 6,NCMP,2022,-33.60354099,115.36037700000001,-10.4,2.0,0.2799,23.179999999999996,24.49,3.35,35.47795720606976,
MS 6,NCMP,2023,-33.60354099,115.36037700000001,-10.4,2.0,0.1528,23.91,27.34,5.739999999999999,27.303948956614757,26.708333333333332
MS 6,NCMP,2024,-33.60354099,115.36037700000001,-10.4,2.0,0.1528,23.91,27.34,5.739999999999999,33.67142781736008,
OS 1,NCMP,2003,-33.59011201,115.150849,-18.0,2.0,0.115,22.86,24.94,4.08,19.542197679712967,
OS 1,NCMP,2004,-33.59011201,115.150849,-18.0,2.0,0.115,22.86,24.94,4.08,19.542197679712967,
OS 1,NCMP,2005,-33.59011201,115.150849,-18.0,2.0,0.115,22.86,24.94,4.08,19.542197679712967,
OS 1,NCMP,2006,-33.59011201,115.150849,-18.0,2.0,0.115,22.86,24.94,4.08,19.542197679712967,
OS 1,NCMP,2007,-33.59011201,115.150849,-18.0,2.0,0.115,22.86,24.94,4.08,19.542197679712967,
OS 1,NCMP,2008,-33.59011201,115.150849,-18.0,2.0,0.115,22.86,24.94,4.08,19.542197679712967,
OS 1,NCMP,2009,-33.59011201,115.150849,-18.0,2.0,0.115,22.86,24.94,4.08,19.542197679712967,
OS 1,NCMP,2010,-33.59011201,115.150849,-18.0,2.0,0.115,22.86,24.94,4.08,19.542197679712967,
OS 1,NCMP,2011,-33.59011201,115.150849,-18.0,2.0,0.115,22.86,24.94,4.08,19.542197679712967,
OS 1,NCMP,2012,-33.59011201,115.150849,-18.0,2.0,0.115,22.86,24.94,4.08,21.315135877694857,
OS 1,NCMP,2013,-33.59011201,115.150849,-18.0,2.0,0.115,22.86,24.94,4.08,17.236778167833016,
OS 1,NCMP,2014,-33.59011201,115.150849,-18.0,2.0,0.115,22.86,24.94,4.08,21.257995449190524,
OS 1,NCMP,2015,-33.59011201,115.150849,-18.0,2.0,0.115,22.86,24.94,4.08,16.60302938133535,16.25
OS 1,NCMP,2016,-33.59011201,115.150849,-18.0,2.0,0.115,22.86,24.94,4.08,22.539860834249993,
OS 1,NCMP,2017,-33.59011201,115.150849,-18.0,2.0,0.1042,22.74,24.94,3.69,18.69415622750653,23.083333333333332
OS 1,NCMP,2018,-33.59011201,115.150849,-18.0,2.0,0.1093,22.38,23.78,2.99,21.176558968431944,24.708333333333332
OS 1,NCMP,2019,-33.59011201,115.150849,-18.0,2.0,0.1093,22.38,23.78,2.99,21.898802325752275,
OS 1,NCMP,2020,-33.59011201,115.150849,-18.0,2.0,0.2857,22.47,24.39,3.42,16.66011536257119,13.041666666666666
OS 1,NCMP,2021,-33.59011201,115.150849,-18.0,2.0,0.226,23.05,24.09,2.8699999999999997,19.37437810405079,18.791666666666668
OS 1,NCMP,2022,-33.59011201,115.150849,-18.0,2.0,0.226,23.05,24.09,2.8699999999999997,22.735228129255617,
OS 1,NCMP,2023,-33.59011201,115.150849,-18.0,2.0,0.0799,23.929999999999996,27.040000000000003,5.3,14.68856619489516,13.875
OS 1,NCMP,2024,-33.59011201,115.150849,-18.0,2.0,0.0799,23.929999999999996,27.040000000000003,5.3,21.631863742310227,
OS 2,NCMP,2003,-33.597905,115.211634,-16.2,2.0,0.2615,22.95,25.149999999999995,4.28,19.288690321210932,
OS 2,NCMP,2004,-33.597905,115.211634,-16.2,2.0,0.2615,22.95,25.149999999999995,4.28,19.288690321210932,
OS 2,NCMP,2005,-33.597905,115.211634,-16.2,2.0,0.2615,22.95,25.149999999999995,4.28,19.288690321210932,
OS 2,NCMP,2006,-33.597905,115.211634,-16.2,2.0,0.2615,22.95,25.149999999999995,4.28,19.288690321210932,
OS 2,NCMP,2007,-33.597905,115.211634,-16.2,2.0,0.2615,22.95,25.149999999999995,4.28,19.288690321210932,
OS 2,NCMP,2008,-33.597905,115.211634,-16.2,2.0,0.2615,22.95,25.149999999999995,4.28,19.288690321210932,
OS 2,NCMP,2009,-33.597905,115.211634,-16.2,2.0,0.2615,22.95,25.149999999999995,4.28,19.288690321210932,
OS 2,NCMP,2010,-33.597905,115.211634,-16.2,2.0,0.2615,22.95,25.149999999999995,4.28,19.288690321210932,
OS 2,NCMP,2011,-33.597905,115.211634,-16.2,2.0,0.2615,22.95,25.149999999999995,4.28,19.288690321210932,
OS 2,NCMP,2012,-33.597905,115.211634,-16.2,2.0,0.2615,22.95,25.149999999999995,4.28,20.758036349360836,
OS 2,NCMP,2013,-33.597905,115.211634,-16.2,2.0,0.2615,22.95,25.149999999999995,4.28,17.062564802014666,
OS 2,NCMP,2014,-33.597905,115.211634,-16.2,2.0,0.2615,22.95,25.149999999999995,4.28,20.712694475654832,
OS 2,NCMP,2015,-33.597905,115.211634,-16.2,2.0,0.2615,22.95,25.149999999999995,4.28,16.305083926259332,18.208333333333332
OS 2,NCMP,2016,-33.597905,115.211634,-16.2,2.0,0.2615,22.95,25.149999999999995,4.28,21.862559534222967,
OS 2,NCMP,2017,-33.597905,115.211634,-16.2,2.0,0.2279,22.87,25.06,3.8800000000000003,16.782860365345883,14.833333333333334
OS 2,NCMP,2018,-33.597905,115.211634,-16.2,2.0,0.2184,22.5,24.070000000000004,3.39,20.491460018636435,21.166666666666668
OS 2,NCMP,2019,-33.597905,115.211634,-16.2,2.0,0.2184,22.5,24.070000000000004,3.39,21.53360109749012,
OS 2,NCMP,2020,-33.597905,115.211634,-16.2,2.0,0.4429,22.64,24.649999999999995,3.65,17.305727445813055,17.333333333333332
OS 2,NCMP,2021,-33.597905,115.211634,-16.2,2.0,0.3846,23.16,24.320000000000004,3.22,19.04284701333456,21.208333333333332
OS 2,NCMP,2022,-33.597905,115.211634,-16.2,2.0,0.3846,23.16,24.320000000000004,3.22,22.375706899149776,
OS 2,NCMP,2023,-33.597905,115.211634,-16.2,2.0,0.1383,23.92,27.19,5.599999999999999,14.587259483099215,14.833333333333334
OS 2,NCMP,2024,-33.597905,115.211634,-16.2,2.0,0.1383,23.92,27.19,5.599999999999999,21.36534061099474,
OS 3,NCMP,2003,-33.594655,115.29116600000002,-16.4,2.0,0.295,22.95,25.179999999999996,4.34,18.742305500533096,
OS 3,NCMP,2004,-33.594655,115.29116600000002,-16.4,2.0,0.295,22.95,25.179999999999996,4.34,18.661515181778782,
OS 3,NCMP,2005,-33.594655,115.29116600000002,-16.4,2.0,0.295,22.95,25.179999999999996,4.34,15.89057330555247,
OS 3,NCMP,2006,-33.594655,115.29116600000002,-16.4,2.0,0.295,22.95,25.179999999999996,4.34,18.661515181778782,
OS 3,NCMP,2007,-33.594655,115.29116600000002,-16.4,2.0,0.295,22.95,25.179999999999996,4.34,15.915721069907825,
OS 3,NCMP,2008,-33.594655,115.29116600000002,-16.4,2.0,0.295,22.95,25.179999999999996,4.34,15.915721069907825,
OS 3,NCMP,2009,-33.594655,115.29116600000002,-16.4,2.0,0.295,22.95,25.179999999999996,4.34,15.943125415947598,
OS 3,NCMP,2010,-33.594655,115.29116600000002,-16.4,2.0,0.295,22.95,25.179999999999996,4.34,15.927618353338106,
OS 3,NCMP,2011,-33.594655,115.29116600000002,-16.4,2.0,0.295,22.95,25.179999999999996,4.34,15.915721069907825,
OS 3,NCMP,2012,-33.594655,115.29116600000002,-16.4,2.0,0.295,22.95,25.179999999999996,4.34,19.680079180623796,
OS 3,NCMP,2013,-33.594655,115.29116600000002,-16.4,2.0,0.295,22.95,25.179999999999996,4.34,15.866080771514067,
OS 3,NCMP,2014,-33.594655,115.29116600000002,-16.4,2.0,0.295,22.95,25.179999999999996,4.34,19.680079180623796,
OS 3,NCMP,2015,-33.594655,115.29116600000002,-16.4,2.0,0.295,22.95,25.179999999999996,4.34,14.316225877136903,10.958333333333334
OS 3,NCMP,2016,-33.594655,115.29116600000002,-16.4,2.0,0.295,22.95,25.179999999999996,4.34,20.89654846959723,
OS 3,NCMP,2017,-33.594655,115.29116600000002,-16.4,2.0,0.2797,22.88,25.13,3.93,15.435922580231802,13.5
OS 3,NCMP,2018,-33.594655,115.29116600000002,-16.4,2.0,0.2751,22.5,24.19,3.56,19.753219253474388,19.625
OS 3,NCMP,2019,-33.594655,115.29116600000002,-16.4,2.0,0.2751,22.5,24.19,3.56,18.666173994213263,
OS 3,NCMP,2020,-33.594655,115.29116600000002,-16.4,2.0,0.5256,22.679999999999996,24.75,3.82,16.965402973284775,15.708333333333334
OS 3,NCMP,2021,-33.594655,115.29116600000002,-16.4,2.0,0.654,23.17,24.39,3.32,18.28115108817046,17.166666666666668
OS 3,NCMP,2022,-33.594655,115.29116600000002,-16.4,2.0,0.654,23.17,24.39,3.32,21.821646593951467,
OS 3,NCMP,2023,-33.594655,115.29116600000002,-16.4,2.0,0.1093,23.92,27.34,5.669999999999999,13.244124362747623,10.291666666666666
OS 3,NCMP,2024,-33.594655,115.29116600000002,-16.4,2.0,0.1093,23.92,27.34,5.669999999999999,20.875968270986448,
OS 4,NCMP,2003,-33.54436702,115.369983,-16.1,2.0,0.2288,22.97,25.03,4.31,19.45569752575415,
OS 4,NCMP,2004,-33.54436702,115.369983,-16.1,2.0,0.2288,22.97,25.03,4.31,19.392013646546268,
OS 4,NCMP,2005,-33.54436702,115.369983,-16.1,2.0,0.2288,22.97,25.03,4.31,16.794733375096527,
OS 4,NCMP,2006,-33.54436702,115.369983,-16.1,2.0,0.2288,22.97,25.03,4.31,16.944138854746893,
OS 4,NCMP,2007,-33.54436702,115.369983,-16.1,2.0,0.2288,22.97,25.03,4.31,16.78377863356285,
OS 4,NCMP,2008,-33.54436702,115.369983,-16.1,2.0,0.2288,22.97,25.03,4.31,16.78377863356285,
OS 4,NCMP,2009,-33.54436702,115.369983,-16.1,2.0,0.2288,22.97,25.03,4.31,16.79070151845846,
OS 4,NCMP,2010,-33.54436702,115.369983,-16.1,2.0,0.2288,22.97,25.03,4.31,16.78377863356285,
OS 4,NCMP,2011,-33.54436702,115.369983,-16.1,2.0,0.2288,22.97,25.03,4.31,16.811578833273277,
OS 4,NCMP,2012,-33.54436702,115.369983,-16.1,2.0,0.2288,22.97,25.03,4.31,20.455517464923275,
OS 4,NCMP,2013,-33.54436702,115.369983,-16.1,2.0,0.2288,22.97,25.03,4.31,16.784536218185014,
OS 4,NCMP,2014,-33.54436702,115.369983,-16.1,2.0,0.2288,22.97,25.03,4.31,20.504428301419708,
OS 4,NCMP,2015,-33.54436702,115.369983,-16.1,2.0,0.2288,22.97,25.03,4.31,15.701999644639054,14.916666666666666
OS 4,NCMP,2016,-33.54436702,115.369983,-16.1,2.0,0.2288,22.97,25.03,4.31,21.61233541653737,
OS 4,NCMP,2017,-33.54436702,115.369983,-16.1,2.0,0.22430000000000003,22.92,25.179999999999996,3.94,16.622227355811766,16.291666666666668
OS 4,NCMP,2018,-33.54436702,115.369983,-16.1,2.0,0.243,22.52,24.44,3.84,20.100752555726547,21.416666666666668
OS 4,NCMP,2019,-33.54436702,115.369983,-16.1,2.0,0.243,22.52,24.44,3.84,18.914233525642587,
OS 4,NCMP,2020,-33.54436702,115.369983,-16.1,2.0,0.17889999999999998,22.77,24.850000000000005,3.91,16.135369072267526,5.833333333333333
OS 4,NCMP,2021,-33.54436702,115.369983,-16.1,2.0,0.17499999999999996,23.179999999999996,24.49,3.35,19.172487905430696,21.666666666666668
OS 4,NCMP,2022,-33.54436702,115.369983,-16.1,2.0,0.17499999999999996,23.179999999999996,24.49,3.35,22.44095344902414,
OS 4,NCMP,2023,-33.54436702,115.369983,-16.1,2.0,0.1093,23.91,27.34,5.739999999999999,13.971426417575222,12.333333333333334
OS 4,NCMP,2024,-33.54436702,115.369983,-16.1,2.0,0.1093,23.91,27.34,5.739999999999999,21.293350666568465,
OS 6,NCMP,2003,-33.56837598,115.333367,-16.3,2.0,0.2288,22.97,25.03,4.31,20.042589865530886,
OS 6,NCMP,2004,-33.56837598,115.333367,-16.3,2.0,0.2288,22.97,25.03,4.31,19.946353804741836,
OS 6,NCMP,2005,-33.56837598,115.333367,-16.3,2.0,0.2288,22.97,25.03,4.31,17.16320433711031,
OS 6,NCMP,2006,-33.56837598,115.333367,-16.3,2.0,0.2288,22.97,25.03,4.31,17.69666323057164,
OS 6,NCMP,2007,-33.56837598,115.333367,-16.3,2.0,0.2288,22.97,25.03,4.31,17.27184391147779,
OS 6,NCMP,2008,-33.56837598,115.333367,-16.3,2.0,0.2288,22.97,25.03,4.31,17.27184391147779,
OS 6,NCMP,2009,-33.56837598,115.333367,-16.3,2.0,0.2288,22.97,25.03,4.31,17.284308007745235,
OS 6,NCMP,2010,-33.56837598,115.333367,-16.3,2.0,0.2288,22.97,25.03,4.31,17.264172504952217,
OS 6,NCMP,2011,-33.56837598,115.333367,-16.3,2.0,0.2288,22.97,25.03,4.31,17.27184391147779,
OS 6,NCMP,2012,-33.56837598,115.333367,-16.3,2.0,0.2288,22.97,25.03,4.31,21.12472589176813,
OS 6,NCMP,2013,-33.56837598,115.333367,-16.3,2.0,0.2288,22.97,25.03,4.31,17.397417411900488,
OS 6,NCMP,2014,-33.56837598,115.333367,-16.3,2.0,0.2288,22.97,25.03,4.31,21.1928882379264,
OS 6,NCMP,2015,-33.56837598,115.333367,-16.3,2.0,0.2288,22.97,25.03,4.31,16.472527764834002,13.916666666666666
OS 6,NCMP,2016,-33.56837598,115.333367,-16.3,2.0,0.2288,22.97,25.03,4.31,22.19607694916533,
OS 6,NCMP,2017,-33.56837598,115.333367,-16.3,2.0,0.22430000000000003,22.92,25.179999999999996,3.94,18.278577763321593,23.875
OS 6,NCMP,2018,-33.56837598,115.333367,-16.3,2.0,0.243,22.52,24.44,3.84,20.783622342975292,22.75
OS 6,NCMP,2019,-33.56837598,115.333367,-16.3,2.0,0.243,22.52,24.44,3.84,19.494817830146264,
OS 6,NCMP,2020,-33.56837598,115.333367,-16.3,2.0,0.2602,22.77,24.850000000000005,3.91,18.582996433055875,22.583333333333332
OS 6,NCMP,2021,-33.56837598,115.333367,-16.3,2.0,0.2799,23.179999999999996,24.49,3.35,18.97273277313225,17.083333333333332
OS 6,NCMP,2022,-33.56837598,115.333367,-16.3,2.0,0.2799,23.179999999999996,24.49,3.35,22.782229012194353,
OS 6,NCMP,2023,-33.56837598,115.333367,-16.3,2.0,0.1528,23.91,27.34,5.739999999999999,13.468997033728632,9.458333333333334
OS 6,NCMP,2024,-33.56837598,115.333367,-16.3,2.0,0.1528,23.91,27.34,5.739999999999999,21.452207915555356,
Port Geographe,NCMP,2003,-33.62846,115.3824,-3.7,2.0,0.2216,23.97,25.88,3.4,38.60837245148896,
Port Geographe,NCMP,2004,-33.62846,115.3824,-3.7,2.0,0.2216,23.97,25.88,3.4,38.86650349695174,
Port Geographe,NCMP,2005,-33.62846,115.3824,-3.7,2.0,0.2216,23.97,25.88,3.4,38.85442067306652,
Port Geographe,NCMP,2006,-33.62846,115.3824,-3.7,2.0,0.2216,23.97,25.88,3.4,38.88792613821949,
Port Geographe,NCMP,2007,-33.62846,115.3824,-3.7,2.0,0.2216,23.97,25.88,3.4,39.32125036513349,
Port Geographe,NCMP,2008,-33.62846,115.3824,-3.7,2.0,0.2216,23.97,25.88,3.4,39.32125036513349,
Port Geographe,NCMP,2009,-33.62846,115.3824,-3.7,2.0,0.2216,23.97,25.88,3.4,39.157688866999976,
Port Geographe,NCMP,2010,-33.62846,115.3824,-3.7,2.0,0.2216,23.97,25.88,3.4,39.31460916142977,
Port Geographe,NCMP,2011,-33.62846,115.3824,-3.7,2.0,0.2216,23.97,25.88,3.4,39.32125036513349,
Port Geographe,NCMP,2012,-33.62846,115.3824,-3.7,2.0,0.2216,23.97,25.88,3.4,38.53050723890149,36.916666666666664
Port Geographe,NCMP,2013,-33.62846,115.3824,-3.7,2.0,0.2216,23.97,25.88,3.4,39.21774539298706,
Port Geographe,NCMP,2014,-33.62846,115.3824,-3.7,2.0,0.2572,23.5,25.45,4.46,42.57229409463622,40.291666666666664
Port Geographe,NCMP,2015,-33.62846,115.3824,-3.7,2.0,0.2288,22.97,25.03,4.31,43.836265486595984,45.375
Port Geographe,NCMP,2016,-33.62846,115.3824,-3.7,2.0,0.264,22.87,25.350000000000005,4.41,43.41826217064109,43.0
Port Geographe,NCMP,2017,-33.62846,115.3824,-3.7,2.0,0.22430000000000003,22.92,25.179999999999996,3.94,40.71981213573621,32.916666666666664
Port Geographe,NCMP,2018,-33.62846,115.3824,-3.7,2.0,0.243,22.52,24.44,3.84,45.93683028790687,48.375
Port Geographe,NCMP,2019,-33.62846,115.3824,-3.7,2.0,0.243,22.52,24.44,3.84,45.38090814190658,
Port Geographe,NCMP,2020,-33.62846,115.3824,-3.7,2.0,0.2602,22.77,24.850000000000005,3.91,46.39158333486662,49.0
Port Geographe,NCMP,2021,-33.62846,115.3824,-3.7,2.0,0.2799,23.18,24.49,3.35,43.37103433227074,46.4
Port Geographe,NCMP,2022,-33.62846,115.3824,-3.7,2.0,0.2574,23.26,25.24,3.7900000000000005,42.55714852416702,38.958333333333336
Port Geographe,NCMP,2023,-33.62846,115.3824,-3.7,2.0,0.1528,23.91,27.34,5.739999999999999,37.688496414733656,33.875
Port Geographe,NCMP,2024,-33.62846,115.3824,-3.7,2.0,0.1524,22.94,24.91,4.15,47.40857131786546,48.666666666666664
Vasse Diversion,NCMP,2003,-33.64746,115.32378999999999,-3.9,2.0,0.2713,24.02,25.899999999999995,3.2999999999999994,36.56596150885074,
Vasse Diversion,NCMP,2004,-33.64746,115.32378999999999,-3.9,2.0,0.2713,24.02,25.899999999999995,3.2999999999999994,36.56596150885074,
Vasse Diversion,NCMP,2005,-33.64746,115.32378999999999,-3.9,2.0,0.2713,24.02,25.899999999999995,3.2999999999999994,36.56596150885074,
Vasse Diversion,NCMP,2006,-33.64746,115.32378999999999,-3.9,2.0,0.2713,24.02,25.899999999999995,3.2999999999999994,36.56596150885074,
Vasse Diversion,NCMP,2007,-33.64746,115.32378999999999,-3.9,2.0,0.2713,24.02,25.899999999999995,3.2999999999999994,36.56596150885074,
Vasse Diversion,NCMP,2008,-33.64746,115.32378999999999,-3.9,2.0,0.2713,24.02,25.899999999999995,3.2999999999999994,36.56596150885074,
Vasse Diversion,NCMP,2009,-33.64746,115.32378999999999,-3.9,2.0,0.2713,24.02,25.899999999999995,3.2999999999999994,36.56596150885074,
Vasse Diversion,NCMP,2010,-33.64746,115.32378999999999,-3.9,2.0,0.2713,24.02,25.899999999999995,3.2999999999999994,36.56596150885074,
Vasse Diversion,NCMP,2011,-33.64746,115.32378999999999,-3.9,2.0,0.2713,24.02,25.899999999999995,3.2999999999999994,36.56596150885074,
Vasse Diversion,NCMP,2012,-33.64746,115.32378999999999,-3.9,2.0,0.2713,24.02,25.899999999999995,3.2999999999999994,36.244917562906636,33.791666666666664
Vasse Diversion,NCMP,2013,-33.64746,115.32378999999999,-3.9,2.0,0.2713,24.02,25.899999999999995,3.2999999999999994,37.41107792761027,
Vasse Diversion,NCMP,2014,-33.64746,115.32378999999999,-3.9,2.0,0.3184,23.49,25.55,4.3,35.59075738240281,32.625
Vasse Diversion,NCMP,2015,-33.64746,115.32378999999999,-3.9,2.0,0.295,22.95,25.179999999999996,4.34,35.72626653958475,33.166666666666664
Vasse Diversion,NCMP,2016,-33.64746,115.32378999999999,-3.9,2.0,0.3567,22.820000000000004,25.12,4.22,35.68297455067132,27.791666666666668
Vasse Diversion,NCMP,2017,-33.64746,115.32378999999999,-3.9,2.0,0.2797,22.88,25.13,3.93,36.16900159401939,33.0
Vasse Diversion,NCMP,2018,-33.64746,115.32378999999999,-3.9,2.0,0.2751,22.5,24.19,3.56,38.396362151273856,36.583333333333336
Vasse Diversion,NCMP,2019,-33.64746,115.32378999999999,-3.9,2.0,0.2751,22.5,24.19,3.56,38.48304978683533,
Vasse Diversion,NCMP,2020,-33.64746,115.32378999999999,-3.9,2.0,0.5256,22.679999999999996,24.75,3.82,40.04298253073528,47.083333333333336
Vasse Diversion,NCMP,2021,-33.64746,115.32378999999999,-3.9,2.0,0.654,23.17,24.390000000000004,3.32,38.70246196633092,37.285714285714285
Vasse Diversion,NCMP,2022,-33.64746,115.32378999999999,-3.9,2.0,0.523,23.290000000000003,25.39,3.77,37.52819785749774,40.333333333333336
Vasse Diversion,NCMP,2023,-33.64746,115.32378999999999,-3.9,2.0,0.1453,23.91,27.26,5.71,37.19999201593145,40.666666666666664
Vasse Diversion,NCMP,2024,-33.64746,115.32378999999999,-3.9,2.0,0.1579,22.95,25.06,4.21,39.678583274286716,42.083333333333336
Vasse-Wonnerup,NCMP,2003,-33.60188,115.42345,-4.9,2.0,0.2216,23.97,25.88,3.4,39.628715040663835,
Vasse-Wonnerup,NCMP,2004,-33.60188,115.42345,-4.9,2.0,0.2216,23.97,25.88,3.4,39.832541566124206,
Vasse-Wonnerup,NCMP,2005,-33.60188,115.42345,-4.9,2.0,0.2216,23.97,25.88,3.4,39.871377838834285,
Vasse-Wonnerup,NCMP,2006,-33.60188,115.42345,-4.9,2.0,0.2216,23.97,25.88,3.4,39.92857400030469,
Vasse-Wonnerup,NCMP,2007,-33.60188,115.42345,-4.9,2.0,0.2216,23.97,25.88,3.4,39.210809127890684,
Vasse-Wonnerup,NCMP,2008,-33.60188,115.42345,-4.9,2.0,0.2216,23.97,25.88,3.4,39.21161033058795,
Vasse-Wonnerup,NCMP,2009,-33.60188,115.42345,-4.9,2.0,0.2216,23.97,25.88,3.4,39.25627360404767,
Vasse-Wonnerup,NCMP,2010,-33.60188,115.42345,-4.9,2.0,0.2216,23.97,25.88,3.4,39.21368721431043,
Vasse-Wonnerup,NCMP,2011,-33.60188,115.42345,-4.9,2.0,0.2216,23.97,25.88,3.4,39.20676746122402,
Vasse-Wonnerup,NCMP,2012,-33.60188,115.42345,-4.9,2.0,0.2216,23.97,25.88,3.4,39.60068635535123,37.041666666666664
Vasse-Wonnerup,NCMP,2013,-33.60188,115.42345,-4.9,2.0,0.2216,23.97,25.88,3.4,39.10896623770394,
Vasse-Wonnerup,NCMP,2014,-33.60188,115.42345,-4.9,2.0,0.2572,23.5,25.45,4.46,45.35699107069416,49.958333333333336
Vasse-Wonnerup,NCMP,2015,-33.60188,115.42345,-4.9,2.0,0.2288,22.97,25.03,4.31,45.52771182180606,47.916666666666664
Vasse-Wonnerup,NCMP,2016,-33.60188,115.42345,-4.9,2.0,0.264,22.87,25.350000000000005,4.41,45.9978791193442,46.291666666666664
Vasse-Wonnerup,NCMP,2017,-33.60188,115.42345,-4.9,2.0,0.22430000000000003,22.92,25.179999999999996,3.94,44.30464934526633,48.416666666666664
Vasse-Wonnerup,NCMP,2018,-33.60188,115.42345,-4.9,2.0,0.24299999999999997,22.520000000000003,24.44,3.84,46.61964032342073,45.34782608695652
Vasse-Wonnerup,NCMP,2019,-33.60188,115.42345,-4.9,2.0,0.24299999999999997,22.520000000000003,24.44,3.84,45.34964345156072,
Vasse-Wonnerup,NCMP,2020,-33.60188,115.42345,-4.9,2.0,0.17889999999999998,22.77,24.850000000000005,3.91,47.75109973656271,50.0
Vasse-Wonnerup,NCMP,2021,-33.60188,115.42345,-4.9,2.0,0.175,23.18,24.49,3.35,44.286248864787346,44.13636363636363
Vasse-Wonnerup,NCMP,2022,-33.60188,115.42345,-4.9,2.0,0.1939,23.26,25.24,3.7900000000000005,44.53643079069684,43.708333333333336
Vasse-Wonnerup,NCMP,2023,-33.60188,115.42345,-4.9,2.0,0.1093,23.91,27.34,5.739999999999999,38.346159445650564,34.708333333333336
Vasse-Wonnerup,NCMP,2024,-33.60188,115.42345,-4.9,2.0,0.11569999999999998,22.94,24.91,4.15,48.85186671931567,56.541666666666664
Becher Point,SIMP,2003,-32.37232299,115.706082,-3.4,4.0,0.104,23.78,25.87,4.01,37.31854413596166,
Becher Point,SIMP,2004,-32.37232299,115.706082,-3.4,4.0,0.104,23.78,25.87,4.01,32.79679177100986,
Becher Point,SIMP,2005,-32.37232299,115.706082,-3.4,4.0,0.104,23.78,25.87,4.01,31.296071648174493,
Becher Point,SIMP,2006,-32.37232299,115.706082,-3.4,4.0,0.104,23.78,25.87,4.01,33.64703011838459,
Becher Point,SIMP,2007,-32.37232299,115.706082,-3.4,4.0,0.104,23.78,25.87,4.01,27.428200642718203,
Becher Point,SIMP,2008,-32.37232299,115.706082,-3.4,4.0,0.104,23.78,25.87,4.01,26.755086964398238,
Becher Point,SIMP,2009,-32.37232299,115.706082,-3.4,4.0,0.104,23.78,25.87,4.01,28.889257280291726,
Becher Point,SIMP,2010,-32.37232299,115.706082,-3.4,4.0,0.104,23.78,25.87,4.01,26.54797715737387,
Becher Point,SIMP,2011,-32.37232299,115.706082,-3.4,4.0,0.104,23.78,25.87,4.01,26.41573542996846,
Becher Point,SIMP,2012,-32.37232299,115.706082,-3.4,4.0,0.104,23.78,25.87,4.01,24.870044668271454,23.583333333333332
Becher Point,SIMP,2013,-32.37232299,115.706082,-3.4,4.0,0.10049999999999999,23.5,25.850000000000005,4.83,27.12425163088373,27.75
Becher Point,SIMP,2014,-32.37232299,115.706082,-3.4,4.0,0.1075,23.459999999999997,25.05,4.09,25.82620141933027,24.291666666666668
Becher Point,SIMP,2015,-32.37232299,115.706082,-3.4,4.0,0.1035,22.95,24.74,4.0,25.78349267815627,24.0
Becher Point,SIMP,2016,-32.37232299,115.706082,-3.4,4.0,0.0996,23.01,24.37,3.45,25.62117536032183,23.17391304347826
Becher Point,SIMP,2017,-32.37232299,115.706082,-3.4,4.0,0.0976,23.02,25.0,3.5400000000000005,26.734522487900545,26.083333333333332
Becher Point,SIMP,2018,-32.37232299,115.706082,-3.4,4.0,0.1228,22.66,23.75,3.24,28.755834882144907,29.416666666666668
Becher Point,SIMP,2019,-32.37232299,115.706082,-3.4,4.0,0.1228,22.66,23.75,3.24,27.872519037539046,
Becher Point,SIMP,2020,-32.37232299,115.706082,-3.4,4.0,0.2063,23.0,24.22,2.65,23.37508333997758,24.875
Becher Point,SIMP,2021,-32.37232299,115.706082,-3.4,4.0,0.2063,23.0,24.22,2.65,27.331096133910766,
Becher Point,SIMP,2022,-32.37232299,115.706082,-3.4,4.0,0.21500000000000002,23.26,24.7,3.37,21.00666492163957,16.565217391304348
Becher Point,SIMP,2023,-32.37232299,115.706082,-3.4,4.0,0.21500000000000002,23.26,24.7,3.37,29.12207805117996,
Becher Point,SIMP,2024,-32.37232299,115.706082,-3.4,4.0,0.156,22.92,24.2,3.74,19.468590518106254,14.291666666666666
Becher Point SZ,SIMP,2003,-32.366256,115.705302,-2.7999999999999994,4.0,0.10049999999999999,23.78,25.87,4.01,39.04694937758877,
Becher Point SZ,SIMP,2004,-32.366256,115.705302,-2.7999999999999994,4.0,0.10049999999999999,23.78,25.87,4.01,35.13848547187012,
Becher Point SZ,SIMP,2005,-32.366256,115.705302,-2.7999999999999994,4.0,0.10049999999999999,23.78,25.87,4.01,33.193073116045106,
Becher Point SZ,SIMP,2006,-32.366256,115.705302,-2.7999999999999994,4.0,0.10049999999999999,23.78,25.87,4.01,35.88608501238394,
Becher Point SZ,SIMP,2007,-32.366256,115.705302,-2.7999999999999994,4.0,0.10049999999999999,23.78,25.87,4.01,29.011477822721336,
Becher Point SZ,SIMP,2008,-32.366256,115.705302,-2.7999999999999994,4.0,0.10049999999999999,23.78,25.87,4.01,28.621320871424164,
Becher Point SZ,SIMP,2009,-32.366256,115.705302,-2.7999999999999994,4.0,0.10049999999999999,23.78,25.87,4.01,30.69706103800004,
Becher Point SZ,SIMP,2010,-32.366256,115.705302,-2.7999999999999994,4.0,0.10049999999999999,23.78,25.87,4.01,28.18429452149987,
Becher Point SZ,SIMP,2011,-32.366256,115.705302,-2.7999999999999994,4.0,0.10049999999999999,23.78,25.87,4.01,28.299761044110674,
Becher Point SZ,SIMP,2012,-32.366256,115.705302,-2.7999999999999994,4.0,0.10049999999999999,23.78,25.87,4.01,25.94519595714426,27.875
Becher Point SZ,SIMP,2013,-32.366256,115.705302,-2.7999999999999994,4.0,0.1005,23.5,25.85,4.83,28.290449561442426,29.904761904761905
Becher Point SZ,SIMP,2014,-32.366256,115.705302,-2.7999999999999994,4.0,0.1075,23.459999999999997,25.05,4.09,27.666492823113767,26.541666666666668
Becher Point SZ,SIMP,2015,-32.366256,115.705302,-2.7999999999999994,4.0,0.1075,23.459999999999997,25.05,4.09,27.965483571963833,
Becher Point SZ,SIMP,2016,-32.366256,115.705302,-2.7999999999999994,4.0,0.09959999999999998,23.01,24.37,3.4500000000000006,27.95358186528455,27.375
Becher Point SZ,SIMP,2017,-32.366256,115.705302,-2.7999999999999994,4.0,0.0976,23.02,25.0,3.5400000000000005,28.822516665038346,30.833333333333332
Becher Point SZ,SIMP,2018,-32.366256,115.705302,-2.7999999999999994,4.0,0.1228,22.66,23.75,3.24,32.27504363426352,39.25
Becher Point SZ,SIMP,2019,-32.366256,115.705302,-2.7999999999999994,4.0,0.1228,22.66,23.75,3.24,29.443581084819574,
Becher Point SZ,SIMP,2020,-32.366256,115.705302,-2.7999999999999994,4.0,0.2063,23.0,24.22,2.65,24.318628313271212,24.5
Becher Point SZ,SIMP,2021,-32.366256,115.705302,-2.7999999999999994,4.0,0.2063,23.0,24.22,2.65,30.161022548221826,
Becher Point SZ,SIMP,2022,-32.366256,115.705302,-2.7999999999999994,4.0,0.215,23.26,24.7,3.3699999999999997,23.00760114676606,15.083333333333334
Becher Point SZ,SIMP,2023,-32.366256,115.705302,-2.7999999999999994,4.0,0.215,23.26,24.7,3.3699999999999997,32.0963072337241,
Becher Point SZ,SIMP,2024,-32.366256,115.705302,-2.7999999999999994,4.0,0.156,22.92,24.2,3.74,21.476218773761804,19.583333333333332
Bird Island,SIMP,2003,-32.27733,115.69471,-1.8999999999999997,1.0,0.1364,21.99,23.17,3.53,38.2988526451553,
Bird Island,SIMP,2004,-32.27733,115.69471,-1.8999999999999997,1.0,0.1364,21.99,23.17,3.53,35.581938068168895,
Bird Island,SIMP,2005,-32.27733,115.69471,-1.8999999999999997,1.0,0.1364,21.99,23.17,3.53,34.021847776276466,
Bird Island,SIMP,2006,-32.27733,115.69471,-1.8999999999999997,1.0,0.1364,21.99,23.17,3.53,35.44300483059663,34.083333333333336
Bird Island,SIMP,2007,-32.27733,115.69471,-1.8999999999999997,1.0,0.11835833333333333,22.22,23.73,2.7000000000000006,26.878345005558284,22.416666666666668
Bird Island,SIMP,2008,-32.27733,115.69471,-1.8999999999999997,1.0,0.11603478260869565,22.37,23.75,3.86,27.894969468346748,27.347826086956523
Bird Island,SIMP,2009,-32.27733,115.69471,-1.8999999999999997,1.0,0.1366,22.78,24.3,3.77,28.321872189256354,29.916666666666668
Bird Island,SIMP,2010,-32.27733,115.69471,-1.8999999999999997,1.0,0.1375,22.72,24.45,3.83,28.408036609605364,28.0
Bird Island,SIMP,2011,-32.27733,115.69471,-1.8999999999999997,1.0,0.1133,22.75,24.350000000000005,3.39,26.84802832004281,23.791666666666668
Bird Island,SIMP,2012,-32.27733,115.69471,-1.8999999999999997,1.0,0.1322,23.600000000000005,25.66,4.02,22.97214948133577,20.583333333333332
Bird Island,SIMP,2013,-32.27733,115.69471,-1.8999999999999997,1.0,0.1317,23.33,25.83,4.91,25.013219810773073,23.208333333333332
Bird Island,SIMP,2014,-32.27733,115.69471,-1.8999999999999997,1.0,0.1327,23.27,24.99,4.16,26.082806035908487,26.458333333333332
Bird Island,SIMP,2015,-32.27733,115.69471,-1.8999999999999997,1.0,0.1281,22.84,24.75,4.18,28.570750283993718,29.041666666666668
Bird Island,SIMP,2016,-32.27733,115.69471,-1.8999999999999997,1.0,0.12,22.899999999999995,24.66,3.72,26.543837859515126,22.541666666666668
Bird Island,SIMP,2017,-32.27733,115.69471,-1.8999999999999997,1.0,0.12,22.899999999999995,24.66,3.72,23.048300522387557,
Bird Island,SIMP,2018,-32.27733,115.69471,-1.8999999999999997,1.0,0.1351,22.61,24.0,3.51,24.876222243638153,24.125
Bird Island,SIMP,2019,-32.27733,115.69471,-1.8999999999999997,1.0,0.1417,22.72,24.040000000000003,3.85,29.740164007226042,28.333333333333332
Bird Island,SIMP,2020,-32.27733,115.69471,-1.8999999999999997,1.0,0.2963,23.040000000000003,24.13,2.65,25.071592397169393,25.875
Bird Island,SIMP,2021,-32.27733,115.69471,-1.8999999999999997,1.0,0.2963,23.040000000000003,24.13,2.65,30.89962642814494,
Bird Island,SIMP,2022,-32.27733,115.69471,-1.8999999999999997,1.0,0.2848,23.2,24.75,3.48,26.61336977439366,21.166666666666668
Bird Island,SIMP,2023,-32.27733,115.69471,-1.8999999999999997,1.0,0.2848,23.2,24.75,3.48,32.79246230352949,
Bird Island,SIMP,2024,-32.27733,115.69471,-1.8999999999999997,1.0,0.2848,23.2,24.75,3.48,23.10642110979632,
Mersey Point,SIMP,2003,-32.31039,115.70225999999998,-2.2,1.0,0.11820000000000001,22.0,23.22,3.5499999999999994,39.61649166616898,
Mersey Point,SIMP,2004,-32.31039,115.70225999999998,-2.2,1.0,0.11820000000000001,22.0,23.22,3.5499999999999994,36.544254296386534,
Mersey Point,SIMP,2005,-32.31039,115.70225999999998,-2.2,1.0,0.11820000000000001,22.0,23.22,3.5499999999999994,34.10280440899697,
Mersey Point,SIMP,2006,-32.31039,115.70225999999998,-2.2,1.0,0.11820000000000001,22.0,23.22,3.5499999999999994,36.62806408302535,33.75
Mersey Point,SIMP,2007,-32.31039,115.70225999999998,-2.2,1.0,0.1077,22.23,23.76,2.73,27.799289672433552,23.041666666666668
Mersey Point,SIMP,2008,-32.31039,115.70225999999998,-2.2,1.0,0.1062,22.42,23.850000000000005,3.8800000000000003,28.906820016263282,27.75
Mersey Point,SIMP,2009,-32.31039,115.70225999999998,-2.2,1.0,0.1233,22.820000000000004,24.34,3.77,29.43817642031546,27.541666666666668
Mersey Point,SIMP,2010,-32.31039,115.70225999999998,-2.2,1.0,0.1256,22.74,24.47,3.83,29.143707545938238,27.208333333333332
Mersey Point,SIMP,2011,-32.31039,115.70225999999998,-2.2,1.0,0.10410000000000001,22.77,24.350000000000005,3.33,33.69509987440024,38.25
Mersey Point,SIMP,2012,-32.31039,115.70225999999998,-2.2,1.0,0.1143,23.679999999999996,25.76,4.04,24.328265879180865,22.541666666666668
Mersey Point,SIMP,2013,-32.31039,115.70225999999998,-2.2,1.0,0.1065,23.41,25.92,4.96,24.88384629470543,19.291666666666668
Mersey Point,SIMP,2014,-32.31039,115.70225999999998,-2.2,1.0,0.11059999999999999,23.34,25.12,4.24,25.81321613679163,24.75
Mersey Point,SIMP,2015,-32.31039,115.70225999999998,-2.2,1.0,0.1065,22.86,24.74,4.14,27.249163211432823,19.541666666666668
Mersey Point,SIMP,2016,-32.31039,115.70225999999998,-2.2,1.0,0.1044,22.909999999999997,24.7,3.7,30.220757535963372,35.608695652173914
Mersey Point,SIMP,2017,-32.31039,115.70225999999998,-2.2,1.0,0.10149999999999999,22.929999999999996,25.179999999999996,3.78,23.385681696376267,22.625
Mersey Point,SIMP,2018,-32.31039,115.70225999999998,-2.2,1.0,0.1239,22.58,23.98,3.4500000000000006,24.305522760695226,22.916666666666668
Mersey Point,SIMP,2019,-32.31039,115.70225999999998,-2.2,1.0,0.125,22.67,23.98,3.83,33.16367032390936,38.708333333333336
Mersey Point,SIMP,2020,-32.31039,115.70225999999998,-2.2,1.0,0.4776,22.95,24.13,2.77,26.71922748042515,29.375
Mersey Point,SIMP,2021,-32.31039,115.70225999999998,-2.2,1.0,0.4776,22.95,24.13,2.77,31.884220114512313,
Mersey Point,SIMP,2022,-32.31039,115.70225999999998,-2.2,1.0,0.4242000000000001,23.19,24.76,3.51,31.441503906243106,49.0
Mersey Point,SIMP,2023,-32.31039,115.70225999999998,-2.2,1.0,0.1725,23.72,25.66,4.64,35.950067826844396,57.125
Mersey Point,SIMP,2024,-32.31039,115.70225999999998,-2.2,1.0,0.1465,22.86,24.14,3.7900000000000005,25.60893572273302,28.625
Penguin Island,SIMP,2003,-32.30144997,115.69378,-2.9,1.0,0.1143,23.679999999999996,25.76,4.04,38.09789270591575,
Penguin Island,SIMP,2004,-32.30144997,115.69378,-2.9,1.0,0.1143,23.679999999999996,25.76,4.04,34.387518321245906,
Penguin Island,SIMP,2005,-32.30144997,115.69378,-2.9,1.0,0.1143,23.679999999999996,25.76,4.04,32.56441254973535,
Penguin Island,SIMP,2006,-32.30144997,115.69378,-2.9,1.0,0.1143,23.679999999999996,25.76,4.04,34.05061474568146,
Penguin Island,SIMP,2007,-32.30144997,115.69378,-2.9,1.0,0.1143,23.679999999999996,25.76,4.04,28.464217583521258,
Penguin Island,SIMP,2008,-32.30144997,115.69378,-2.9,1.0,0.1143,23.679999999999996,25.76,4.04,28.00478809560472,
Penguin Island,SIMP,2009,-32.30144997,115.69378,-2.9,1.0,0.1143,23.679999999999996,25.76,4.04,30.5459445896264,
Penguin Island,SIMP,2010,-32.30144997,115.69378,-2.9,1.0,0.1143,23.679999999999996,25.76,4.04,27.70722907320304,
Penguin Island,SIMP,2011,-32.30144997,115.69378,-2.9,1.0,0.1143,23.679999999999996,25.76,4.04,28.063862015098426,
Penguin Island,SIMP,2012,-32.30144997,115.69378,-2.9,1.0,0.1143,23.679999999999996,25.76,4.04,25.388595721533388,29.25
Penguin Island,SIMP,2013,-32.30144997,115.69378,-2.9,1.0,0.1065,23.41,25.92,4.96,23.761055871311594,22.958333333333332
Penguin Island,SIMP,2014,-32.30144997,115.69378,-2.9,1.0,0.11059999999999999,23.34,25.12,4.24,23.500942949727108,19.416666666666668
Penguin Island,SIMP,2015,-32.30144997,115.69378,-2.9,1.0,0.1065,22.86,24.74,4.14,29.006223218294892,32.166666666666664
Penguin Island,SIMP,2016,-32.30144997,115.69378,-2.9,1.0,0.1044,22.91,24.7,3.7000000000000006,28.299293678348587,27.625
Penguin Island,SIMP,2017,-32.30144997,115.69378,-2.9,1.0,0.10149999999999999,22.929999999999996,25.179999999999996,3.78,23.656054594645017,22.791666666666668
Penguin Island,SIMP,2018,-32.30144997,115.69378,-2.9,1.0,0.1239,22.579999999999995,23.979999999999997,3.45,25.293071962654267,27.347826086956523
Penguin Island,SIMP,2019,-32.30144997,115.69378,-2.9,1.0,0.1239,22.579999999999995,23.979999999999997,3.45,28.4517001432746,
Penguin Island,SIMP,2020,-32.30144997,115.69378,-2.9,1.0,0.4776,22.95,24.13,2.77,27.207740680439716,30.875
Penguin Island,SIMP,2021,-32.30144997,115.69378,-2.9,1.0,0.4776,22.95,24.13,2.77,28.994905252320894,
Penguin Island,SIMP,2022,-32.30144997,115.69378,-2.9,1.0,0.4242000000000001,23.19,24.76,3.51,26.780136295525306,24.916666666666668
Penguin Island,SIMP,2023,-32.30144997,115.69378,-2.9,1.0,0.4242000000000001,23.19,24.76,3.51,32.284655409989995,
Penguin Island,SIMP,2024,-32.30144997,115.69378,-2.9,1.0,0.1465,22.86,24.14,3.7900000000000005,23.954484449817702,23.166666666666668
Port Kennedy,SIMP,2003,-32.36452304,115.72679799999999,-1.6000000000000003,1.0,0.1174,23.78,25.87,4.01,27.959479872196873,
Port Kennedy,SIMP,2004,-32.36452304,115.72679799999999,-1.6000000000000003,1.0,0.1174,23.78,25.87,4.01,27.132138167766854,
Port Kennedy,SIMP,2005,-32.36452304,115.72679799999999,-1.6000000000000003,1.0,0.1174,23.78,25.87,4.01,26.419648708881812,
Port Kennedy,SIMP,2006,-32.36452304,115.72679799999999,-1.6000000000000003,1.0,0.1174,23.78,25.87,4.01,27.455255880489748,
Port Kennedy,SIMP,2007,-32.36452304,115.72679799999999,-1.6000000000000003,1.0,0.1174,23.78,25.87,4.01,23.56434308089587,
Port Kennedy,SIMP,2008,-32.36452304,115.72679799999999,-1.6000000000000003,1.0,0.1174,23.78,25.87,4.01,23.481902848780283,
Port Kennedy,SIMP,2009,-32.36452304,115.72679799999999,-1.6000000000000003,1.0,0.1174,23.78,25.87,4.01,24.025831628357672,
Port Kennedy,SIMP,2010,-32.36452304,115.72679799999999,-1.6000000000000003,1.0,0.1174,23.78,25.87,4.01,23.616630898086203,
Port Kennedy,SIMP,2011,-32.36452304,115.72679799999999,-1.6000000000000003,1.0,0.1174,23.78,25.87,4.01,23.97001584532923,
Port Kennedy,SIMP,2012,-32.36452304,115.72679799999999,-1.6000000000000003,1.0,0.1174,23.78,25.87,4.01,23.704823500006707,22.875
Port Kennedy,SIMP,2013,-32.36452304,115.72679799999999,-1.6000000000000003,1.0,0.114,23.5,25.85,4.83,23.04620414419392,21.833333333333332
Port Kennedy,SIMP,2014,-32.36452304,115.72679799999999,-1.6000000000000003,1.0,0.1228,23.459999999999997,25.05,4.09,26.05855139016297,31.041666666666668
Port Kennedy,SIMP,2015,-32.36452304,115.72679799999999,-1.6000000000000003,1.0,0.1228,23.459999999999997,25.05,4.09,25.251968750229818,
Port Kennedy,SIMP,2016,-32.36452304,115.72679799999999,-1.6000000000000003,1.0,0.114,23.01,24.37,3.4500000000000006,24.168027177808156,22.958333333333332
Port Kennedy,SIMP,2017,-32.36452304,115.72679799999999,-1.6000000000000003,1.0,0.1092,23.02,25.0,3.5400000000000005,27.134210591357167,35.625
Port Kennedy,SIMP,2018,-32.36452304,115.72679799999999,-1.6000000000000003,1.0,0.1368,22.659999999999997,23.75,3.2400000000000007,25.7152463663173,30.91304347826087
Port Kennedy,SIMP,2019,-32.36452304,115.72679799999999,-1.6000000000000003,1.0,0.1368,22.659999999999997,23.75,3.2400000000000007,23.833197431500867,
Port Kennedy,SIMP,2020,-32.36452304,115.72679799999999,-1.6000000000000003,1.0,0.232,23.0,24.22,2.65,20.698051002649542,21.291666666666668
Port Kennedy,SIMP,2021,-32.36452304,115.72679799999999,-1.6000000000000003,1.0,0.232,23.0,24.22,2.65,23.01709965328625,
Port Kennedy,SIMP,2022,-32.36452304,115.72679799999999,-1.6000000000000003,1.0,0.215,23.26,24.7,3.3699999999999997,21.341516401498527,13.541666666666666
Port Kennedy,SIMP,2023,-32.36452304,115.72679799999999,-1.6000000000000003,1.0,0.215,23.26,24.7,3.3699999999999997,22.937663824592942,
Port Kennedy,SIMP,2024,-32.36452304,115.72679799999999,-1.6000000000000003,1.0,0.156,22.92,24.2,3.74,23.263632992569857,27.958333333333332
Seal Island,SIMP,2003,-32.29040002,115.695982,-4.1,1.0,0.1322,23.600000000000005,25.66,4.02,34.030029850599576,
Seal Island,SIMP,2004,-32.29040002,115.695982,-4.1,1.0,0.1322,23.600000000000005,25.66,4.02,30.258415323835123,
Seal Island,SIMP,2005,-32.29040002,115.695982,-4.1,1.0,0.1322,23.600000000000005,25.66,4.02,28.7208043116832,
Seal Island,SIMP,2006,-32.29040002,115.695982,-4.1,1.0,0.1322,23.600000000000005,25.66,4.02,29.381396704250843,
Seal Island,SIMP,2007,-32.29040002,115.695982,-4.1,1.0,0.1322,23.600000000000005,25.66,4.02,25.439056270235803,
Seal Island,SIMP,2008,-32.29040002,115.695982,-4.1,1.0,0.1322,23.600000000000005,25.66,4.02,24.984720712562186,
Seal Island,SIMP,2009,-32.29040002,115.695982,-4.1,1.0,0.1322,23.600000000000005,25.66,4.02,26.479297370411835,
Seal Island,SIMP,2010,-32.29040002,115.695982,-4.1,1.0,0.1322,23.600000000000005,25.66,4.02,25.151470593533553,
Seal Island,SIMP,2011,-32.29040002,115.695982,-4.1,1.0,0.1322,23.600000000000005,25.66,4.02,24.913241591207157,
Seal Island,SIMP,2012,-32.29040002,115.695982,-4.1,1.0,0.1322,23.600000000000005,25.66,4.02,23.210731240114768,22.666666666666668
Seal Island,SIMP,2013,-32.29040002,115.695982,-4.1,1.0,0.1317,23.33,25.83,4.91,25.07352855272409,28.958333333333332
Seal Island,SIMP,2014,-32.29040002,115.695982,-4.1,1.0,0.1327,23.27,24.99,4.16,23.378249468948212,20.5
Seal Island,SIMP,2015,-32.29040002,115.695982,-4.1,1.0,0.1281,22.84,24.75,4.18,24.365176119089412,23.208333333333332
Seal Island,SIMP,2016,-32.29040002,115.695982,-4.1,1.0,0.12,22.899999999999995,24.66,3.72,24.69695268310019,22.791666666666668
Seal Island,SIMP,2017,-32.29040002,115.695982,-4.1,1.0,0.1143,22.92,25.11,3.67,22.4755870157862,20.625
Seal Island,SIMP,2018,-32.29040002,115.695982,-4.1,1.0,0.1351,22.61,24.0,3.51,24.615208841799127,24.958333333333332
Seal Island,SIMP,2019,-32.29040002,115.695982,-4.1,1.0,0.1351,22.61,24.0,3.51,25.418979204065486,
Seal Island,SIMP,2020,-32.29040002,115.695982,-4.1,1.0,0.4776,23.040000000000003,24.13,2.65,25.738878766421116,25.75
Seal Island,SIMP,2021,-32.29040002,115.695982,-4.1,1.0,0.4776,23.040000000000003,24.13,2.65,25.686912297855216,
Seal Island,SIMP,2022,-32.29040002,115.695982,-4.1,1.0,0.4242000000000001,23.2,24.75,3.48,24.245480961751394,22.75
Seal Island,SIMP,2023,-32.29040002,115.695982,-4.1,1.0,0.4242000000000001,23.2,24.75,3.48,27.121178525387272,
Seal Island,SIMP,2024,-32.29040002,115.695982,-4.1,1.0,0.2043,22.850000000000005,24.13,3.77,23.861308083598168,25.25
Warnbro Sound 2.0m,SIMP,2003,-32.3144,115.71409,-2.1,2.0,0.1157125,21.899999999999995,23.540000000000003,3.77,45.91355488135208,55.5
Warnbro Sound 2.0m,SIMP,2004,-32.3144,115.71409,-2.1,2.0,0.1195,22.53,24.570000000000004,3.5400000000000005,44.38812971158266,49.083333333333336
Warnbro Sound 2.0m,SIMP,2005,-32.3144,115.71409,-2.1,2.0,0.1108,22.28,24.649999999999995,3.75,39.01507511878644,44.125
Warnbro Sound 2.0m,SIMP,2006,-32.3144,115.71409,-2.1,2.0,0.11820000000000001,22.0,23.22,3.5499999999999994,46.086272111064496,52.625
Warnbro Sound 2.0m,SIMP,2007,-32.3144,115.71409,-2.1,2.0,0.1077,22.23,23.76,2.73,37.02935632523079,42.125
Warnbro Sound 2.0m,SIMP,2008,-32.3144,115.71409,-2.1,2.0,0.1062,22.42,23.850000000000005,3.8800000000000003,34.95048974198516,36.333333333333336
Warnbro Sound 2.0m,SIMP,2009,-32.3144,115.71409,-2.1,2.0,0.1233,22.820000000000004,24.34,3.77,33.916548466914854,36.041666666666664
Warnbro Sound 2.0m,SIMP,2010,-32.3144,115.71409,-2.1,2.0,0.1256,22.74,24.47,3.83,33.25354486200671,37.916666666666664
Warnbro Sound 2.0m,SIMP,2011,-32.3144,115.71409,-2.1,2.0,0.10410000000000001,22.77,24.350000000000005,3.33,34.40980414832848,38.375
Warnbro Sound 2.0m,SIMP,2012,-32.3144,115.71409,-2.1,2.0,0.1143,23.679999999999996,25.76,4.04,21.733599712346813,23.541666666666668
Warnbro Sound 2.0m,SIMP,2013,-32.3144,115.71409,-2.1,2.0,0.1065,23.41,25.92,4.96,26.462238818173997,29.833333333333332
Warnbro Sound 2.0m,SIMP,2014,-32.3144,115.71409,-2.1,2.0,0.11059999999999999,23.34,25.12,4.24,29.34469333755908,37.375
Warnbro Sound 2.0m,SIMP,2015,-32.3144,115.71409,-2.1,2.0,0.1065,22.86,24.74,4.14,31.302951040621224,27.958333333333332
Warnbro Sound 2.0m,SIMP,2016,-32.3144,115.71409,-2.1,2.0,0.1044,22.91,24.7,3.7000000000000006,31.04754898211091,30.708333333333332
Warnbro Sound 2.0m,SIMP,2017,-32.3144,115.71409,-2.1,2.0,0.10149999999999999,22.929999999999996,25.179999999999996,3.78,18.51193132021259,2.625
Warnbro Sound 2.0m,SIMP,2018,-32.3144,115.71409,-2.1,2.0,0.1239,22.58,23.98,3.4500000000000006,13.231440848399473,0.0
Warnbro Sound 2.0m,SIMP,2019,-32.3144,115.71409,-2.1,2.0,0.125,22.67,23.98,3.83,21.021467439268168,0.0
Warnbro Sound 2.0m,SIMP,2020,-32.3144,115.71409,-2.1,2.0,0.4776,22.95,24.13,2.77,12.897822828200068,0.0
Warnbro Sound 2.0m,SIMP,2021,-32.3144,115.71409,-2.1,2.0,0.4776,22.95,24.13,2.77,26.340458236299224,
Warnbro Sound 2.0m,SIMP,2022,-32.3144,115.71409,-2.1,2.0,0.4776,22.95,24.13,2.77,28.969002094074458,
Warnbro Sound 2.0m,SIMP,2023,-32.3144,115.71409,-2.1,2.0,0.4776,22.95,24.13,2.77,26.65229441840606,
Warnbro Sound 2.0m,SIMP,2024,-32.3144,115.71409,-2.1,2.0,0.4776,22.95,24.13,2.77,18.87662493178119,
Warnbro Sound 2.5m,SIMP,2003,-32.31476,115.71415,-2.4,2.0,0.1094,21.899999999999995,23.540000000000003,3.77,43.254578595208734,39.208333333333336
Warnbro Sound 2.5m,SIMP,2004,-32.31476,115.71415,-2.4,2.0,0.1195,22.53,24.570000000000004,3.5400000000000005,41.100945366270054,38.333333333333336
Warnbro Sound 2.5m,SIMP,2005,-32.31476,115.71415,-2.4,2.0,0.1108,22.28,24.649999999999995,3.75,38.947066758256035,38.5
Warnbro Sound 2.5m,SIMP,2006,-32.31476,115.71415,-2.4,2.0,0.11820000000000001,22.0,23.22,3.5499999999999994,43.89645982613568,52.625
Warnbro Sound 2.5m,SIMP,2007,-32.31476,115.71415,-2.4,2.0,0.1077,22.23,23.76,2.73,34.105329698229006,33.416666666666664
Warnbro Sound 2.5m,SIMP,2008,-32.31476,115.71415,-2.4,2.0,0.1062,22.42,23.850000000000005,3.8800000000000003,33.086522600833185,33.291666666666664
Warnbro Sound 2.5m,SIMP,2009,-32.31476,115.71415,-2.4,2.0,0.1233,22.820000000000004,24.34,3.77,32.870304230721494,33.625
Warnbro Sound 2.5m,SIMP,2010,-32.31476,115.71415,-2.4,2.0,0.1256,22.74,24.47,3.83,33.55573184851101,33.5
Warnbro Sound 2.5m,SIMP,2011,-32.31476,115.71415,-2.4,2.0,0.10410000000000001,22.77,24.350000000000005,3.33,34.14953261320213,35.041666666666664
Warnbro Sound 2.5m,SIMP,2012,-32.31476,115.71415,-2.4,2.0,0.1143,23.679999999999996,25.76,4.04,27.099599681177654,24.458333333333332
Warnbro Sound 2.5m,SIMP,2013,-32.31476,115.71415,-2.4,2.0,0.1065,23.41,25.92,4.96,29.164637561278752,39.875
Warnbro Sound 2.5m,SIMP,2014,-32.31476,115.71415,-2.4,2.0,0.11059999999999999,23.34,25.12,4.24,33.56017432088171,36.666666666666664
Warnbro Sound 2.5m,SIMP,2015,-32.31476,115.71415,-2.4,2.0,0.1065,22.86,24.74,4.14,33.54919462324324,38.291666666666664
Warnbro Sound 2.5m,SIMP,2016,-32.31476,115.71415,-2.4,2.0,0.1044,22.91,24.7,3.7000000000000006,31.514672264225705,31.458333333333332
Warnbro Sound 2.5m,SIMP,2017,-32.31476,115.71415,-2.4,2.0,0.10149999999999999,22.929999999999996,25.179999999999996,3.78,28.131908059227747,32.208333333333336
Warnbro Sound 2.5m,SIMP,2018,-32.31476,115.71415,-2.4,2.0,0.1239,22.58,23.98,3.4500000000000006,26.69481179747913,30.291666666666668
Warnbro Sound 2.5m,SIMP,2019,-32.31476,115.71415,-2.4,2.0,0.125,22.67,23.98,3.83,28.973438922533273,44.458333333333336
Warnbro Sound 2.5m,SIMP,2020,-32.31476,115.71415,-2.4,2.0,0.4776,22.95,24.13,2.77,25.138201457535047,24.5
Warnbro Sound 2.5m,SIMP,2021,-32.31476,115.71415,-2.4,2.0,0.4776,22.95,24.13,2.77,27.48923802148387,
Warnbro Sound 2.5m,SIMP,2022,-32.31476,115.71415,-2.4,2.0,0.4776,22.95,24.13,2.77,29.170249234408978,
Warnbro Sound 2.5m,SIMP,2023,-32.31476,115.71415,-2.4,2.0,0.4776,22.95,24.13,2.77,27.117523518953817,
Warnbro Sound 2.5m,SIMP,2024,-32.31476,115.71415,-2.4,2.0,0.4776,22.95,24.13,2.77,24.80416380737489,
Warnbro Sound 3.2m,SIMP,2003,-32.3149,115.71425,-3.1,2.0,0.1094,21.899999999999995,23.540000000000003,3.77,35.37422779202471,44.0
Warnbro Sound 3.2m,SIMP,2004,-32.3149,115.71425,-3.1,2.0,0.1195,22.53,24.570000000000004,3.5400000000000005,31.019223255366075,26.0
Warnbro Sound 3.2m,SIMP,2005,-32.3149,115.71425,-3.1,2.0,0.1108,22.28,24.65,3.75,30.394101942271543,31.869565217391305
Warnbro Sound 3.2m,SIMP,2006,-32.3149,115.71425,-3.1,2.0,0.11820000000000001,22.0,23.22,3.5499999999999994,33.261698978251026,31.708333333333332
Warnbro Sound 3.2m,SIMP,2007,-32.3149,115.71425,-3.1,2.0,0.1077,22.23,23.76,2.73,26.977488745476403,29.083333333333332
Warnbro Sound 3.2m,SIMP,2008,-32.3149,115.71425,-3.1,2.0,0.1062,22.42,23.850000000000005,3.8800000000000003,27.02456123021313,33.125
Warnbro Sound 3.2m,SIMP,2009,-32.3149,115.71425,-3.1,2.0,0.1233,22.82,24.340000000000003,3.7699999999999996,27.146895146116186,36.130434782608695
Warnbro Sound 3.2m,SIMP,2010,-32.3149,115.71425,-3.1,2.0,0.1256,22.74,24.47,3.83,22.94350241084351,19.166666666666668
Warnbro Sound 3.2m,SIMP,2011,-32.3149,115.71425,-3.1,2.0,0.10410000000000001,22.77,24.350000000000005,3.33,20.439315801717495,14.25
Warnbro Sound 3.2m,SIMP,2012,-32.3149,115.71425,-3.1,2.0,0.1143,23.679999999999996,25.76,4.04,14.625895200883555,10.208333333333334
Warnbro Sound 3.2m,SIMP,2013,-32.3149,115.71425,-3.1,2.0,0.1065,23.41,25.92,4.96,19.313436356346365,18.75
Warnbro Sound 3.2m,SIMP,2014,-32.3149,115.71425,-3.1,2.0,0.11059999999999999,23.34,25.12,4.24,20.06034920567186,16.916666666666668
Warnbro Sound 3.2m,SIMP,2015,-32.3149,115.71425,-3.1,2.0,0.1065,22.86,24.74,4.14,20.956922123679835,18.333333333333332
Warnbro Sound 3.2m,SIMP,2016,-32.3149,115.71425,-3.1,2.0,0.1044,22.91,24.7,3.7000000000000006,21.05664337109522,21.583333333333332
Warnbro Sound 3.2m,SIMP,2017,-32.3149,115.71425,-3.1,2.0,0.10149999999999999,22.929999999999996,25.179999999999996,3.78,16.268837499116934,16.916666666666668
Warnbro Sound 3.2m,SIMP,2018,-32.3149,115.71425,-3.1,2.0,0.1239,22.58,23.98,3.4500000000000006,12.140059174147003,3.625
Warnbro Sound 3.2m,SIMP,2019,-32.3149,115.71425,-3.1,2.0,0.125,22.67,23.98,3.83,15.494057718974458,6.583333333333333
Warnbro Sound 3.2m,SIMP,2020,-32.3149,115.71425,-3.1,2.0,0.4776,22.95,24.13,2.77,10.210503252484573,2.625
Warnbro Sound 3.2m,SIMP,2021,-32.3149,115.71425,-3.1,2.0,0.4776,22.95,24.13,2.77,18.261822822860037,
Warnbro Sound 3.2m,SIMP,2022,-32.3149,115.71425,-3.1,2.0,0.4776,22.95,24.13,2.77,20.975267648322202,
Warnbro Sound 3.2m,SIMP,2023,-32.3149,115.71425,-3.1,2.0,0.4776,22.95,24.13,2.77,17.35926678768763,
Warnbro Sound 3.2m,SIMP,2024,-32.3149,115.71425,-3.1,2.0,0.4776,22.95,24.13,2.77,17.240897830652624,
Warnbro Sound 5.2m,SIMP,2003,-32.3162,115.71393,-6.0,2.0,0.1094,21.899999999999995,23.540000000000003,3.77,32.725008082296014,34.416666666666664
Warnbro Sound 5.2m,SIMP,2004,-32.3162,115.71393,-6.0,2.0,0.1195,22.53,24.570000000000004,3.5400000000000005,30.6435677541058,31.25
Warnbro Sound 5.2m,SIMP,2005,-32.3162,115.71393,-6.0,2.0,0.1108,22.28,24.649999999999995,3.75,28.654562651042284,29.541666666666668
Warnbro Sound 5.2m,SIMP,2006,-32.3162,115.71393,-6.0,2.0,0.11820000000000001,22.0,23.22,3.5499999999999994,31.200375338642466,31.208333333333332
Warnbro Sound 5.2m,SIMP,2007,-32.3162,115.71393,-6.0,2.0,0.1077,22.23,23.76,2.73,25.23821002921717,23.375
Warnbro Sound 5.2m,SIMP,2008,-32.3162,115.71393,-6.0,2.0,0.1062,22.42,23.850000000000005,3.8800000000000003,24.154503460352956,19.583333333333332
Warnbro Sound 5.2m,SIMP,2009,-32.3162,115.71393,-6.0,2.0,0.1233,22.820000000000004,24.34,3.77,27.526418098214435,28.25
Warnbro Sound 5.2m,SIMP,2010,-32.3162,115.71393,-6.0,2.0,0.1256,22.74,24.47,3.83,26.158015268997914,25.208333333333332
Warnbro Sound 5.2m,SIMP,2011,-32.3162,115.71393,-6.0,2.0,0.10410000000000001,22.77,24.350000000000005,3.33,26.081720980676597,24.875
Warnbro Sound 5.2m,SIMP,2012,-32.3162,115.71393,-6.0,2.0,0.1143,23.679999999999996,25.76,4.04,19.439533039996927,19.333333333333332
Warnbro Sound 5.2m,SIMP,2013,-32.3162,115.71393,-6.0,2.0,0.1065,23.41,25.92,4.96,21.079720426040033,16.666666666666668
Warnbro Sound 5.2m,SIMP,2014,-32.3162,115.71393,-6.0,2.0,0.11059999999999999,23.34,25.12,4.24,23.01847221123022,21.708333333333332
Warnbro Sound 5.2m,SIMP,2015,-32.3162,115.71393,-6.0,2.0,0.1065,22.86,24.74,4.14,25.77288124539128,28.333333333333332
Warnbro Sound 5.2m,SIMP,2016,-32.3162,115.71393,-6.0,2.0,0.1044,22.91,24.7,3.7000000000000006,27.314245778911257,33.458333333333336
Warnbro Sound 5.2m,SIMP,2017,-32.3162,115.71393,-6.0,2.0,0.10149999999999999,22.929999999999996,25.179999999999996,3.78,20.0126454172672,20.375
Warnbro Sound 5.2m,SIMP,2018,-32.3162,115.71393,-6.0,2.0,0.1239,22.58,23.98,3.4500000000000006,20.31935984747592,20.416666666666668
Warnbro Sound 5.2m,SIMP,2019,-32.3162,115.71393,-6.0,2.0,0.125,22.67,23.98,3.83,25.018675958665803,27.083333333333332
Warnbro Sound 5.2m,SIMP,2020,-32.3162,115.71393,-6.0,2.0,0.4776,22.95,24.13,2.77,22.04125762035703,24.333333333333332
Warnbro Sound 5.2m,SIMP,2021,-32.3162,115.71393,-6.0,2.0,0.4776,22.95,24.13,2.77,24.39227208188041,
Warnbro Sound 5.2m,SIMP,2022,-32.3162,115.71393,-6.0,2.0,0.4242000000000001,23.19,24.76,3.51,23.723530002373153,31.666666666666668
Warnbro Sound 5.2m,SIMP,2023,-32.3162,115.71393,-6.0,2.0,0.1725,23.72,25.66,4.64,27.095444738071745,35.333333333333336
Warnbro Sound 5.2m,SIMP,2024,-32.3162,115.71393,-6.0,2.0,0.1465,22.86,24.14,3.7900000000000005,19.91046194472008,17.291666666666668
Warnbro Sound 7.0m,SIMP,2003,-32.31639,115.71427999999999,-11.800000000000002,2.0,0.1155,22.28,24.649999999999995,3.75,13.006973753680779,
Warnbro Sound 7.0m,SIMP,2004,-32.31639,115.71427999999999,-11.800000000000002,2.0,0.1155,22.28,24.649999999999995,3.75,12.78192793701679,
Warnbro Sound 7.0m,SIMP,2005,-32.31639,115.71427999999999,-11.800000000000002,2.0,0.1155,22.28,24.649999999999995,3.75,12.299190657516284,9.625
Warnbro Sound 7.0m,SIMP,2006,-32.31639,115.71427999999999,-11.800000000000002,2.0,0.122,22.0,23.22,3.5499999999999994,14.278705373170002,13.5
Warnbro Sound 7.0m,SIMP,2007,-32.31639,115.71427999999999,-11.800000000000002,2.0,0.1068,22.23,23.76,2.73,12.617474162780338,10.083333333333334
Warnbro Sound 7.0m,SIMP,2008,-32.31639,115.71427999999999,-11.800000000000002,2.0,0.1072,22.42,23.850000000000005,3.8800000000000003,11.814831707101824,9.25
Warnbro Sound 7.0m,SIMP,2009,-32.31639,115.71427999999999,-11.800000000000002,2.0,0.11520000000000001,22.820000000000004,24.34,3.77,11.804061338219013,10.625
Warnbro Sound 7.0m,SIMP,2010,-32.31639,115.71427999999999,-11.800000000000002,2.0,0.1435,22.74,24.47,3.83,11.265680864166658,8.333333333333334
Warnbro Sound 7.0m,SIMP,2011,-32.31639,115.71427999999999,-11.800000000000002,2.0,0.1035,22.77,24.350000000000005,3.33,11.270517286291904,9.916666666666666
Warnbro Sound 7.0m,SIMP,2012,-32.31639,115.71427999999999,-11.800000000000002,2.0,0.1089,23.679999999999996,25.76,4.04,12.1328264851018,9.583333333333334
Warnbro Sound 7.0m,SIMP,2013,-32.31639,115.71427999999999,-11.800000000000002,2.0,0.1038,23.41,25.92,4.96,11.274180945760174,7.625
Warnbro Sound 7.0m,SIMP,2014,-32.31639,115.71427999999999,-11.800000000000002,2.0,0.1204,23.34,25.12,4.24,10.543517005437689,7.041666666666667
Warnbro Sound 7.0m,SIMP,2015,-32.31639,115.71427999999999,-11.800000000000002,2.0,0.1107,22.86,24.74,4.14,10.362891347344968,8.291666666666666
Warnbro Sound 7.0m,SIMP,2016,-32.31639,115.71427999999999,-11.800000000000002,2.0,0.1012,22.91,24.699999999999996,3.7,11.864938984541322,13.857142857142858
Warnbro Sound 7.0m,SIMP,2017,-32.31639,115.71427999999999,-11.800000000000002,2.0,0.10510000000000001,22.929999999999996,25.179999999999996,3.78,12.311890109034225,11.25
Warnbro Sound 7.0m,SIMP,2018,-32.31639,115.71427999999999,-11.800000000000002,2.0,0.1329,22.58,23.98,3.4500000000000006,14.188950571193697,10.0
Warnbro Sound 7.0m,SIMP,2019,-32.31639,115.71427999999999,-11.800000000000002,2.0,0.1372,22.67,23.98,3.83,18.234960233663635,32.291666666666664
Warnbro Sound 7.0m,SIMP,2020,-32.31639,115.71427999999999,-11.800000000000002,2.0,0.4776,22.95,24.13,2.77,18.152851320975067,20.666666666666668
Warnbro Sound 7.0m,SIMP,2021,-32.31639,115.71427999999999,-11.800000000000002,2.0,0.4776,22.95,24.13,2.77,12.400059207085562,
Warnbro Sound 7.0m,SIMP,2022,-32.31639,115.71427999999999,-11.800000000000002,2.0,0.4242000000000001,23.19,24.76,3.51,10.55008111895054,4.125
Warnbro Sound 7.0m,SIMP,2023,-32.31639,115.71427999999999,-11.800000000000002,2.0,0.1725,23.72,25.66,4.64,11.879947612856622,9.916666666666666
Warnbro Sound 7.0m,SIMP,2024,-32.31639,115.71427999999999,-11.800000000000002,2.0,0.1465,22.86,24.14,3.7900000000000005,10.992490664619917,5.541666666666667
