origin,horizon,year,region,site,obs,stRF,persistence,climatology
2008,1,2009,CSMC,Carnac Island,35.375,29.091149123688925,33.25,31.138888888888886
2008,1,2009,CSMC,Coogee,27.458333333333332,24.52417801523232,21.041666666666668,23.1875
2008,1,2009,CSMC,Garden Island 2.0m,42.875,34.64446313968944,41.583333333333336,37.71666666666666
2008,1,2009,CSMC,Garden Island 2.5m,30.708333333333332,33.14870450197388,35.125,29.770833333333332
2008,1,2009,CSMC,Garden Island 3.2m,27.125,33.57450639287913,22.458333333333332,34.05555555555556
2008,1,2009,CSMC,Garden Island 5.5m,27.916666666666668,31.824002410723043,27.083333333333332,34.076388888888886
2008,1,2009,CSMC,Garden Island 7.0m,17.130434782608695,22.87756384234697,20.958333333333332,22.73611111111111
2008,1,2009,CSMC,Garden Island Settlement,27.333333333333332,38.252050239695265,33.291666666666664,39.3125
2008,1,2009,CSMC,Jervoise Bay,24.25,27.47374702463306,16.375,26.989583333333336
2008,1,2009,CSMC,Kwinana,32.75,30.569366069302873,28.666666666666668,32.416666666666664
2008,1,2009,CSMC,Luscombe Bay,35.125,38.28353342429085,30.375,35.041666666666664
2008,1,2009,CSMC,Mangles Bay,8.458333333333334,21.068510882916485,12.666666666666666,15.760416666666666
2008,1,2009,CSMC,Southern Flats,31.041666666666668,34.54435404687324,30.291666666666668,35.90277777777778
2008,1,2009,CSMC,Woodman Point,24.958333333333332,26.87302711797136,21.458333333333332,23.25
2008,1,2009,SIMP,Bird Island,29.916666666666668,31.704331794627258,27.347826086956523,27.949275362318843
2008,1,2009,SIMP,Mersey Point,27.541666666666668,36.05050946946237,27.75,28.180555555555557
2008,1,2009,SIMP,Warnbro Sound 2.0m,36.041666666666664,41.37612982923381,36.333333333333336,46.63194444444445
2008,1,2009,SIMP,Warnbro Sound 2.5m,33.625,41.228991857578876,33.291666666666664,39.229166666666664
2008,1,2009,SIMP,Warnbro Sound 3.2m,36.130434782608695,34.06336243910746,33.125,32.631038647343
2008,1,2009,SIMP,Warnbro Sound 5.2m,28.25,28.281394137473132,19.583333333333332,28.229166666666668
2008,1,2009,SIMP,Warnbro Sound 7.0m,10.625,15.549485689425397,9.25,10.614583333333334
2008,2,2010,CSMC,Carnac Island,24.25,29.599893665385533,33.25,31.138888888888886
2008,2,2010,CSMC,Coogee,22.541666666666668,25.25352928780233,21.041666666666668,23.1875
2008,2,2010,CSMC,Garden Island 2.0m,35.5,34.45894025203692,41.583333333333336,37.71666666666666
2008,2,2010,CSMC,Garden Island 2.5m,23.708333333333332,32.723622484793474,35.125,29.770833333333332
2008,2,2010,CSMC,Garden Island 3.2m,26.333333333333332,33.93180669175664,22.458333333333332,34.05555555555556
2008,2,2010,CSMC,Garden Island 5.5m,26.166666666666668,32.517467312409174,27.083333333333332,34.076388888888886
2008,2,2010,CSMC,Garden Island 7.0m,23.0,22.86234246960906,20.958333333333332,22.73611111111111
2008,2,2010,CSMC,Garden Island Settlement,22.125,38.546634366354915,33.291666666666664,39.3125
2008,2,2010,CSMC,Jervoise Bay,22.833333333333332,27.955487944986544,16.375,26.989583333333336
2008,2,2010,CSMC,Kwinana,38.375,31.363590164459275,28.666666666666668,32.416666666666664
2008,2,2010,CSMC,Luscombe Bay,31.25,35.496201918550504,30.375,35.041666666666664
2008,2,2010,CSMC,Mangles Bay,14.833333333333334,21.45154131802754,12.666666666666666,15.760416666666666
2008,2,2010,CSMC,Southern Flats,35.541666666666664,35.02077748843041,30.291666666666668,35.90277777777778
2008,2,2010,CSMC,Woodman Point,19.833333333333332,27.142599952946373,21.458333333333332,23.25
2008,2,2010,JBMP,Boullanger Island 2.5,40.75,33.502645184198826,30.791666666666668,33.525
2008,2,2010,JBMP,Boullanger Island 3.5,42.791666666666664,32.30381618125651,32.583333333333336,32.74166666666667
2008,2,2010,JBMP,Boullanger Island 5.5,33.625,30.953687250387983,29.958333333333332,30.625
2008,2,2010,JBMP,Fishermans Island 2.5,64.20833333333333,45.739953741512316,52.708333333333336,48.68333333333334
2008,2,2010,JBMP,Fishermans Island 3.5,40.125,31.349874667422768,32.333333333333336,29.9804347826087
2008,2,2010,JBMP,Fishermans Island 5.5,40.958333333333336,37.12119930837409,40.708333333333336,38.18333333333334
2008,2,2010,SIMP,Bird Island,28.0,31.98314370547539,27.347826086956523,27.949275362318843
2008,2,2010,SIMP,Mersey Point,27.208333333333332,36.461181666319135,27.75,28.180555555555557
2008,2,2010,SIMP,Warnbro Sound 2.0m,37.916666666666664,41.62385846185909,36.333333333333336,46.63194444444445
2008,2,2010,SIMP,Warnbro Sound 2.5m,33.5,41.49774474324664,33.291666666666664,39.229166666666664
2008,2,2010,SIMP,Warnbro Sound 3.2m,19.166666666666668,34.59839865542819,33.125,32.631038647343
2008,2,2010,SIMP,Warnbro Sound 5.2m,25.208333333333332,28.922492667264596,19.583333333333332,28.229166666666668
2008,2,2010,SIMP,Warnbro Sound 7.0m,8.333333333333334,15.608857577934307,9.25,10.614583333333334
2008,3,2011,CSMC,Carnac Island,23.541666666666668,28.89265834297376,33.25,31.138888888888886
2008,3,2011,CSMC,Coogee,29.791666666666668,24.989771882558294,21.041666666666668,23.1875
2008,3,2011,CSMC,Garden Island 2.0m,39.833333333333336,33.68785307517,41.583333333333336,37.71666666666666
2008,3,2011,CSMC,Garden Island 2.5m,23.125,31.680286715620397,35.125,29.770833333333332
2008,3,2011,CSMC,Garden Island 3.2m,26.833333333333332,32.110226959684844,22.458333333333332,34.05555555555556
2008,3,2011,CSMC,Garden Island 5.5m,27.791666666666668,30.843718875788376,27.083333333333332,34.076388888888886
2008,3,2011,CSMC,Garden Island 7.0m,21.375,22.641189698301556,20.958333333333332,22.73611111111111
2008,3,2011,CSMC,Garden Island Settlement,30.625,34.39755496290586,33.291666666666664,39.3125
2008,3,2011,CSMC,Jervoise Bay,23.666666666666668,26.324526398213386,16.375,26.989583333333336
2008,3,2011,CSMC,Kwinana,25.958333333333332,29.910790697739042,28.666666666666668,32.416666666666664
2008,3,2011,CSMC,Luscombe Bay,31.625,34.1203697167829,30.375,35.041666666666664
2008,3,2011,CSMC,Mangles Bay,17.083333333333332,21.345595590370536,12.666666666666666,15.760416666666666
2008,3,2011,CSMC,Southern Flats,34.875,31.032386004997644,30.291666666666668,35.90277777777778
2008,3,2011,CSMC,Woodman Point,10.583333333333334,25.425287604917987,21.458333333333332,23.25
2008,3,2011,JBMP,Boullanger Island 2.5,34.666666666666664,33.84100722517887,30.791666666666668,33.525
2008,3,2011,JBMP,Boullanger Island 3.5,34.875,32.68859119111144,32.583333333333336,32.74166666666667
2008,3,2011,JBMP,Boullanger Island 5.5,24.25,31.37538742316877,29.958333333333332,30.625
2008,3,2011,JBMP,Fishermans Island 2.5,47.041666666666664,45.0296613057188,52.708333333333336,48.68333333333334
2008,3,2011,JBMP,Fishermans Island 3.5,19.083333333333332,31.66567251837217,32.333333333333336,29.9804347826087
2008,3,2011,JBMP,Fishermans Island 5.5,31.583333333333332,37.83234925200234,40.708333333333336,38.18333333333334
2008,3,2011,SIMP,Bird Island,23.791666666666668,32.188860149171305,27.347826086956523,27.949275362318843
2008,3,2011,SIMP,Mersey Point,38.25,31.94253363642698,27.75,28.180555555555557
2008,3,2011,SIMP,Warnbro Sound 2.0m,38.375,36.93188966081219,36.333333333333336,46.63194444444445
2008,3,2011,SIMP,Warnbro Sound 2.5m,35.041666666666664,36.121380671721916,33.291666666666664,39.229166666666664
2008,3,2011,SIMP,Warnbro Sound 3.2m,14.25,32.138960166016524,33.125,32.631038647343
2008,3,2011,SIMP,Warnbro Sound 5.2m,24.875,27.61000827756013,19.583333333333332,28.229166666666668
2008,3,2011,SIMP,Warnbro Sound 7.0m,9.916666666666666,15.54253851942048,9.25,10.614583333333334
2008,4,2012,CSMC,Carnac Island,30.875,29.53971806918588,33.25,31.138888888888886
2008,4,2012,CSMC,Coogee,16.666666666666668,25.25357563535073,21.041666666666668,23.1875
2008,4,2012,CSMC,Garden Island 2.0m,35.291666666666664,33.74159996243694,41.583333333333336,37.71666666666666
2008,4,2012,CSMC,Garden Island 2.5m,27.625,31.802858383338723,35.125,29.770833333333332
2008,4,2012,CSMC,Garden Island 3.2m,21.083333333333332,32.44282463497319,22.458333333333332,34.05555555555556
2008,4,2012,CSMC,Garden Island 5.5m,19.166666666666668,31.114211306959955,27.083333333333332,34.076388888888886
2008,4,2012,CSMC,Garden Island 7.0m,8.375,22.6900861886788,20.958333333333332,22.73611111111111
2008,4,2012,CSMC,Jervoise Bay,14.125,26.200588704700532,16.375,26.989583333333336
2008,4,2012,CSMC,Kwinana,20.458333333333332,30.046073410849235,28.666666666666668,32.416666666666664
2008,4,2012,CSMC,Mangles Bay,12.333333333333334,21.64979543728958,12.666666666666666,15.760416666666666
2008,4,2012,CSMC,Southern Flats,25.0,35.773385459588454,30.291666666666668,35.90277777777778
2008,4,2012,CSMC,Woodman Point,7.166666666666667,27.02410346454814,21.458333333333332,23.25
2008,4,2012,JBMP,Boullanger Island 2.5,25.0,38.60446852961066,30.791666666666668,33.525
2008,4,2012,JBMP,Boullanger Island 3.5,29.333333333333332,34.58794875519394,32.583333333333336,32.74166666666667
2008,4,2012,JBMP,Boullanger Island 5.5,27.166666666666668,32.33983660165542,29.958333333333332,30.625
2008,4,2012,JBMP,Fishermans Island 2.5,47.416666666666664,45.024649698777324,52.708333333333336,48.68333333333334
2008,4,2012,JBMP,Fishermans Island 3.5,25.869565217391305,31.980471600984366,32.333333333333336,29.9804347826087
2008,4,2012,JBMP,Fishermans Island 5.5,28.916666666666668,37.37377497184105,40.708333333333336,38.18333333333334
2008,4,2012,SIMP,Bird Island,20.583333333333332,33.02930875491093,27.347826086956523,27.949275362318843
2008,4,2012,SIMP,Mersey Point,22.541666666666668,35.751654258321906,27.75,28.180555555555557
2008,4,2012,SIMP,Warnbro Sound 2.0m,23.541666666666668,41.04333632732427,36.333333333333336,46.63194444444445
2008,4,2012,SIMP,Warnbro Sound 2.5m,24.458333333333332,40.56534194312303,33.291666666666664,39.229166666666664
2008,4,2012,SIMP,Warnbro Sound 3.2m,10.208333333333334,33.9357889047974,33.125,32.631038647343
2008,4,2012,SIMP,Warnbro Sound 5.2m,19.333333333333332,28.60851024048916,19.583333333333332,28.229166666666668
2008,4,2012,SIMP,Warnbro Sound 7.0m,9.583333333333334,15.688352791827823,9.25,10.614583333333334
2008,5,2013,CSMC,Carnac Island,27.666666666666668,29.50659433682257,33.25,31.138888888888886
2008,5,2013,CSMC,Coogee,24.25,25.21072356304033,21.041666666666668,23.1875
2008,5,2013,CSMC,Garden Island 2.0m,31.666666666666668,33.838206763672154,41.583333333333336,37.71666666666666
2008,5,2013,CSMC,Garden Island 2.5m,19.0,31.90567860206927,35.125,29.770833333333332
2008,5,2013,CSMC,Garden Island 3.2m,22.541666666666668,32.84983961042815,22.458333333333332,34.05555555555556
2008,5,2013,CSMC,Garden Island 5.5m,18.041666666666668,31.584008509706884,27.083333333333332,34.076388888888886
2008,5,2013,CSMC,Garden Island 7.0m,12.291666666666666,22.697103990707024,20.958333333333332,22.73611111111111
2008,5,2013,CSMC,Garden Island Settlement,27.916666666666668,38.34254525437155,33.291666666666664,39.3125
2008,5,2013,CSMC,Jervoise Bay,10.75,27.859224257385904,16.375,26.989583333333336
2008,5,2013,CSMC,Kwinana,25.375,31.283132974155627,28.666666666666668,32.416666666666664
2008,5,2013,CSMC,Luscombe Bay,29.125,34.34618393993624,30.375,35.041666666666664
2008,5,2013,CSMC,Mangles Bay,17.25,21.63675531383279,12.666666666666666,15.760416666666666
2008,5,2013,CSMC,Southern Flats,33.416666666666664,35.672011163981985,30.291666666666668,35.90277777777778
2008,5,2013,CSMC,Woodman Point,7.96,27.39728794384201,21.458333333333332,23.25
2008,5,2013,SIMP,Bird Island,23.208333333333332,33.08167420090817,27.347826086956523,27.949275362318843
2008,5,2013,SIMP,Mersey Point,19.291666666666668,32.81120320601298,27.75,28.180555555555557
2008,5,2013,SIMP,Warnbro Sound 2.0m,29.833333333333332,37.21338965441932,36.333333333333336,46.63194444444445
2008,5,2013,SIMP,Warnbro Sound 2.5m,39.875,36.48756903550857,33.291666666666664,39.229166666666664
2008,5,2013,SIMP,Warnbro Sound 3.2m,18.75,32.81918109280177,33.125,32.631038647343
2008,5,2013,SIMP,Warnbro Sound 5.2m,16.666666666666668,28.058196196885497,19.583333333333332,28.229166666666668
2008,5,2013,SIMP,Warnbro Sound 7.0m,7.625,15.711763836801365,9.25,10.614583333333334
2009,1,2010,CSMC,Carnac Island,24.25,30.433323010942537,35.375,32.197916666666664
2009,1,2010,CSMC,Coogee,22.541666666666668,25.392956114692144,27.458333333333332,24.61111111111111
2009,1,2010,CSMC,Garden Island 2.0m,35.5,33.87373421529295,42.875,38.576388888888886
2009,1,2010,CSMC,Garden Island 2.5m,23.708333333333332,31.360992331786964,30.708333333333332,29.904761904761905
2009,1,2010,CSMC,Garden Island 3.2m,26.333333333333332,31.882097694092707,27.125,33.06547619047619
2009,1,2010,CSMC,Garden Island 5.5m,26.166666666666668,30.368720619624096,27.916666666666668,33.19642857142857
2009,1,2010,CSMC,Garden Island 7.0m,23.0,21.702399312467936,17.130434782608695,21.93530020703934
2009,1,2010,CSMC,Garden Island Settlement,22.125,33.02470677232727,27.333333333333332,36.91666666666667
2009,1,2010,CSMC,Jervoise Bay,22.833333333333332,25.07517136257127,24.25,26.44166666666667
2009,1,2010,CSMC,Kwinana,38.375,30.30927958772138,32.75,32.483333333333334
2009,1,2010,CSMC,Luscombe Bay,31.25,32.94267759846841,35.125,35.05833333333334
2009,1,2010,CSMC,Mangles Bay,14.833333333333334,17.762563061242595,8.458333333333334,14.3
2009,1,2010,CSMC,Southern Flats,35.541666666666664,31.931708551327112,31.041666666666668,35.208333333333336
2009,1,2010,CSMC,Woodman Point,19.833333333333332,25.211584935817335,24.958333333333332,23.677083333333332
2009,1,2010,JBMP,Boullanger Island 2.5,40.75,33.55581324431573,30.791666666666668,33.525
2009,1,2010,JBMP,Boullanger Island 3.5,42.791666666666664,32.86618259001296,32.583333333333336,32.74166666666667
2009,1,2010,JBMP,Boullanger Island 5.5,33.625,31.187649623055435,29.958333333333332,30.625
2009,1,2010,JBMP,Fishermans Island 2.5,64.20833333333333,45.50486382121724,52.708333333333336,48.68333333333334
2009,1,2010,JBMP,Fishermans Island 3.5,40.125,31.54101519226877,32.333333333333336,29.9804347826087
2009,1,2010,JBMP,Fishermans Island 5.5,40.958333333333336,37.20939134684425,40.708333333333336,38.18333333333334
2009,1,2010,SIMP,Bird Island,28.0,29.426744765969435,29.916666666666668,28.441123188405797
2009,1,2010,SIMP,Mersey Point,27.208333333333332,34.14684135310246,27.541666666666668,28.020833333333336
2009,1,2010,SIMP,Warnbro Sound 2.0m,37.916666666666664,37.70743127062003,36.041666666666664,45.11904761904761
2009,1,2010,SIMP,Warnbro Sound 2.5m,33.5,36.298861804089505,33.625,38.42857142857143
2009,1,2010,SIMP,Warnbro Sound 3.2m,19.166666666666668,34.17379570939261,36.130434782608695,33.13095238095238
2009,1,2010,SIMP,Warnbro Sound 5.2m,25.208333333333332,29.261321968113425,28.25,28.232142857142858
2009,1,2010,SIMP,Warnbro Sound 7.0m,8.333333333333334,12.909755413827705,10.625,10.616666666666667
2009,2,2011,CSMC,Carnac Island,23.541666666666668,29.938125978774472,35.375,32.197916666666664
2009,2,2011,CSMC,Coogee,29.791666666666668,25.614143071606005,27.458333333333332,24.61111111111111
2009,2,2011,CSMC,Garden Island 2.0m,39.833333333333336,33.51459937458325,42.875,38.576388888888886
2009,2,2011,CSMC,Garden Island 2.5m,23.125,31.11548552861189,30.708333333333332,29.904761904761905
2009,2,2011,CSMC,Garden Island 3.2m,26.833333333333332,31.95422329756932,27.125,33.06547619047619
2009,2,2011,CSMC,Garden Island 5.5m,27.791666666666668,30.476678082141127,27.916666666666668,33.19642857142857
2009,2,2011,CSMC,Garden Island 7.0m,21.375,22.33293650036223,17.130434782608695,21.93530020703934
2009,2,2011,CSMC,Garden Island Settlement,30.625,32.94548019498454,27.333333333333332,36.91666666666667
2009,2,2011,CSMC,Jervoise Bay,23.666666666666668,25.735930625039558,24.25,26.44166666666667
2009,2,2011,CSMC,Kwinana,25.958333333333332,30.2279148220439,32.75,32.483333333333334
2009,2,2011,CSMC,Luscombe Bay,31.625,32.71456521255686,35.125,35.05833333333334
2009,2,2011,CSMC,Mangles Bay,17.083333333333332,18.07208029074217,8.458333333333334,14.3
2009,2,2011,CSMC,Southern Flats,34.875,30.24782965644629,31.041666666666668,35.208333333333336
2009,2,2011,CSMC,Woodman Point,10.583333333333334,24.97453994092362,24.958333333333332,23.677083333333332
2009,2,2011,JBMP,Boullanger Island 2.5,34.666666666666664,33.66204816762175,30.791666666666668,33.525
2009,2,2011,JBMP,Boullanger Island 3.5,34.875,33.072903128457014,32.583333333333336,32.74166666666667
2009,2,2011,JBMP,Boullanger Island 5.5,24.25,31.48201082506633,29.958333333333332,30.625
2009,2,2011,JBMP,Fishermans Island 2.5,47.041666666666664,45.23714340684397,52.708333333333336,48.68333333333334
2009,2,2011,JBMP,Fishermans Island 3.5,19.083333333333332,31.755032326997643,32.333333333333336,29.9804347826087
2009,2,2011,JBMP,Fishermans Island 5.5,31.583333333333332,37.97465332135826,40.708333333333336,38.18333333333334
2009,2,2011,SIMP,Bird Island,23.791666666666668,30.323288022774694,29.916666666666668,28.441123188405797
2009,2,2011,SIMP,Mersey Point,38.25,32.374284584745645,27.541666666666668,28.020833333333336
2009,2,2011,SIMP,Warnbro Sound 2.0m,38.375,37.22820991200158,36.041666666666664,45.11904761904761
2009,2,2011,SIMP,Warnbro Sound 2.5m,35.041666666666664,35.457459792044716,33.625,38.42857142857143
2009,2,2011,SIMP,Warnbro Sound 3.2m,14.25,33.18888994726923,36.130434782608695,33.13095238095238
2009,2,2011,SIMP,Warnbro Sound 5.2m,24.875,29.17753323800632,28.25,28.232142857142858
2009,2,2011,SIMP,Warnbro Sound 7.0m,9.916666666666666,12.870371811587226,10.625,10.616666666666667
2009,3,2012,CSMC,Carnac Island,30.875,29.411120127339302,35.375,32.197916666666664
2009,3,2012,CSMC,Coogee,16.666666666666668,24.998623510207597,27.458333333333332,24.61111111111111
2009,3,2012,CSMC,Garden Island 2.0m,35.291666666666664,33.466814985269195,42.875,38.576388888888886
2009,3,2012,CSMC,Garden Island 2.5m,27.625,31.224333317170966,30.708333333333332,29.904761904761905
2009,3,2012,CSMC,Garden Island 3.2m,21.083333333333332,31.9349212280691,27.125,33.06547619047619
2009,3,2012,CSMC,Garden Island 5.5m,19.166666666666668,30.68434706286014,27.916666666666668,33.19642857142857
2009,3,2012,CSMC,Garden Island 7.0m,8.375,21.864202563883058,17.130434782608695,21.93530020703934
2009,3,2012,CSMC,Jervoise Bay,14.125,24.754778474000176,24.25,26.44166666666667
2009,3,2012,CSMC,Kwinana,20.458333333333332,30.307496847707455,32.75,32.483333333333334
2009,3,2012,CSMC,Mangles Bay,12.333333333333334,17.714641112393338,8.458333333333334,14.3
2009,3,2012,CSMC,Southern Flats,25.0,32.56760721826338,31.041666666666668,35.208333333333336
2009,3,2012,CSMC,Woodman Point,7.166666666666667,24.7532994937785,24.958333333333332,23.677083333333332
2009,3,2012,JBMP,Boullanger Island 2.5,25.0,36.24539468469416,30.791666666666668,33.525
2009,3,2012,JBMP,Boullanger Island 3.5,29.333333333333332,34.36146381328932,32.583333333333336,32.74166666666667
2009,3,2012,JBMP,Boullanger Island 5.5,27.166666666666668,32.11517390643275,29.958333333333332,30.625
2009,3,2012,JBMP,Fishermans Island 2.5,47.416666666666664,44.78592163496064,52.708333333333336,48.68333333333334
2009,3,2012,JBMP,Fishermans Island 3.5,25.869565217391305,32.07590476343803,32.333333333333336,29.9804347826087
2009,3,2012,JBMP,Fishermans Island 5.5,28.916666666666668,37.46680350622608,40.708333333333336,38.18333333333334
2009,3,2012,SIMP,Bird Island,20.583333333333332,30.94911038923337,29.916666666666668,28.441123188405797
2009,3,2012,SIMP,Mersey Point,22.541666666666668,34.52637562422063,27.541666666666668,28.020833333333336
2009,3,2012,SIMP,Warnbro Sound 2.0m,23.541666666666668,38.11243373994668,36.041666666666664,45.11904761904761
2009,3,2012,SIMP,Warnbro Sound 2.5m,24.458333333333332,36.46106044585281,33.625,38.42857142857143
2009,3,2012,SIMP,Warnbro Sound 3.2m,10.208333333333334,34.09243115113803,36.130434782608695,33.13095238095238
2009,3,2012,SIMP,Warnbro Sound 5.2m,19.333333333333332,29.71603268564504,28.25,28.232142857142858
2009,3,2012,SIMP,Warnbro Sound 7.0m,9.583333333333334,13.038124222253588,10.625,10.616666666666667
2009,4,2013,CSMC,Carnac Island,27.666666666666668,29.336834227802047,35.375,32.197916666666664
2009,4,2013,CSMC,Coogee,24.25,24.955394635016766,27.458333333333332,24.61111111111111
2009,4,2013,CSMC,Garden Island 2.0m,31.666666666666668,33.52332892773104,42.875,38.576388888888886
2009,4,2013,CSMC,Garden Island 2.5m,19.0,31.289986294695325,30.708333333333332,29.904761904761905
2009,4,2013,CSMC,Garden Island 3.2m,22.541666666666668,32.07499163787433,27.125,33.06547619047619
2009,4,2013,CSMC,Garden Island 5.5m,18.041666666666668,30.86495085235433,27.916666666666668,33.19642857142857
2009,4,2013,CSMC,Garden Island 7.0m,12.291666666666666,21.896992641810364,17.130434782608695,21.93530020703934
2009,4,2013,CSMC,Garden Island Settlement,27.916666666666668,33.4259849722205,27.333333333333332,36.91666666666667
2009,4,2013,CSMC,Jervoise Bay,10.75,25.342701659443282,24.25,26.44166666666667
2009,4,2013,CSMC,Kwinana,25.375,30.80411266951983,32.75,32.483333333333334
2009,4,2013,CSMC,Luscombe Bay,29.125,32.94499132066776,35.125,35.05833333333334
2009,4,2013,CSMC,Mangles Bay,17.25,17.691399048901275,8.458333333333334,14.3
2009,4,2013,CSMC,Southern Flats,33.416666666666664,32.38060065564156,31.041666666666668,35.208333333333336
2009,4,2013,CSMC,Woodman Point,7.96,24.856240560980893,24.958333333333332,23.677083333333332
2009,4,2013,SIMP,Bird Island,23.208333333333332,30.855313912662428,29.916666666666668,28.441123188405797
2009,4,2013,SIMP,Mersey Point,19.291666666666668,32.99319055293876,27.541666666666668,28.020833333333336
2009,4,2013,SIMP,Warnbro Sound 2.0m,29.833333333333332,37.1326702209995,36.041666666666664,45.11904761904761
2009,4,2013,SIMP,Warnbro Sound 2.5m,39.875,35.33663804087921,33.625,38.42857142857143
2009,4,2013,SIMP,Warnbro Sound 3.2m,18.75,33.404507183930875,36.130434782608695,33.13095238095238
2009,4,2013,SIMP,Warnbro Sound 5.2m,16.666666666666668,29.42416879913737,28.25,28.232142857142858
2009,4,2013,SIMP,Warnbro Sound 7.0m,7.625,13.018660831553104,10.625,10.616666666666667
2009,5,2014,CSMC,Carnac Island,33.125,29.553316687061447,35.375,32.197916666666664
2009,5,2014,CSMC,Coogee,18.041666666666668,25.041709035223374,27.458333333333332,24.61111111111111
2009,5,2014,CSMC,Garden Island 2.0m,32.375,33.5605847423254,42.875,38.576388888888886
2009,5,2014,CSMC,Garden Island 2.5m,27.0,31.289411283672397,30.708333333333332,29.904761904761905
2009,5,2014,CSMC,Garden Island 3.2m,31.666666666666668,32.13794093240695,27.125,33.06547619047619
2009,5,2014,CSMC,Garden Island 5.5m,19.833333333333332,30.942907210685018,27.916666666666668,33.19642857142857
2009,5,2014,CSMC,Garden Island 7.0m,20.916666666666668,21.865403952771945,17.130434782608695,21.93530020703934
2009,5,2014,CSMC,Garden Island Settlement,20.041666666666668,33.614414864280604,27.333333333333332,36.91666666666667
2009,5,2014,CSMC,Jervoise Bay,10.375,25.321482571566584,24.25,26.44166666666667
2009,5,2014,CSMC,Kwinana,14.833333333333334,30.83889921964945,32.75,32.483333333333334
2009,5,2014,CSMC,Luscombe Bay,34.916666666666664,32.938119788834726,35.125,35.05833333333334
2009,5,2014,CSMC,Mangles Bay,12.666666666666666,17.782871635359363,8.458333333333334,14.3
2009,5,2014,CSMC,Southern Flats,27.791666666666668,32.59615249003737,31.041666666666668,35.208333333333336
2009,5,2014,CSMC,Woodman Point,9.466666666666667,24.95039403384994,24.958333333333332,23.677083333333332
2009,5,2014,JBMP,Boullanger Island 2.5,24.875,33.76628905306145,30.791666666666668,33.525
2009,5,2014,JBMP,Boullanger Island 3.5,31.916666666666668,33.1741257709514,32.583333333333336,32.74166666666667
2009,5,2014,JBMP,Boullanger Island 5.5,27.416666666666668,31.51140667968977,29.958333333333332,30.625
2009,5,2014,JBMP,Fishermans Island 2.5,44.875,45.08033696601057,52.708333333333336,48.68333333333334
2009,5,2014,JBMP,Fishermans Island 3.5,29.041666666666668,31.766526920551563,32.333333333333336,29.9804347826087
2009,5,2014,JBMP,Fishermans Island 5.5,28.75,38.06029669034334,40.708333333333336,38.18333333333334
2009,5,2014,SIMP,Bird Island,26.458333333333332,30.98837534207441,29.916666666666668,28.441123188405797
2009,5,2014,SIMP,Mersey Point,24.75,33.53876765948677,27.541666666666668,28.020833333333336
2009,5,2014,SIMP,Warnbro Sound 2.0m,37.375,37.95870610095591,36.041666666666664,45.11904761904761
2009,5,2014,SIMP,Warnbro Sound 2.5m,36.666666666666664,35.93080319483425,33.625,38.42857142857143
2009,5,2014,SIMP,Warnbro Sound 3.2m,16.916666666666668,33.80674402748941,36.130434782608695,33.13095238095238
2009,5,2014,SIMP,Warnbro Sound 5.2m,21.708333333333332,29.5213928142443,28.25,28.232142857142858
2009,5,2014,SIMP,Warnbro Sound 7.0m,7.041666666666667,13.090535991668753,10.625,10.616666666666667
2010,1,2011,CSMC,Carnac Island,23.541666666666668,29.08973725131301,24.25,30.60833333333333
2010,1,2011,CSMC,Coogee,29.791666666666668,25.29107139280721,22.541666666666668,24.09375
2010,1,2011,CSMC,Garden Island 2.0m,39.833333333333336,34.02259533652742,35.5,38.13690476190476
2010,1,2011,CSMC,Garden Island 2.5m,23.125,30.69983514324096,23.708333333333332,29.130208333333332
2010,1,2011,CSMC,Garden Island 3.2m,26.833333333333332,29.618805038152157,26.333333333333332,32.223958333333336
2010,1,2011,CSMC,Garden Island 5.5m,27.791666666666668,29.294194363511064,26.166666666666668,32.317708333333336
2010,1,2011,CSMC,Garden Island 7.0m,21.375,22.632673265285316,23.0,22.06838768115942
2010,1,2011,CSMC,Garden Island Settlement,30.625,31.46350116800634,22.125,34.45138888888889
2010,1,2011,CSMC,Jervoise Bay,23.666666666666668,24.694996418285807,22.833333333333332,25.840277777777782
2010,1,2011,CSMC,Kwinana,25.958333333333332,30.46252255456398,38.375,33.46527777777778
2010,1,2011,CSMC,Luscombe Bay,31.625,31.5185208208408,31.25,34.423611111111114
2010,1,2011,CSMC,Mangles Bay,17.083333333333332,16.658621159117963,14.833333333333334,14.388888888888888
2010,1,2011,CSMC,Southern Flats,34.875,30.69066761585672,35.541666666666664,35.25
2010,1,2011,CSMC,Woodman Point,10.583333333333334,24.24813733933637,19.833333333333332,22.90833333333333
2010,1,2011,JBMP,Boullanger Island 2.5,34.666666666666664,35.5654235824202,40.75,34.729166666666664
2010,1,2011,JBMP,Boullanger Island 3.5,34.875,34.105549028890394,42.791666666666664,34.416666666666664
2010,1,2011,JBMP,Boullanger Island 5.5,24.25,32.1304864222957,33.625,31.125
2010,1,2011,JBMP,Fishermans Island 2.5,47.041666666666664,49.115404276471835,64.20833333333333,51.270833333333336
2010,1,2011,JBMP,Fishermans Island 3.5,19.083333333333332,33.24171056956921,40.125,31.671195652173918
2010,1,2011,JBMP,Fishermans Island 5.5,31.583333333333332,39.23358904492082,40.958333333333336,38.645833333333336
2010,1,2011,SIMP,Bird Island,23.791666666666668,30.21552135319392,28.0,28.35289855072464
2010,1,2011,SIMP,Mersey Point,38.25,29.604907735263264,27.208333333333332,27.85833333333333
2010,1,2011,SIMP,Warnbro Sound 2.0m,38.375,37.54021461839621,37.916666666666664,44.21875
2010,1,2011,SIMP,Warnbro Sound 2.5m,35.041666666666664,34.46862172104771,33.5,37.8125
2010,1,2011,SIMP,Warnbro Sound 3.2m,14.25,30.9430295962447,19.166666666666668,31.385416666666668
2010,1,2011,SIMP,Warnbro Sound 5.2m,24.875,27.70499933624705,25.208333333333332,27.854166666666664
2010,1,2011,SIMP,Warnbro Sound 7.0m,9.916666666666666,12.09395200274525,8.333333333333334,10.236111111111112
2010,2,2012,CSMC,Carnac Island,30.875,28.52850924884045,24.25,30.60833333333333
2010,2,2012,CSMC,Coogee,16.666666666666668,24.87440049640627,22.541666666666668,24.09375
2010,2,2012,CSMC,Garden Island 2.0m,35.291666666666664,33.57151499337688,35.5,38.13690476190476
2010,2,2012,CSMC,Garden Island 2.5m,27.625,30.48550545177201,23.708333333333332,29.130208333333332
2010,2,2012,CSMC,Garden Island 3.2m,21.083333333333332,29.980160758904162,26.333333333333332,32.223958333333336
2010,2,2012,CSMC,Garden Island 5.5m,19.166666666666668,30.009898058442353,26.166666666666668,32.317708333333336
2010,2,2012,CSMC,Garden Island 7.0m,8.375,22.592772504901678,23.0,22.06838768115942
2010,2,2012,CSMC,Jervoise Bay,14.125,24.189465155776535,22.833333333333332,25.840277777777782
2010,2,2012,CSMC,Kwinana,20.458333333333332,30.889974347034805,38.375,33.46527777777778
2010,2,2012,CSMC,Mangles Bay,12.333333333333334,16.35347464055501,14.833333333333334,14.388888888888888
2010,2,2012,CSMC,Southern Flats,25.0,31.574847393875242,35.541666666666664,35.25
2010,2,2012,CSMC,Woodman Point,7.166666666666667,23.82983252937013,19.833333333333332,22.90833333333333
2010,2,2012,JBMP,Boullanger Island 2.5,25.0,37.29868243601966,40.75,34.729166666666664
2010,2,2012,JBMP,Boullanger Island 3.5,29.333333333333332,34.744032417184805,42.791666666666664,34.416666666666664
2010,2,2012,JBMP,Boullanger Island 5.5,27.166666666666668,32.68337471712686,33.625,31.125
2010,2,2012,JBMP,Fishermans Island 2.5,47.416666666666664,48.35231232352078,64.20833333333333,51.270833333333336
2010,2,2012,JBMP,Fishermans Island 3.5,25.869565217391305,34.13849213835497,40.125,31.671195652173918
2010,2,2012,JBMP,Fishermans Island 5.5,28.916666666666668,38.82800227529681,40.958333333333336,38.645833333333336
2010,2,2012,SIMP,Bird Island,20.583333333333332,30.2662230772448,28.0,28.35289855072464
2010,2,2012,SIMP,Mersey Point,22.541666666666668,30.809956298825625,27.208333333333332,27.85833333333333
2010,2,2012,SIMP,Warnbro Sound 2.0m,23.541666666666668,38.444113724733036,37.916666666666664,44.21875
2010,2,2012,SIMP,Warnbro Sound 2.5m,24.458333333333332,35.45335655832194,33.5,37.8125
2010,2,2012,SIMP,Warnbro Sound 3.2m,10.208333333333334,31.74210900708819,19.166666666666668,31.385416666666668
2010,2,2012,SIMP,Warnbro Sound 5.2m,19.333333333333332,28.818585866162394,25.208333333333332,27.854166666666664
2010,2,2012,SIMP,Warnbro Sound 7.0m,9.583333333333334,12.41208470032371,8.333333333333334,10.236111111111112
2010,3,2013,CSMC,Carnac Island,27.666666666666668,28.46464324930054,24.25,30.60833333333333
2010,3,2013,CSMC,Coogee,24.25,24.85622225566553,22.541666666666668,24.09375
2010,3,2013,CSMC,Garden Island 2.0m,31.666666666666668,33.58361962851797,35.5,38.13690476190476
2010,3,2013,CSMC,Garden Island 2.5m,19.0,30.50158773542201,23.708333333333332,29.130208333333332
2010,3,2013,CSMC,Garden Island 3.2m,22.541666666666668,30.08525084378071,26.333333333333332,32.223958333333336
2010,3,2013,CSMC,Garden Island 5.5m,18.041666666666668,30.143749602371116,26.166666666666668,32.317708333333336
2010,3,2013,CSMC,Garden Island 7.0m,12.291666666666666,22.62957643098097,23.0,22.06838768115942
2010,3,2013,CSMC,Garden Island Settlement,27.916666666666668,30.798184141308205,22.125,34.45138888888889
2010,3,2013,CSMC,Jervoise Bay,10.75,24.33189269592963,22.833333333333332,25.840277777777782
2010,3,2013,CSMC,Kwinana,25.375,31.58191535381051,38.375,33.46527777777778
2010,3,2013,CSMC,Luscombe Bay,29.125,31.401486686630943,31.25,34.423611111111114
2010,3,2013,CSMC,Mangles Bay,17.25,16.35347464055501,14.833333333333334,14.388888888888888
2010,3,2013,CSMC,Southern Flats,33.416666666666664,30.995799833679108,35.541666666666664,35.25
2010,3,2013,CSMC,Woodman Point,7.96,23.882788932492975,19.833333333333332,22.90833333333333
2010,3,2013,SIMP,Bird Island,23.208333333333332,30.271519517318424,28.0,28.35289855072464
2010,3,2013,SIMP,Mersey Point,19.291666666666668,30.462101725007734,27.208333333333332,27.85833333333333
2010,3,2013,SIMP,Warnbro Sound 2.0m,29.833333333333332,38.1060479413065,37.916666666666664,44.21875
2010,3,2013,SIMP,Warnbro Sound 2.5m,39.875,35.006482160117145,33.5,37.8125
2010,3,2013,SIMP,Warnbro Sound 3.2m,18.75,31.34054546197957,19.166666666666668,31.385416666666668
2010,3,2013,SIMP,Warnbro Sound 5.2m,16.666666666666668,28.477601880777154,25.208333333333332,27.854166666666664
2010,3,2013,SIMP,Warnbro Sound 7.0m,7.625,12.403118031173618,8.333333333333334,10.236111111111112
2010,4,2014,CSMC,Carnac Island,33.125,28.653235648011584,24.25,30.60833333333333
2010,4,2014,CSMC,Coogee,18.041666666666668,24.89902332547769,22.541666666666668,24.09375
2010,4,2014,CSMC,Garden Island 2.0m,32.375,33.61929819994655,35.5,38.13690476190476
2010,4,2014,CSMC,Garden Island 2.5m,27.0,30.52002440870243,23.708333333333332,29.130208333333332
2010,4,2014,CSMC,Garden Island 3.2m,31.666666666666668,30.09927779483891,26.333333333333332,32.223958333333336
2010,4,2014,CSMC,Garden Island 5.5m,19.833333333333332,30.168704215466356,26.166666666666668,32.317708333333336
2010,4,2014,CSMC,Garden Island 7.0m,20.916666666666668,22.598267985501327,23.0,22.06838768115942
2010,4,2014,CSMC,Garden Island Settlement,20.041666666666668,31.34138074851207,22.125,34.45138888888889
2010,4,2014,CSMC,Jervoise Bay,10.375,24.329183888131148,22.833333333333332,25.840277777777782
2010,4,2014,CSMC,Kwinana,14.833333333333334,31.524671895494137,38.375,33.46527777777778
2010,4,2014,CSMC,Luscombe Bay,34.916666666666664,31.36890484139285,31.25,34.423611111111114
2010,4,2014,CSMC,Mangles Bay,12.666666666666666,16.335248421323357,14.833333333333334,14.388888888888888
2010,4,2014,CSMC,Southern Flats,27.791666666666668,31.68293903038218,35.541666666666664,35.25
2010,4,2014,CSMC,Woodman Point,9.466666666666667,23.930900591156032,19.833333333333332,22.90833333333333
2010,4,2014,JBMP,Boullanger Island 2.5,24.875,35.591473764022005,40.75,34.729166666666664
2010,4,2014,JBMP,Boullanger Island 3.5,31.916666666666668,34.10837196712367,42.791666666666664,34.416666666666664
2010,4,2014,JBMP,Boullanger Island 5.5,27.416666666666668,32.158135536474944,33.625,31.125
2010,4,2014,JBMP,Fishermans Island 2.5,44.875,49.04757329481929,64.20833333333333,51.270833333333336
2010,4,2014,JBMP,Fishermans Island 3.5,29.041666666666668,33.881314157967864,40.125,31.671195652173918
2010,4,2014,JBMP,Fishermans Island 5.5,28.75,39.645532885467006,40.958333333333336,38.645833333333336
2010,4,2014,SIMP,Bird Island,26.458333333333332,30.275564835928957,28.0,28.35289855072464
2010,4,2014,SIMP,Mersey Point,24.75,30.42480470525011,27.208333333333332,27.85833333333333
2010,4,2014,SIMP,Warnbro Sound 2.0m,37.375,38.20283406848281,37.916666666666664,44.21875
2010,4,2014,SIMP,Warnbro Sound 2.5m,36.666666666666664,35.12867589166573,33.5,37.8125
2010,4,2014,SIMP,Warnbro Sound 3.2m,16.916666666666668,31.348977480905027,19.166666666666668,31.385416666666668
2010,4,2014,SIMP,Warnbro Sound 5.2m,21.708333333333332,28.486698180863932,25.208333333333332,27.854166666666664
2010,4,2014,SIMP,Warnbro Sound 7.0m,7.041666666666667,12.411111652253288,8.333333333333334,10.236111111111112
2010,5,2015,CSMC,Carnac Island,32.5,28.424044468728244,24.25,30.60833333333333
2010,5,2015,CSMC,Coogee,27.5,24.777565949352745,22.541666666666668,24.09375
2010,5,2015,CSMC,Garden Island 2.0m,51.166666666666664,33.54234799602238,35.5,38.13690476190476
2010,5,2015,CSMC,Garden Island 2.5m,30.833333333333332,30.379359021762806,23.708333333333332,29.130208333333332
2010,5,2015,CSMC,Garden Island 3.2m,31.625,29.9492141805647,26.333333333333332,32.223958333333336
2010,5,2015,CSMC,Garden Island 5.5m,20.916666666666668,29.99926820236345,26.166666666666668,32.317708333333336
2010,5,2015,CSMC,Garden Island 7.0m,23.541666666666668,22.58854597654879,23.0,22.06838768115942
2010,5,2015,CSMC,Garden Island Settlement,19.25,31.60303052466184,22.125,34.45138888888889
2010,5,2015,CSMC,Jervoise Bay,10.916666666666666,24.343579315293553,22.833333333333332,25.840277777777782
2010,5,2015,CSMC,Kwinana,26.833333333333332,31.36711455829798,38.375,33.46527777777778
2010,5,2015,CSMC,Luscombe Bay,34.125,31.352997103297607,31.25,34.423611111111114
2010,5,2015,CSMC,Mangles Bay,11.75,16.358081083695872,14.833333333333334,14.388888888888888
2010,5,2015,CSMC,Southern Flats,33.61904761904762,32.252029575019385,35.541666666666664,35.25
2010,5,2015,CSMC,Woodman Point,7.633333333333334,23.80176283451352,19.833333333333332,22.90833333333333
2010,5,2015,SIMP,Bird Island,29.041666666666668,30.321529228822705,28.0,28.35289855072464
2010,5,2015,SIMP,Mersey Point,19.541666666666668,30.43686697553318,27.208333333333332,27.85833333333333
2010,5,2015,SIMP,Warnbro Sound 2.0m,27.958333333333332,38.366106030828355,37.916666666666664,44.21875
2010,5,2015,SIMP,Warnbro Sound 2.5m,38.291666666666664,35.27653083974033,33.5,37.8125
2010,5,2015,SIMP,Warnbro Sound 3.2m,18.333333333333332,31.35364716863811,19.166666666666668,31.385416666666668
2010,5,2015,SIMP,Warnbro Sound 5.2m,28.333333333333332,28.362588634964997,25.208333333333332,27.854166666666664
2010,5,2015,SIMP,Warnbro Sound 7.0m,8.291666666666666,12.36956305464853,8.333333333333334,10.236111111111112
2011,1,2012,CSMC,Carnac Island,30.875,27.059697891715075,23.541666666666668,29.430555555555557
2011,1,2012,CSMC,Coogee,16.666666666666668,24.362931533274843,29.791666666666668,25.233333333333334
2011,1,2012,CSMC,Garden Island 2.0m,35.291666666666664,34.803456854286964,39.833333333333336,38.348958333333336
2011,1,2012,CSMC,Garden Island 2.5m,27.625,29.283572544202936,23.125,28.462962962962965
2011,1,2012,CSMC,Garden Island 3.2m,21.083333333333332,27.50389532516094,26.833333333333332,31.625
2011,1,2012,CSMC,Garden Island 5.5m,19.166666666666668,27.717872332469916,27.791666666666668,31.814814814814813
2011,1,2012,CSMC,Garden Island 7.0m,8.375,21.223839538072582,21.375,21.991344605475042
2011,1,2012,CSMC,Jervoise Bay,14.125,23.76801232899716,23.666666666666668,25.529761904761905
2011,1,2012,CSMC,Kwinana,20.458333333333332,27.81313648182535,25.958333333333332,32.392857142857146
2011,1,2012,CSMC,Mangles Bay,12.333333333333334,16.244412494221237,17.083333333333332,14.773809523809522
2011,1,2012,CSMC,Southern Flats,25.0,30.421550783673524,34.875,35.208333333333336
2011,1,2012,CSMC,Woodman Point,7.166666666666667,22.16055560967315,10.583333333333334,20.854166666666668
2011,1,2012,JBMP,Boullanger Island 2.5,25.0,37.84004102257611,34.666666666666664,34.720238095238095
2011,1,2012,JBMP,Boullanger Island 3.5,29.333333333333332,33.470262854706,34.875,34.482142857142854
2011,1,2012,JBMP,Boullanger Island 5.5,27.166666666666668,30.465180952610527,24.25,30.142857142857142
2011,1,2012,JBMP,Fishermans Island 2.5,47.416666666666664,48.40777229271499,47.041666666666664,50.66666666666667
2011,1,2012,JBMP,Fishermans Island 3.5,25.869565217391305,31.895090485157294,19.083333333333332,29.87292960662526
2011,1,2012,JBMP,Fishermans Island 5.5,28.916666666666668,37.06594716532124,31.583333333333332,37.63690476190476
2011,1,2012,MMP,Hillarys Channel,9.583333333333334,18.879124335861686,8.333333333333334,8.333333333333334
2011,1,2012,MMP,North Beach,12.916666666666666,12.169185019455114,9.409090909090908,9.409090909090908
2011,1,2012,MMP,Ocean Reef Outer,6.583333333333333,12.35265156804813,4.083333333333333,4.083333333333333
2011,1,2012,SIMP,Bird Island,20.583333333333332,29.04264718127079,23.791666666666668,27.59269323671498
2011,1,2012,SIMP,Mersey Point,22.541666666666668,29.749301258565986,38.25,29.590277777777782
2011,1,2012,SIMP,Warnbro Sound 2.0m,23.541666666666668,35.96123794063558,38.375,43.56944444444444
2011,1,2012,SIMP,Warnbro Sound 2.5m,24.458333333333332,34.25488249244888,35.041666666666664,37.50462962962963
2011,1,2012,SIMP,Warnbro Sound 3.2m,10.208333333333334,28.121321104243023,14.25,29.48148148148148
2011,1,2012,SIMP,Warnbro Sound 5.2m,19.333333333333332,26.33764270982559,24.875,27.523148148148145
2011,1,2012,SIMP,Warnbro Sound 7.0m,9.583333333333334,10.45847547409482,9.916666666666666,10.19047619047619
2011,2,2013,CSMC,Carnac Island,27.666666666666668,27.750148977289143,23.541666666666668,29.430555555555557
2011,2,2013,CSMC,Coogee,24.25,24.70763016516663,29.791666666666668,25.233333333333334
2011,2,2013,CSMC,Garden Island 2.0m,31.666666666666668,34.43817681211703,39.833333333333336,38.348958333333336
2011,2,2013,CSMC,Garden Island 2.5m,19.0,29.656455046329125,23.125,28.462962962962965
2011,2,2013,CSMC,Garden Island 3.2m,22.541666666666668,30.13113899420828,26.833333333333332,31.625
2011,2,2013,CSMC,Garden Island 5.5m,18.041666666666668,30.349593909914553,27.791666666666668,31.814814814814813
2011,2,2013,CSMC,Garden Island 7.0m,12.291666666666666,22.134457108957804,21.375,21.991344605475042
2011,2,2013,CSMC,Garden Island Settlement,27.916666666666668,31.37986417111304,30.625,33.904761904761905
2011,2,2013,CSMC,Jervoise Bay,10.75,25.664209492508625,23.666666666666668,25.529761904761905
2011,2,2013,CSMC,Kwinana,25.375,30.123539013598123,25.958333333333332,32.392857142857146
2011,2,2013,CSMC,Luscombe Bay,29.125,31.64399302638114,31.625,34.023809523809526
2011,2,2013,CSMC,Mangles Bay,17.25,17.179563386387976,17.083333333333332,14.773809523809522
2011,2,2013,CSMC,Southern Flats,33.416666666666664,31.336162617584034,34.875,35.208333333333336
2011,2,2013,CSMC,Woodman Point,7.96,23.017480883406392,10.583333333333334,20.854166666666668
2011,2,2013,SIMP,Bird Island,23.208333333333332,30.658296897027412,23.791666666666668,27.59269323671498
2011,2,2013,SIMP,Mersey Point,19.291666666666668,31.23260486975113,38.25,29.590277777777782
2011,2,2013,SIMP,Warnbro Sound 2.0m,29.833333333333332,37.3334492508883,38.375,43.56944444444444
2011,2,2013,SIMP,Warnbro Sound 2.5m,39.875,35.511581091588596,35.041666666666664,37.50462962962963
2011,2,2013,SIMP,Warnbro Sound 3.2m,18.75,29.525386406736093,14.25,29.48148148148148
2011,2,2013,SIMP,Warnbro Sound 5.2m,16.666666666666668,27.46643965444365,24.875,27.523148148148145
2011,2,2013,SIMP,Warnbro Sound 7.0m,7.625,10.62858453354718,9.916666666666666,10.19047619047619
2011,3,2014,CSMC,Carnac Island,33.125,28.475962175162113,23.541666666666668,29.430555555555557
2011,3,2014,CSMC,Coogee,18.041666666666668,25.323511243679494,29.791666666666668,25.233333333333334
2011,3,2014,CSMC,Garden Island 2.0m,32.375,34.50038646820169,39.833333333333336,38.348958333333336
2011,3,2014,CSMC,Garden Island 2.5m,27.0,29.68468090611748,23.125,28.462962962962965
2011,3,2014,CSMC,Garden Island 3.2m,31.666666666666668,30.170923495971948,26.833333333333332,31.625
2011,3,2014,CSMC,Garden Island 5.5m,19.833333333333332,30.390630726493036,27.791666666666668,31.814814814814813
2011,3,2014,CSMC,Garden Island 7.0m,20.916666666666668,22.124383171472182,21.375,21.991344605475042
2011,3,2014,CSMC,Garden Island Settlement,20.041666666666668,31.705552883333464,30.625,33.904761904761905
2011,3,2014,CSMC,Jervoise Bay,10.375,25.62681327783864,23.666666666666668,25.529761904761905
2011,3,2014,CSMC,Kwinana,14.833333333333334,30.11678174565471,25.958333333333332,32.392857142857146
2011,3,2014,CSMC,Luscombe Bay,34.916666666666664,31.68938456077267,31.625,34.023809523809526
2011,3,2014,CSMC,Mangles Bay,12.666666666666666,17.181506144063068,17.083333333333332,14.773809523809522
2011,3,2014,CSMC,Southern Flats,27.791666666666668,31.899210182338113,34.875,35.208333333333336
2011,3,2014,CSMC,Woodman Point,9.466666666666667,23.381620300350164,10.583333333333334,20.854166666666668
2011,3,2014,JBMP,Boullanger Island 2.5,24.875,35.480559012654346,34.666666666666664,34.720238095238095
2011,3,2014,JBMP,Boullanger Island 3.5,31.916666666666668,33.3708540133377,34.875,34.482142857142854
2011,3,2014,JBMP,Boullanger Island 5.5,27.416666666666668,30.04735065296184,24.25,30.142857142857142
2011,3,2014,JBMP,Fishermans Island 2.5,44.875,48.629487729829215,47.041666666666664,50.66666666666667
2011,3,2014,JBMP,Fishermans Island 3.5,29.041666666666668,31.735747195873113,19.083333333333332,29.87292960662526
2011,3,2014,JBMP,Fishermans Island 5.5,28.75,38.127696578666196,31.583333333333332,37.63690476190476
2011,3,2014,MMP,Hillarys Channel,18.666666666666668,20.110206978608396,8.333333333333334,8.333333333333334
2011,3,2014,MMP,North Beach,16.791666666666668,12.372906063797886,9.409090909090908,9.409090909090908
2011,3,2014,MMP,Ocean Reef Outer,15.458333333333334,12.457374086851054,4.083333333333333,4.083333333333333
2011,3,2014,SIMP,Bird Island,26.458333333333332,30.626250234316796,23.791666666666668,27.59269323671498
2011,3,2014,SIMP,Mersey Point,24.75,31.27864096700733,38.25,29.590277777777782
2011,3,2014,SIMP,Warnbro Sound 2.0m,37.375,37.888207310419695,38.375,43.56944444444444
2011,3,2014,SIMP,Warnbro Sound 2.5m,36.666666666666664,36.0373734240381,35.041666666666664,37.50462962962963
2011,3,2014,SIMP,Warnbro Sound 3.2m,16.916666666666668,29.780980807655208,14.25,29.48148148148148
2011,3,2014,SIMP,Warnbro Sound 5.2m,21.708333333333332,27.646001206820415,24.875,27.523148148148145
2011,3,2014,SIMP,Warnbro Sound 7.0m,7.041666666666667,10.674288132032027,9.916666666666666,10.19047619047619
2011,4,2015,CSMC,Carnac Island,32.5,28.063411922375447,23.541666666666668,29.430555555555557
2011,4,2015,CSMC,Coogee,27.5,24.85376197988472,29.791666666666668,25.233333333333334
2011,4,2015,CSMC,Garden Island 2.0m,51.166666666666664,34.406039836664604,39.833333333333336,38.348958333333336
2011,4,2015,CSMC,Garden Island 2.5m,30.833333333333332,29.521506386812987,23.125,28.462962962962965
2011,4,2015,CSMC,Garden Island 3.2m,31.625,29.8668160778181,26.833333333333332,31.625
2011,4,2015,CSMC,Garden Island 5.5m,20.916666666666668,30.0274217045032,27.791666666666668,31.814814814814813
2011,4,2015,CSMC,Garden Island 7.0m,23.541666666666668,22.076876001340917,21.375,21.991344605475042
2011,4,2015,CSMC,Garden Island Settlement,19.25,31.89443655974999,30.625,33.904761904761905
2011,4,2015,CSMC,Jervoise Bay,10.916666666666666,25.553897669518815,23.666666666666668,25.529761904761905
2011,4,2015,CSMC,Kwinana,26.833333333333332,29.938351741630953,25.958333333333332,32.392857142857146
2011,4,2015,CSMC,Luscombe Bay,34.125,31.55535380440813,31.625,34.023809523809526
2011,4,2015,CSMC,Mangles Bay,11.75,17.04986659488774,17.083333333333332,14.773809523809522
2011,4,2015,CSMC,Southern Flats,33.61904761904762,32.61758374728799,34.875,35.208333333333336
2011,4,2015,CSMC,Woodman Point,7.633333333333334,23.067981055612407,10.583333333333334,20.854166666666668
2011,4,2015,SIMP,Bird Island,29.041666666666668,30.70761377646272,23.791666666666668,27.59269323671498
2011,4,2015,SIMP,Mersey Point,19.541666666666668,31.35904157047994,38.25,29.590277777777782
2011,4,2015,SIMP,Warnbro Sound 2.0m,27.958333333333332,37.713318325955754,38.375,43.56944444444444
2011,4,2015,SIMP,Warnbro Sound 2.5m,38.291666666666664,35.84197767964391,35.041666666666664,37.50462962962963
2011,4,2015,SIMP,Warnbro Sound 3.2m,18.333333333333332,29.717755562188117,14.25,29.48148148148148
2011,4,2015,SIMP,Warnbro Sound 5.2m,28.333333333333332,27.89242166615843,24.875,27.523148148148145
2011,4,2015,SIMP,Warnbro Sound 7.0m,8.291666666666666,10.634002492902638,9.916666666666666,10.19047619047619
2011,5,2016,CSMC,Carnac Island,31.833333333333332,28.063411922375447,23.541666666666668,29.430555555555557
2011,5,2016,CSMC,Coogee,21.304347826086957,24.83832795210694,29.791666666666668,25.233333333333334
2011,5,2016,CSMC,Garden Island 2.0m,59.666666666666664,34.85035006162316,39.833333333333336,38.348958333333336
2011,5,2016,CSMC,Garden Island 2.5m,30.583333333333332,29.731088330625685,23.125,28.462962962962965
2011,5,2016,CSMC,Garden Island 3.2m,30.708333333333332,30.130034083988313,26.833333333333332,31.625
2011,5,2016,CSMC,Garden Island 5.5m,30.5,30.405729391557482,27.791666666666668,31.814814814814813
2011,5,2016,CSMC,Garden Island 7.0m,26.875,22.413425471110944,21.375,21.991344605475042
2011,5,2016,CSMC,Garden Island Settlement,56.916666666666664,31.87494591017714,30.625,33.904761904761905
2011,5,2016,CSMC,Jervoise Bay,9.75,25.889448885186212,23.666666666666668,25.529761904761905
2011,5,2016,CSMC,Kwinana,21.208333333333332,30.429811480161298,25.958333333333332,32.392857142857146
2011,5,2016,CSMC,Luscombe Bay,37.75,31.861254755887217,31.625,34.023809523809526
2011,5,2016,CSMC,Mangles Bay,12.666666666666666,17.00515066499269,17.083333333333332,14.773809523809522
2011,5,2016,CSMC,Southern Flats,36.916666666666664,32.79637329488144,34.875,35.208333333333336
2011,5,2016,CSMC,Woodman Point,8.366666666666667,22.97308464215938,10.583333333333334,20.854166666666668
2011,5,2016,JBMP,Boullanger Island 2.5,28.583333333333332,35.404770543943776,34.666666666666664,34.720238095238095
2011,5,2016,JBMP,Boullanger Island 5.5,18.333333333333332,30.08211179624858,24.25,30.142857142857142
2011,5,2016,JBMP,Fishermans Island 2.5,31.541666666666668,49.68848766706489,47.041666666666664,50.66666666666667
2011,5,2016,JBMP,Fishermans Island 3.5,29.875,32.32466760249279,19.083333333333332,29.87292960662526
2011,5,2016,JBMP,Fishermans Island 5.5,29.708333333333332,38.016047161901106,31.583333333333332,37.63690476190476
2011,5,2016,SIMP,Bird Island,22.541666666666668,30.95783774657642,23.791666666666668,27.59269323671498
2011,5,2016,SIMP,Mersey Point,35.608695652173914,31.24436749676784,38.25,29.590277777777782
2011,5,2016,SIMP,Warnbro Sound 2.0m,30.708333333333332,37.961375685372026,38.375,43.56944444444444
2011,5,2016,SIMP,Warnbro Sound 2.5m,31.458333333333332,36.023569065688434,35.041666666666664,37.50462962962963
2011,5,2016,SIMP,Warnbro Sound 3.2m,21.583333333333332,29.933613676413515,14.25,29.48148148148148
2011,5,2016,SIMP,Warnbro Sound 5.2m,33.458333333333336,28.24321080441384,24.875,27.523148148148145
2011,5,2016,SIMP,Warnbro Sound 7.0m,13.857142857142858,10.620420815974494,9.916666666666666,10.19047619047619
2012,1,2013,CSMC,Carnac Island,27.666666666666668,26.705181817668237,30.875,29.636904761904763
2012,1,2013,CSMC,Causeway,15.571428571428571,23.574381498363593,18.666666666666668,18.666666666666668
2012,1,2013,CSMC,Coogee,24.25,22.77471570300456,16.666666666666668,23.805555555555557
2012,1,2013,CSMC,Garden Island 2.0m,31.666666666666668,33.356250813487236,35.291666666666664,38.00925925925926
2012,1,2013,CSMC,Garden Island 2.5m,19.0,27.92982314790604,27.625,28.37916666666667
2012,1,2013,CSMC,Garden Island 3.2m,22.541666666666668,26.161615278975116,21.083333333333332,30.570833333333333
2012,1,2013,CSMC,Garden Island 5.5m,18.041666666666668,25.80712947297187,19.166666666666668,30.55
2012,1,2013,CSMC,Garden Island 7.0m,12.291666666666666,19.11917192095127,8.375,20.629710144927536
2012,1,2013,CSMC,Garden Island Settlement,27.916666666666668,27.87587547976634,30.625,33.904761904761905
2012,1,2013,CSMC,Jervoise Bay,10.75,21.93596166123953,14.125,24.104166666666668
2012,1,2013,CSMC,Kwinana,25.375,25.300276130050374,20.458333333333332,30.901041666666668
2012,1,2013,CSMC,Luscombe Bay,29.125,29.27438204328467,31.625,34.023809523809526
2012,1,2013,CSMC,Mangles Bay,17.25,15.970427912471845,12.333333333333334,14.46875
2012,1,2013,CSMC,Southern Flats,33.416666666666664,28.709192253672803,25.0,34.1875
2012,1,2013,CSMC,Woodman Point,7.96,20.679537782478384,7.166666666666667,18.898809523809522
2012,1,2013,SIMP,Becher Point,27.75,23.94859066629778,23.583333333333332,23.583333333333332
2012,1,2013,SIMP,Becher Point SZ,29.904761904761905,27.95361165184573,27.875,27.875
2012,1,2013,SIMP,Bird Island,23.208333333333332,26.87721171761098,20.583333333333332,26.591356107660456
2012,1,2013,SIMP,Mersey Point,19.291666666666668,27.864470109958347,22.541666666666668,28.583333333333336
2012,1,2013,SIMP,Penguin Island,22.958333333333332,27.518626581506123,29.25,29.25
2012,1,2013,SIMP,Port Kennedy,21.833333333333332,26.087895134156156,22.875,22.875
2012,1,2013,SIMP,Seal Island,28.958333333333332,23.628077642120207,22.666666666666668,22.666666666666668
2012,1,2013,SIMP,Warnbro Sound 2.0m,29.833333333333332,31.387670160029895,23.541666666666668,41.56666666666667
2012,1,2013,SIMP,Warnbro Sound 2.5m,39.875,29.851169936961416,24.458333333333332,36.2
2012,1,2013,SIMP,Warnbro Sound 3.2m,18.75,24.322945934436113,10.208333333333334,27.554166666666667
2012,1,2013,SIMP,Warnbro Sound 5.2m,16.666666666666668,22.86225129323092,19.333333333333332,26.70416666666667
2012,1,2013,SIMP,Warnbro Sound 7.0m,7.625,11.412762089282971,9.583333333333334,10.114583333333334
2012,2,2014,CSMC,Carnac Island,33.125,29.702497753081413,30.875,29.636904761904763
2012,2,2014,CSMC,Causeway,12.916666666666666,25.66176722060981,18.666666666666668,18.666666666666668
2012,2,2014,CSMC,Coogee,18.041666666666668,25.42845393204234,16.666666666666668,23.805555555555557
2012,2,2014,CSMC,Garden Island 2.0m,32.375,34.00048256689129,35.291666666666664,38.00925925925926
2012,2,2014,CSMC,Garden Island 2.5m,27.0,28.69954695576159,27.625,28.37916666666667
2012,2,2014,CSMC,Garden Island 3.2m,31.666666666666668,29.121813369040034,21.083333333333332,30.570833333333333
2012,2,2014,CSMC,Garden Island 5.5m,19.833333333333332,29.355036960146343,19.166666666666668,30.55
2012,2,2014,CSMC,Garden Island 7.0m,20.916666666666668,20.666832688091844,8.375,20.629710144927536
2012,2,2014,CSMC,Garden Island Settlement,20.041666666666668,29.65775269807018,30.625,33.904761904761905
2012,2,2014,CSMC,Jervoise Bay,10.375,24.318500942210633,14.125,24.104166666666668
2012,2,2014,CSMC,Kwinana,14.833333333333334,28.392980330684786,20.458333333333332,30.901041666666668
2012,2,2014,CSMC,Luscombe Bay,34.916666666666664,30.539887562794483,31.625,34.023809523809526
2012,2,2014,CSMC,Mangles Bay,12.666666666666666,17.43103608783022,12.333333333333334,14.46875
2012,2,2014,CSMC,Southern Flats,27.791666666666668,30.567843810435072,25.0,34.1875
2012,2,2014,CSMC,Woodman Point,9.466666666666667,23.739873274060546,7.166666666666667,18.898809523809522
2012,2,2014,JBMP,Boullanger Island 2.5,24.875,33.58999660399421,25.0,33.505208333333336
2012,2,2014,JBMP,Boullanger Island 3.5,31.916666666666668,33.10233980619929,29.333333333333332,33.838541666666664
2012,2,2014,JBMP,Boullanger Island 5.5,27.416666666666668,29.35036656131039,27.166666666666668,29.770833333333332
2012,2,2014,JBMP,Fishermans Island 2.5,44.875,47.85692601688435,47.416666666666664,50.260416666666664
2012,2,2014,JBMP,Fishermans Island 3.5,29.041666666666668,32.89524227132413,25.869565217391305,29.372509057971016
2012,2,2014,JBMP,Fishermans Island 5.5,28.75,39.276251293086965,28.916666666666668,36.546875
2012,2,2014,MMP,Burns Rocks,20.166666666666668,11.16222772473921,8.833333333333334,8.833333333333334
2012,2,2014,MMP,Hillarys Channel,18.666666666666668,14.275483291494771,9.583333333333334,8.958333333333334
2012,2,2014,MMP,Mullaloo,14.666666666666666,9.067591487004721,12.875,12.875
2012,2,2014,MMP,North Beach,16.791666666666668,10.684845235964008,12.916666666666666,11.162878787878787
2012,2,2014,MMP,Ocean Reef Outer,15.458333333333334,9.81385677987349,6.583333333333333,5.333333333333333
2012,2,2014,MMP,Sorrento,12.0,10.739345737293718,5.041666666666667,5.041666666666667
2012,2,2014,MMP,Wreck Rock,23.041666666666668,14.336650852739554,9.625,9.625
2012,2,2014,NCMP,Buayanup,48.541666666666664,43.1310616862131,58.041666666666664,58.041666666666664
2012,2,2014,NCMP,Busselton Jetty,44.791666666666664,39.86984598468998,36.791666666666664,36.791666666666664
2012,2,2014,NCMP,Dunsborough,50.166666666666664,44.98132889758969,59.958333333333336,59.958333333333336
2012,2,2014,NCMP,Forrest Beach,43.82608695652174,38.49716447748104,52.125,52.125
2012,2,2014,NCMP,Port Geographe,40.291666666666664,39.66339117172249,36.916666666666664,36.916666666666664
2012,2,2014,NCMP,Vasse Diversion,32.625,39.42257611205055,33.791666666666664,33.791666666666664
2012,2,2014,NCMP,Vasse-Wonnerup,49.958333333333336,36.28049318561707,37.041666666666664,37.041666666666664
2012,2,2014,SIMP,Becher Point,24.291666666666668,28.34824992058733,23.583333333333332,23.583333333333332
2012,2,2014,SIMP,Becher Point SZ,26.541666666666668,30.930920314915564,27.875,27.875
2012,2,2014,SIMP,Bird Island,26.458333333333332,29.168759660922465,20.583333333333332,26.591356107660456
2012,2,2014,SIMP,Mersey Point,24.75,29.860528775764955,22.541666666666668,28.583333333333336
2012,2,2014,SIMP,Penguin Island,19.416666666666668,29.59741777413742,29.25,29.25
2012,2,2014,SIMP,Port Kennedy,31.041666666666668,29.730131496589838,22.875,22.875
2012,2,2014,SIMP,Seal Island,20.5,26.70006030070972,22.666666666666668,22.666666666666668
2012,2,2014,SIMP,Warnbro Sound 2.0m,37.375,35.297634988170856,23.541666666666668,41.56666666666667
2012,2,2014,SIMP,Warnbro Sound 2.5m,36.666666666666664,33.23485290034541,24.458333333333332,36.2
2012,2,2014,SIMP,Warnbro Sound 3.2m,16.916666666666668,28.952459925893343,10.208333333333334,27.554166666666667
2012,2,2014,SIMP,Warnbro Sound 5.2m,21.708333333333332,26.463460316429696,19.333333333333332,26.70416666666667
2012,2,2014,SIMP,Warnbro Sound 7.0m,7.041666666666667,11.976475051433976,9.583333333333334,10.114583333333334
2012,3,2015,CSMC,Carnac Island,32.5,29.23565785829089,30.875,29.636904761904763
2012,3,2015,CSMC,Coogee,27.5,24.787788948550602,16.666666666666668,23.805555555555557
2012,3,2015,CSMC,Garden Island 2.0m,51.166666666666664,34.095017502165376,35.291666666666664,38.00925925925926
2012,3,2015,CSMC,Garden Island 2.5m,30.833333333333332,28.730312758740485,27.625,28.37916666666667
2012,3,2015,CSMC,Garden Island 3.2m,31.625,29.136598167725648,21.083333333333332,30.570833333333333
2012,3,2015,CSMC,Garden Island 5.5m,20.916666666666668,29.361199917576055,19.166666666666668,30.55
2012,3,2015,CSMC,Garden Island 7.0m,23.541666666666668,20.74489499519061,8.375,20.629710144927536
2012,3,2015,CSMC,Garden Island Settlement,19.25,30.13557987697186,30.625,33.904761904761905
2012,3,2015,CSMC,Jervoise Bay,10.916666666666666,24.427168549420582,14.125,24.104166666666668
2012,3,2015,CSMC,Kwinana,26.833333333333332,28.619905198104686,20.458333333333332,30.901041666666668
2012,3,2015,CSMC,Luscombe Bay,34.125,30.59362609524634,31.625,34.023809523809526
2012,3,2015,CSMC,Mangles Bay,11.75,17.131266031137383,12.333333333333334,14.46875
2012,3,2015,CSMC,Southern Flats,33.61904761904762,31.481462434899694,25.0,34.1875
2012,3,2015,CSMC,Woodman Point,7.633333333333334,23.26128121854662,7.166666666666667,18.898809523809522
2012,3,2015,NCMP,Buayanup,58.125,42.60950839449675,58.041666666666664,58.041666666666664
2012,3,2015,NCMP,Busselton Jetty,42.833333333333336,39.4842350326053,36.791666666666664,36.791666666666664
2012,3,2015,NCMP,Dunsborough,54.166666666666664,43.67278871573383,59.958333333333336,59.958333333333336
2012,3,2015,NCMP,Forrest Beach,46.458333333333336,38.249990668349355,52.125,52.125
2012,3,2015,NCMP,Port Geographe,45.375,39.37199295375519,36.916666666666664,36.916666666666664
2012,3,2015,NCMP,Vasse Diversion,33.166666666666664,39.18970417657693,33.791666666666664,33.791666666666664
2012,3,2015,NCMP,Vasse-Wonnerup,47.916666666666664,36.08715685346258,37.041666666666664,37.041666666666664
2012,3,2015,SIMP,Becher Point,24.0,28.408511927518283,23.583333333333332,23.583333333333332
2012,3,2015,SIMP,Bird Island,29.041666666666668,29.569379760704937,20.583333333333332,26.591356107660456
2012,3,2015,SIMP,Mersey Point,19.541666666666668,30.208703591731634,22.541666666666668,28.583333333333336
2012,3,2015,SIMP,Penguin Island,32.166666666666664,29.87547518851751,29.25,29.25
2012,3,2015,SIMP,Seal Island,23.208333333333332,27.121243922861193,22.666666666666668,22.666666666666668
2012,3,2015,SIMP,Warnbro Sound 2.0m,27.958333333333332,35.75842517357087,23.541666666666668,41.56666666666667
2012,3,2015,SIMP,Warnbro Sound 2.5m,38.291666666666664,33.527114263277966,24.458333333333332,36.2
2012,3,2015,SIMP,Warnbro Sound 3.2m,18.333333333333332,29.009883888387503,10.208333333333334,27.554166666666667
2012,3,2015,SIMP,Warnbro Sound 5.2m,28.333333333333332,26.780254501763295,19.333333333333332,26.70416666666667
2012,3,2015,SIMP,Warnbro Sound 7.0m,8.291666666666666,11.941804552322578,9.583333333333334,10.114583333333334
2012,4,2016,CSMC,Carnac Island,31.833333333333332,29.23565785829089,30.875,29.636904761904763
2012,4,2016,CSMC,Causeway,21.333333333333332,26.524965342929992,18.666666666666668,18.666666666666668
2012,4,2016,CSMC,Coogee,21.304347826086957,24.801064411513565,16.666666666666668,23.805555555555557
2012,4,2016,CSMC,Garden Island 2.0m,59.666666666666664,34.66881595457683,35.291666666666664,38.00925925925926
2012,4,2016,CSMC,Garden Island 2.5m,30.583333333333332,28.92658362134874,27.625,28.37916666666667
2012,4,2016,CSMC,Garden Island 3.2m,30.708333333333332,29.5492008751447,21.083333333333332,30.570833333333333
2012,4,2016,CSMC,Garden Island 5.5m,30.5,29.724952718862593,19.166666666666668,30.55
2012,4,2016,CSMC,Garden Island 7.0m,26.875,21.199166638461094,8.375,20.629710144927536
2012,4,2016,CSMC,Garden Island Settlement,56.916666666666664,30.717781308063902,30.625,33.904761904761905
2012,4,2016,CSMC,Jervoise Bay,9.75,25.24709488856387,14.125,24.104166666666668
2012,4,2016,CSMC,Kwinana,21.208333333333332,29.580062272997736,20.458333333333332,30.901041666666668
2012,4,2016,CSMC,Luscombe Bay,37.75,30.955156579431012,31.625,34.023809523809526
2012,4,2016,CSMC,Mangles Bay,12.666666666666666,17.272262191084856,12.333333333333334,14.46875
2012,4,2016,CSMC,Southern Flats,36.916666666666664,31.79045496329688,25.0,34.1875
2012,4,2016,CSMC,Woodman Point,8.366666666666667,23.2547765316658,7.166666666666667,18.898809523809522
2012,4,2016,JBMP,Boullanger Island 2.5,28.583333333333332,33.506630243477716,25.0,33.505208333333336
2012,4,2016,JBMP,Boullanger Island 5.5,18.333333333333332,29.581851938914205,27.166666666666668,29.770833333333332
2012,4,2016,JBMP,Fishermans Island 2.5,31.541666666666668,48.3426205593588,47.416666666666664,50.260416666666664
2012,4,2016,JBMP,Fishermans Island 3.5,29.875,33.45745429290594,25.869565217391305,29.372509057971016
2012,4,2016,JBMP,Fishermans Island 5.5,29.708333333333332,39.39296051414472,28.916666666666668,36.546875
2012,4,2016,NCMP,Buayanup,53.291666666666664,42.73491714687562,58.041666666666664,58.041666666666664
2012,4,2016,NCMP,Busselton Jetty,43.875,39.508032302992916,36.791666666666664,36.791666666666664
2012,4,2016,NCMP,Dunsborough,58.791666666666664,44.59887278407426,59.958333333333336,59.958333333333336
2012,4,2016,NCMP,Forrest Beach,48.0,38.2676857861509,52.125,52.125
2012,4,2016,NCMP,Port Geographe,43.0,39.40612908092144,36.916666666666664,36.916666666666664
2012,4,2016,NCMP,Vasse Diversion,27.791666666666668,39.140924884344734,33.791666666666664,33.791666666666664
2012,4,2016,NCMP,Vasse-Wonnerup,46.291666666666664,35.940086918516286,37.041666666666664,37.041666666666664
2012,4,2016,SIMP,Becher Point,23.17391304347826,28.351983869768542,23.583333333333332,23.583333333333332
2012,4,2016,SIMP,Becher Point SZ,27.375,30.9995428131715,27.875,27.875
2012,4,2016,SIMP,Bird Island,22.541666666666668,29.906331552103282,20.583333333333332,26.591356107660456
2012,4,2016,SIMP,Mersey Point,35.608695652173914,30.51129300783417,22.541666666666668,28.583333333333336
2012,4,2016,SIMP,Penguin Island,27.625,30.01734048147065,29.25,29.25
2012,4,2016,SIMP,Port Kennedy,22.958333333333332,30.332106969199668,22.875,22.875
2012,4,2016,SIMP,Seal Island,22.791666666666668,27.82289502858249,22.666666666666668,22.666666666666668
2012,4,2016,SIMP,Warnbro Sound 2.0m,30.708333333333332,36.46829747753671,23.541666666666668,41.56666666666667
2012,4,2016,SIMP,Warnbro Sound 2.5m,31.458333333333332,33.98265439703211,24.458333333333332,36.2
2012,4,2016,SIMP,Warnbro Sound 3.2m,21.583333333333332,29.509525778376542,10.208333333333334,27.554166666666667
2012,4,2016,SIMP,Warnbro Sound 5.2m,33.458333333333336,27.30256983746926,19.333333333333332,26.70416666666667
2012,4,2016,SIMP,Warnbro Sound 7.0m,13.857142857142858,11.809286186094074,9.583333333333334,10.114583333333334
2012,5,2017,CSMC,Causeway,18.083333333333332,26.553886383988033,18.666666666666668,18.666666666666668
2012,5,2017,CSMC,Coogee,12.5,25.39547422800375,16.666666666666668,23.805555555555557
2012,5,2017,CSMC,Garden Island 2.0m,30.958333333333332,34.29392786087872,35.291666666666664,38.00925925925926
2012,5,2017,CSMC,Garden Island 2.5m,23.333333333333332,28.670613690472806,27.625,28.37916666666667
2012,5,2017,CSMC,Garden Island 3.2m,23.0,29.163148941830762,21.083333333333332,30.570833333333333
2012,5,2017,CSMC,Garden Island 5.5m,13.708333333333334,29.55510747851351,19.166666666666668,30.55
2012,5,2017,CSMC,Garden Island 7.0m,20.041666666666668,20.981244224648066,8.375,20.629710144927536
2012,5,2017,CSMC,Garden Island Settlement,21.083333333333332,29.548026106048063,30.625,33.904761904761905
2012,5,2017,CSMC,Jervoise Bay,1.9583333333333333,24.974807459515798,14.125,24.104166666666668
2012,5,2017,CSMC,Kwinana,26.291666666666668,29.192736993917247,20.458333333333332,30.901041666666668
2012,5,2017,CSMC,Luscombe Bay,22.375,30.472542845908773,31.625,34.023809523809526
2012,5,2017,CSMC,Mangles Bay,10.166666666666666,17.882154651331945,12.333333333333334,14.46875
2012,5,2017,CSMC,Southern Flats,19.916666666666668,30.986635524859913,25.0,34.1875
2012,5,2017,CSMC,Woodman Point,6.133333333333334,23.628959401726153,7.166666666666667,18.898809523809522
2012,5,2017,JBMP,Boullanger Island 2.5,21.041666666666668,33.64437302226194,25.0,33.505208333333336
2012,5,2017,JBMP,Boullanger Island 3.5,15.5,33.17917115295068,29.333333333333332,33.838541666666664
2012,5,2017,JBMP,Boullanger Island 5.5,17.791666666666668,29.617679744336442,27.166666666666668,29.770833333333332
2012,5,2017,JBMP,Fishermans Island 2.5,28.625,48.32027518347697,47.416666666666664,50.260416666666664
2012,5,2017,JBMP,Fishermans Island 3.5,16.958333333333332,33.3326455094658,25.869565217391305,29.372509057971016
2012,5,2017,JBMP,Fishermans Island 5.5,17.5,39.48695618788857,28.916666666666668,36.546875
2012,5,2017,NCMP,Buayanup,56.333333333333336,43.47163915900366,58.041666666666664,58.041666666666664
2012,5,2017,NCMP,Busselton Jetty,43.25,40.33992027248622,36.791666666666664,36.791666666666664
2012,5,2017,NCMP,Dunsborough,56.833333333333336,44.86025016436807,59.958333333333336,59.958333333333336
2012,5,2017,NCMP,Forrest Beach,47.25,39.00234639076872,52.125,52.125
2012,5,2017,NCMP,Port Geographe,32.916666666666664,40.22292175774945,36.916666666666664,36.916666666666664
2012,5,2017,NCMP,Vasse Diversion,33.0,39.89072568110568,33.791666666666664,33.791666666666664
2012,5,2017,NCMP,Vasse-Wonnerup,48.416666666666664,36.5192118044915,37.041666666666664,37.041666666666664
2012,5,2017,SIMP,Becher Point,26.083333333333332,28.627871858163992,23.583333333333332,23.583333333333332
2012,5,2017,SIMP,Becher Point SZ,30.833333333333332,31.1221368879376,27.875,27.875
2012,5,2017,SIMP,Mersey Point,22.625,30.079896460356558,22.541666666666668,28.583333333333336
2012,5,2017,SIMP,Penguin Island,22.791666666666668,29.64682972306474,29.25,29.25
2012,5,2017,SIMP,Port Kennedy,35.625,30.11754209657425,22.875,22.875
2012,5,2017,SIMP,Seal Island,20.625,27.680009404695507,22.666666666666668,22.666666666666668
2012,5,2017,SIMP,Warnbro Sound 2.0m,2.625,35.75298116121246,23.541666666666668,41.56666666666667
2012,5,2017,SIMP,Warnbro Sound 2.5m,32.208333333333336,33.46423382512715,24.458333333333332,36.2
2012,5,2017,SIMP,Warnbro Sound 3.2m,16.916666666666668,29.48349682865443,10.208333333333334,27.554166666666667
2012,5,2017,SIMP,Warnbro Sound 5.2m,20.375,27.243608138707746,19.333333333333332,26.70416666666667
2012,5,2017,SIMP,Warnbro Sound 7.0m,11.25,11.919447121056184,9.583333333333334,10.114583333333334
2013,1,2014,CSMC,Carnac Island,33.125,27.579061778057174,27.666666666666668,29.390625
2013,1,2014,CSMC,Causeway,12.916666666666666,22.246543863830528,15.571428571428571,17.11904761904762
2013,1,2014,CSMC,Coogee,18.041666666666668,23.06075947419482,24.25,23.86904761904762
2013,1,2014,CSMC,Garden Island 2.0m,32.375,33.22912853307476,31.666666666666668,37.375
2013,1,2014,CSMC,Garden Island 2.5m,27.0,27.450852261864238,19.0,27.526515151515152
2013,1,2014,CSMC,Garden Island 3.2m,31.666666666666668,26.12016078378056,22.541666666666668,29.84090909090909
2013,1,2014,CSMC,Garden Island 5.5m,19.833333333333332,25.77777247396546,18.041666666666668,29.41287878787879
2013,1,2014,CSMC,Garden Island 7.0m,20.916666666666668,18.29770591243359,12.291666666666666,19.871706192358367
2013,1,2014,CSMC,Garden Island Settlement,20.041666666666668,27.63443905505126,27.916666666666668,33.15625
2013,1,2014,CSMC,Jervoise Bay,10.375,20.166271818578135,10.75,22.62037037037037
2013,1,2014,CSMC,Kwinana,14.833333333333334,24.215736097471193,25.375,30.287037037037035
2013,1,2014,CSMC,Luscombe Bay,34.916666666666664,28.842636722248226,29.125,33.411458333333336
2013,1,2014,CSMC,Mangles Bay,12.666666666666666,16.7499381905859,17.25,14.777777777777779
2013,1,2014,CSMC,Southern Flats,27.791666666666668,30.38325371280502,33.416666666666664,34.11742424242424
2013,1,2014,CSMC,Woodman Point,9.466666666666667,20.213956650073506,7.96,17.531458333333333
2013,1,2014,JBMP,Boullanger Island 2.5,24.875,33.64259851174151,25.0,33.505208333333336
2013,1,2014,JBMP,Boullanger Island 3.5,31.916666666666668,33.08716701658765,29.333333333333332,33.838541666666664
2013,1,2014,JBMP,Boullanger Island 5.5,27.416666666666668,29.46193949227402,27.166666666666668,29.770833333333332
2013,1,2014,JBMP,Fishermans Island 2.5,44.875,47.3843300816355,47.416666666666664,50.260416666666664
2013,1,2014,JBMP,Fishermans Island 3.5,29.041666666666668,32.803728273621935,25.869565217391305,29.372509057971016
2013,1,2014,JBMP,Fishermans Island 5.5,28.75,39.136282427172645,28.916666666666668,36.546875
2013,1,2014,MMP,Burns Rocks,20.166666666666668,11.53980737222385,8.833333333333334,8.833333333333334
2013,1,2014,MMP,Hillarys Channel,18.666666666666668,13.840199158216947,9.583333333333334,8.958333333333334
2013,1,2014,MMP,Mullaloo,14.666666666666666,9.187837668374803,12.875,12.875
2013,1,2014,MMP,North Beach,16.791666666666668,10.104718048391796,12.916666666666666,11.162878787878787
2013,1,2014,MMP,Ocean Reef Outer,15.458333333333334,8.782283647413584,6.583333333333333,5.333333333333333
2013,1,2014,MMP,Sorrento,12.0,10.21122605256607,5.041666666666667,5.041666666666667
2013,1,2014,MMP,Wreck Rock,23.041666666666668,14.31668810999938,9.625,9.625
2013,1,2014,NCMP,Buayanup,48.541666666666664,43.24224152126058,58.041666666666664,58.041666666666664
2013,1,2014,NCMP,Busselton Jetty,44.791666666666664,39.84826884600572,36.791666666666664,36.791666666666664
2013,1,2014,NCMP,Dunsborough,50.166666666666664,44.80893659054033,59.958333333333336,59.958333333333336
2013,1,2014,NCMP,Forrest Beach,43.82608695652174,37.81560168014735,52.125,52.125
2013,1,2014,NCMP,Port Geographe,40.291666666666664,39.251578058515555,36.916666666666664,36.916666666666664
2013,1,2014,NCMP,Vasse Diversion,32.625,39.454987877678555,33.791666666666664,33.791666666666664
2013,1,2014,NCMP,Vasse-Wonnerup,49.958333333333336,35.83462092759129,37.041666666666664,37.041666666666664
2013,1,2014,SIMP,Becher Point,24.291666666666668,25.872831673411042,27.75,25.666666666666664
2013,1,2014,SIMP,Becher Point SZ,26.541666666666668,28.544254469182384,29.904761904761905,28.889880952380953
2013,1,2014,SIMP,Bird Island,26.458333333333332,26.517532822330377,23.208333333333332,26.168478260869566
2013,1,2014,SIMP,Mersey Point,24.75,27.22587981531683,19.291666666666668,27.421875
2013,1,2014,SIMP,Penguin Island,19.416666666666668,26.976877558834065,22.958333333333332,26.104166666666664
2013,1,2014,SIMP,Port Kennedy,31.041666666666668,25.197134340209143,21.833333333333332,22.354166666666664
2013,1,2014,SIMP,Seal Island,20.5,23.919827157471662,28.958333333333332,25.8125
2013,1,2014,SIMP,Warnbro Sound 2.0m,37.375,31.12750707088562,29.833333333333332,40.5
2013,1,2014,SIMP,Warnbro Sound 2.5m,36.666666666666664,30.077994355893296,39.875,36.53409090909091
2013,1,2014,SIMP,Warnbro Sound 3.2m,16.916666666666668,23.667885454484143,18.75,26.75378787878788
2013,1,2014,SIMP,Warnbro Sound 5.2m,21.708333333333332,23.2025781871331,16.666666666666668,25.791666666666664
2013,1,2014,SIMP,Warnbro Sound 7.0m,7.041666666666667,10.625224801971871,7.625,9.837962962962964
2013,2,2015,CSMC,Carnac Island,32.5,29.013594496537255,27.666666666666668,29.390625
2013,2,2015,CSMC,Coogee,27.5,23.561249629505618,24.25,23.86904761904762
2013,2,2015,CSMC,Garden Island 2.0m,51.166666666666664,34.27857834503697,31.666666666666668,37.375
2013,2,2015,CSMC,Garden Island 2.5m,30.833333333333332,28.172920295238193,19.0,27.526515151515152
2013,2,2015,CSMC,Garden Island 3.2m,31.625,28.047634285854233,22.541666666666668,29.84090909090909
2013,2,2015,CSMC,Garden Island 5.5m,20.916666666666668,28.376461021110494,18.041666666666668,29.41287878787879
2013,2,2015,CSMC,Garden Island 7.0m,23.541666666666668,19.923648354367952,12.291666666666666,19.871706192358367
2013,2,2015,CSMC,Garden Island Settlement,19.25,28.821608135130095,27.916666666666668,33.15625
2013,2,2015,CSMC,Jervoise Bay,10.916666666666666,22.857293306004994,10.75,22.62037037037037
2013,2,2015,CSMC,Kwinana,26.833333333333332,27.840562658236855,25.375,30.287037037037035
2013,2,2015,CSMC,Luscombe Bay,34.125,29.734930608741184,29.125,33.411458333333336
2013,2,2015,CSMC,Mangles Bay,11.75,16.490330797164876,17.25,14.777777777777779
2013,2,2015,CSMC,Southern Flats,33.61904761904762,31.6785174145033,33.416666666666664,34.11742424242424
2013,2,2015,CSMC,Woodman Point,7.633333333333334,22.093274368148226,7.96,17.531458333333333
2013,2,2015,NCMP,Buayanup,58.125,42.73473748497213,58.041666666666664,58.041666666666664
2013,2,2015,NCMP,Busselton Jetty,42.833333333333336,39.3184840046645,36.791666666666664,36.791666666666664
2013,2,2015,NCMP,Dunsborough,54.166666666666664,43.80862268577057,59.958333333333336,59.958333333333336
2013,2,2015,NCMP,Forrest Beach,46.458333333333336,37.55684164725553,52.125,52.125
2013,2,2015,NCMP,Port Geographe,45.375,39.03792629767744,36.916666666666664,36.916666666666664
2013,2,2015,NCMP,Vasse Diversion,33.166666666666664,39.18600807549269,33.791666666666664,33.791666666666664
2013,2,2015,NCMP,Vasse-Wonnerup,47.916666666666664,35.643499378288816,37.041666666666664,37.041666666666664
2013,2,2015,SIMP,Becher Point,24.0,29.165322941944027,27.75,25.666666666666664
2013,2,2015,SIMP,Bird Island,29.041666666666668,29.497413442973777,23.208333333333332,26.168478260869566
2013,2,2015,SIMP,Mersey Point,19.541666666666668,29.911363784348215,19.291666666666668,27.421875
2013,2,2015,SIMP,Penguin Island,32.166666666666664,29.48364748398358,22.958333333333332,26.104166666666664
2013,2,2015,SIMP,Seal Island,23.208333333333332,26.485559112119514,28.958333333333332,25.8125
2013,2,2015,SIMP,Warnbro Sound 2.0m,27.958333333333332,35.92816106582551,29.833333333333332,40.5
2013,2,2015,SIMP,Warnbro Sound 2.5m,38.291666666666664,33.327736706252445,39.875,36.53409090909091
2013,2,2015,SIMP,Warnbro Sound 3.2m,18.333333333333332,28.76051059034919,18.75,26.75378787878788
2013,2,2015,SIMP,Warnbro Sound 5.2m,28.333333333333332,26.732252460119437,16.666666666666668,25.791666666666664
2013,2,2015,SIMP,Warnbro Sound 7.0m,8.291666666666666,11.426807788372203,7.625,9.837962962962964
2013,3,2016,CSMC,Carnac Island,31.833333333333332,29.013594496537255,27.666666666666668,29.390625
2013,3,2016,CSMC,Causeway,21.333333333333332,24.74613959823857,15.571428571428571,17.11904761904762
2013,3,2016,CSMC,Coogee,21.304347826086957,23.566669046893786,24.25,23.86904761904762
2013,3,2016,CSMC,Garden Island 2.0m,59.666666666666664,34.88538913244611,31.666666666666668,37.375
2013,3,2016,CSMC,Garden Island 2.5m,30.583333333333332,28.48848804683713,19.0,27.526515151515152
2013,3,2016,CSMC,Garden Island 3.2m,30.708333333333332,28.41092829965616,22.541666666666668,29.84090909090909
2013,3,2016,CSMC,Garden Island 5.5m,30.5,28.85622523411929,18.041666666666668,29.41287878787879
2013,3,2016,CSMC,Garden Island 7.0m,26.875,20.739324505121914,12.291666666666666,19.871706192358367
2013,3,2016,CSMC,Garden Island Settlement,56.916666666666664,29.402653845179515,27.916666666666668,33.15625
2013,3,2016,CSMC,Jervoise Bay,9.75,24.258489541306734,10.75,22.62037037037037
2013,3,2016,CSMC,Kwinana,21.208333333333332,28.71897686322734,25.375,30.287037037037035
2013,3,2016,CSMC,Luscombe Bay,37.75,29.910987179399786,29.125,33.411458333333336
2013,3,2016,CSMC,Mangles Bay,12.666666666666666,16.771492889652034,17.25,14.777777777777779
2013,3,2016,CSMC,Southern Flats,36.916666666666664,31.82611235995569,33.416666666666664,34.11742424242424
2013,3,2016,CSMC,Woodman Point,8.366666666666667,22.005134868685,7.96,17.531458333333333
2013,3,2016,JBMP,Boullanger Island 2.5,28.583333333333332,33.74948316856082,25.0,33.505208333333336
2013,3,2016,JBMP,Boullanger Island 5.5,18.333333333333332,29.84816464245092,27.166666666666668,29.770833333333332
2013,3,2016,JBMP,Fishermans Island 2.5,31.541666666666668,47.7075748671441,47.416666666666664,50.260416666666664
2013,3,2016,JBMP,Fishermans Island 3.5,29.875,33.18924745043277,25.869565217391305,29.372509057971016
2013,3,2016,JBMP,Fishermans Island 5.5,29.708333333333332,39.015545298460005,28.916666666666668,36.546875
2013,3,2016,NCMP,Buayanup,53.291666666666664,42.881618133677954,58.041666666666664,58.041666666666664
2013,3,2016,NCMP,Busselton Jetty,43.875,39.34198745662719,36.791666666666664,36.791666666666664
2013,3,2016,NCMP,Dunsborough,58.791666666666664,44.12833585381852,59.958333333333336,59.958333333333336
2013,3,2016,NCMP,Forrest Beach,48.0,37.56094278381523,52.125,52.125
2013,3,2016,NCMP,Port Geographe,43.0,39.0609815486865,36.916666666666664,36.916666666666664
2013,3,2016,NCMP,Vasse Diversion,27.791666666666668,39.146666447406275,33.791666666666664,33.791666666666664
2013,3,2016,NCMP,Vasse-Wonnerup,46.291666666666664,35.511018134039915,37.041666666666664,37.041666666666664
2013,3,2016,SIMP,Becher Point,23.17391304347826,28.641025892207185,27.75,25.666666666666664
2013,3,2016,SIMP,Becher Point SZ,27.375,30.955168934680835,29.904761904761905,28.889880952380953
2013,3,2016,SIMP,Bird Island,22.541666666666668,29.810697942229847,23.208333333333332,26.168478260869566
2013,3,2016,SIMP,Mersey Point,35.608695652173914,29.937935067571956,19.291666666666668,27.421875
2013,3,2016,SIMP,Penguin Island,27.625,29.57062307752059,22.958333333333332,26.104166666666664
2013,3,2016,SIMP,Port Kennedy,22.958333333333332,30.06540618265441,21.833333333333332,22.354166666666664
2013,3,2016,SIMP,Seal Island,22.791666666666668,26.969790688717346,28.958333333333332,25.8125
2013,3,2016,SIMP,Warnbro Sound 2.0m,30.708333333333332,36.40096712349808,29.833333333333332,40.5
2013,3,2016,SIMP,Warnbro Sound 2.5m,31.458333333333332,33.683452714809654,39.875,36.53409090909091
2013,3,2016,SIMP,Warnbro Sound 3.2m,21.583333333333332,29.339496335075687,18.75,26.75378787878788
2013,3,2016,SIMP,Warnbro Sound 5.2m,33.458333333333336,27.184294461654865,16.666666666666668,25.791666666666664
2013,3,2016,SIMP,Warnbro Sound 7.0m,13.857142857142858,11.380437530040886,7.625,9.837962962962964
2013,4,2017,CSMC,Causeway,18.083333333333332,24.820070511213945,15.571428571428571,17.11904761904762
2013,4,2017,CSMC,Coogee,12.5,24.224854879304974,24.25,23.86904761904762
2013,4,2017,CSMC,Garden Island 2.0m,30.958333333333332,34.420492697144006,31.666666666666668,37.375
2013,4,2017,CSMC,Garden Island 2.5m,23.333333333333332,28.07961148512123,19.0,27.526515151515152
2013,4,2017,CSMC,Garden Island 3.2m,23.0,28.03561987670306,22.541666666666668,29.84090909090909
2013,4,2017,CSMC,Garden Island 5.5m,13.708333333333334,28.612890070312307,18.041666666666668,29.41287878787879
2013,4,2017,CSMC,Garden Island 7.0m,20.041666666666668,20.37367143358864,12.291666666666666,19.871706192358367
2013,4,2017,CSMC,Garden Island Settlement,21.083333333333332,28.083560058239314,27.916666666666668,33.15625
2013,4,2017,CSMC,Jervoise Bay,1.9583333333333333,23.826440872784904,10.75,22.62037037037037
2013,4,2017,CSMC,Kwinana,26.291666666666668,28.37819914231628,25.375,30.287037037037035
2013,4,2017,CSMC,Luscombe Bay,22.375,29.535344847674914,29.125,33.411458333333336
2013,4,2017,CSMC,Mangles Bay,10.166666666666666,17.796449491745264,17.25,14.777777777777779
2013,4,2017,CSMC,Southern Flats,19.916666666666668,31.208928533042407,33.416666666666664,34.11742424242424
2013,4,2017,CSMC,Woodman Point,6.133333333333334,22.70571831086366,7.96,17.531458333333333
2013,4,2017,JBMP,Boullanger Island 2.5,21.041666666666668,33.817681168117296,25.0,33.505208333333336
2013,4,2017,JBMP,Boullanger Island 3.5,15.5,33.302788504198254,29.333333333333332,33.838541666666664
2013,4,2017,JBMP,Boullanger Island 5.5,17.791666666666668,29.879732641933334,27.166666666666668,29.770833333333332
2013,4,2017,JBMP,Fishermans Island 2.5,28.625,47.73523927263694,47.416666666666664,50.260416666666664
2013,4,2017,JBMP,Fishermans Island 3.5,16.958333333333332,33.023411271012336,25.869565217391305,29.372509057971016
2013,4,2017,JBMP,Fishermans Island 5.5,17.5,39.132774256448464,28.916666666666668,36.546875
2013,4,2017,NCMP,Buayanup,56.333333333333336,43.57659872842373,58.041666666666664,58.041666666666664
2013,4,2017,NCMP,Busselton Jetty,43.25,40.21475858285234,36.791666666666664,36.791666666666664
2013,4,2017,NCMP,Dunsborough,56.833333333333336,44.5599209128064,59.958333333333336,59.958333333333336
2013,4,2017,NCMP,Forrest Beach,47.25,38.2113005171397,52.125,52.125
2013,4,2017,NCMP,Port Geographe,32.916666666666664,39.86171087427066,36.916666666666664,36.916666666666664
2013,4,2017,NCMP,Vasse Diversion,33.0,39.91907841669368,33.791666666666664,33.791666666666664
2013,4,2017,NCMP,Vasse-Wonnerup,48.416666666666664,36.12773737941812,37.041666666666664,37.041666666666664
2013,4,2017,SIMP,Becher Point,26.083333333333332,29.004190237632635,27.75,25.666666666666664
2013,4,2017,SIMP,Becher Point SZ,30.833333333333332,31.09108004124212,29.904761904761905,28.889880952380953
2013,4,2017,SIMP,Mersey Point,22.625,29.648989645371113,19.291666666666668,27.421875
2013,4,2017,SIMP,Penguin Island,22.791666666666668,29.303758029127707,22.958333333333332,26.104166666666664
2013,4,2017,SIMP,Port Kennedy,35.625,29.81460942828793,21.833333333333332,22.354166666666664
2013,4,2017,SIMP,Seal Island,20.625,26.913504452134067,28.958333333333332,25.8125
2013,4,2017,SIMP,Warnbro Sound 2.0m,2.625,35.752477930308544,29.833333333333332,40.5
2013,4,2017,SIMP,Warnbro Sound 2.5m,32.208333333333336,33.15487323196986,39.875,36.53409090909091
2013,4,2017,SIMP,Warnbro Sound 3.2m,16.916666666666668,29.196701131555475,18.75,26.75378787878788
2013,4,2017,SIMP,Warnbro Sound 5.2m,20.375,27.126395225280465,16.666666666666668,25.791666666666664
2013,4,2017,SIMP,Warnbro Sound 7.0m,11.25,11.387401321640457,7.625,9.837962962962964
2013,5,2018,CSMC,Carnac Island,35.0,29.89135672824873,27.666666666666668,29.390625
2013,5,2018,CSMC,Causeway,17.083333333333332,23.47565396130111,15.571428571428571,17.11904761904762
2013,5,2018,CSMC,Coogee,15.625,24.311020942169247,24.25,23.86904761904762
2013,5,2018,CSMC,Garden Island 2.0m,34.0,35.372192371495565,31.666666666666668,37.375
2013,5,2018,CSMC,Garden Island 2.5m,26.25,30.02341763996202,19.0,27.526515151515152
2013,5,2018,CSMC,Garden Island 3.2m,29.583333333333332,29.86986712516356,22.541666666666668,29.84090909090909
2013,5,2018,CSMC,Garden Island 5.5m,22.458333333333332,30.30737516454386,18.041666666666668,29.41287878787879
2013,5,2018,CSMC,Garden Island 7.0m,21.208333333333332,21.76918949443299,12.291666666666666,19.871706192358367
2013,5,2018,CSMC,Garden Island Settlement,31.25,30.17928875917978,27.916666666666668,33.15625
2013,5,2018,CSMC,Jervoise Bay,3.8333333333333335,24.48016879829059,10.75,22.62037037037037
2013,5,2018,CSMC,Kwinana,29.458333333333332,28.352804796153467,25.375,30.287037037037035
2013,5,2018,CSMC,Luscombe Bay,41.833333333333336,30.776108810380787,29.125,33.411458333333336
2013,5,2018,CSMC,Mangles Bay,7.083333333333333,17.10798842005491,17.25,14.777777777777779
2013,5,2018,CSMC,Southern Flats,29.083333333333332,31.47735160717065,33.416666666666664,34.11742424242424
2013,5,2018,CSMC,Woodman Point,3.2666666666666666,20.61964666897988,7.96,17.531458333333333
2013,5,2018,JBMP,Boullanger Island 2.5,26.083333333333332,33.93036086378965,25.0,33.505208333333336
2013,5,2018,JBMP,Boullanger Island 3.5,31.375,33.505370517669895,29.333333333333332,33.838541666666664
2013,5,2018,JBMP,Boullanger Island 5.5,25.772727272727273,30.564964156149102,27.166666666666668,29.770833333333332
2013,5,2018,JBMP,Fishermans Island 2.5,31.541666666666668,48.29701739446548,47.416666666666664,50.260416666666664
2013,5,2018,JBMP,Fishermans Island 3.5,31.695652173913043,33.79556470374775,25.869565217391305,29.372509057971016
2013,5,2018,JBMP,Fishermans Island 5.5,29.333333333333332,39.48750205464999,28.916666666666668,36.546875
2013,5,2018,MMP,Burns Rocks,15.041666666666666,11.704387339165454,8.833333333333334,8.833333333333334
2013,5,2018,MMP,Hillarys Channel,18.041666666666668,14.00545538336648,9.583333333333334,8.958333333333334
2013,5,2018,MMP,Mullaloo,13.625,9.317172733299174,12.875,12.875
2013,5,2018,MMP,North Beach,18.708333333333332,10.153436987610188,12.916666666666666,11.162878787878787
2013,5,2018,MMP,Ocean Reef Outer,12.458333333333334,8.840366217733761,6.583333333333333,5.333333333333333
2013,5,2018,MMP,Sorrento,10.25,10.24015461495312,5.041666666666667,5.041666666666667
2013,5,2018,MMP,Wreck Rock,16.136363636363637,14.451290765624305,9.625,9.625
2013,5,2018,NCMP,Buayanup,54.041666666666664,43.548324328650466,58.041666666666664,58.041666666666664
2013,5,2018,NCMP,Busselton Jetty,41.583333333333336,40.15105846301613,36.791666666666664,36.791666666666664
2013,5,2018,NCMP,Dunsborough,52.208333333333336,45.89758911255317,59.958333333333336,59.958333333333336
2013,5,2018,NCMP,Forrest Beach,51.458333333333336,38.263105843849665,52.125,52.125
2013,5,2018,NCMP,Port Geographe,48.375,39.81069083519809,36.916666666666664,36.916666666666664
2013,5,2018,NCMP,Vasse Diversion,36.583333333333336,39.89594069599549,33.791666666666664,33.791666666666664
2013,5,2018,NCMP,Vasse-Wonnerup,45.34782608695652,36.16346426002542,37.041666666666664,37.041666666666664
2013,5,2018,SIMP,Becher Point,29.416666666666668,28.588633123724605,27.75,25.666666666666664
2013,5,2018,SIMP,Becher Point SZ,39.25,31.225803682482553,29.904761904761905,28.889880952380953
2013,5,2018,SIMP,Bird Island,24.125,29.497253854130996,23.208333333333332,26.168478260869566
2013,5,2018,SIMP,Mersey Point,22.916666666666668,29.82333489624855,19.291666666666668,27.421875
2013,5,2018,SIMP,Penguin Island,27.347826086956523,29.542440380086354,22.958333333333332,26.104166666666664
2013,5,2018,SIMP,Port Kennedy,30.91304347826087,29.589999133494068,21.833333333333332,22.354166666666664
2013,5,2018,SIMP,Seal Island,24.958333333333332,25.938458767681343,28.958333333333332,25.8125
2013,5,2018,SIMP,Warnbro Sound 2.0m,0.0,36.36057734099464,29.833333333333332,40.5
2013,5,2018,SIMP,Warnbro Sound 2.5m,30.291666666666668,33.649443104260726,39.875,36.53409090909091
2013,5,2018,SIMP,Warnbro Sound 3.2m,3.625,29.53787819227536,18.75,26.75378787878788
2013,5,2018,SIMP,Warnbro Sound 5.2m,20.416666666666668,27.2517224809711,16.666666666666668,25.791666666666664
2013,5,2018,SIMP,Warnbro Sound 7.0m,10.0,11.630568329624106,7.625,9.837962962962964
2014,1,2015,CSMC,Carnac Island,32.5,26.99329530947783,33.125,29.805555555555557
2014,1,2015,CSMC,Coogee,27.5,22.82794581382335,18.041666666666668,23.140625
2014,1,2015,CSMC,Garden Island 2.0m,51.166666666666664,33.65588266325529,32.375,36.92045454545455
2014,1,2015,CSMC,Garden Island 2.5m,30.833333333333332,27.591424544896782,27.0,27.48263888888889
2014,1,2015,CSMC,Garden Island 3.2m,31.625,26.819887961577763,31.666666666666668,29.993055555555557
2014,1,2015,CSMC,Garden Island 5.5m,20.916666666666668,25.429326876475063,19.833333333333332,28.614583333333332
2014,1,2015,CSMC,Garden Island 7.0m,23.541666666666668,19.702657208330425,20.916666666666668,19.95878623188406
2014,1,2015,CSMC,Garden Island Settlement,19.25,27.89037392246632,20.041666666666668,31.699074074074076
2014,1,2015,CSMC,Jervoise Bay,10.916666666666666,19.7197023302953,10.375,21.395833333333336
2014,1,2015,CSMC,Kwinana,26.833333333333332,24.322153673429774,14.833333333333334,28.741666666666667
2014,1,2015,CSMC,Luscombe Bay,34.125,30.288155494177015,34.916666666666664,33.5787037037037
2014,1,2015,CSMC,Mangles Bay,11.75,16.117698637006047,12.666666666666666,14.566666666666666
2014,1,2015,CSMC,Southern Flats,33.61904761904762,30.752446629376355,27.791666666666668,33.59027777777778
2014,1,2015,CSMC,Woodman Point,7.633333333333334,18.328616390460493,9.466666666666667,16.63537037037037
2014,1,2015,NCMP,Buayanup,58.125,48.112401158670025,48.541666666666664,53.291666666666664
2014,1,2015,NCMP,Busselton Jetty,42.833333333333336,41.16166129312768,44.791666666666664,40.791666666666664
2014,1,2015,NCMP,Dunsborough,54.166666666666664,48.87079999526935,50.166666666666664,55.0625
2014,1,2015,NCMP,Forrest Beach,46.458333333333336,42.097116052840605,43.82608695652174,47.975543478260875
2014,1,2015,NCMP,Port Geographe,45.375,40.20708114040672,40.291666666666664,38.604166666666664
2014,1,2015,NCMP,Vasse Diversion,33.166666666666664,38.662859295122395,32.625,33.20833333333333
2014,1,2015,NCMP,Vasse-Wonnerup,47.916666666666664,40.35183784784308,49.958333333333336,43.5
2014,1,2015,SIMP,Becher Point,24.0,24.66363009357605,24.291666666666668,25.208333333333332
2014,1,2015,SIMP,Bird Island,29.041666666666668,27.379571203354978,26.458333333333332,26.200684380032207
2014,1,2015,SIMP,Mersey Point,19.541666666666668,28.27076920531971,24.75,27.125
2014,1,2015,SIMP,Penguin Island,32.166666666666664,26.589996594588985,19.416666666666668,23.875
2014,1,2015,SIMP,Seal Island,23.208333333333332,23.55490319699136,20.5,24.041666666666668
2014,1,2015,SIMP,Warnbro Sound 2.0m,27.958333333333332,33.25261159385197,37.375,40.239583333333336
2014,1,2015,SIMP,Warnbro Sound 2.5m,38.291666666666664,31.64610783166684,36.666666666666664,36.54513888888889
2014,1,2015,SIMP,Warnbro Sound 3.2m,18.333333333333332,23.03336467435186,16.916666666666668,25.934027777777775
2014,1,2015,SIMP,Warnbro Sound 5.2m,28.333333333333332,22.912676322418328,21.708333333333332,25.45138888888889
2014,1,2015,SIMP,Warnbro Sound 7.0m,8.291666666666666,10.122530284816753,7.041666666666667,9.558333333333334
2014,2,2016,CSMC,Carnac Island,31.833333333333332,28.14144705726468,33.125,29.805555555555557
2014,2,2016,CSMC,Causeway,21.333333333333332,24.69461632468564,12.916666666666666,15.718253968253968
2014,2,2016,CSMC,Coogee,21.304347826086957,23.576673541440154,18.041666666666668,23.140625
2014,2,2016,CSMC,Garden Island 2.0m,59.666666666666664,35.1364213816237,32.375,36.92045454545455
2014,2,2016,CSMC,Garden Island 2.5m,30.583333333333332,28.44953991559982,27.0,27.48263888888889
2014,2,2016,CSMC,Garden Island 3.2m,30.708333333333332,28.72135816294427,31.666666666666668,29.993055555555557
2014,2,2016,CSMC,Garden Island 5.5m,30.5,28.569016887362945,19.833333333333332,28.614583333333332
2014,2,2016,CSMC,Garden Island 7.0m,26.875,21.314538268370548,20.916666666666668,19.95878623188406
2014,2,2016,CSMC,Garden Island Settlement,56.916666666666664,29.56184813816345,20.041666666666668,31.699074074074076
2014,2,2016,CSMC,Jervoise Bay,9.75,22.561696863340618,10.375,21.395833333333336
2014,2,2016,CSMC,Kwinana,21.208333333333332,28.06662708756119,14.833333333333334,28.741666666666667
2014,2,2016,CSMC,Luscombe Bay,37.75,30.963017776041287,34.916666666666664,33.5787037037037
2014,2,2016,CSMC,Mangles Bay,12.666666666666666,16.284998742856228,12.666666666666666,14.566666666666666
2014,2,2016,CSMC,Southern Flats,36.916666666666664,31.956413580479122,27.791666666666668,33.59027777777778
2014,2,2016,CSMC,Woodman Point,8.366666666666667,21.063316177207444,9.466666666666667,16.63537037037037
2014,2,2016,JBMP,Boullanger Island 2.5,28.583333333333332,32.7346243891098,24.875,32.5462962962963
2014,2,2016,JBMP,Boullanger Island 5.5,18.333333333333332,29.84325996323531,27.416666666666668,29.509259259259256
2014,2,2016,JBMP,Cervantes Island,24.75,32.49621703839983,29.125,29.125
2014,2,2016,JBMP,Fishermans Island 2.5,31.541666666666668,46.54682298232996,44.875,49.66203703703704
2014,2,2016,JBMP,Fishermans Island 3.5,29.875,33.16685536083364,29.041666666666668,29.335748792270536
2014,2,2016,JBMP,Fishermans Island 5.5,29.708333333333332,38.35779879009889,28.75,35.68055555555556
2014,2,2016,JBMP,Green Island,12.875,31.33198342758967,33.583333333333336,33.583333333333336
2014,2,2016,JBMP,Jurien Impact Site 2.5,32.875,32.68105401853259,40.541666666666664,40.541666666666664
2014,2,2016,JBMP,Kangaroo Point,28.875,32.40627299236722,33.791666666666664,33.791666666666664
2014,2,2016,NCMP,Buayanup,53.291666666666664,48.20104357950402,48.541666666666664,53.291666666666664
2014,2,2016,NCMP,Busselton Jetty,43.875,40.941605768723875,44.791666666666664,40.791666666666664
2014,2,2016,NCMP,Dunsborough,58.791666666666664,48.70594154470473,50.166666666666664,55.0625
2014,2,2016,NCMP,Forrest Beach,48.0,42.3458011566609,43.82608695652174,47.975543478260875
2014,2,2016,NCMP,Port Geographe,43.0,40.381465889380245,40.291666666666664,38.604166666666664
2014,2,2016,NCMP,Vasse Diversion,27.791666666666668,38.69911054990625,32.625,33.20833333333333
2014,2,2016,NCMP,Vasse-Wonnerup,46.291666666666664,40.586233970038116,49.958333333333336,43.5
2014,2,2016,SIMP,Becher Point,23.17391304347826,28.277201522919476,24.291666666666668,25.208333333333332
2014,2,2016,SIMP,Becher Point SZ,27.375,30.48122732929502,26.541666666666668,28.107142857142858
2014,2,2016,SIMP,Bird Island,22.541666666666668,30.202471357641993,26.458333333333332,26.200684380032207
2014,2,2016,SIMP,Mersey Point,35.608695652173914,30.593491199157256,24.75,27.125
2014,2,2016,SIMP,Penguin Island,27.625,29.852749153067602,19.416666666666668,23.875
2014,2,2016,SIMP,Port Kennedy,22.958333333333332,29.072957025241248,31.041666666666668,25.25
2014,2,2016,SIMP,Seal Island,22.791666666666668,27.51816302239765,20.5,24.041666666666668
2014,2,2016,SIMP,Warnbro Sound 2.0m,30.708333333333332,36.85137444689777,37.375,40.239583333333336
2014,2,2016,SIMP,Warnbro Sound 2.5m,31.458333333333332,34.179118765378846,36.666666666666664,36.54513888888889
2014,2,2016,SIMP,Warnbro Sound 3.2m,21.583333333333332,29.561914298461513,16.916666666666668,25.934027777777775
2014,2,2016,SIMP,Warnbro Sound 5.2m,33.458333333333336,27.199699855403022,21.708333333333332,25.45138888888889
2014,2,2016,SIMP,Warnbro Sound 7.0m,13.857142857142858,12.333008902322705,7.041666666666667,9.558333333333334
2014,3,2017,CSMC,Causeway,18.083333333333332,25.30460279626893,12.916666666666666,15.718253968253968
2014,3,2017,CSMC,Coogee,12.5,24.23427164765385,18.041666666666668,23.140625
2014,3,2017,CSMC,Garden Island 2.0m,30.958333333333332,34.656843767274964,32.375,36.92045454545455
2014,3,2017,CSMC,Garden Island 2.5m,23.333333333333332,28.096821455201255,27.0,27.48263888888889
2014,3,2017,CSMC,Garden Island 3.2m,23.0,28.248686770695894,31.666666666666668,29.993055555555557
2014,3,2017,CSMC,Garden Island 5.5m,13.708333333333334,28.12948823564841,19.833333333333332,28.614583333333332
2014,3,2017,CSMC,Garden Island 7.0m,20.041666666666668,21.044287206656445,20.916666666666668,19.95878623188406
2014,3,2017,CSMC,Garden Island Settlement,21.083333333333332,27.92031646873392,20.041666666666668,31.699074074074076
2014,3,2017,CSMC,Jervoise Bay,1.9583333333333333,22.26587288045685,10.375,21.395833333333336
2014,3,2017,CSMC,Kwinana,26.291666666666668,27.643991828016368,14.833333333333334,28.741666666666667
2014,3,2017,CSMC,Luscombe Bay,22.375,30.564201012196385,34.916666666666664,33.5787037037037
2014,3,2017,CSMC,Mangles Bay,10.166666666666666,17.523054595872107,12.666666666666666,14.566666666666666
2014,3,2017,CSMC,Southern Flats,19.916666666666668,31.653352664654545,27.791666666666668,33.59027777777778
2014,3,2017,CSMC,Woodman Point,6.133333333333334,21.62400238729299,9.466666666666667,16.63537037037037
2014,3,2017,JBMP,Boullanger Island 2.5,21.041666666666668,32.677972313444585,24.875,32.5462962962963
2014,3,2017,JBMP,Boullanger Island 3.5,15.5,32.429098332084344,31.916666666666668,33.625
2014,3,2017,JBMP,Boullanger Island 5.5,17.791666666666668,29.816350447093914,27.416666666666668,29.509259259259256
2014,3,2017,JBMP,Cervantes Island,24.791666666666668,32.320910254126346,29.125,29.125
2014,3,2017,JBMP,Fishermans Island 2.5,28.625,46.540042901082046,44.875,49.66203703703704
2014,3,2017,JBMP,Fishermans Island 3.5,16.958333333333332,32.990575153462174,29.041666666666668,29.335748792270536
2014,3,2017,JBMP,Fishermans Island 5.5,17.5,38.4353281039228,28.75,35.68055555555556
2014,3,2017,JBMP,Green Island,13.458333333333334,31.356900738455806,33.583333333333336,33.583333333333336
2014,3,2017,JBMP,Jurien Impact Site 2.5,30.25,32.55475951847246,40.541666666666664,40.541666666666664
2014,3,2017,JBMP,Kangaroo Point,22.208333333333332,32.48535897537576,33.791666666666664,33.791666666666664
2014,3,2017,NCMP,Buayanup,56.333333333333336,48.25279233060194,48.541666666666664,53.291666666666664
2014,3,2017,NCMP,Busselton Jetty,43.25,40.863616358610365,44.791666666666664,40.791666666666664
2014,3,2017,NCMP,Dunsborough,56.833333333333336,48.757680058518304,50.166666666666664,55.0625
2014,3,2017,NCMP,Forrest Beach,47.25,42.17791137377201,43.82608695652174,47.975543478260875
2014,3,2017,NCMP,Port Geographe,32.916666666666664,40.259578480777705,40.291666666666664,38.604166666666664
2014,3,2017,NCMP,Vasse Diversion,33.0,38.702217915869596,32.625,33.20833333333333
2014,3,2017,NCMP,Vasse-Wonnerup,48.416666666666664,40.37788243627262,49.958333333333336,43.5
2014,3,2017,SIMP,Becher Point,26.083333333333332,28.350295336844834,24.291666666666668,25.208333333333332
2014,3,2017,SIMP,Becher Point SZ,30.833333333333332,30.32262362275287,26.541666666666668,28.107142857142858
2014,3,2017,SIMP,Mersey Point,22.625,30.2421648821594,24.75,27.125
2014,3,2017,SIMP,Penguin Island,22.791666666666668,29.498583519857256,19.416666666666668,23.875
2014,3,2017,SIMP,Port Kennedy,35.625,28.840395595424244,31.041666666666668,25.25
2014,3,2017,SIMP,Seal Island,20.625,27.54346247148562,20.5,24.041666666666668
2014,3,2017,SIMP,Warnbro Sound 2.0m,2.625,36.25285172935025,37.375,40.239583333333336
2014,3,2017,SIMP,Warnbro Sound 2.5m,32.208333333333336,33.62595038412099,36.666666666666664,36.54513888888889
2014,3,2017,SIMP,Warnbro Sound 3.2m,16.916666666666668,29.391258782615886,16.916666666666668,25.934027777777775
2014,3,2017,SIMP,Warnbro Sound 5.2m,20.375,27.185913093534598,21.708333333333332,25.45138888888889
2014,3,2017,SIMP,Warnbro Sound 7.0m,11.25,11.714343985422031,7.041666666666667,9.558333333333334
2014,4,2018,CSMC,Carnac Island,35.0,29.100644057843965,33.125,29.805555555555557
2014,4,2018,CSMC,Causeway,17.083333333333332,23.21126009746582,12.916666666666666,15.718253968253968
2014,4,2018,CSMC,Coogee,15.625,24.630291994138528,18.041666666666668,23.140625
2014,4,2018,CSMC,Garden Island 2.0m,34.0,35.142017014164566,32.375,36.92045454545455
2014,4,2018,CSMC,Garden Island 2.5m,26.25,29.35308656009098,27.0,27.48263888888889
2014,4,2018,CSMC,Garden Island 3.2m,29.583333333333332,29.728916068203272,31.666666666666668,29.993055555555557
2014,4,2018,CSMC,Garden Island 5.5m,22.458333333333332,30.097727095584602,19.833333333333332,28.614583333333332
2014,4,2018,CSMC,Garden Island 7.0m,21.208333333333332,21.89057631996436,20.916666666666668,19.95878623188406
2014,4,2018,CSMC,Garden Island Settlement,31.25,30.017607728703013,20.041666666666668,31.699074074074076
2014,4,2018,CSMC,Jervoise Bay,3.8333333333333335,23.0469922364496,10.375,21.395833333333336
2014,4,2018,CSMC,Kwinana,29.458333333333332,28.092207633096358,14.833333333333334,28.741666666666667
2014,4,2018,CSMC,Luscombe Bay,41.833333333333336,31.323422196127787,34.916666666666664,33.5787037037037
2014,4,2018,CSMC,Mangles Bay,7.083333333333333,16.808250328825974,12.666666666666666,14.566666666666666
2014,4,2018,CSMC,Southern Flats,29.083333333333332,32.213422819016245,27.791666666666668,33.59027777777778
2014,4,2018,CSMC,Woodman Point,3.2666666666666666,19.992698569414944,9.466666666666667,16.63537037037037
2014,4,2018,JBMP,Boullanger Island 2.5,26.083333333333332,32.83690860832925,24.875,32.5462962962963
2014,4,2018,JBMP,Boullanger Island 3.5,31.375,32.57247366081159,31.916666666666668,33.625
2014,4,2018,JBMP,Boullanger Island 5.5,25.772727272727273,30.157408633120824,27.416666666666668,29.509259259259256
2014,4,2018,JBMP,Cervantes Island,19.541666666666668,32.450083006033935,29.125,29.125
2014,4,2018,JBMP,Fishermans Island 2.5,31.541666666666668,46.943157922374816,44.875,49.66203703703704
2014,4,2018,JBMP,Fishermans Island 3.5,31.695652173913043,33.73235534548394,29.041666666666668,29.335748792270536
2014,4,2018,JBMP,Fishermans Island 5.5,29.333333333333332,38.956031271167866,28.75,35.68055555555556
2014,4,2018,JBMP,Green Island,14.458333333333334,31.27824874503526,33.583333333333336,33.583333333333336
2014,4,2018,JBMP,Jurien Impact Site 2.5,39.625,32.68973172969354,40.541666666666664,40.541666666666664
2014,4,2018,JBMP,Kangaroo Point,39.666666666666664,32.316517307323245,33.791666666666664,33.791666666666664
2014,4,2018,MMP,Burns Rocks,15.041666666666666,14.031110266658825,20.166666666666668,14.5
2014,4,2018,MMP,Hillarys Channel,18.041666666666668,14.752130136596646,18.666666666666668,12.194444444444445
2014,4,2018,MMP,Mullaloo,13.625,10.779757249821243,14.666666666666666,13.770833333333332
2014,4,2018,MMP,North Beach,18.708333333333332,10.735893440277742,16.791666666666668,13.039141414141413
2014,4,2018,MMP,Ocean Reef Outer,12.458333333333334,11.410396871375683,15.458333333333334,8.708333333333334
2014,4,2018,MMP,Sorrento,10.25,11.243207070279649,12.0,8.520833333333334
2014,4,2018,MMP,Wreck Rock,16.136363636363637,15.58795466818383,23.041666666666668,16.333333333333336
2014,4,2018,NCMP,Buayanup,54.041666666666664,48.06696432508959,48.541666666666664,53.291666666666664
2014,4,2018,NCMP,Busselton Jetty,41.583333333333336,40.815315006362916,44.791666666666664,40.791666666666664
2014,4,2018,NCMP,Dunsborough,52.208333333333336,49.550406461066025,50.166666666666664,55.0625
2014,4,2018,NCMP,Forrest Beach,51.458333333333336,41.98681897266466,43.82608695652174,47.975543478260875
2014,4,2018,NCMP,Port Geographe,48.375,40.08954740995474,40.291666666666664,38.604166666666664
2014,4,2018,NCMP,Vasse Diversion,36.583333333333336,38.516370334547595,32.625,33.20833333333333
2014,4,2018,NCMP,Vasse-Wonnerup,45.34782608695652,40.18620389817424,49.958333333333336,43.5
2014,4,2018,SIMP,Becher Point,29.416666666666668,27.82240619815184,24.291666666666668,25.208333333333332
2014,4,2018,SIMP,Becher Point SZ,39.25,30.06734377369358,26.541666666666668,28.107142857142858
2014,4,2018,SIMP,Bird Island,24.125,29.487776298267054,26.458333333333332,26.200684380032207
2014,4,2018,SIMP,Mersey Point,22.916666666666668,30.449767110287237,24.75,27.125
2014,4,2018,SIMP,Penguin Island,27.347826086956523,29.522323098909133,19.416666666666668,23.875
2014,4,2018,SIMP,Port Kennedy,30.91304347826087,28.394947093424694,31.041666666666668,25.25
2014,4,2018,SIMP,Seal Island,24.958333333333332,26.020370665131853,20.5,24.041666666666668
2014,4,2018,SIMP,Warnbro Sound 2.0m,0.0,37.10029174922969,37.375,40.239583333333336
2014,4,2018,SIMP,Warnbro Sound 2.5m,30.291666666666668,34.44467619182059,36.666666666666664,36.54513888888889
2014,4,2018,SIMP,Warnbro Sound 3.2m,3.625,29.78146940527603,16.916666666666668,25.934027777777775
2014,4,2018,SIMP,Warnbro Sound 5.2m,20.416666666666668,27.263541813433978,21.708333333333332,25.45138888888889
2014,4,2018,SIMP,Warnbro Sound 7.0m,10.0,12.079506752980542,7.041666666666667,9.558333333333334
2014,5,2019,CSMC,Carnac Island,26.583333333333332,29.179349427936305,33.125,29.805555555555557
2014,5,2019,CSMC,Coogee,22.0,24.57714062494193,18.041666666666668,23.140625
2014,5,2019,CSMC,Garden Island 2.0m,49.625,34.847180688033106,32.375,36.92045454545455
2014,5,2019,CSMC,Garden Island 2.5m,29.166666666666668,28.826964078822026,27.0,27.48263888888889
2014,5,2019,CSMC,Garden Island 3.2m,26.208333333333332,28.646995403488205,31.666666666666668,29.993055555555557
2014,5,2019,CSMC,Garden Island 5.5m,27.041666666666668,28.508728175981105,19.833333333333332,28.614583333333332
2014,5,2019,CSMC,Garden Island 7.0m,15.833333333333334,21.28932851968621,20.916666666666668,19.95878623188406
2014,5,2019,CSMC,Garden Island Settlement,34.833333333333336,23.029494912943754,20.041666666666668,31.699074074074076
2014,5,2019,CSMC,Jervoise Bay,8.125,22.048886054354924,10.375,21.395833333333336
2014,5,2019,CSMC,Kwinana,37.208333333333336,27.252947649277477,14.833333333333334,28.741666666666667
2014,5,2019,CSMC,Luscombe Bay,48.083333333333336,31.01708469413081,34.916666666666664,33.5787037037037
2014,5,2019,CSMC,Mangles Bay,11.0,16.094408834640145,12.666666666666666,14.566666666666666
2014,5,2019,CSMC,Southern Flats,27.625,31.230774677387846,27.791666666666668,33.59027777777778
2014,5,2019,CSMC,Woodman Point,2.7333333333333334,19.73463622267034,9.466666666666667,16.63537037037037
2014,5,2019,SIMP,Bird Island,28.333333333333332,25.253087302498162,26.458333333333332,26.200684380032207
2014,5,2019,SIMP,Mersey Point,38.708333333333336,30.323083168900308,24.75,27.125
2014,5,2019,SIMP,Warnbro Sound 2.0m,0.0,36.63110769485814,37.375,40.239583333333336
2014,5,2019,SIMP,Warnbro Sound 2.5m,44.458333333333336,33.99940693599088,36.666666666666664,36.54513888888889
2014,5,2019,SIMP,Warnbro Sound 3.2m,6.583333333333333,29.46435403943881,16.916666666666668,25.934027777777775
2014,5,2019,SIMP,Warnbro Sound 5.2m,27.083333333333332,27.115484989200382,21.708333333333332,25.45138888888889
2014,5,2019,SIMP,Warnbro Sound 7.0m,32.291666666666664,11.318150136652745,7.041666666666667,9.558333333333334
2015,1,2016,CSMC,Carnac Island,31.833333333333332,29.392720579879,32.5,30.075
2015,1,2016,CSMC,Causeway,21.333333333333332,22.889051667182873,12.916666666666666,15.718253968253968
2015,1,2016,CSMC,Coogee,21.304347826086957,22.916220047678227,27.5,23.625
2015,1,2016,CSMC,Garden Island 2.0m,59.666666666666664,37.63270872803291,51.166666666666664,38.10763888888889
2015,1,2016,CSMC,Garden Island 2.5m,30.583333333333332,28.714538737435408,30.833333333333332,27.740384615384617
2015,1,2016,CSMC,Garden Island 3.2m,30.708333333333332,28.6476899369524,31.625,30.118589743589745
2015,1,2016,CSMC,Garden Island 5.5m,30.5,26.607049562651433,20.916666666666668,28.022435897435898
2015,1,2016,CSMC,Garden Island 7.0m,26.875,21.431447695624755,23.541666666666668,20.23439241917503
2015,1,2016,CSMC,Garden Island Settlement,56.916666666666664,27.71309988985041,19.25,30.45416666666667
2015,1,2016,CSMC,Jervoise Bay,9.75,19.636987163155652,10.916666666666666,20.443181818181817
2015,1,2016,CSMC,Kwinana,21.208333333333332,24.442770436397925,26.833333333333332,28.568181818181817
2015,1,2016,CSMC,Luscombe Bay,37.75,31.266047634891596,34.125,33.63333333333333
2015,1,2016,CSMC,Mangles Bay,12.666666666666666,15.742799718039711,11.75,14.31060606060606
2015,1,2016,CSMC,Southern Flats,36.916666666666664,30.552649503452244,33.61904761904762,33.59249084249085
2015,1,2016,CSMC,Woodman Point,8.366666666666667,14.851759793806002,7.633333333333334,15.735166666666666
2015,1,2016,JBMP,Boullanger Island 2.5,28.583333333333332,32.8034268375519,24.875,32.5462962962963
2015,1,2016,JBMP,Boullanger Island 5.5,18.333333333333332,29.929395357498265,27.416666666666668,29.509259259259256
2015,1,2016,JBMP,Cervantes Island,24.75,32.345378440586025,29.125,29.125
2015,1,2016,JBMP,Fishermans Island 2.5,31.541666666666668,48.61628012434336,44.875,49.66203703703704
2015,1,2016,JBMP,Fishermans Island 3.5,29.875,32.661259911368184,29.041666666666668,29.335748792270536
2015,1,2016,JBMP,Fishermans Island 5.5,29.708333333333332,38.22876491346984,28.75,35.68055555555556
2015,1,2016,JBMP,Green Island,12.875,31.383474371027006,33.583333333333336,33.583333333333336
2015,1,2016,JBMP,Jurien Impact Site 2.5,32.875,32.717068610612905,40.541666666666664,40.541666666666664
2015,1,2016,JBMP,Kangaroo Point,28.875,32.42333598114998,33.791666666666664,33.791666666666664
2015,1,2016,NCMP,Buayanup,53.291666666666664,47.09974027429537,58.125,54.90277777777777
2015,1,2016,NCMP,Busselton Jetty,43.875,40.666197123151655,42.833333333333336,41.47222222222222
2015,1,2016,NCMP,Dunsborough,58.791666666666664,43.60386622386487,54.166666666666664,54.763888888888886
2015,1,2016,NCMP,Forrest Beach,48.0,43.08337802359677,46.458333333333336,47.46980676328502
2015,1,2016,NCMP,Port Geographe,43.0,41.04677595315484,45.375,40.86111111111111
2015,1,2016,NCMP,Vasse Diversion,27.791666666666668,38.177342018741584,33.166666666666664,33.19444444444444
2015,1,2016,NCMP,Vasse-Wonnerup,46.291666666666664,40.97420458656846,47.916666666666664,44.97222222222222
2015,1,2016,SIMP,Becher Point,23.17391304347826,25.108516756430408,24.0,24.90625
2015,1,2016,SIMP,Becher Point SZ,27.375,28.75481366810992,26.541666666666668,28.107142857142858
2015,1,2016,SIMP,Bird Island,22.541666666666668,27.158660247886214,29.041666666666668,26.48478260869565
2015,1,2016,SIMP,Mersey Point,35.608695652173914,28.216268152470935,19.541666666666668,26.366666666666667
2015,1,2016,SIMP,Penguin Island,27.625,27.980621510344225,32.166666666666664,25.947916666666664
2015,1,2016,SIMP,Port Kennedy,22.958333333333332,25.092857177707337,31.041666666666668,25.25
2015,1,2016,SIMP,Seal Island,22.791666666666668,24.734076125844748,23.208333333333332,23.833333333333332
2015,1,2016,SIMP,Warnbro Sound 2.0m,30.708333333333332,33.23995909184962,27.958333333333332,39.294871794871796
2015,1,2016,SIMP,Warnbro Sound 2.5m,31.458333333333332,32.41744168377748,38.291666666666664,36.679487179487175
2015,1,2016,SIMP,Warnbro Sound 3.2m,21.583333333333332,23.03583505977256,18.333333333333332,25.349358974358974
2015,1,2016,SIMP,Warnbro Sound 5.2m,33.458333333333336,23.757326254948314,28.333333333333332,25.673076923076923
2015,1,2016,SIMP,Warnbro Sound 7.0m,13.857142857142858,10.906227186473227,8.291666666666666,9.443181818181818
2015,2,2017,CSMC,Causeway,18.083333333333332,25.733154020406893,12.916666666666666,15.718253968253968
2015,2,2017,CSMC,Coogee,12.5,23.81281933685911,27.5,23.625
2015,2,2017,CSMC,Garden Island 2.0m,30.958333333333332,37.10884490556913,51.166666666666664,38.10763888888889
2015,2,2017,CSMC,Garden Island 2.5m,23.333333333333332,28.942286869684008,30.833333333333332,27.740384615384617
2015,2,2017,CSMC,Garden Island 3.2m,23.0,29.028947016746056,31.625,30.118589743589745
2015,2,2017,CSMC,Garden Island 5.5m,13.708333333333334,27.922471248291853,20.916666666666668,28.022435897435898
2015,2,2017,CSMC,Garden Island 7.0m,20.041666666666668,20.858033081306708,23.541666666666668,20.23439241917503
2015,2,2017,CSMC,Garden Island Settlement,21.083333333333332,26.33668701314164,19.25,30.45416666666667
2015,2,2017,CSMC,Jervoise Bay,1.9583333333333333,21.3489058117583,10.916666666666666,20.443181818181817
2015,2,2017,CSMC,Kwinana,26.291666666666668,26.735400510325082,26.833333333333332,28.568181818181817
2015,2,2017,CSMC,Luscombe Bay,22.375,31.094124578010202,34.125,33.63333333333333
2015,2,2017,CSMC,Mangles Bay,10.166666666666666,18.102016141981654,11.75,14.31060606060606
2015,2,2017,CSMC,Southern Flats,19.916666666666668,31.311169368289413,33.61904761904762,33.59249084249085
2015,2,2017,CSMC,Woodman Point,6.133333333333334,20.704768335421758,7.633333333333334,15.735166666666666
2015,2,2017,JBMP,Boullanger Island 2.5,21.041666666666668,32.70990332636603,24.875,32.5462962962963
2015,2,2017,JBMP,Boullanger Island 3.5,15.5,32.47493146602108,31.916666666666668,33.625
2015,2,2017,JBMP,Boullanger Island 5.5,17.791666666666668,29.843886326255095,27.416666666666668,29.509259259259256
2015,2,2017,JBMP,Cervantes Island,24.791666666666668,32.354769460211195,29.125,29.125
2015,2,2017,JBMP,Fishermans Island 2.5,28.625,48.70518568526795,44.875,49.66203703703704
2015,2,2017,JBMP,Fishermans Island 3.5,16.958333333333332,32.48470213619583,29.041666666666668,29.335748792270536
2015,2,2017,JBMP,Fishermans Island 5.5,17.5,38.31599541966185,28.75,35.68055555555556
2015,2,2017,JBMP,Green Island,13.458333333333334,31.449434321855165,33.583333333333336,33.583333333333336
2015,2,2017,JBMP,Jurien Impact Site 2.5,30.25,32.341882847335654,40.541666666666664,40.541666666666664
2015,2,2017,JBMP,Kangaroo Point,22.208333333333332,32.51945426228343,33.791666666666664,33.791666666666664
2015,2,2017,NCMP,Buayanup,56.333333333333336,48.41145751719736,58.125,54.90277777777777
2015,2,2017,NCMP,Busselton Jetty,43.25,40.81725783511963,42.833333333333336,41.47222222222222
2015,2,2017,NCMP,Dunsborough,56.833333333333336,44.0375270050432,54.166666666666664,54.763888888888886
2015,2,2017,NCMP,Forrest Beach,47.25,43.48445949461314,46.458333333333336,47.46980676328502
2015,2,2017,NCMP,MS 1,17.083333333333332,25.67996164123868,10.791666666666666,10.791666666666666
2015,2,2017,NCMP,MS 2,36.083333333333336,27.781070391907985,17.333333333333332,17.333333333333332
2015,2,2017,NCMP,MS 3,34.208333333333336,27.839621444183674,29.541666666666668,29.541666666666668
2015,2,2017,NCMP,MS 4,26.375,27.985351509056425,34.25,34.25
2015,2,2017,NCMP,MS 6,30.208333333333332,27.558193857194055,31.75,31.75
2015,2,2017,NCMP,OS 1,23.083333333333332,22.796252760102053,16.25,16.25
2015,2,2017,NCMP,OS 2,14.833333333333334,23.898562259298192,18.208333333333332,18.208333333333332
2015,2,2017,NCMP,OS 3,13.5,23.367517637680873,10.958333333333334,10.958333333333334
2015,2,2017,NCMP,OS 4,16.291666666666668,23.912495233814955,14.916666666666666,14.916666666666666
2015,2,2017,NCMP,OS 6,23.875,23.76084020002359,13.916666666666666,13.916666666666666
2015,2,2017,NCMP,Port Geographe,32.916666666666664,41.186142478824,45.375,40.86111111111111
2015,2,2017,NCMP,Vasse Diversion,33.0,38.40700357930261,33.166666666666664,33.19444444444444
2015,2,2017,NCMP,Vasse-Wonnerup,48.416666666666664,41.16391620963001,47.916666666666664,44.97222222222222
2015,2,2017,SIMP,Becher Point,26.083333333333332,27.84462887698721,24.0,24.90625
2015,2,2017,SIMP,Becher Point SZ,30.833333333333332,29.787069393180154,26.541666666666668,28.107142857142858
2015,2,2017,SIMP,Mersey Point,22.625,28.376146567630634,19.541666666666668,26.366666666666667
2015,2,2017,SIMP,Penguin Island,22.791666666666668,28.524426801921194,32.166666666666664,25.947916666666664
2015,2,2017,SIMP,Port Kennedy,35.625,27.606546585572353,31.041666666666668,25.25
2015,2,2017,SIMP,Seal Island,20.625,26.695943972211737,23.208333333333332,23.833333333333332
2015,2,2017,SIMP,Warnbro Sound 2.0m,2.625,34.69247229175643,27.958333333333332,39.294871794871796
2015,2,2017,SIMP,Warnbro Sound 2.5m,32.208333333333336,33.22032782655433,38.291666666666664,36.679487179487175
2015,2,2017,SIMP,Warnbro Sound 3.2m,16.916666666666668,27.804633399355552,18.333333333333332,25.349358974358974
2015,2,2017,SIMP,Warnbro Sound 5.2m,20.375,25.56829571742168,28.333333333333332,25.673076923076923
2015,2,2017,SIMP,Warnbro Sound 7.0m,11.25,11.230773639569975,8.291666666666666,9.443181818181818
2015,3,2018,CSMC,Carnac Island,35.0,28.889890333693124,32.5,30.075
2015,3,2018,CSMC,Causeway,17.083333333333332,23.02243846396144,12.916666666666666,15.718253968253968
2015,3,2018,CSMC,Coogee,15.625,23.537668010938585,27.5,23.625
2015,3,2018,CSMC,Garden Island 2.0m,34.0,36.33602202268395,51.166666666666664,38.10763888888889
2015,3,2018,CSMC,Garden Island 2.5m,26.25,29.65593288938388,30.833333333333332,27.740384615384617
2015,3,2018,CSMC,Garden Island 3.2m,29.583333333333332,29.725912263171473,31.625,30.118589743589745
2015,3,2018,CSMC,Garden Island 5.5m,22.458333333333332,29.450627644359052,20.916666666666668,28.022435897435898
2015,3,2018,CSMC,Garden Island 7.0m,21.208333333333332,21.457876911780293,23.541666666666668,20.23439241917503
2015,3,2018,CSMC,Garden Island Settlement,31.25,29.23983020306876,19.25,30.45416666666667
2015,3,2018,CSMC,Jervoise Bay,3.8333333333333335,22.717025237523583,10.916666666666666,20.443181818181817
2015,3,2018,CSMC,Kwinana,29.458333333333332,27.845827410265215,26.833333333333332,28.568181818181817
2015,3,2018,CSMC,Luscombe Bay,41.833333333333336,31.496749097235945,34.125,33.63333333333333
2015,3,2018,CSMC,Mangles Bay,7.083333333333333,17.345240079187093,11.75,14.31060606060606
2015,3,2018,CSMC,Southern Flats,29.083333333333332,31.712174690821666,33.61904761904762,33.59249084249085
2015,3,2018,CSMC,Woodman Point,3.2666666666666666,19.80670068135778,7.633333333333334,15.735166666666666
2015,3,2018,JBMP,Boullanger Island 2.5,26.083333333333332,32.98077754898249,24.875,32.5462962962963
2015,3,2018,JBMP,Boullanger Island 3.5,31.375,32.73328168255103,31.916666666666668,33.625
2015,3,2018,JBMP,Boullanger Island 5.5,25.772727272727273,30.353564585445582,27.416666666666668,29.509259259259256
2015,3,2018,JBMP,Cervantes Island,19.541666666666668,32.20325390121807,29.125,29.125
2015,3,2018,JBMP,Fishermans Island 2.5,31.541666666666668,48.94859835299809,44.875,49.66203703703704
2015,3,2018,JBMP,Fishermans Island 3.5,31.695652173913043,33.019036689457906,29.041666666666668,29.335748792270536
2015,3,2018,JBMP,Fishermans Island 5.5,29.333333333333332,38.56734949581416,28.75,35.68055555555556
2015,3,2018,JBMP,Green Island,14.458333333333334,31.47200919944838,33.583333333333336,33.583333333333336
2015,3,2018,JBMP,Jurien Impact Site 2.5,39.625,32.847078361105616,40.541666666666664,40.541666666666664
2015,3,2018,JBMP,Kangaroo Point,39.666666666666664,32.39139087086408,33.791666666666664,33.791666666666664
2015,3,2018,MMP,Burns Rocks,15.041666666666666,15.625912150006085,20.166666666666668,14.5
2015,3,2018,MMP,Hillarys Channel,18.041666666666668,14.79158288559253,18.666666666666668,12.194444444444445
2015,3,2018,MMP,Mullaloo,13.625,10.811027540717609,14.666666666666666,13.770833333333332
2015,3,2018,MMP,North Beach,18.708333333333332,10.69501679537428,16.791666666666668,13.039141414141413
2015,3,2018,MMP,Ocean Reef Outer,12.458333333333334,11.0693525716596,15.458333333333334,8.708333333333334
2015,3,2018,MMP,Sorrento,10.25,11.001542809688805,12.0,8.520833333333334
2015,3,2018,MMP,Wreck Rock,16.136363636363637,15.974966819268241,23.041666666666668,16.333333333333336
2015,3,2018,NCMP,Buayanup,54.041666666666664,47.91070292525481,58.125,54.90277777777777
2015,3,2018,NCMP,Busselton Jetty,41.583333333333336,40.64334016335231,42.833333333333336,41.47222222222222
2015,3,2018,NCMP,Dunsborough,52.208333333333336,43.44437037221367,54.166666666666664,54.763888888888886
2015,3,2018,NCMP,Forrest Beach,51.458333333333336,43.184976798523344,46.458333333333336,47.46980676328502
2015,3,2018,NCMP,MS 1,25.833333333333332,25.874066316027477,10.791666666666666,10.791666666666666
2015,3,2018,NCMP,MS 2,27.541666666666668,27.58731367516125,17.333333333333332,17.333333333333332
2015,3,2018,NCMP,MS 3,34.708333333333336,27.69860401145203,29.541666666666668,29.541666666666668
2015,3,2018,NCMP,MS 4,41.083333333333336,27.882910589443636,34.25,34.25
2015,3,2018,NCMP,MS 6,38.125,27.450378269902927,31.75,31.75
2015,3,2018,NCMP,OS 1,24.708333333333332,22.970472696700618,16.25,16.25
2015,3,2018,NCMP,OS 2,21.166666666666668,23.695666911263594,18.208333333333332,18.208333333333332
2015,3,2018,NCMP,OS 3,19.625,23.237862707759426,10.958333333333334,10.958333333333334
2015,3,2018,NCMP,OS 4,21.416666666666668,23.903653318617977,14.916666666666666,14.916666666666666
2015,3,2018,NCMP,OS 6,22.75,23.704658124466977,13.916666666666666,13.916666666666666
2015,3,2018,NCMP,Port Geographe,48.375,40.92322243173979,45.375,40.86111111111111
2015,3,2018,NCMP,Vasse Diversion,36.583333333333336,38.201253527070236,33.166666666666664,33.19444444444444
2015,3,2018,NCMP,Vasse-Wonnerup,45.34782608695652,40.9490931978575,47.916666666666664,44.97222222222222
2015,3,2018,SIMP,Becher Point,29.416666666666668,27.75504202704716,24.0,24.90625
2015,3,2018,SIMP,Becher Point SZ,39.25,30.149753122890495,26.541666666666668,28.107142857142858
2015,3,2018,SIMP,Bird Island,24.125,29.095357341281087,29.041666666666668,26.48478260869565
2015,3,2018,SIMP,Mersey Point,22.916666666666668,29.05656155376882,19.541666666666668,26.366666666666667
2015,3,2018,SIMP,Penguin Island,27.347826086956523,28.873049937326133,32.166666666666664,25.947916666666664
2015,3,2018,SIMP,Port Kennedy,30.91304347826087,27.478671462612706,31.041666666666668,25.25
2015,3,2018,SIMP,Seal Island,24.958333333333332,25.336351585062097,23.208333333333332,23.833333333333332
2015,3,2018,SIMP,Warnbro Sound 2.0m,0.0,36.05955390977444,27.958333333333332,39.294871794871796
2015,3,2018,SIMP,Warnbro Sound 2.5m,30.291666666666668,33.9313629359531,38.291666666666664,36.679487179487175
2015,3,2018,SIMP,Warnbro Sound 3.2m,3.625,29.161274062074924,18.333333333333332,25.349358974358974
2015,3,2018,SIMP,Warnbro Sound 5.2m,20.416666666666668,25.815374768649086,28.333333333333332,25.673076923076923
2015,3,2018,SIMP,Warnbro Sound 7.0m,10.0,11.499726820040106,8.291666666666666,9.443181818181818
2015,4,2019,CSMC,Carnac Island,26.583333333333332,29.256839742422915,32.5,30.075
2015,4,2019,CSMC,Coogee,22.0,23.747416693924823,27.5,23.625
2015,4,2019,CSMC,Garden Island 2.0m,49.625,36.49696051492461,51.166666666666664,38.10763888888889
2015,4,2019,CSMC,Garden Island 2.5m,29.166666666666668,29.311004561008623,30.833333333333332,27.740384615384617
2015,4,2019,CSMC,Garden Island 3.2m,26.208333333333332,29.254863358955365,31.625,30.118589743589745
2015,4,2019,CSMC,Garden Island 5.5m,27.041666666666668,28.450611543587886,20.916666666666668,28.022435897435898
2015,4,2019,CSMC,Garden Island 7.0m,15.833333333333334,21.131207053216343,23.541666666666668,20.23439241917503
2015,4,2019,CSMC,Garden Island Settlement,34.833333333333336,23.78168703291762,19.25,30.45416666666667
2015,4,2019,CSMC,Jervoise Bay,8.125,20.939477179134215,10.916666666666666,20.443181818181817
2015,4,2019,CSMC,Kwinana,37.208333333333336,26.687487161035506,26.833333333333332,28.568181818181817
2015,4,2019,CSMC,Luscombe Bay,48.083333333333336,31.19274157789648,34.125,33.63333333333333
2015,4,2019,CSMC,Mangles Bay,11.0,16.349429254581437,11.75,14.31060606060606
2015,4,2019,CSMC,Southern Flats,27.625,30.415259312249304,33.61904761904762,33.59249084249085
2015,4,2019,CSMC,Woodman Point,2.7333333333333334,19.299176284956598,7.633333333333334,15.735166666666666
2015,4,2019,SIMP,Bird Island,28.333333333333332,25.031460435295024,29.041666666666668,26.48478260869565
2015,4,2019,SIMP,Mersey Point,38.708333333333336,28.66280701111298,19.541666666666668,26.366666666666667
2015,4,2019,SIMP,Warnbro Sound 2.0m,0.0,35.29454445087572,27.958333333333332,39.294871794871796
2015,4,2019,SIMP,Warnbro Sound 2.5m,44.458333333333336,33.31145222074874,38.291666666666664,36.679487179487175
2015,4,2019,SIMP,Warnbro Sound 3.2m,6.583333333333333,28.726402663975882,18.333333333333332,25.349358974358974
2015,4,2019,SIMP,Warnbro Sound 5.2m,27.083333333333332,25.498433187537607,28.333333333333332,25.673076923076923
2015,4,2019,SIMP,Warnbro Sound 7.0m,32.291666666666664,10.833797515901278,8.291666666666666,9.443181818181818
2015,5,2020,CSMC,Carnac Island,17.541666666666668,22.720101155607892,32.5,30.075
2015,5,2020,CSMC,Causeway,21.25,19.034729193387804,12.916666666666666,15.718253968253968
2015,5,2020,CSMC,Coogee,23.791666666666668,21.54950467542459,27.5,23.625
2015,5,2020,CSMC,Garden Island 2.0m,34.125,29.843342953073638,51.166666666666664,38.10763888888889
2015,5,2020,CSMC,Garden Island 2.5m,16.541666666666668,24.11637346389401,30.833333333333332,27.740384615384617
2015,5,2020,CSMC,Garden Island 3.2m,17.083333333333332,23.332053957972438,31.625,30.118589743589745
2015,5,2020,CSMC,Garden Island 5.5m,18.041666666666668,21.996189375496698,20.916666666666668,28.022435897435898
2015,5,2020,CSMC,Garden Island 7.0m,16.708333333333332,19.76765488431245,23.541666666666668,20.23439241917503
2015,5,2020,CSMC,Garden Island Settlement,16.666666666666668,23.208501840912845,19.25,30.45416666666667
2015,5,2020,CSMC,Jervoise Bay,2.9583333333333335,20.375930617876467,10.916666666666666,20.443181818181817
2015,5,2020,CSMC,Kwinana,36.291666666666664,24.354755508412968,26.833333333333332,28.568181818181817
2015,5,2020,CSMC,Luscombe Bay,22.083333333333332,25.328737563993958,34.125,33.63333333333333
2015,5,2020,CSMC,Mangles Bay,12.083333333333334,18.057627052790824,11.75,14.31060606060606
2015,5,2020,CSMC,Southern Flats,19.041666666666668,25.01017208696503,33.61904761904762,33.59249084249085
2015,5,2020,CSMC,Woodman Point,2.1666666666666665,19.220382622552176,7.633333333333334,15.735166666666666
2015,5,2020,JBMP,Boullanger Island 2.5,19.958333333333332,32.04434508778412,24.875,32.5462962962963
2015,5,2020,JBMP,Boullanger Island 3.5,31.416666666666668,30.58609407687709,31.916666666666668,33.625
2015,5,2020,JBMP,Boullanger Island 5.5,21.916666666666668,28.786825212256712,27.416666666666668,29.509259259259256
2015,5,2020,JBMP,Cervantes Island,20.458333333333332,32.27874492848285,29.125,29.125
2015,5,2020,JBMP,Fishermans Island 2.5,25.208333333333332,46.7534905367294,44.875,49.66203703703704
2015,5,2020,JBMP,Fishermans Island 3.5,21.75,31.294300403669094,29.041666666666668,29.335748792270536
2015,5,2020,JBMP,Fishermans Island 5.5,20.041666666666668,35.815625613868825,28.75,35.68055555555556
2015,5,2020,JBMP,Green Island,14.166666666666666,31.9209496964346,33.583333333333336,33.583333333333336
2015,5,2020,JBMP,Jurien Impact Site 2.5,35.0,30.326613036203774,40.541666666666664,40.541666666666664
2015,5,2020,JBMP,Kangaroo Point,30.041666666666668,32.488097076293094,33.791666666666664,33.791666666666664
2015,5,2020,MMP,Burns Rocks,19.916666666666668,15.513816779005975,20.166666666666668,14.5
2015,5,2020,MMP,Hillarys Channel,5.958333333333333,14.212189403171347,18.666666666666668,12.194444444444445
2015,5,2020,MMP,Mullaloo,19.583333333333332,11.174423600539823,14.666666666666666,13.770833333333332
2015,5,2020,MMP,North Beach,14.333333333333334,10.762477165051905,16.791666666666668,13.039141414141413
2015,5,2020,MMP,Ocean Reef Outer,22.916666666666668,11.18467954733224,15.458333333333334,8.708333333333334
2015,5,2020,MMP,Sorrento,4.166666666666667,11.269295295622788,12.0,8.520833333333334
2015,5,2020,MMP,Wreck Rock,16.208333333333332,15.17760551460288,23.041666666666668,16.333333333333336
2015,5,2020,NCMP,Buayanup,54.083333333333336,47.40581758243743,58.125,54.90277777777777
2015,5,2020,NCMP,Busselton Jetty,48.25,40.773599294921226,42.833333333333336,41.47222222222222
2015,5,2020,NCMP,Dunsborough,58.25,40.98581131119933,54.166666666666664,54.763888888888886
2015,5,2020,NCMP,Forrest Beach,57.083333333333336,42.61917676349732,46.458333333333336,47.46980676328502
2015,5,2020,NCMP,MS 1,13.708333333333334,26.119880712424845,10.791666666666666,10.791666666666666
2015,5,2020,NCMP,MS 2,36.666666666666664,27.42604996594373,17.333333333333332,17.333333333333332
2015,5,2020,NCMP,MS 3,31.75,27.808004038349107,29.541666666666668,29.541666666666668
2015,5,2020,NCMP,MS 4,31.75,27.824776485806026,34.25,34.25
2015,5,2020,NCMP,MS 6,38.125,27.497566263538385,31.75,31.75
2015,5,2020,NCMP,OS 1,13.041666666666666,23.225882173147102,16.25,16.25
2015,5,2020,NCMP,OS 2,17.333333333333332,23.653878618738883,18.208333333333332,18.208333333333332
2015,5,2020,NCMP,OS 3,15.708333333333334,23.357739019132552,10.958333333333334,10.958333333333334
2015,5,2020,NCMP,OS 4,5.833333333333333,23.816828385429485,14.916666666666666,14.916666666666666
2015,5,2020,NCMP,OS 6,22.583333333333332,23.78013503666173,13.916666666666666,13.916666666666666
2015,5,2020,NCMP,Port Geographe,49.0,41.00300004745807,45.375,40.86111111111111
2015,5,2020,NCMP,Vasse Diversion,47.083333333333336,38.41442084231839,33.166666666666664,33.19444444444444
2015,5,2020,NCMP,Vasse-Wonnerup,50.0,41.218120951027245,47.916666666666664,44.97222222222222
2015,5,2020,SIMP,Becher Point,24.875,22.516768180376825,24.0,24.90625
2015,5,2020,SIMP,Becher Point SZ,24.5,26.193997931809974,26.541666666666668,28.107142857142858
2015,5,2020,SIMP,Bird Island,25.875,25.175209655195342,29.041666666666668,26.48478260869565
2015,5,2020,SIMP,Mersey Point,29.375,24.655516745045897,19.541666666666668,26.366666666666667
2015,5,2020,SIMP,Penguin Island,30.875,24.478323372331126,32.166666666666664,25.947916666666664
2015,5,2020,SIMP,Port Kennedy,21.291666666666668,26.175786580454325,31.041666666666668,25.25
2015,5,2020,SIMP,Seal Island,25.75,21.6043878812598,23.208333333333332,23.833333333333332
2015,5,2020,SIMP,Warnbro Sound 2.0m,0.0,29.159666197949228,27.958333333333332,39.294871794871796
2015,5,2020,SIMP,Warnbro Sound 2.5m,24.5,28.06707315655407,38.291666666666664,36.679487179487175
2015,5,2020,SIMP,Warnbro Sound 3.2m,2.625,24.27739577794196,18.333333333333332,25.349358974358974
2015,5,2020,SIMP,Warnbro Sound 5.2m,24.333333333333332,22.088391927533674,28.333333333333332,25.673076923076923
2015,5,2020,SIMP,Warnbro Sound 7.0m,20.666666666666668,11.786190017314548,8.291666666666666,9.443181818181818
2016,1,2017,CSMC,Causeway,18.083333333333332,24.546368752898513,21.333333333333332,17.12202380952381
2016,1,2017,CSMC,Coogee,12.5,23.962972943120143,21.304347826086957,23.392934782608698
2016,1,2017,CSMC,Garden Island 2.0m,30.958333333333332,39.513083363929724,59.666666666666664,39.76602564102564
2016,1,2017,CSMC,Garden Island 2.5m,23.333333333333332,30.818663873837746,30.583333333333332,27.94345238095238
2016,1,2017,CSMC,Garden Island 3.2m,23.0,29.909385728002864,30.708333333333332,30.160714285714285
2016,1,2017,CSMC,Garden Island 5.5m,13.708333333333334,27.886715050333855,30.5,28.199404761904763
2016,1,2017,CSMC,Garden Island 7.0m,20.041666666666668,20.996576867402844,26.875,20.708721532091097
2016,1,2017,CSMC,Garden Island Settlement,21.083333333333332,29.461450729444355,56.916666666666664,32.859848484848484
2016,1,2017,CSMC,Jervoise Bay,1.9583333333333333,20.465494789518278,9.75,19.552083333333332
2016,1,2017,CSMC,Kwinana,26.291666666666668,25.59900899888008,21.208333333333332,27.95486111111111
2016,1,2017,CSMC,Luscombe Bay,22.375,33.11563894505986,37.75,34.00757575757576
2016,1,2017,CSMC,Mangles Bay,10.166666666666666,18.28160567842508,12.666666666666666,14.173611111111112
2016,1,2017,CSMC,Southern Flats,19.916666666666668,31.724053595034807,36.916666666666664,33.82993197278911
2016,1,2017,CSMC,Woodman Point,6.133333333333334,20.48956378532198,8.366666666666667,15.06530303030303
2016,1,2017,JBMP,Boullanger Island 2.5,21.041666666666668,31.844533483434475,28.583333333333332,32.15
2016,1,2017,JBMP,Boullanger Island 3.5,15.5,30.36633414750338,31.916666666666668,33.625
2016,1,2017,JBMP,Boullanger Island 5.5,17.791666666666668,28.811000410630548,18.333333333333332,28.39166666666667
2016,1,2017,JBMP,Cervantes Island,24.791666666666668,30.260285693155097,24.75,26.9375
2016,1,2017,JBMP,Fishermans Island 2.5,28.625,44.27961718165858,31.541666666666668,47.85
2016,1,2017,JBMP,Fishermans Island 3.5,16.958333333333332,30.99818343739781,29.875,29.38967391304348
2016,1,2017,JBMP,Fishermans Island 5.5,17.5,34.64562181089275,29.708333333333332,35.08333333333333
2016,1,2017,JBMP,Green Island,13.458333333333334,27.763511405551835,12.875,23.229166666666668
2016,1,2017,JBMP,Jurien Impact Site 2.5,30.25,30.873759421009865,32.875,36.70833333333333
2016,1,2017,JBMP,Kangaroo Point,22.208333333333332,29.97106584638682,28.875,31.333333333333332
2016,1,2017,NCMP,Buayanup,56.333333333333336,50.51122273445399,53.291666666666664,54.5
2016,1,2017,NCMP,Busselton Jetty,43.25,40.72273491616622,43.875,42.072916666666664
2016,1,2017,NCMP,Dunsborough,56.833333333333336,43.64707091331789,58.791666666666664,55.77083333333333
2016,1,2017,NCMP,Forrest Beach,47.25,43.85256565214891,48.0,47.602355072463766
2016,1,2017,NCMP,MS 1,17.083333333333332,28.445754113882266,10.791666666666666,10.791666666666666
2016,1,2017,NCMP,MS 2,36.083333333333336,30.032792244460044,17.333333333333332,17.333333333333332
2016,1,2017,NCMP,MS 3,34.208333333333336,29.219200246540833,29.541666666666668,29.541666666666668
2016,1,2017,NCMP,MS 4,26.375,29.86451388457685,34.25,34.25
2016,1,2017,NCMP,MS 6,30.208333333333332,29.388917009319194,31.75,31.75
2016,1,2017,NCMP,OS 1,23.083333333333332,26.443049465069564,16.25,16.25
2016,1,2017,NCMP,OS 2,14.833333333333334,27.361827193400885,18.208333333333332,18.208333333333332
2016,1,2017,NCMP,OS 3,13.5,26.176804519282193,10.958333333333334,10.958333333333334
2016,1,2017,NCMP,OS 4,16.291666666666668,25.95739606606778,14.916666666666666,14.916666666666666
2016,1,2017,NCMP,OS 6,23.875,26.23363763520679,13.916666666666666,13.916666666666666
2016,1,2017,NCMP,Port Geographe,32.916666666666664,41.037383297036264,43.0,41.39583333333333
2016,1,2017,NCMP,Vasse Diversion,33.0,36.35411893476308,27.791666666666668,31.84375
2016,1,2017,NCMP,Vasse-Wonnerup,48.416666666666664,42.470971306273185,46.291666666666664,45.30208333333333
2016,1,2017,SIMP,Becher Point,26.083333333333332,25.372353726641748,23.17391304347826,24.559782608695652
2016,1,2017,SIMP,Becher Point SZ,30.833333333333332,29.14337011573417,27.375,27.924107142857142
2016,1,2017,SIMP,Mersey Point,22.625,29.759962358541742,35.608695652173914,27.2068511198946
2016,1,2017,SIMP,Penguin Island,22.791666666666668,28.974576827811912,27.625,26.28333333333333
2016,1,2017,SIMP,Port Kennedy,35.625,24.80230295121049,22.958333333333332,24.677083333333332
2016,1,2017,SIMP,Seal Island,20.625,25.110241890542138,22.791666666666668,23.625
2016,1,2017,SIMP,Warnbro Sound 2.0m,2.625,32.63616122590061,30.708333333333332,38.68154761904761
2016,1,2017,SIMP,Warnbro Sound 2.5m,32.208333333333336,32.17897969613878,31.458333333333332,36.30654761904762
2016,1,2017,SIMP,Warnbro Sound 3.2m,16.916666666666668,22.836484348069046,21.583333333333332,25.080357142857142
2016,1,2017,SIMP,Warnbro Sound 5.2m,20.375,24.81522176796153,33.458333333333336,26.229166666666664
2016,1,2017,SIMP,Warnbro Sound 7.0m,11.25,11.006414661847579,13.857142857142858,9.811011904761905
2016,2,2018,CSMC,Carnac Island,35.0,30.166876308965826,31.833333333333332,30.234848484848484
2016,2,2018,CSMC,Causeway,17.083333333333332,21.9968130525176,21.333333333333332,17.12202380952381
2016,2,2018,CSMC,Coogee,15.625,24.33006228522228,21.304347826086957,23.392934782608698
2016,2,2018,CSMC,Garden Island 2.0m,34.0,36.7325031870086,59.666666666666664,39.76602564102564
2016,2,2018,CSMC,Garden Island 2.5m,26.25,30.464822649622043,30.583333333333332,27.94345238095238
2016,2,2018,CSMC,Garden Island 3.2m,29.583333333333332,30.02909133213301,30.708333333333332,30.160714285714285
2016,2,2018,CSMC,Garden Island 5.5m,22.458333333333332,29.482068347222295,30.5,28.199404761904763
2016,2,2018,CSMC,Garden Island 7.0m,21.208333333333332,21.48176803127954,26.875,20.708721532091097
2016,2,2018,CSMC,Garden Island Settlement,31.25,30.23993975233055,56.916666666666664,32.859848484848484
2016,2,2018,CSMC,Jervoise Bay,3.8333333333333335,23.125962676224404,9.75,19.552083333333332
2016,2,2018,CSMC,Kwinana,29.458333333333332,28.33689388812052,21.208333333333332,27.95486111111111
2016,2,2018,CSMC,Luscombe Bay,41.833333333333336,32.05518570728078,37.75,34.00757575757576
2016,2,2018,CSMC,Mangles Bay,7.083333333333333,16.63058202011703,12.666666666666666,14.173611111111112
2016,2,2018,CSMC,Southern Flats,29.083333333333332,31.515015011161456,36.916666666666664,33.82993197278911
2016,2,2018,CSMC,Woodman Point,3.2666666666666666,20.358929209336065,8.366666666666667,15.06530303030303
2016,2,2018,JBMP,Boullanger Island 2.5,26.083333333333332,32.7130000138277,28.583333333333332,32.15
2016,2,2018,JBMP,Boullanger Island 3.5,31.375,31.4912222836627,31.916666666666668,33.625
2016,2,2018,JBMP,Boullanger Island 5.5,25.772727272727273,30.149468594142643,18.333333333333332,28.39166666666667
2016,2,2018,JBMP,Cervantes Island,19.541666666666668,31.36245424422791,24.75,26.9375
2016,2,2018,JBMP,Fishermans Island 2.5,31.541666666666668,48.13931460004528,31.541666666666668,47.85
2016,2,2018,JBMP,Fishermans Island 3.5,31.695652173913043,32.90589684343606,29.875,29.38967391304348
2016,2,2018,JBMP,Fishermans Island 5.5,29.333333333333332,37.629115029244126,29.708333333333332,35.08333333333333
2016,2,2018,JBMP,Green Island,14.458333333333334,28.19647723246152,12.875,23.229166666666668
2016,2,2018,JBMP,Jurien Impact Site 2.5,39.625,32.4049901595044,32.875,36.70833333333333
2016,2,2018,JBMP,Kangaroo Point,39.666666666666664,30.85185573624901,28.875,31.333333333333332
2016,2,2018,MMP,Burns Rocks,15.041666666666666,16.531160274911194,20.166666666666668,14.5
2016,2,2018,MMP,Hillarys Channel,18.041666666666668,14.954195225298951,18.666666666666668,12.194444444444445
2016,2,2018,MMP,Mullaloo,13.625,10.655430683725704,14.666666666666666,13.770833333333332
2016,2,2018,MMP,North Beach,18.708333333333332,10.511573039290754,16.791666666666668,13.039141414141413
2016,2,2018,MMP,Ocean Reef Outer,12.458333333333334,10.840254831384588,15.458333333333334,8.708333333333334
2016,2,2018,MMP,Sorrento,10.25,10.981429081206507,12.0,8.520833333333334
2016,2,2018,MMP,Wreck Rock,16.136363636363637,16.401885139487327,23.041666666666668,16.333333333333336
2016,2,2018,NCMP,Buayanup,54.041666666666664,50.595489937552436,53.291666666666664,54.5
2016,2,2018,NCMP,Busselton Jetty,41.583333333333336,40.42607126326818,43.875,42.072916666666664
2016,2,2018,NCMP,Dunsborough,52.208333333333336,42.38535831049365,58.791666666666664,55.77083333333333
2016,2,2018,NCMP,Forrest Beach,51.458333333333336,43.420086219058504,48.0,47.602355072463766
2016,2,2018,NCMP,MS 1,25.833333333333332,28.492568181290814,10.791666666666666,10.791666666666666
2016,2,2018,NCMP,MS 2,27.541666666666668,29.909491882266963,17.333333333333332,17.333333333333332
2016,2,2018,NCMP,MS 3,34.708333333333336,28.964578999675844,29.541666666666668,29.541666666666668
2016,2,2018,NCMP,MS 4,41.083333333333336,29.69521389219209,34.25,34.25
2016,2,2018,NCMP,MS 6,38.125,29.201125160721325,31.75,31.75
2016,2,2018,NCMP,OS 1,24.708333333333332,26.499221639500302,16.25,16.25
2016,2,2018,NCMP,OS 2,21.166666666666668,27.1527379678888,18.208333333333332,18.208333333333332
2016,2,2018,NCMP,OS 3,19.625,25.930457196180594,10.958333333333334,10.958333333333334
2016,2,2018,NCMP,OS 4,21.416666666666668,25.905500613059687,14.916666666666666,14.916666666666666
2016,2,2018,NCMP,OS 6,22.75,26.116374620278595,13.916666666666666,13.916666666666666
2016,2,2018,NCMP,Port Geographe,48.375,40.825399881640934,43.0,41.39583333333333
2016,2,2018,NCMP,Vasse Diversion,36.583333333333336,36.26256528276557,27.791666666666668,31.84375
2016,2,2018,NCMP,Vasse-Wonnerup,45.34782608695652,42.07935043671234,46.291666666666664,45.30208333333333
2016,2,2018,SIMP,Becher Point,29.416666666666668,26.73580465645657,23.17391304347826,24.559782608695652
2016,2,2018,SIMP,Becher Point SZ,39.25,29.633791092341994,27.375,27.924107142857142
2016,2,2018,SIMP,Bird Island,24.125,28.302163716067273,22.541666666666668,26.126317523056652
2016,2,2018,SIMP,Mersey Point,22.916666666666668,28.47395780163141,35.608695652173914,27.2068511198946
2016,2,2018,SIMP,Penguin Island,27.347826086956523,28.205911332321122,27.625,26.28333333333333
2016,2,2018,SIMP,Port Kennedy,30.91304347826087,26.745287442934114,22.958333333333332,24.677083333333332
2016,2,2018,SIMP,Seal Island,24.958333333333332,25.046338311624407,22.791666666666668,23.625
2016,2,2018,SIMP,Warnbro Sound 2.0m,0.0,34.98177800082635,30.708333333333332,38.68154761904761
2016,2,2018,SIMP,Warnbro Sound 2.5m,30.291666666666668,33.45847408569673,31.458333333333332,36.30654761904762
2016,2,2018,SIMP,Warnbro Sound 3.2m,3.625,28.09001095980494,21.583333333333332,25.080357142857142
2016,2,2018,SIMP,Warnbro Sound 5.2m,20.416666666666668,25.42323175564371,33.458333333333336,26.229166666666664
2016,2,2018,SIMP,Warnbro Sound 7.0m,10.0,11.661167122017916,13.857142857142858,9.811011904761905
2016,3,2019,CSMC,Carnac Island,26.583333333333332,30.964946028740243,31.833333333333332,30.234848484848484
2016,3,2019,CSMC,Coogee,22.0,24.195075177236372,21.304347826086957,23.392934782608698
2016,3,2019,CSMC,Garden Island 2.0m,49.625,36.98128611868735,59.666666666666664,39.76602564102564
2016,3,2019,CSMC,Garden Island 2.5m,29.166666666666668,30.018618814067437,30.583333333333332,27.94345238095238
2016,3,2019,CSMC,Garden Island 3.2m,26.208333333333332,29.668301406882122,30.708333333333332,30.160714285714285
2016,3,2019,CSMC,Garden Island 5.5m,27.041666666666668,28.271424575719386,30.5,28.199404761904763
2016,3,2019,CSMC,Garden Island 7.0m,15.833333333333334,20.87441771366797,26.875,20.708721532091097
2016,3,2019,CSMC,Garden Island Settlement,34.833333333333336,23.99797372063274,56.916666666666664,32.859848484848484
2016,3,2019,CSMC,Jervoise Bay,8.125,21.130891061603805,9.75,19.552083333333332
2016,3,2019,CSMC,Kwinana,37.208333333333336,27.281072091824857,21.208333333333332,27.95486111111111
2016,3,2019,CSMC,Luscombe Bay,48.083333333333336,31.30055878748554,37.75,34.00757575757576
2016,3,2019,CSMC,Mangles Bay,11.0,15.499166276539512,12.666666666666666,14.173611111111112
2016,3,2019,CSMC,Southern Flats,27.625,30.99674835166381,36.916666666666664,33.82993197278911
2016,3,2019,CSMC,Woodman Point,2.7333333333333334,19.265354414220436,8.366666666666667,15.06530303030303
2016,3,2019,SIMP,Bird Island,28.333333333333332,24.151504803642187,22.541666666666668,26.126317523056652
2016,3,2019,SIMP,Mersey Point,38.708333333333336,28.506562319331618,35.608695652173914,27.2068511198946
2016,3,2019,SIMP,Warnbro Sound 2.0m,0.0,34.704183208682586,30.708333333333332,38.68154761904761
2016,3,2019,SIMP,Warnbro Sound 2.5m,44.458333333333336,33.356740188469054,31.458333333333332,36.30654761904762
2016,3,2019,SIMP,Warnbro Sound 3.2m,6.583333333333333,27.80444395066194,21.583333333333332,25.080357142857142
2016,3,2019,SIMP,Warnbro Sound 5.2m,27.083333333333332,25.248129912287798,33.458333333333336,26.229166666666664
2016,3,2019,SIMP,Warnbro Sound 7.0m,32.291666666666664,10.755717095346299,13.857142857142858,9.811011904761905
2016,4,2020,CSMC,Carnac Island,17.541666666666668,23.36792948662986,31.833333333333332,30.234848484848484
2016,4,2020,CSMC,Causeway,21.25,18.419976304946974,21.333333333333332,17.12202380952381
2016,4,2020,CSMC,Coogee,23.791666666666668,22.272524946160424,21.304347826086957,23.392934782608698
2016,4,2020,CSMC,Garden Island 2.0m,34.125,31.663015559650034,59.666666666666664,39.76602564102564
2016,4,2020,CSMC,Garden Island 2.5m,16.541666666666668,25.888329642310094,30.583333333333332,27.94345238095238
2016,4,2020,CSMC,Garden Island 3.2m,17.083333333333332,24.026137850830064,30.708333333333332,30.160714285714285
2016,4,2020,CSMC,Garden Island 5.5m,18.041666666666668,22.15295342496256,30.5,28.199404761904763
2016,4,2020,CSMC,Garden Island 7.0m,16.708333333333332,19.31099544481858,26.875,20.708721532091097
2016,4,2020,CSMC,Garden Island Settlement,16.666666666666668,25.150775767936786,56.916666666666664,32.859848484848484
2016,4,2020,CSMC,Jervoise Bay,2.9583333333333335,19.74121791076595,9.75,19.552083333333332
2016,4,2020,CSMC,Kwinana,36.291666666666664,24.33321260855975,21.208333333333332,27.95486111111111
2016,4,2020,CSMC,Luscombe Bay,22.083333333333332,26.912900845860808,37.75,34.00757575757576
2016,4,2020,CSMC,Mangles Bay,12.083333333333334,16.82338908086862,12.666666666666666,14.173611111111112
2016,4,2020,CSMC,Southern Flats,19.041666666666668,25.106771079979065,36.916666666666664,33.82993197278911
2016,4,2020,CSMC,Woodman Point,2.1666666666666665,19.536297629773657,8.366666666666667,15.06530303030303
2016,4,2020,JBMP,Boullanger Island 2.5,19.958333333333332,31.063763967920277,28.583333333333332,32.15
2016,4,2020,JBMP,Boullanger Island 3.5,31.416666666666668,28.101453361729856,31.916666666666668,33.625
2016,4,2020,JBMP,Boullanger Island 5.5,21.916666666666668,28.177551338843585,18.333333333333332,28.39166666666667
2016,4,2020,JBMP,Cervantes Island,20.458333333333332,31.003090113565715,24.75,26.9375
2016,4,2020,JBMP,Fishermans Island 2.5,25.208333333333332,44.77529230029225,31.541666666666668,47.85
2016,4,2020,JBMP,Fishermans Island 3.5,21.75,30.443094396863884,29.875,29.38967391304348
2016,4,2020,JBMP,Fishermans Island 5.5,20.041666666666668,33.99443278652959,29.708333333333332,35.08333333333333
2016,4,2020,JBMP,Green Island,14.166666666666666,28.891216027281843,12.875,23.229166666666668
2016,4,2020,JBMP,Jurien Impact Site 2.5,35.0,29.916333330943168,32.875,36.70833333333333
2016,4,2020,JBMP,Kangaroo Point,30.041666666666668,30.951447450041663,28.875,31.333333333333332
2016,4,2020,MMP,Burns Rocks,19.916666666666668,16.59480445179601,20.166666666666668,14.5
2016,4,2020,MMP,Hillarys Channel,5.958333333333333,14.610539928018452,18.666666666666668,12.194444444444445
2016,4,2020,MMP,Mullaloo,19.583333333333332,11.262130533081192,14.666666666666666,13.770833333333332
2016,4,2020,MMP,North Beach,14.333333333333334,10.688010111343484,16.791666666666668,13.039141414141413
2016,4,2020,MMP,Ocean Reef Outer,22.916666666666668,11.308211479524408,15.458333333333334,8.708333333333334
2016,4,2020,MMP,Sorrento,4.166666666666667,11.276542357519261,12.0,8.520833333333334
2016,4,2020,MMP,Wreck Rock,16.208333333333332,15.84977314395398,23.041666666666668,16.333333333333336
2016,4,2020,NCMP,Buayanup,54.083333333333336,49.48382093559364,53.291666666666664,54.5
2016,4,2020,NCMP,Busselton Jetty,48.25,40.54317205596046,43.875,42.072916666666664
2016,4,2020,NCMP,Dunsborough,58.25,40.62177856917306,58.791666666666664,55.77083333333333
2016,4,2020,NCMP,Forrest Beach,57.083333333333336,42.48937410427282,48.0,47.602355072463766
2016,4,2020,NCMP,MS 1,13.708333333333334,28.99560561716985,10.791666666666666,10.791666666666666
2016,4,2020,NCMP,MS 2,36.666666666666664,29.68997902280189,17.333333333333332,17.333333333333332
2016,4,2020,NCMP,MS 3,31.75,29.22657540183279,29.541666666666668,29.541666666666668
2016,4,2020,NCMP,MS 4,31.75,29.79967722309428,34.25,34.25
2016,4,2020,NCMP,MS 6,38.125,29.318583783787737,31.75,31.75
2016,4,2020,NCMP,OS 1,13.041666666666666,26.8652093351806,16.25,16.25
2016,4,2020,NCMP,OS 2,17.333333333333332,27.0806406695132,18.208333333333332,18.208333333333332
2016,4,2020,NCMP,OS 3,15.708333333333334,26.170723793406527,10.958333333333334,10.958333333333334
2016,4,2020,NCMP,OS 4,5.833333333333333,25.96142922261103,14.916666666666666,14.916666666666666
2016,4,2020,NCMP,OS 6,22.583333333333332,26.233407908104233,13.916666666666666,13.916666666666666
2016,4,2020,NCMP,Port Geographe,49.0,40.96475183773134,43.0,41.39583333333333
2016,4,2020,NCMP,Vasse Diversion,47.083333333333336,36.09043426979036,27.791666666666668,31.84375
2016,4,2020,NCMP,Vasse-Wonnerup,50.0,42.38815810198218,46.291666666666664,45.30208333333333
2016,4,2020,SIMP,Becher Point,24.875,20.959032112206664,23.17391304347826,24.559782608695652
2016,4,2020,SIMP,Becher Point SZ,24.5,25.114694599000284,27.375,27.924107142857142
2016,4,2020,SIMP,Bird Island,25.875,23.932810415066474,22.541666666666668,26.126317523056652
2016,4,2020,SIMP,Mersey Point,29.375,23.99376201900461,35.608695652173914,27.2068511198946
2016,4,2020,SIMP,Penguin Island,30.875,23.59746005549043,27.625,26.28333333333333
2016,4,2020,SIMP,Port Kennedy,21.291666666666668,25.206719623092386,22.958333333333332,24.677083333333332
2016,4,2020,SIMP,Seal Island,25.75,20.60299713694881,22.791666666666668,23.625
2016,4,2020,SIMP,Warnbro Sound 2.0m,0.0,27.80961672195732,30.708333333333332,38.68154761904761
2016,4,2020,SIMP,Warnbro Sound 2.5m,24.5,26.973325192541004,31.458333333333332,36.30654761904762
2016,4,2020,SIMP,Warnbro Sound 3.2m,2.625,23.099365471450625,21.583333333333332,25.080357142857142
2016,4,2020,SIMP,Warnbro Sound 5.2m,24.333333333333332,21.44417026215795,33.458333333333336,26.229166666666664
2016,4,2020,SIMP,Warnbro Sound 7.0m,20.666666666666668,12.107334087633596,13.857142857142858,9.811011904761905
2017,1,2018,CSMC,Carnac Island,35.0,27.911201891710927,31.833333333333332,30.234848484848484
2017,1,2018,CSMC,Causeway,17.083333333333332,21.493980141554555,18.083333333333332,17.314285714285713
2017,1,2018,CSMC,Coogee,15.625,22.83848774210008,12.5,22.402667984189723
2017,1,2018,CSMC,Garden Island 2.0m,34.0,36.51776903375539,30.958333333333332,39.13690476190476
2017,1,2018,CSMC,Garden Island 2.5m,26.25,29.314818428633018,23.333333333333332,27.636111111111113
2017,1,2018,CSMC,Garden Island 3.2m,29.583333333333332,28.800547838781235,23.0,29.683333333333334
2017,1,2018,CSMC,Garden Island 5.5m,22.458333333333332,27.7065021580535,13.708333333333334,27.233333333333334
2017,1,2018,CSMC,Garden Island 7.0m,21.208333333333332,21.70208810232696,20.041666666666668,20.664251207729468
2017,1,2018,CSMC,Garden Island Settlement,31.25,28.769789438324242,21.083333333333332,31.878472222222225
2017,1,2018,CSMC,Jervoise Bay,3.8333333333333335,20.304566295338837,1.9583333333333333,18.19871794871795
2017,1,2018,CSMC,Kwinana,29.458333333333332,25.238575610707542,26.291666666666668,27.826923076923077
2017,1,2018,CSMC,Luscombe Bay,41.833333333333336,31.643922476251287,22.375,33.03819444444444
2017,1,2018,CSMC,Mangles Bay,7.083333333333333,15.769028807713038,10.166666666666666,13.865384615384615
2017,1,2018,CSMC,Southern Flats,29.083333333333332,31.53247768256815,19.916666666666668,32.90238095238095
2017,1,2018,CSMC,Woodman Point,3.2666666666666666,17.336773843457422,6.133333333333334,14.320972222222222
2017,1,2018,JBMP,Boullanger Island 2.5,26.083333333333332,31.884099962478395,21.041666666666668,31.140151515151516
2017,1,2018,JBMP,Boullanger Island 3.5,31.375,29.703840924308654,15.5,31.8125
2017,1,2018,JBMP,Boullanger Island 5.5,25.772727272727273,28.773634097011357,17.791666666666668,27.4280303030303
2017,1,2018,JBMP,Cervantes Island,19.541666666666668,29.115758011267122,24.791666666666668,26.222222222222225
2017,1,2018,JBMP,Fishermans Island 2.5,31.541666666666668,38.969035819033785,28.625,46.10227272727273
2017,1,2018,JBMP,Fishermans Island 3.5,31.695652173913043,31.054413991897473,16.958333333333332,28.25955204216074
2017,1,2018,JBMP,Fishermans Island 5.5,29.333333333333332,34.87376280745054,17.5,33.484848484848484
2017,1,2018,JBMP,Green Island,14.458333333333334,25.334981960009312,13.458333333333334,19.972222222222225
2017,1,2018,JBMP,Jurien Impact Site 2.5,39.625,30.550808486516495,30.25,34.55555555555555
2017,1,2018,JBMP,Kangaroo Point,39.666666666666664,28.79721468433988,22.208333333333332,28.291666666666668
2017,1,2018,MMP,Burns Rocks,15.041666666666666,16.779171566885672,20.166666666666668,14.5
2017,1,2018,MMP,Hillarys Channel,18.041666666666668,13.598120941531045,18.666666666666668,12.194444444444445
2017,1,2018,MMP,Mullaloo,13.625,11.180744664276531,14.666666666666666,13.770833333333332
2017,1,2018,MMP,North Beach,18.708333333333332,11.358326576368727,16.791666666666668,13.039141414141413
2017,1,2018,MMP,Ocean Reef Outer,12.458333333333334,11.761116071364539,15.458333333333334,8.708333333333334
2017,1,2018,MMP,Sorrento,10.25,12.174031638742054,12.0,8.520833333333334
2017,1,2018,MMP,Wreck Rock,16.136363636363637,14.873456146227836,23.041666666666668,16.333333333333336
2017,1,2018,NCMP,Buayanup,54.041666666666664,50.49609217356874,56.333333333333336,54.86666666666666
2017,1,2018,NCMP,Busselton Jetty,41.583333333333336,39.163446441608556,43.25,42.30833333333333
2017,1,2018,NCMP,Dunsborough,52.208333333333336,44.41257412313931,56.833333333333336,55.983333333333334
2017,1,2018,NCMP,Forrest Beach,51.458333333333336,42.54344766255952,47.25,47.53188405797101
2017,1,2018,NCMP,MS 1,25.833333333333332,26.70822285449891,17.083333333333332,13.9375
2017,1,2018,NCMP,MS 2,27.541666666666668,29.916845406279528,36.083333333333336,26.708333333333336
2017,1,2018,NCMP,MS 3,34.708333333333336,29.82900365950138,34.208333333333336,31.875
2017,1,2018,NCMP,MS 4,41.083333333333336,29.281232791941335,26.375,30.3125
2017,1,2018,NCMP,MS 6,38.125,28.956300616218158,30.208333333333332,30.979166666666664
2017,1,2018,NCMP,OS 1,24.708333333333332,21.808976086885195,23.083333333333332,19.666666666666664
2017,1,2018,NCMP,OS 2,21.166666666666668,21.56418608106439,14.833333333333334,16.520833333333332
2017,1,2018,NCMP,OS 3,19.625,20.666896740104754,13.5,12.229166666666668
2017,1,2018,NCMP,OS 4,21.416666666666668,21.759682494446295,16.291666666666668,15.604166666666668
2017,1,2018,NCMP,OS 6,22.75,21.636853942144462,23.875,18.895833333333332
2017,1,2018,NCMP,Port Geographe,48.375,39.047012960553296,32.916666666666664,39.7
2017,1,2018,NCMP,Vasse Diversion,36.583333333333336,34.96828429097414,33.0,32.075
2017,1,2018,NCMP,Vasse-Wonnerup,45.34782608695652,41.641308088164536,48.416666666666664,45.925
2017,1,2018,SIMP,Becher Point,29.416666666666668,25.375804773436,26.083333333333332,24.8137077294686
2017,1,2018,SIMP,Becher Point SZ,39.25,28.580859368733922,30.833333333333332,28.50595238095238
2017,1,2018,SIMP,Bird Island,24.125,28.004407482980866,22.541666666666668,26.126317523056652
2017,1,2018,SIMP,Mersey Point,22.916666666666668,28.054821965113113,22.625,26.825030193236717
2017,1,2018,SIMP,Penguin Island,27.347826086956523,27.887159971926952,22.791666666666668,25.70138888888889
2017,1,2018,SIMP,Port Kennedy,30.91304347826087,25.643874972901123,35.625,26.866666666666664
2017,1,2018,SIMP,Seal Island,24.958333333333332,23.746855598559225,20.625,23.125
2017,1,2018,SIMP,Warnbro Sound 2.0m,0.0,33.998773675820196,2.625,36.27777777777778
2017,1,2018,SIMP,Warnbro Sound 2.5m,30.291666666666668,32.883840621323074,32.208333333333336,36.03333333333333
2017,1,2018,SIMP,Warnbro Sound 3.2m,3.625,24.447379863633245,16.916666666666668,24.53611111111111
2017,1,2018,SIMP,Warnbro Sound 5.2m,20.416666666666668,24.985426051876498,20.375,25.83888888888889
2017,1,2018,SIMP,Warnbro Sound 7.0m,10.0,11.199123317367727,11.25,9.921703296703297
2017,2,2019,CSMC,Carnac Island,26.583333333333332,29.129862436547203,31.833333333333332,30.234848484848484
2017,2,2019,CSMC,Coogee,22.0,24.424764908538673,12.5,22.402667984189723
2017,2,2019,CSMC,Garden Island 2.0m,49.625,36.887019775468275,30.958333333333332,39.13690476190476
2017,2,2019,CSMC,Garden Island 2.5m,29.166666666666668,29.22490296128435,23.333333333333332,27.636111111111113
2017,2,2019,CSMC,Garden Island 3.2m,26.208333333333332,28.927069390490207,23.0,29.683333333333334
2017,2,2019,CSMC,Garden Island 5.5m,27.041666666666668,28.1893967174489,13.708333333333334,27.233333333333334
2017,2,2019,CSMC,Garden Island 7.0m,15.833333333333334,21.454406545339786,20.041666666666668,20.664251207729468
2017,2,2019,CSMC,Garden Island Settlement,34.833333333333336,23.369017673526972,21.083333333333332,31.878472222222225
2017,2,2019,CSMC,Jervoise Bay,8.125,20.938995767716968,1.9583333333333333,18.19871794871795
2017,2,2019,CSMC,Kwinana,37.208333333333336,27.28718352018504,26.291666666666668,27.826923076923077
2017,2,2019,CSMC,Luscombe Bay,48.083333333333336,31.29830679354265,22.375,33.03819444444444
2017,2,2019,CSMC,Mangles Bay,11.0,15.085946204697144,10.166666666666666,13.865384615384615
2017,2,2019,CSMC,Southern Flats,27.625,31.50704919857423,19.916666666666668,32.90238095238095
2017,2,2019,CSMC,Woodman Point,2.7333333333333334,18.73093046725369,6.133333333333334,14.320972222222222
2017,2,2019,SIMP,Bird Island,28.333333333333332,23.41852277854948,22.541666666666668,26.126317523056652
2017,2,2019,SIMP,Mersey Point,38.708333333333336,28.445098020030116,22.625,26.825030193236717
2017,2,2019,SIMP,Warnbro Sound 2.0m,0.0,35.11105258811844,2.625,36.27777777777778
2017,2,2019,SIMP,Warnbro Sound 2.5m,44.458333333333336,33.665888735992,32.208333333333336,36.03333333333333
2017,2,2019,SIMP,Warnbro Sound 3.2m,6.583333333333333,27.085677758606142,16.916666666666668,24.53611111111111
2017,2,2019,SIMP,Warnbro Sound 5.2m,27.083333333333332,25.162696236336295,20.375,25.83888888888889
2017,2,2019,SIMP,Warnbro Sound 7.0m,32.291666666666664,10.607821129818047,11.25,9.921703296703297
2017,3,2020,CSMC,Carnac Island,17.541666666666668,21.21784783495228,31.833333333333332,30.234848484848484
2017,3,2020,CSMC,Causeway,21.25,18.317501725980282,18.083333333333332,17.314285714285713
2017,3,2020,CSMC,Coogee,23.791666666666668,22.30698908289482,12.5,22.402667984189723
2017,3,2020,CSMC,Garden Island 2.0m,34.125,30.094443640334035,30.958333333333332,39.13690476190476
2017,3,2020,CSMC,Garden Island 2.5m,16.541666666666668,24.667036433101124,23.333333333333332,27.636111111111113
2017,3,2020,CSMC,Garden Island 3.2m,17.083333333333332,22.804940009586172,23.0,29.683333333333334
2017,3,2020,CSMC,Garden Island 5.5m,18.041666666666668,21.033487219558822,13.708333333333334,27.233333333333334
2017,3,2020,CSMC,Garden Island 7.0m,16.708333333333332,19.731681047566546,20.041666666666668,20.664251207729468
2017,3,2020,CSMC,Garden Island Settlement,16.666666666666668,24.341782593407686,21.083333333333332,31.878472222222225
2017,3,2020,CSMC,Jervoise Bay,2.9583333333333335,18.78597449448194,1.9583333333333333,18.19871794871795
2017,3,2020,CSMC,Kwinana,36.291666666666664,24.35027880414331,26.291666666666668,27.826923076923077
2017,3,2020,CSMC,Luscombe Bay,22.083333333333332,26.669374843294456,22.375,33.03819444444444
2017,3,2020,CSMC,Mangles Bay,12.083333333333334,16.219834670972173,10.166666666666666,13.865384615384615
2017,3,2020,CSMC,Southern Flats,19.041666666666668,24.901283922910483,19.916666666666668,32.90238095238095
2017,3,2020,CSMC,Woodman Point,2.1666666666666665,18.608184888101132,6.133333333333334,14.320972222222222
2017,3,2020,JBMP,Boullanger Island 2.5,19.958333333333332,29.527496828133746,21.041666666666668,31.140151515151516
2017,3,2020,JBMP,Boullanger Island 3.5,31.416666666666668,27.917483620065187,15.5,31.8125
2017,3,2020,JBMP,Boullanger Island 5.5,21.916666666666668,27.68239175798366,17.791666666666668,27.4280303030303
2017,3,2020,JBMP,Cervantes Island,20.458333333333332,30.452581771119856,24.791666666666668,26.222222222222225
2017,3,2020,JBMP,Fishermans Island 2.5,25.208333333333332,38.06588436236674,28.625,46.10227272727273
2017,3,2020,JBMP,Fishermans Island 3.5,21.75,28.99066706239783,16.958333333333332,28.25955204216074
2017,3,2020,JBMP,Fishermans Island 5.5,20.041666666666668,32.73923381108462,17.5,33.484848484848484
2017,3,2020,JBMP,Green Island,14.166666666666666,26.631637623804803,13.458333333333334,19.972222222222225
2017,3,2020,JBMP,Jurien Impact Site 2.5,35.0,28.2514719666907,30.25,34.55555555555555
2017,3,2020,JBMP,Kangaroo Point,30.041666666666668,30.05912348398932,22.208333333333332,28.291666666666668
2017,3,2020,MMP,Burns Rocks,19.916666666666668,16.893799265763306,20.166666666666668,14.5
2017,3,2020,MMP,Hillarys Channel,5.958333333333333,13.825489007913172,18.666666666666668,12.194444444444445
2017,3,2020,MMP,Mullaloo,19.583333333333332,11.428694793402256,14.666666666666666,13.770833333333332
2017,3,2020,MMP,North Beach,14.333333333333334,11.352686798129364,16.791666666666668,13.039141414141413
2017,3,2020,MMP,Ocean Reef Outer,22.916666666666668,11.979453283841021,15.458333333333334,8.708333333333334
2017,3,2020,MMP,Sorrento,4.166666666666667,12.242637362949983,12.0,8.520833333333334
2017,3,2020,MMP,Wreck Rock,16.208333333333332,14.971035085008696,23.041666666666668,16.333333333333336
2017,3,2020,NCMP,Buayanup,54.083333333333336,49.655742832918435,56.333333333333336,54.86666666666666
2017,3,2020,NCMP,Busselton Jetty,48.25,39.15582345110187,43.25,42.30833333333333
2017,3,2020,NCMP,Dunsborough,58.25,43.73363544014355,56.833333333333336,55.983333333333334
2017,3,2020,NCMP,Forrest Beach,57.083333333333336,41.62360151278537,47.25,47.53188405797101
2017,3,2020,NCMP,MS 1,13.708333333333334,27.192732962597315,17.083333333333332,13.9375
2017,3,2020,NCMP,MS 2,36.666666666666664,29.719326390422175,36.083333333333336,26.708333333333336
2017,3,2020,NCMP,MS 3,31.75,29.72182438034655,34.208333333333336,31.875
2017,3,2020,NCMP,MS 4,31.75,29.24500910841755,26.375,30.3125
2017,3,2020,NCMP,MS 6,38.125,28.92118717840296,30.208333333333332,30.979166666666664
2017,3,2020,NCMP,OS 1,13.041666666666666,21.665106499347118,23.083333333333332,19.666666666666664
2017,3,2020,NCMP,OS 2,17.333333333333332,21.232778108903695,14.833333333333334,16.520833333333332
2017,3,2020,NCMP,OS 3,15.708333333333334,20.614541994092807,13.5,12.229166666666668
2017,3,2020,NCMP,OS 4,5.833333333333333,21.965260692572592,16.291666666666668,15.604166666666668
2017,3,2020,NCMP,OS 6,22.583333333333332,21.691040227265617,23.875,18.895833333333332
2017,3,2020,NCMP,Port Geographe,49.0,38.959243883536146,32.916666666666664,39.7
2017,3,2020,NCMP,Vasse Diversion,47.083333333333336,34.800049498504634,33.0,32.075
2017,3,2020,NCMP,Vasse-Wonnerup,50.0,41.85056389774848,48.416666666666664,45.925
2017,3,2020,SIMP,Becher Point,24.875,19.688283348985596,26.083333333333332,24.8137077294686
2017,3,2020,SIMP,Becher Point SZ,24.5,23.905599980892102,30.833333333333332,28.50595238095238
2017,3,2020,SIMP,Bird Island,25.875,23.456456165817997,22.541666666666668,26.126317523056652
2017,3,2020,SIMP,Mersey Point,29.375,23.378329751170895,22.625,26.825030193236717
2017,3,2020,SIMP,Penguin Island,30.875,23.080239808248763,22.791666666666668,25.70138888888889
2017,3,2020,SIMP,Port Kennedy,21.291666666666668,26.23473825242617,35.625,26.866666666666664
2017,3,2020,SIMP,Seal Island,25.75,19.291094476574113,20.625,23.125
2017,3,2020,SIMP,Warnbro Sound 2.0m,0.0,26.84711591365094,2.625,36.27777777777778
2017,3,2020,SIMP,Warnbro Sound 2.5m,24.5,25.99200358178962,32.208333333333336,36.03333333333333
2017,3,2020,SIMP,Warnbro Sound 3.2m,2.625,21.480660392883827,16.916666666666668,24.53611111111111
2017,3,2020,SIMP,Warnbro Sound 5.2m,24.333333333333332,20.86817753483986,20.375,25.83888888888889
2017,3,2020,SIMP,Warnbro Sound 7.0m,20.666666666666668,11.796582487093552,11.25,9.921703296703297
2017,5,2022,CSMC,Carnac Island,30.708333333333332,21.28457098682556,31.833333333333332,30.234848484848484
2017,5,2022,CSMC,Causeway,14.541666666666666,18.278137098362283,18.083333333333332,17.314285714285713
2017,5,2022,CSMC,Coogee,23.75,22.114216609008665,12.5,22.402667984189723
2017,5,2022,CSMC,Garden Island 2.0m,45.166666666666664,30.108082514300573,30.958333333333332,39.13690476190476
2017,5,2022,CSMC,Garden Island 2.5m,27.333333333333332,24.84355871912998,23.333333333333332,27.636111111111113
2017,5,2022,CSMC,Garden Island 3.2m,43.916666666666664,23.2269534949841,23.0,29.683333333333334
2017,5,2022,CSMC,Garden Island 5.5m,28.75,21.189771701144352,13.708333333333334,27.233333333333334
2017,5,2022,CSMC,Garden Island 7.0m,18.375,19.824021292302,20.041666666666668,20.664251207729468
2017,5,2022,CSMC,Garden Island Settlement,30.291666666666668,24.25721898943919,21.083333333333332,31.878472222222225
2017,5,2022,CSMC,Jervoise Bay,4.416666666666667,17.669879871194535,1.9583333333333333,18.19871794871795
2017,5,2022,CSMC,Kwinana,38.666666666666664,23.462319397988285,26.291666666666668,27.826923076923077
2017,5,2022,CSMC,Luscombe Bay,46.75,26.729577178784393,22.375,33.03819444444444
2017,5,2022,CSMC,Mangles Bay,14.041666666666666,16.174178606454255,10.166666666666666,13.865384615384615
2017,5,2022,CSMC,Southern Flats,38.083333333333336,24.997556071313152,19.916666666666668,32.90238095238095
2017,5,2022,CSMC,Woodman Point,7.583333333333333,18.344298895244062,6.133333333333334,14.320972222222222
2017,5,2022,JBMP,Boullanger Island 2.5,22.541666666666668,28.79667202745517,21.041666666666668,31.140151515151516
2017,5,2022,JBMP,Boullanger Island 3.5,23.75,27.571933713860624,15.5,31.8125
2017,5,2022,JBMP,Boullanger Island 5.5,21.708333333333332,27.450165159500443,17.791666666666668,27.4280303030303
2017,5,2022,JBMP,Cervantes Island,28.0,31.565646852138542,24.791666666666668,26.222222222222225
2017,5,2022,JBMP,Fishermans Island 2.5,30.625,37.871752105004326,28.625,46.10227272727273
2017,5,2022,JBMP,Fishermans Island 3.5,16.458333333333332,28.093418227186795,16.958333333333332,28.25955204216074
2017,5,2022,JBMP,Fishermans Island 5.5,26.916666666666668,31.491851091600008,17.5,33.484848484848484
2017,5,2022,JBMP,Green Island,13.625,26.518341852896587,13.458333333333334,19.972222222222225
2017,5,2022,JBMP,Jurien Impact Site 2.5,36.958333333333336,27.667161416917747,30.25,34.55555555555555
2017,5,2022,JBMP,Kangaroo Point,28.541666666666668,31.08526403750283,22.208333333333332,28.291666666666668
2017,5,2022,MMP,Burns Rocks,18.333333333333332,16.73499063131674,20.166666666666668,14.5
2017,5,2022,MMP,Hillarys Channel,10.5,14.086134629992273,18.666666666666668,12.194444444444445
2017,5,2022,MMP,Mullaloo,12.333333333333334,12.219116931895952,14.666666666666666,13.770833333333332
2017,5,2022,MMP,North Beach,35.416666666666664,12.129605570912775,16.791666666666668,13.039141414141413
2017,5,2022,MMP,Ocean Reef Outer,15.0,12.667165085278455,15.458333333333334,8.708333333333334
2017,5,2022,MMP,Sorrento,13.666666666666666,12.869593782091663,12.0,8.520833333333334
2017,5,2022,MMP,Wreck Rock,14.0,15.14973907075753,23.041666666666668,16.333333333333336
2017,5,2022,NCMP,Buayanup,64.66666666666667,49.70142708714548,56.333333333333336,54.86666666666666
2017,5,2022,NCMP,Busselton Jetty,48.166666666666664,39.5045880409052,43.25,42.30833333333333
2017,5,2022,NCMP,Dunsborough,60.833333333333336,44.52055120988107,56.833333333333336,55.983333333333334
2017,5,2022,NCMP,Forrest Beach,47.75,42.33578393396054,47.25,47.53188405797101
2017,5,2022,NCMP,Port Geographe,38.958333333333336,39.417960533298086,32.916666666666664,39.7
2017,5,2022,NCMP,Vasse Diversion,40.333333333333336,35.20081316856879,33.0,32.075
2017,5,2022,NCMP,Vasse-Wonnerup,43.708333333333336,42.245213875027304,48.416666666666664,45.925
2017,5,2022,SIMP,Becher Point,16.565217391304348,19.771767164757176,26.083333333333332,24.8137077294686
2017,5,2022,SIMP,Becher Point SZ,15.083333333333334,24.154969940485696,30.833333333333332,28.50595238095238
2017,5,2022,SIMP,Bird Island,21.166666666666668,23.644953824691797,22.541666666666668,26.126317523056652
2017,5,2022,SIMP,Mersey Point,49.0,23.480500654245454,22.625,26.825030193236717
2017,5,2022,SIMP,Penguin Island,24.916666666666668,23.236430402330182,22.791666666666668,25.70138888888889
2017,5,2022,SIMP,Port Kennedy,13.541666666666666,25.887104671811404,35.625,26.866666666666664
2017,5,2022,SIMP,Seal Island,22.75,19.337419564402754,20.625,23.125
2017,5,2022,SIMP,Warnbro Sound 5.2m,31.666666666666668,21.010854375770997,20.375,25.83888888888889
2017,5,2022,SIMP,Warnbro Sound 7.0m,4.125,12.278882643077521,11.25,9.921703296703297
2018,1,2019,CSMC,Carnac Island,26.583333333333332,29.350526019984567,35.0,30.631944444444443
2018,1,2019,CSMC,Coogee,22.0,22.9720771678638,15.625,21.83786231884058
2018,1,2019,CSMC,Garden Island 2.0m,49.625,36.2355238357256,34.0,38.794444444444444
2018,1,2019,CSMC,Garden Island 2.5m,29.166666666666668,28.79945926640424,26.25,27.549479166666668
2018,1,2019,CSMC,Garden Island 3.2m,26.208333333333332,28.883233807454896,29.583333333333332,29.677083333333332
2018,1,2019,CSMC,Garden Island 5.5m,27.041666666666668,26.618621666251855,22.458333333333332,26.934895833333332
2018,1,2019,CSMC,Garden Island 7.0m,15.833333333333334,21.300290289733045,21.208333333333332,20.69825634057971
2018,1,2019,CSMC,Garden Island Settlement,34.833333333333336,23.439059914728357,31.25,31.830128205128208
2018,1,2019,CSMC,Jervoise Bay,8.125,17.674164754542403,3.8333333333333335,17.172619047619047
2018,1,2019,CSMC,Kwinana,37.208333333333336,24.732006354322234,29.458333333333332,27.94345238095238
2018,1,2019,CSMC,Luscombe Bay,48.083333333333336,32.14453937081088,41.833333333333336,33.71474358974359
2018,1,2019,CSMC,Mangles Bay,11.0,14.627934044316238,7.083333333333333,13.380952380952381
2018,1,2019,CSMC,Southern Flats,27.625,31.94955270205163,29.083333333333332,32.663690476190474
2018,1,2019,CSMC,Woodman Point,2.7333333333333334,16.26561349370843,3.2666666666666666,13.470641025641026
2018,1,2019,SIMP,Bird Island,28.333333333333332,23.817263734686783,24.125,25.959541062801932
2018,1,2019,SIMP,Mersey Point,38.708333333333336,28.447109469744973,22.916666666666668,26.524386845039018
2018,1,2019,SIMP,Warnbro Sound 2.0m,0.0,33.7981302418622,0.0,34.010416666666664
2018,1,2019,SIMP,Warnbro Sound 2.5m,44.458333333333336,33.12517508423302,30.291666666666668,35.674479166666664
2018,1,2019,SIMP,Warnbro Sound 3.2m,6.583333333333333,23.302255694956873,3.625,23.229166666666668
2018,1,2019,SIMP,Warnbro Sound 5.2m,27.083333333333332,25.118096831587405,20.416666666666668,25.5
2018,1,2019,SIMP,Warnbro Sound 7.0m,32.291666666666664,10.047255360541437,10.0,9.927295918367347
2018,2,2020,CSMC,Carnac Island,17.541666666666668,21.843380671336536,35.0,30.631944444444443
2018,2,2020,CSMC,Causeway,21.25,18.84308708098641,17.083333333333332,17.27579365079365
2018,2,2020,CSMC,Coogee,23.791666666666668,22.252016813225346,15.625,21.83786231884058
2018,2,2020,CSMC,Garden Island 2.0m,34.125,29.960694516362484,34.0,38.794444444444444
2018,2,2020,CSMC,Garden Island 2.5m,16.541666666666668,24.872523998951696,26.25,27.549479166666668
2018,2,2020,CSMC,Garden Island 3.2m,17.083333333333332,23.85181901341148,29.583333333333332,29.677083333333332
2018,2,2020,CSMC,Garden Island 5.5m,18.041666666666668,21.69038943013327,22.458333333333332,26.934895833333332
2018,2,2020,CSMC,Garden Island 7.0m,16.708333333333332,20.119751113032805,21.208333333333332,20.69825634057971
2018,2,2020,CSMC,Garden Island Settlement,16.666666666666668,24.745202507885097,31.25,31.830128205128208
2018,2,2020,CSMC,Jervoise Bay,2.9583333333333335,19.85578167060527,3.8333333333333335,17.172619047619047
2018,2,2020,CSMC,Kwinana,36.291666666666664,24.439602868254955,29.458333333333332,27.94345238095238
2018,2,2020,CSMC,Luscombe Bay,22.083333333333332,27.176978976135437,41.833333333333336,33.71474358974359
2018,2,2020,CSMC,Mangles Bay,12.083333333333334,16.21085424540666,7.083333333333333,13.380952380952381
2018,2,2020,CSMC,Southern Flats,19.041666666666668,25.355663081804913,29.083333333333332,32.663690476190474
2018,2,2020,CSMC,Woodman Point,2.1666666666666665,18.720688423603562,3.2666666666666666,13.470641025641026
2018,2,2020,JBMP,Boullanger Island 2.5,19.958333333333332,28.458036707470175,26.083333333333332,30.71875
2018,2,2020,JBMP,Boullanger Island 3.5,31.416666666666668,27.88913219593328,31.375,31.772727272727273
2018,2,2020,JBMP,Boullanger Island 5.5,21.916666666666668,27.092045433251247,25.772727272727273,27.290088383838384
2018,2,2020,JBMP,Cervantes Island,20.458333333333332,29.557721084885824,19.541666666666668,24.552083333333336
2018,2,2020,JBMP,Fishermans Island 2.5,25.208333333333332,36.64364245608711,31.541666666666668,44.888888888888886
2018,2,2020,JBMP,Fishermans Island 3.5,21.75,29.194998858822764,31.695652173913043,28.545893719806767
2018,2,2020,JBMP,Fishermans Island 5.5,20.041666666666668,31.33834744745318,29.333333333333332,33.13888888888889
2018,2,2020,JBMP,Green Island,14.166666666666666,24.739590806943035,14.458333333333334,18.59375
2018,2,2020,JBMP,Jurien Impact Site 2.5,35.0,28.49359819553017,39.625,35.822916666666664
2018,2,2020,JBMP,Kangaroo Point,30.041666666666668,30.306574018966554,39.666666666666664,31.135416666666664
2018,2,2020,MMP,Burns Rocks,19.916666666666668,16.398696051575232,15.041666666666666,14.680555555555557
2018,2,2020,MMP,Hillarys Channel,5.958333333333333,14.859535363057072,18.041666666666668,13.65625
2018,2,2020,MMP,Mullaloo,19.583333333333332,12.41435345098951,13.625,13.722222222222221
2018,2,2020,MMP,North Beach,14.333333333333334,11.879256702905108,18.708333333333332,14.456439393939394
2018,2,2020,MMP,Ocean Reef Outer,22.916666666666668,13.371581350734756,12.458333333333334,9.645833333333334
2018,2,2020,MMP,Sorrento,4.166666666666667,13.790844215537515,10.25,9.097222222222223
2018,2,2020,MMP,Wreck Rock,16.208333333333332,14.474042109121182,16.136363636363637,16.267676767676768
2018,2,2020,NCMP,Buayanup,54.083333333333336,50.88233262453475,54.041666666666664,54.729166666666664
2018,2,2020,NCMP,Busselton Jetty,48.25,41.224491353936735,41.583333333333336,42.1875
2018,2,2020,NCMP,Dunsborough,58.25,47.46332436711678,52.208333333333336,55.354166666666664
2018,2,2020,NCMP,Forrest Beach,57.083333333333336,44.46122635482114,51.458333333333336,48.1862922705314
2018,2,2020,NCMP,MS 1,13.708333333333334,31.58943787488933,25.833333333333332,17.902777777777775
2018,2,2020,NCMP,MS 2,36.666666666666664,31.88982923019795,27.541666666666668,26.98611111111111
2018,2,2020,NCMP,MS 3,31.75,33.83618071864982,34.708333333333336,32.81944444444445
2018,2,2020,NCMP,MS 4,31.75,34.898815276714274,41.083333333333336,33.90277777777778
2018,2,2020,NCMP,MS 6,38.125,34.54278501820384,38.125,33.36111111111111
2018,2,2020,NCMP,OS 1,13.041666666666666,22.594020239740825,24.708333333333332,21.347222222222218
2018,2,2020,NCMP,OS 2,17.333333333333332,23.25129814572002,21.166666666666668,18.069444444444446
2018,2,2020,NCMP,OS 3,15.708333333333334,22.752587019730143,19.625,14.694444444444445
2018,2,2020,NCMP,OS 4,5.833333333333333,22.7547550339112,21.416666666666668,17.541666666666668
2018,2,2020,NCMP,OS 6,22.583333333333332,21.48411117560985,22.75,20.180555555555554
2018,2,2020,NCMP,Port Geographe,49.0,42.45194375271245,48.375,41.145833333333336
2018,2,2020,NCMP,Vasse Diversion,47.083333333333336,35.51248604746093,36.583333333333336,32.82638888888889
2018,2,2020,NCMP,Vasse-Wonnerup,50.0,44.513992036686396,45.34782608695652,45.828804347826086
2018,2,2020,SIMP,Becher Point,24.875,20.099657823803145,29.416666666666668,25.471273291925463
2018,2,2020,SIMP,Becher Point SZ,24.5,23.732532563899913,39.25,30.296626984126984
2018,2,2020,SIMP,Bird Island,25.875,23.85546417204321,24.125,25.959541062801932
2018,2,2020,SIMP,Mersey Point,29.375,22.95564764008411,22.916666666666668,26.524386845039018
2018,2,2020,SIMP,Penguin Island,30.875,22.696024670823824,27.347826086956523,25.93659420289855
2018,2,2020,SIMP,Port Kennedy,21.291666666666668,25.637630205692297,30.91304347826087,27.541062801932366
2018,2,2020,SIMP,Seal Island,25.75,19.632270617156596,24.958333333333332,23.386904761904763
2018,2,2020,SIMP,Warnbro Sound 2.0m,0.0,26.476305987294847,0.0,34.010416666666664
2018,2,2020,SIMP,Warnbro Sound 2.5m,24.5,25.715534886946518,30.291666666666668,35.674479166666664
2018,2,2020,SIMP,Warnbro Sound 3.2m,2.625,21.828210580944837,3.625,23.229166666666668
2018,2,2020,SIMP,Warnbro Sound 5.2m,24.333333333333332,21.348887218855662,20.416666666666668,25.5
2018,2,2020,SIMP,Warnbro Sound 7.0m,20.666666666666668,11.34442709037388,10.0,9.927295918367347
2018,4,2022,CSMC,Carnac Island,30.708333333333332,21.998016142573217,35.0,30.631944444444443
2018,4,2022,CSMC,Causeway,14.541666666666666,19.016843303176724,17.083333333333332,17.27579365079365
2018,4,2022,CSMC,Coogee,23.75,22.064049695610926,15.625,21.83786231884058
2018,4,2022,CSMC,Garden Island 2.0m,45.166666666666664,30.34912912861686,34.0,38.794444444444444
2018,4,2022,CSMC,Garden Island 2.5m,27.333333333333332,24.998310799158347,26.25,27.549479166666668
2018,4,2022,CSMC,Garden Island 3.2m,43.916666666666664,24.2780103950883,29.583333333333332,29.677083333333332
2018,4,2022,CSMC,Garden Island 5.5m,28.75,21.684502849464454,22.458333333333332,26.934895833333332
2018,4,2022,CSMC,Garden Island 7.0m,18.375,20.391647554974654,21.208333333333332,20.69825634057971
2018,4,2022,CSMC,Garden Island Settlement,30.291666666666668,24.6454086356526,31.25,31.830128205128208
2018,4,2022,CSMC,Jervoise Bay,4.416666666666667,19.5739584579423,3.8333333333333335,17.172619047619047
2018,4,2022,CSMC,Kwinana,38.666666666666664,24.020722096547036,29.458333333333332,27.94345238095238
2018,4,2022,CSMC,Luscombe Bay,46.75,27.247543090438008,41.833333333333336,33.71474358974359
2018,4,2022,CSMC,Mangles Bay,14.041666666666666,16.151665774591837,7.083333333333333,13.380952380952381
2018,4,2022,CSMC,Southern Flats,38.083333333333336,25.33768005422196,29.083333333333332,32.663690476190474
2018,4,2022,CSMC,Woodman Point,7.583333333333333,18.688035453157152,3.2666666666666666,13.470641025641026
2018,4,2022,JBMP,Boullanger Island 2.5,22.541666666666668,27.884896848302244,26.083333333333332,30.71875
2018,4,2022,JBMP,Boullanger Island 3.5,23.75,27.35322917449653,31.375,31.772727272727273
2018,4,2022,JBMP,Boullanger Island 5.5,21.708333333333332,26.64967036029013,25.772727272727273,27.290088383838384
2018,4,2022,JBMP,Cervantes Island,28.0,30.23702249565802,19.541666666666668,24.552083333333336
2018,4,2022,JBMP,Fishermans Island 2.5,30.625,36.82728915530534,31.541666666666668,44.888888888888886
2018,4,2022,JBMP,Fishermans Island 3.5,16.458333333333332,28.139626323815428,31.695652173913043,28.545893719806767
2018,4,2022,JBMP,Fishermans Island 5.5,26.916666666666668,29.770323813033624,29.333333333333332,33.13888888888889
2018,4,2022,JBMP,Green Island,13.625,24.957288145214044,14.458333333333334,18.59375
2018,4,2022,JBMP,Jurien Impact Site 2.5,36.958333333333336,27.92303796911792,39.625,35.822916666666664
2018,4,2022,JBMP,Kangaroo Point,28.541666666666668,31.353714881675952,39.666666666666664,31.135416666666664
2018,4,2022,MMP,Burns Rocks,18.333333333333332,16.77907556329614,15.041666666666666,14.680555555555557
2018,4,2022,MMP,Hillarys Channel,10.5,15.176042333130415,18.041666666666668,13.65625
2018,4,2022,MMP,Mullaloo,12.333333333333334,12.820782599524486,13.625,13.722222222222221
2018,4,2022,MMP,North Beach,35.416666666666664,12.204400262410656,18.708333333333332,14.456439393939394
2018,4,2022,MMP,Ocean Reef Outer,15.0,13.762676587014848,12.458333333333334,9.645833333333334
2018,4,2022,MMP,Sorrento,13.666666666666666,14.292399426018207,10.25,9.097222222222223
2018,4,2022,MMP,Wreck Rock,14.0,14.790280578138415,16.136363636363637,16.267676767676768
2018,4,2022,NCMP,Buayanup,64.66666666666667,50.52108002793817,54.041666666666664,54.729166666666664
2018,4,2022,NCMP,Busselton Jetty,48.166666666666664,41.03060069977914,41.583333333333336,42.1875
2018,4,2022,NCMP,Dunsborough,60.833333333333336,47.711967018287744,52.208333333333336,55.354166666666664
2018,4,2022,NCMP,Forrest Beach,47.75,44.13208955739149,51.458333333333336,48.1862922705314
2018,4,2022,NCMP,Port Geographe,38.958333333333336,41.81314634478962,48.375,41.145833333333336
2018,4,2022,NCMP,Vasse Diversion,40.333333333333336,34.95779442616488,36.583333333333336,32.82638888888889
2018,4,2022,NCMP,Vasse-Wonnerup,43.708333333333336,43.93832974730375,45.34782608695652,45.828804347826086
2018,4,2022,SIMP,Becher Point,16.565217391304348,20.053004001973058,29.416666666666668,25.471273291925463
2018,4,2022,SIMP,Becher Point SZ,15.083333333333334,23.68034922876446,39.25,30.296626984126984
2018,4,2022,SIMP,Bird Island,21.166666666666668,23.564655098337365,24.125,25.959541062801932
2018,4,2022,SIMP,Mersey Point,49.0,22.86331247394787,22.916666666666668,26.524386845039018
2018,4,2022,SIMP,Penguin Island,24.916666666666668,22.697709145313137,27.347826086956523,25.93659420289855
2018,4,2022,SIMP,Port Kennedy,13.541666666666666,25.2046659820697,30.91304347826087,27.541062801932366
2018,4,2022,SIMP,Seal Island,22.75,19.65979971732106,24.958333333333332,23.386904761904763
2018,4,2022,SIMP,Warnbro Sound 5.2m,31.666666666666668,21.72553047511002,20.416666666666668,25.5
2018,4,2022,SIMP,Warnbro Sound 7.0m,4.125,11.338870879960997,10.0,9.927295918367347
2018,5,2023,CSMC,Carnac Island,29.25,22.038365459962392,35.0,30.631944444444443
2018,5,2023,CSMC,Garden Island 2.0m,42.916666666666664,29.664390404381113,34.0,38.794444444444444
2018,5,2023,CSMC,Garden Island 2.5m,33.291666666666664,23.999413707982935,26.25,27.549479166666668
2018,5,2023,CSMC,Garden Island 3.2m,43.208333333333336,23.082081780033143,29.583333333333332,29.677083333333332
2018,5,2023,CSMC,Garden Island 5.5m,35.833333333333336,20.506777880099467,22.458333333333332,26.934895833333332
2018,5,2023,CSMC,Garden Island 7.0m,20.416666666666668,19.39765889487868,21.208333333333332,20.69825634057971
2018,5,2023,CSMC,Garden Island Settlement,38.791666666666664,23.18053863335191,31.25,31.830128205128208
2018,5,2023,CSMC,Jervoise Bay,5.0,18.16670494730185,3.8333333333333335,17.172619047619047
2018,5,2023,CSMC,Kwinana,35.25,22.377009557517308,29.458333333333332,27.94345238095238
2018,5,2023,CSMC,Luscombe Bay,33.083333333333336,25.955866494713487,41.833333333333336,33.71474358974359
2018,5,2023,CSMC,Mangles Bay,9.083333333333334,15.184236138706598,7.083333333333333,13.380952380952381
2018,5,2023,CSMC,Southern Flats,33.416666666666664,14.473583547877134,29.083333333333332,32.663690476190474
2018,5,2023,NCMP,Buayanup,54.583333333333336,51.33950916951588,54.041666666666664,54.729166666666664
2018,5,2023,NCMP,Busselton Jetty,38.416666666666664,40.94845048631554,41.583333333333336,42.1875
2018,5,2023,NCMP,Dunsborough,63.083333333333336,48.623355013645806,52.208333333333336,55.354166666666664
2018,5,2023,NCMP,Forrest Beach,50.916666666666664,43.6787390850542,51.458333333333336,48.1862922705314
2018,5,2023,NCMP,MS 1,12.791666666666666,29.53929816658582,25.833333333333332,17.902777777777775
2018,5,2023,NCMP,MS 2,22.666666666666668,30.559692449011262,27.541666666666668,26.98611111111111
2018,5,2023,NCMP,MS 3,22.791666666666668,31.838635792030132,34.708333333333336,32.81944444444445
2018,5,2023,NCMP,MS 4,29.875,33.376301974446896,41.083333333333336,33.90277777777778
2018,5,2023,NCMP,MS 6,26.708333333333332,33.40941808822526,38.125,33.36111111111111
2018,5,2023,NCMP,OS 1,13.875,20.686653877125053,24.708333333333332,21.347222222222218
2018,5,2023,NCMP,OS 2,14.833333333333334,21.50792248932624,21.166666666666668,18.069444444444446
2018,5,2023,NCMP,OS 3,10.291666666666666,21.458247724268112,19.625,14.694444444444445
2018,5,2023,NCMP,OS 4,12.333333333333334,21.973480530457326,21.416666666666668,17.541666666666668
2018,5,2023,NCMP,OS 6,9.458333333333334,20.651441347965747,22.75,20.180555555555554
2018,5,2023,NCMP,Port Geographe,33.875,41.7370196064587,48.375,41.145833333333336
2018,5,2023,NCMP,Vasse Diversion,40.666666666666664,36.27941843127582,36.583333333333336,32.82638888888889
2018,5,2023,NCMP,Vasse-Wonnerup,34.708333333333336,42.504487176242726,45.34782608695652,45.828804347826086
2018,5,2023,SIMP,Mersey Point,57.125,21.693666105571893,22.916666666666668,26.524386845039018
2018,5,2023,SIMP,Warnbro Sound 5.2m,35.333333333333336,19.75220660210706,20.416666666666668,25.5
2018,5,2023,SIMP,Warnbro Sound 7.0m,9.916666666666666,10.122735747927576,10.0,9.927295918367347
2019,1,2020,CSMC,Carnac Island,17.541666666666668,26.127798615650068,26.583333333333332,30.32051282051282
2019,1,2020,CSMC,Causeway,21.25,19.794368686788978,17.083333333333332,17.27579365079365
2019,1,2020,CSMC,Coogee,23.791666666666668,21.20251112673066,22.0,21.850334448160535
2019,1,2020,CSMC,Garden Island 2.0m,34.125,34.685011478630706,49.625,39.471354166666664
2019,1,2020,CSMC,Garden Island 2.5m,16.541666666666668,27.272667793356575,29.166666666666668,27.644607843137255
2019,1,2020,CSMC,Garden Island 3.2m,17.083333333333332,26.792391221121427,26.208333333333332,29.473039215686274
2019,1,2020,CSMC,Garden Island 5.5m,18.041666666666668,25.159223338228173,27.041666666666668,26.941176470588236
2019,1,2020,CSMC,Garden Island 7.0m,16.708333333333332,20.373876524359627,15.833333333333334,20.412084398976983
2019,1,2020,CSMC,Garden Island Settlement,16.666666666666668,28.14781106349079,34.833333333333336,32.044642857142854
2019,1,2020,CSMC,Jervoise Bay,2.9583333333333335,17.88607869937256,8.125,16.569444444444446
2019,1,2020,CSMC,Kwinana,36.291666666666664,23.70353468483555,37.208333333333336,28.561111111111114
2019,1,2020,CSMC,Luscombe Bay,22.083333333333332,32.17583143861986,48.083333333333336,34.74107142857143
2019,1,2020,CSMC,Mangles Bay,12.083333333333334,16.23306119340925,11.0,13.222222222222223
2019,1,2020,CSMC,Southern Flats,19.041666666666668,28.363664309222017,27.625,32.36729691876751
2019,1,2020,CSMC,Woodman Point,2.1666666666666665,15.949693872107154,2.7333333333333334,12.703690476190475
2019,1,2020,JBMP,Boullanger Island 2.5,19.958333333333332,30.63155535446042,26.083333333333332,30.71875
2019,1,2020,JBMP,Boullanger Island 3.5,31.416666666666668,30.483714862368487,31.375,31.772727272727273
2019,1,2020,JBMP,Boullanger Island 5.5,21.916666666666668,26.521742047170175,25.772727272727273,27.290088383838384
2019,1,2020,JBMP,Cervantes Island,20.458333333333332,30.18460615884549,19.541666666666668,24.552083333333336
2019,1,2020,JBMP,Fishermans Island 2.5,25.208333333333332,38.56212856315552,31.541666666666668,44.888888888888886
2019,1,2020,JBMP,Fishermans Island 3.5,21.75,29.92525176490086,31.695652173913043,28.545893719806767
2019,1,2020,JBMP,Fishermans Island 5.5,20.041666666666668,32.58228310690633,29.333333333333332,33.13888888888889
2019,1,2020,JBMP,Green Island,14.166666666666666,24.5079953525795,14.458333333333334,18.59375
2019,1,2020,JBMP,Jurien Impact Site 2.5,35.0,30.92865996290165,39.625,35.822916666666664
2019,1,2020,JBMP,Kangaroo Point,30.041666666666668,30.486325352611342,39.666666666666664,31.135416666666664
2019,1,2020,MMP,Burns Rocks,19.916666666666668,16.5658218146704,15.041666666666666,14.680555555555557
2019,1,2020,MMP,Hillarys Channel,5.958333333333333,15.689958084612787,18.041666666666668,13.65625
2019,1,2020,MMP,Mullaloo,19.583333333333332,13.6613835748037,13.625,13.722222222222221
2019,1,2020,MMP,North Beach,14.333333333333334,12.848811780092417,18.708333333333332,14.456439393939394
2019,1,2020,MMP,Ocean Reef Outer,22.916666666666668,14.337502677295088,12.458333333333334,9.645833333333334
2019,1,2020,MMP,Sorrento,4.166666666666667,14.669183700406753,10.25,9.097222222222223
2019,1,2020,MMP,Wreck Rock,16.208333333333332,15.0099599308139,16.136363636363637,16.267676767676768
2019,1,2020,NCMP,Buayanup,54.083333333333336,51.17477073732262,54.041666666666664,54.729166666666664
2019,1,2020,NCMP,Busselton Jetty,48.25,40.95972460189603,41.583333333333336,42.1875
2019,1,2020,NCMP,Dunsborough,58.25,49.70998407022306,52.208333333333336,55.354166666666664
2019,1,2020,NCMP,Forrest Beach,57.083333333333336,44.30738371694031,51.458333333333336,48.1862922705314
2019,1,2020,NCMP,MS 1,13.708333333333334,30.67739888125352,25.833333333333332,17.902777777777775
2019,1,2020,NCMP,MS 2,36.666666666666664,31.808402569807804,27.541666666666668,26.98611111111111
2019,1,2020,NCMP,MS 3,31.75,33.32968640856193,34.708333333333336,32.81944444444445
2019,1,2020,NCMP,MS 4,31.75,34.68789645278259,41.083333333333336,33.90277777777778
2019,1,2020,NCMP,MS 6,38.125,33.98262284706898,38.125,33.36111111111111
2019,1,2020,NCMP,OS 1,13.041666666666666,23.326253900751773,24.708333333333332,21.347222222222218
2019,1,2020,NCMP,OS 2,17.333333333333332,23.867062568868405,21.166666666666668,18.069444444444446
2019,1,2020,NCMP,OS 3,15.708333333333334,23.38802428213332,19.625,14.694444444444445
2019,1,2020,NCMP,OS 4,5.833333333333333,23.691124883407415,21.416666666666668,17.541666666666668
2019,1,2020,NCMP,OS 6,22.583333333333332,21.875687885899072,22.75,20.180555555555554
2019,1,2020,NCMP,Port Geographe,49.0,42.16863204999004,48.375,41.145833333333336
2019,1,2020,NCMP,Vasse Diversion,47.083333333333336,34.89961996042122,36.583333333333336,32.82638888888889
2019,1,2020,NCMP,Vasse-Wonnerup,50.0,44.313083687980395,45.34782608695652,45.828804347826086
2019,1,2020,SIMP,Becher Point,24.875,23.354193201084296,29.416666666666668,25.471273291925463
2019,1,2020,SIMP,Becher Point SZ,24.5,26.104731547002956,39.25,30.296626984126984
2019,1,2020,SIMP,Bird Island,25.875,27.055632993871022,28.333333333333332,26.142140468227424
2019,1,2020,SIMP,Mersey Point,29.375,26.21374137603732,38.708333333333336,27.394668737060044
2019,1,2020,SIMP,Penguin Island,30.875,25.745079115894644,27.347826086956523,25.93659420289855
2019,1,2020,SIMP,Port Kennedy,21.291666666666668,23.828534755969994,30.91304347826087,27.541062801932366
2019,1,2020,SIMP,Seal Island,25.75,23.08742970141464,24.958333333333332,23.386904761904763
2019,1,2020,SIMP,Warnbro Sound 2.0m,0.0,27.011477359785175,0.0,32.009803921568626
2019,1,2020,SIMP,Warnbro Sound 2.5m,24.5,27.68836361947525,44.458333333333336,36.19117647058823
2019,1,2020,SIMP,Warnbro Sound 3.2m,2.625,18.990062548469435,6.583333333333333,22.25
2019,1,2020,SIMP,Warnbro Sound 5.2m,24.333333333333332,22.152689612322007,27.083333333333332,25.59313725490196
2019,1,2020,SIMP,Warnbro Sound 7.0m,20.666666666666668,12.267017073084881,32.291666666666664,11.418253968253968
2019,3,2022,CSMC,Carnac Island,30.708333333333332,26.25444749817354,26.583333333333332,30.32051282051282
2019,3,2022,CSMC,Causeway,14.541666666666666,20.181541331079067,17.083333333333332,17.27579365079365
2019,3,2022,CSMC,Coogee,23.75,21.23211092096053,22.0,21.850334448160535
2019,3,2022,CSMC,Garden Island 2.0m,45.166666666666664,34.49047187988932,49.625,39.471354166666664
2019,3,2022,CSMC,Garden Island 2.5m,27.333333333333332,27.219117044647092,29.166666666666668,27.644607843137255
2019,3,2022,CSMC,Garden Island 3.2m,43.916666666666664,26.905973935964294,26.208333333333332,29.473039215686274
2019,3,2022,CSMC,Garden Island 5.5m,28.75,25.026059456326337,27.041666666666668,26.941176470588236
2019,3,2022,CSMC,Garden Island 7.0m,18.375,20.488792594686522,15.833333333333334,20.412084398976983
2019,3,2022,CSMC,Garden Island Settlement,30.291666666666668,27.611361329922097,34.833333333333336,32.044642857142854
2019,3,2022,CSMC,Jervoise Bay,4.416666666666667,18.590844641738542,8.125,16.569444444444446
2019,3,2022,CSMC,Kwinana,38.666666666666664,23.856745428852005,37.208333333333336,28.561111111111114
2019,3,2022,CSMC,Luscombe Bay,46.75,31.515815655665914,48.083333333333336,34.74107142857143
2019,3,2022,CSMC,Mangles Bay,14.041666666666666,16.83117849881068,11.0,13.222222222222223
2019,3,2022,CSMC,Southern Flats,38.083333333333336,28.14684478353894,27.625,32.36729691876751
2019,3,2022,CSMC,Woodman Point,7.583333333333333,17.177324800786273,2.7333333333333334,12.703690476190475
2019,3,2022,JBMP,Boullanger Island 2.5,22.541666666666668,30.11865821974006,26.083333333333332,30.71875
2019,3,2022,JBMP,Boullanger Island 3.5,23.75,30.010813552208546,31.375,31.772727272727273
2019,3,2022,JBMP,Boullanger Island 5.5,21.708333333333332,26.229635290869577,25.772727272727273,27.290088383838384
2019,3,2022,JBMP,Cervantes Island,28.0,30.79971346724764,19.541666666666668,24.552083333333336
2019,3,2022,JBMP,Fishermans Island 2.5,30.625,39.01679507096215,31.541666666666668,44.888888888888886
2019,3,2022,JBMP,Fishermans Island 3.5,16.458333333333332,28.72029527257071,31.695652173913043,28.545893719806767
2019,3,2022,JBMP,Fishermans Island 5.5,26.916666666666668,31.053467662839534,29.333333333333332,33.13888888888889
2019,3,2022,JBMP,Green Island,13.625,24.923139599460814,14.458333333333334,18.59375
2019,3,2022,JBMP,Jurien Impact Site 2.5,36.958333333333336,30.27448007131411,39.625,35.822916666666664
2019,3,2022,JBMP,Kangaroo Point,28.541666666666668,31.47815593483654,39.666666666666664,31.135416666666664
2019,3,2022,MMP,Burns Rocks,18.333333333333332,16.560644930669465,15.041666666666666,14.680555555555557
2019,3,2022,MMP,Hillarys Channel,10.5,15.781803001971141,18.041666666666668,13.65625
2019,3,2022,MMP,Mullaloo,12.333333333333334,13.823935920812094,13.625,13.722222222222221
2019,3,2022,MMP,North Beach,35.416666666666664,13.03673456473012,18.708333333333332,14.456439393939394
2019,3,2022,MMP,Ocean Reef Outer,15.0,14.490327573749092,12.458333333333334,9.645833333333334
2019,3,2022,MMP,Sorrento,13.666666666666666,14.958656251157963,10.25,9.097222222222223
2019,3,2022,MMP,Wreck Rock,14.0,15.188278220638155,16.136363636363637,16.267676767676768
2019,3,2022,NCMP,Buayanup,64.66666666666667,51.1102295669642,54.041666666666664,54.729166666666664
2019,3,2022,NCMP,Busselton Jetty,48.166666666666664,40.715584584866285,41.583333333333336,42.1875
2019,3,2022,NCMP,Dunsborough,60.833333333333336,50.323536976899405,52.208333333333336,55.354166666666664
2019,3,2022,NCMP,Forrest Beach,47.75,44.10993999878917,51.458333333333336,48.1862922705314
2019,3,2022,NCMP,Port Geographe,38.958333333333336,41.47171909699263,48.375,41.145833333333336
2019,3,2022,NCMP,Vasse Diversion,40.333333333333336,34.5228046792015,36.583333333333336,32.82638888888889
2019,3,2022,NCMP,Vasse-Wonnerup,43.708333333333336,43.48533985762762,45.34782608695652,45.828804347826086
2019,3,2022,SIMP,Becher Point,16.565217391304348,23.502357653767888,29.416666666666668,25.471273291925463
2019,3,2022,SIMP,Becher Point SZ,15.083333333333334,25.987637419941812,39.25,30.296626984126984
2019,3,2022,SIMP,Bird Island,21.166666666666668,26.24017313834984,28.333333333333332,26.142140468227424
2019,3,2022,SIMP,Mersey Point,49.0,25.80340817316107,38.708333333333336,27.394668737060044
2019,3,2022,SIMP,Penguin Island,24.916666666666668,25.350084590808528,27.347826086956523,25.93659420289855
2019,3,2022,SIMP,Port Kennedy,13.541666666666666,24.30847621863602,30.91304347826087,27.541062801932366
2019,3,2022,SIMP,Seal Island,22.75,22.995535435532606,24.958333333333332,23.386904761904763
2019,3,2022,SIMP,Warnbro Sound 5.2m,31.666666666666668,22.701449319856497,27.083333333333332,25.59313725490196
2019,3,2022,SIMP,Warnbro Sound 7.0m,4.125,12.141964475537929,32.291666666666664,11.418253968253968
2019,4,2023,CSMC,Carnac Island,29.25,26.54965606316503,26.583333333333332,30.32051282051282
2019,4,2023,CSMC,Garden Island 2.0m,42.916666666666664,34.17967603872266,49.625,39.471354166666664
2019,4,2023,CSMC,Garden Island 2.5m,33.291666666666664,26.655880854463245,29.166666666666668,27.644607843137255
2019,4,2023,CSMC,Garden Island 3.2m,43.208333333333336,26.343627949708967,26.208333333333332,29.473039215686274
2019,4,2023,CSMC,Garden Island 5.5m,35.833333333333336,24.07598086222808,27.041666666666668,26.941176470588236
2019,4,2023,CSMC,Garden Island 7.0m,20.416666666666668,19.694783803982578,15.833333333333334,20.412084398976983
2019,4,2023,CSMC,Garden Island Settlement,38.791666666666664,26.55302416793237,34.833333333333336,32.044642857142854
2019,4,2023,CSMC,Jervoise Bay,5.0,17.647553324066237,8.125,16.569444444444446
2019,4,2023,CSMC,Kwinana,35.25,23.238302813223452,37.208333333333336,28.561111111111114
2019,4,2023,CSMC,Luscombe Bay,33.083333333333336,31.03164483786727,48.083333333333336,34.74107142857143
2019,4,2023,CSMC,Mangles Bay,9.083333333333334,16.354330622312357,11.0,13.222222222222223
2019,4,2023,CSMC,Southern Flats,33.416666666666664,15.093068447697345,27.625,32.36729691876751
2019,4,2023,NCMP,Buayanup,54.583333333333336,51.93373627741026,54.041666666666664,54.729166666666664
2019,4,2023,NCMP,Busselton Jetty,38.416666666666664,41.11444911108244,41.583333333333336,42.1875
2019,4,2023,NCMP,Dunsborough,63.083333333333336,50.100094435819024,52.208333333333336,55.354166666666664
2019,4,2023,NCMP,Forrest Beach,50.916666666666664,43.92471412374828,51.458333333333336,48.1862922705314
2019,4,2023,NCMP,MS 1,12.791666666666666,28.688267224427328,25.833333333333332,17.902777777777775
2019,4,2023,NCMP,MS 2,22.666666666666668,30.605510451149186,27.541666666666668,26.98611111111111
2019,4,2023,NCMP,MS 3,22.791666666666668,31.724665501604402,34.708333333333336,32.81944444444445
2019,4,2023,NCMP,MS 4,29.875,33.21701822020336,41.083333333333336,33.90277777777778
2019,4,2023,NCMP,MS 6,26.708333333333332,32.85056019085359,38.125,33.36111111111111
2019,4,2023,NCMP,OS 1,13.875,21.69016603830682,24.708333333333332,21.347222222222218
2019,4,2023,NCMP,OS 2,14.833333333333334,22.612610730692165,21.166666666666668,18.069444444444446
2019,4,2023,NCMP,OS 3,10.291666666666666,22.148498286943703,19.625,14.694444444444445
2019,4,2023,NCMP,OS 4,12.333333333333334,23.062187383768446,21.416666666666668,17.541666666666668
2019,4,2023,NCMP,OS 6,9.458333333333334,21.356958664151296,22.75,20.180555555555554
2019,4,2023,NCMP,Port Geographe,33.875,41.93318398806305,48.375,41.145833333333336
2019,4,2023,NCMP,Vasse Diversion,40.666666666666664,35.80388517617536,36.583333333333336,32.82638888888889
2019,4,2023,NCMP,Vasse-Wonnerup,34.708333333333336,43.024265249168636,45.34782608695652,45.828804347826086
2019,4,2023,SIMP,Mersey Point,57.125,24.830913584418887,38.708333333333336,27.394668737060044
2019,4,2023,SIMP,Warnbro Sound 5.2m,35.333333333333336,21.203883684804964,27.083333333333332,25.59313725490196
2019,4,2023,SIMP,Warnbro Sound 7.0m,9.916666666666666,11.170933565707788,32.291666666666664,11.418253968253968
2019,5,2024,CSMC,Carnac Island,31.291666666666668,25.930687382346676,26.583333333333332,30.32051282051282
2019,5,2024,CSMC,Garden Island 2.0m,28.166666666666668,33.52101904418671,49.625,39.471354166666664
2019,5,2024,CSMC,Garden Island 2.5m,19.333333333333332,26.772736914409307,29.166666666666668,27.644607843137255
2019,5,2024,CSMC,Garden Island 3.2m,21.666666666666668,26.30568413797043,26.208333333333332,29.473039215686274
2019,5,2024,CSMC,Garden Island 5.5m,12.666666666666666,25.245635240936114,27.041666666666668,26.941176470588236
2019,5,2024,CSMC,Garden Island 7.0m,10.208333333333334,20.35253621268923,15.833333333333334,20.412084398976983
2019,5,2024,CSMC,Garden Island Settlement,17.458333333333332,28.227894921993798,34.833333333333336,32.044642857142854
2019,5,2024,CSMC,Jervoise Bay,5.125,19.59711406212423,8.125,16.569444444444446
2019,5,2024,CSMC,Kwinana,21.25,25.828347365066605,37.208333333333336,28.561111111111114
2019,5,2024,CSMC,Luscombe Bay,16.75,31.155432739466075,48.083333333333336,34.74107142857143
2019,5,2024,CSMC,Mangles Bay,10.0,16.768378460417168,11.0,13.222222222222223
2019,5,2024,CSMC,Southern Flats,20.541666666666668,27.85597755666357,27.625,32.36729691876751
2019,5,2024,JBMP,Boullanger Island 2.5,18.166666666666668,30.102107473084562,26.083333333333332,30.71875
2019,5,2024,JBMP,Boullanger Island 3.5,21.791666666666668,29.854571071142278,31.375,31.772727272727273
2019,5,2024,JBMP,Boullanger Island 5.5,17.5,26.177605054140155,25.772727272727273,27.290088383838384
2019,5,2024,JBMP,Cervantes Island,11.791666666666666,28.401418289555657,19.541666666666668,24.552083333333336
2019,5,2024,JBMP,Fishermans Island 2.5,30.708333333333332,39.21464669735459,31.541666666666668,44.888888888888886
2019,5,2024,JBMP,Fishermans Island 3.5,15.375,30.988696993828192,31.695652173913043,28.545893719806767
2019,5,2024,JBMP,Fishermans Island 5.5,26.25,34.03487148477075,29.333333333333332,33.13888888888889
2019,5,2024,JBMP,Green Island,11.75,24.193919815472192,14.458333333333334,18.59375
2019,5,2024,JBMP,Jurien Impact Site 2.5,29.166666666666668,30.493497069853355,39.625,35.822916666666664
2019,5,2024,JBMP,Kangaroo Point,28.0,30.94203905182021,39.666666666666664,31.135416666666664
2019,5,2024,MMP,Burns Rocks,9.208333333333334,16.768968443779467,15.041666666666666,14.680555555555557
2019,5,2024,MMP,Hillarys Channel,5.25,16.251684003554303,18.041666666666668,13.65625
2019,5,2024,MMP,Mullaloo,10.625,14.088277430273514,13.625,13.722222222222221
2019,5,2024,MMP,North Beach,14.875,13.529081699303418,18.708333333333332,14.456439393939394
2019,5,2024,MMP,Ocean Reef Outer,10.875,14.813446839172512,12.458333333333334,9.645833333333334
2019,5,2024,MMP,Sorrento,9.166666666666666,16.092294914460425,10.25,9.097222222222223
2019,5,2024,MMP,Wreck Rock,8.583333333333334,15.529328950844732,16.136363636363637,16.267676767676768
2019,5,2024,NCMP,Buayanup,58.541666666666664,52.01472584582126,54.041666666666664,54.729166666666664
2019,5,2024,NCMP,Busselton Jetty,49.5,41.53555958667435,41.583333333333336,42.1875
2019,5,2024,NCMP,Dunsborough,63.0,50.60260469009825,52.208333333333336,55.354166666666664
2019,5,2024,NCMP,Forrest Beach,55.458333333333336,45.11562989316328,51.458333333333336,48.1862922705314
2019,5,2024,NCMP,Port Geographe,48.666666666666664,42.333948319779395,48.375,41.145833333333336
2019,5,2024,NCMP,Vasse Diversion,42.083333333333336,35.986632980672255,36.583333333333336,32.82638888888889
2019,5,2024,NCMP,Vasse-Wonnerup,56.541666666666664,44.28396078162868,45.34782608695652,45.828804347826086
2019,5,2024,SIMP,Becher Point,14.291666666666666,23.260109471010498,29.416666666666668,25.471273291925463
2019,5,2024,SIMP,Becher Point SZ,19.583333333333332,25.89543860676218,39.25,30.296626984126984
2019,5,2024,SIMP,Mersey Point,28.625,25.991404836236384,38.708333333333336,27.394668737060044
2019,5,2024,SIMP,Penguin Island,23.166666666666668,25.606149672156594,27.347826086956523,25.93659420289855
2019,5,2024,SIMP,Port Kennedy,27.958333333333332,24.833306193714968,30.91304347826087,27.541062801932366
2019,5,2024,SIMP,Seal Island,25.25,23.14783735080266,24.958333333333332,23.386904761904763
2019,5,2024,SIMP,Warnbro Sound 5.2m,17.291666666666668,22.802900596051586,27.083333333333332,25.59313725490196
2019,5,2024,SIMP,Warnbro Sound 7.0m,5.541666666666667,12.069632309512913,32.291666666666664,11.418253968253968
2020,2,2022,CSMC,Carnac Island,30.708333333333332,25.749337273863848,17.541666666666668,29.407738095238095
2020,2,2022,CSMC,Causeway,14.541666666666666,19.86546244608667,21.25,17.843537414965986
2020,2,2022,CSMC,Coogee,23.75,20.95117794944914,23.791666666666668,21.989001035196686
2020,2,2022,CSMC,Garden Island 2.0m,45.166666666666664,33.47269541755183,34.125,39.15686274509804
2020,2,2022,CSMC,Garden Island 2.5m,27.333333333333332,27.15673824964883,16.541666666666668,27.02777777777778
2020,2,2022,CSMC,Garden Island 3.2m,43.916666666666664,27.075801481566785,17.083333333333332,28.78472222222222
2020,2,2022,CSMC,Garden Island 5.5m,28.75,24.28736211308102,18.041666666666668,26.44675925925926
2020,2,2022,CSMC,Garden Island 7.0m,18.375,20.353775677826032,16.708333333333332,20.206320450885666
2020,2,2022,CSMC,Garden Island Settlement,30.291666666666668,28.650768046874557,16.666666666666668,31.019444444444446
2020,2,2022,CSMC,Jervoise Bay,4.416666666666667,16.62874766813899,2.9583333333333335,15.71875
2020,2,2022,CSMC,Kwinana,38.666666666666664,23.301745422461707,36.291666666666664,29.044270833333332
2020,2,2022,CSMC,Luscombe Bay,46.75,30.2540196137433,22.083333333333332,33.89722222222222
2020,2,2022,CSMC,Mangles Bay,14.041666666666666,16.133584086090895,12.083333333333334,13.151041666666666
2020,2,2022,CSMC,Southern Flats,38.083333333333336,29.983628055288335,19.041666666666668,31.62698412698413
2020,2,2022,CSMC,Woodman Point,7.583333333333333,14.583838650346886,2.1666666666666665,12.001222222222223
2020,2,2022,JBMP,Boullanger Island 2.5,22.541666666666668,28.62092711942924,19.958333333333332,29.89102564102564
2020,2,2022,JBMP,Boullanger Island 3.5,23.75,28.808376475393185,31.416666666666668,31.743055555555557
2020,2,2022,JBMP,Boullanger Island 5.5,21.708333333333332,25.150898215912186,21.916666666666668,26.87674825174825
2020,2,2022,JBMP,Cervantes Island,28.0,28.762957536642332,20.458333333333332,23.733333333333334
2020,2,2022,JBMP,Fishermans Island 2.5,30.625,37.436972411453645,25.208333333333332,43.375
2020,2,2022,JBMP,Fishermans Island 3.5,16.458333333333332,28.539299077307277,21.75,28.023132664437014
2020,2,2022,JBMP,Fishermans Island 5.5,26.916666666666668,30.46397356468079,20.041666666666668,32.131410256410255
2020,2,2022,JBMP,Green Island,13.625,22.32846170620925,14.166666666666666,17.708333333333336
2020,2,2022,JBMP,Jurien Impact Site 2.5,36.958333333333336,29.931791547705895,35.0,35.65833333333333
2020,2,2022,JBMP,Kangaroo Point,28.541666666666668,31.166433753746247,30.041666666666668,30.916666666666664
2020,2,2022,MMP,Burns Rocks,18.333333333333332,16.439718253649595,19.916666666666668,15.989583333333334
2020,2,2022,MMP,Hillarys Channel,10.5,14.03157619039844,5.958333333333333,12.116666666666667
2020,2,2022,MMP,Mullaloo,12.333333333333334,12.221641098612508,19.583333333333332,15.1875
2020,2,2022,MMP,North Beach,35.416666666666664,14.14073348121653,14.333333333333334,14.431818181818182
2020,2,2022,MMP,Ocean Reef Outer,15.0,14.329578422019607,22.916666666666668,12.3
2020,2,2022,MMP,Sorrento,13.666666666666666,13.775767989294541,4.166666666666667,7.864583333333334
2020,2,2022,MMP,Wreck Rock,14.0,12.701512464732705,16.208333333333332,16.25284090909091
2020,2,2022,NCMP,Buayanup,64.66666666666667,53.31780289154446,54.083333333333336,54.63690476190476
2020,2,2022,NCMP,Busselton Jetty,48.166666666666664,41.81391864423859,48.25,43.05357142857143
2020,2,2022,NCMP,Dunsborough,60.833333333333336,52.909109390873276,58.25,55.767857142857146
2020,2,2022,NCMP,Forrest Beach,47.75,47.175277961772565,57.083333333333336,49.45729813664597
2020,2,2022,NCMP,Port Geographe,38.958333333333336,42.52252474524641,49.0,42.267857142857146
2020,2,2022,NCMP,Vasse Diversion,40.333333333333336,36.79047569658102,47.083333333333336,34.86309523809524
2020,2,2022,NCMP,Vasse-Wonnerup,43.708333333333336,44.714811706842234,50.0,46.42468944099379
2020,2,2022,SIMP,Becher Point,16.565217391304348,24.013281002446863,24.875,25.39673913043478
2020,2,2022,SIMP,Becher Point SZ,15.083333333333334,26.302209414449706,24.5,29.468537414965986
2020,2,2022,SIMP,Bird Island,21.166666666666668,27.384455366857278,25.875,26.12305900621118
2020,2,2022,SIMP,Mersey Point,49.0,27.00053706957965,29.375,27.526690821256043
2020,2,2022,SIMP,Penguin Island,24.916666666666668,26.511500089237227,30.875,26.55389492753623
2020,2,2022,SIMP,Port Kennedy,13.541666666666666,23.52038936655826,21.291666666666668,26.648291925465838
2020,2,2022,SIMP,Seal Island,22.75,23.641818775857914,25.75,23.682291666666668
2020,2,2022,SIMP,Warnbro Sound 5.2m,31.666666666666668,22.196380118760317,24.333333333333332,25.52314814814815
2020,2,2022,SIMP,Warnbro Sound 7.0m,4.125,12.829953142012679,20.666666666666668,11.996279761904761
2020,3,2023,CSMC,Carnac Island,29.25,25.775970735230914,17.541666666666668,29.407738095238095
2020,3,2023,CSMC,Garden Island 2.0m,42.916666666666664,33.1359585943145,34.125,39.15686274509804
2020,3,2023,CSMC,Garden Island 2.5m,33.291666666666664,26.84361067473495,16.541666666666668,27.02777777777778
2020,3,2023,CSMC,Garden Island 3.2m,43.208333333333336,26.498045153291944,17.083333333333332,28.78472222222222
2020,3,2023,CSMC,Garden Island 5.5m,35.833333333333336,23.52700479189309,18.041666666666668,26.44675925925926
2020,3,2023,CSMC,Garden Island 7.0m,20.416666666666668,19.856249365367987,16.708333333333332,20.206320450885666
2020,3,2023,CSMC,Garden Island Settlement,38.791666666666664,27.491145363983925,16.666666666666668,31.019444444444446
2020,3,2023,CSMC,Jervoise Bay,5.0,16.001508042250293,2.9583333333333335,15.71875
2020,3,2023,CSMC,Kwinana,35.25,22.871971866253,36.291666666666664,29.044270833333332
2020,3,2023,CSMC,Luscombe Bay,33.083333333333336,29.807381872325944,22.083333333333332,33.89722222222222
2020,3,2023,CSMC,Mangles Bay,9.083333333333334,15.770522935959358,12.083333333333334,13.151041666666666
2020,3,2023,CSMC,Southern Flats,33.416666666666664,13.92828041916215,19.041666666666668,31.62698412698413
2020,3,2023,NCMP,Buayanup,54.583333333333336,52.69438540120806,54.083333333333336,54.63690476190476
2020,3,2023,NCMP,Busselton Jetty,38.416666666666664,41.60992539030218,48.25,43.05357142857143
2020,3,2023,NCMP,Dunsborough,63.083333333333336,51.772793453673756,58.25,55.767857142857146
2020,3,2023,NCMP,Forrest Beach,50.916666666666664,44.772297439418224,57.083333333333336,49.45729813664597
2020,3,2023,NCMP,MS 1,12.791666666666666,27.180542285695502,13.708333333333334,16.854166666666664
2020,3,2023,NCMP,MS 2,22.666666666666668,29.60626847763079,36.666666666666664,29.40625
2020,3,2023,NCMP,MS 3,22.791666666666668,31.849713173291743,31.75,32.552083333333336
2020,3,2023,NCMP,MS 4,29.875,32.503593936792015,31.75,33.364583333333336
2020,3,2023,NCMP,MS 6,26.708333333333332,33.275612563513334,38.125,34.55208333333333
2020,3,2023,NCMP,OS 1,13.875,18.248001444466517,13.041666666666666,19.270833333333332
2020,3,2023,NCMP,OS 2,14.833333333333334,17.764284799085413,17.333333333333332,17.885416666666668
2020,3,2023,NCMP,OS 3,10.291666666666666,18.79245382667929,15.708333333333334,14.947916666666668
2020,3,2023,NCMP,OS 4,12.333333333333334,18.095166747238004,5.833333333333333,14.614583333333334
2020,3,2023,NCMP,OS 6,9.458333333333334,18.953931007313425,22.583333333333332,20.78125
2020,3,2023,NCMP,Port Geographe,33.875,42.3938388935273,49.0,42.267857142857146
2020,3,2023,NCMP,Vasse Diversion,40.666666666666664,36.72183909036657,47.083333333333336,34.86309523809524
2020,3,2023,NCMP,Vasse-Wonnerup,34.708333333333336,43.9308030158834,50.0,46.42468944099379
2020,3,2023,SIMP,Mersey Point,57.125,25.952805316003296,29.375,27.526690821256043
2020,3,2023,SIMP,Warnbro Sound 5.2m,35.333333333333336,20.827852231432107,24.333333333333332,25.52314814814815
2020,3,2023,SIMP,Warnbro Sound 7.0m,9.916666666666666,11.714027480841816,20.666666666666668,11.996279761904761
2020,4,2024,CSMC,Carnac Island,31.291666666666668,25.81177293237229,17.541666666666668,29.407738095238095
2020,4,2024,CSMC,Garden Island 2.0m,28.166666666666668,33.35607393590564,34.125,39.15686274509804
2020,4,2024,CSMC,Garden Island 2.5m,19.333333333333332,27.507464508909987,16.541666666666668,27.02777777777778
2020,4,2024,CSMC,Garden Island 3.2m,21.666666666666668,27.143542481165603,17.083333333333332,28.78472222222222
2020,4,2024,CSMC,Garden Island 5.5m,12.666666666666666,25.314727863462984,18.041666666666668,26.44675925925926
2020,4,2024,CSMC,Garden Island 7.0m,10.208333333333334,20.12146647788558,16.708333333333332,20.206320450885666
2020,4,2024,CSMC,Garden Island Settlement,17.458333333333332,29.550953089777437,16.666666666666668,31.019444444444446
2020,4,2024,CSMC,Jervoise Bay,5.125,17.421526454724795,2.9583333333333335,15.71875
2020,4,2024,CSMC,Kwinana,21.25,25.51257900159128,36.291666666666664,29.044270833333332
2020,4,2024,CSMC,Luscombe Bay,16.75,31.078394856353746,22.083333333333332,33.89722222222222
2020,4,2024,CSMC,Mangles Bay,10.0,16.295737543200765,12.083333333333334,13.151041666666666
2020,4,2024,CSMC,Southern Flats,20.541666666666668,29.621403107016096,19.041666666666668,31.62698412698413
2020,4,2024,JBMP,Boullanger Island 2.5,18.166666666666668,28.62695724210532,19.958333333333332,29.89102564102564
2020,4,2024,JBMP,Boullanger Island 3.5,21.791666666666668,28.509555105283688,31.416666666666668,31.743055555555557
2020,4,2024,JBMP,Boullanger Island 5.5,17.5,24.937106381730395,21.916666666666668,26.87674825174825
2020,4,2024,JBMP,Cervantes Island,11.791666666666666,27.48948491418171,20.458333333333332,23.733333333333334
2020,4,2024,JBMP,Fishermans Island 2.5,30.708333333333332,37.38828017626878,25.208333333333332,43.375
2020,4,2024,JBMP,Fishermans Island 3.5,15.375,30.34701650907208,21.75,28.023132664437014
2020,4,2024,JBMP,Fishermans Island 5.5,26.25,32.497849037160265,20.041666666666668,32.131410256410255
2020,4,2024,JBMP,Green Island,11.75,21.58260440210685,14.166666666666666,17.708333333333336
2020,4,2024,JBMP,Jurien Impact Site 2.5,29.166666666666668,30.13267987888544,35.0,35.65833333333333
2020,4,2024,JBMP,Kangaroo Point,28.0,29.734157211329013,30.041666666666668,30.916666666666664
2020,4,2024,MMP,Burns Rocks,9.208333333333334,16.81541610382484,19.916666666666668,15.989583333333334
2020,4,2024,MMP,Hillarys Channel,5.25,14.30481912698123,5.958333333333333,12.116666666666667
2020,4,2024,MMP,Mullaloo,10.625,12.599782320914175,19.583333333333332,15.1875
2020,4,2024,MMP,North Beach,14.875,13.894480474416783,14.333333333333334,14.431818181818182
2020,4,2024,MMP,Ocean Reef Outer,10.875,14.629747249041465,22.916666666666668,12.3
2020,4,2024,MMP,Sorrento,9.166666666666666,14.309388909912895,4.166666666666667,7.864583333333334
2020,4,2024,MMP,Wreck Rock,8.583333333333334,12.879362266769554,16.208333333333332,16.25284090909091
2020,4,2024,NCMP,Buayanup,58.541666666666664,52.70998896727766,54.083333333333336,54.63690476190476
2020,4,2024,NCMP,Busselton Jetty,49.5,42.182022891298246,48.25,43.05357142857143
2020,4,2024,NCMP,Dunsborough,63.0,52.04472240731035,58.25,55.767857142857146
2020,4,2024,NCMP,Forrest Beach,55.458333333333336,46.16304672736708,57.083333333333336,49.45729813664597
2020,4,2024,NCMP,Port Geographe,48.666666666666664,44.2316426485903,49.0,42.267857142857146
2020,4,2024,NCMP,Vasse Diversion,42.083333333333336,37.450554044151026,47.083333333333336,34.86309523809524
2020,4,2024,NCMP,Vasse-Wonnerup,56.541666666666664,45.50739916694783,50.0,46.42468944099379
2020,4,2024,SIMP,Becher Point,14.291666666666666,24.372408112236815,24.875,25.39673913043478
2020,4,2024,SIMP,Becher Point SZ,19.583333333333332,26.989301755750393,24.5,29.468537414965986
2020,4,2024,SIMP,Mersey Point,28.625,27.86854078681701,29.375,27.526690821256043
2020,4,2024,SIMP,Penguin Island,23.166666666666668,27.279071546395354,30.875,26.55389492753623
2020,4,2024,SIMP,Port Kennedy,27.958333333333332,24.34601401049778,21.291666666666668,26.648291925465838
2020,4,2024,SIMP,Seal Island,25.25,24.111382231026692,25.75,23.682291666666668
2020,4,2024,SIMP,Warnbro Sound 5.2m,17.291666666666668,22.337904268416782,24.333333333333332,25.52314814814815
2020,4,2024,SIMP,Warnbro Sound 7.0m,5.541666666666667,12.698594141701976,20.666666666666668,11.996279761904761
2021,1,2022,CSMC,Carnac Island,30.708333333333332,25.71533051652205,17.541666666666668,29.407738095238095
2021,1,2022,CSMC,Causeway,14.541666666666666,20.089229692844295,21.25,17.843537414965986
2021,1,2022,CSMC,Coogee,23.75,20.543939540240252,23.791666666666668,21.989001035196686
2021,1,2022,CSMC,Garden Island 2.0m,45.166666666666664,33.089513241035114,34.125,39.15686274509804
2021,1,2022,CSMC,Garden Island 2.5m,27.333333333333332,27.20031068972506,16.541666666666668,27.02777777777778
2021,1,2022,CSMC,Garden Island 3.2m,43.916666666666664,26.778284337118652,17.083333333333332,28.78472222222222
2021,1,2022,CSMC,Garden Island 5.5m,28.75,24.08030183853631,18.041666666666668,26.44675925925926
2021,1,2022,CSMC,Garden Island 7.0m,18.375,20.20406538233631,16.708333333333332,20.206320450885666
2021,1,2022,CSMC,Garden Island Settlement,30.291666666666668,28.229996576263737,16.666666666666668,31.019444444444446
2021,1,2022,CSMC,Jervoise Bay,4.416666666666667,16.82313989802204,2.9583333333333335,15.71875
2021,1,2022,CSMC,Kwinana,38.666666666666664,22.95387636741784,36.291666666666664,29.044270833333332
2021,1,2022,CSMC,Luscombe Bay,46.75,29.978751059815494,22.083333333333332,33.89722222222222
2021,1,2022,CSMC,Mangles Bay,14.041666666666666,15.702909245883953,12.083333333333334,13.151041666666666
2021,1,2022,CSMC,Southern Flats,38.083333333333336,29.632708023726014,19.041666666666668,31.62698412698413
2021,1,2022,CSMC,Woodman Point,7.583333333333333,14.895217613485261,2.1666666666666665,12.001222222222223
2021,1,2022,JBMP,Boullanger Island 2.5,22.541666666666668,28.520965655056308,19.958333333333332,29.89102564102564
2021,1,2022,JBMP,Boullanger Island 3.5,23.75,29.05817663001517,31.416666666666668,31.743055555555557
2021,1,2022,JBMP,Boullanger Island 5.5,21.708333333333332,25.142217143225153,21.916666666666668,26.87674825174825
2021,1,2022,JBMP,Cervantes Island,28.0,28.69557295232447,20.458333333333332,23.733333333333334
2021,1,2022,JBMP,Fishermans Island 2.5,30.625,37.68289546800826,25.208333333333332,43.375
2021,1,2022,JBMP,Fishermans Island 3.5,16.458333333333332,28.04367815450342,21.75,28.023132664437014
2021,1,2022,JBMP,Fishermans Island 5.5,26.916666666666668,30.244213665578226,20.041666666666668,32.131410256410255
2021,1,2022,JBMP,Green Island,13.625,22.923069940268622,14.166666666666666,17.708333333333336
2021,1,2022,JBMP,Jurien Impact Site 2.5,36.958333333333336,29.94427888955516,35.0,35.65833333333333
2021,1,2022,JBMP,Kangaroo Point,28.541666666666668,31.106282507711384,30.041666666666668,30.916666666666664
2021,1,2022,MMP,Burns Rocks,18.333333333333332,16.619920970514997,19.916666666666668,15.989583333333334
2021,1,2022,MMP,Hillarys Channel,10.5,13.94272108964281,5.958333333333333,12.116666666666667
2021,1,2022,MMP,Mullaloo,12.333333333333334,12.580902995912039,19.583333333333332,15.1875
2021,1,2022,MMP,North Beach,35.416666666666664,13.989355565700116,14.333333333333334,14.431818181818182
2021,1,2022,MMP,Ocean Reef Outer,15.0,14.204389941628706,22.916666666666668,12.3
2021,1,2022,MMP,Sorrento,13.666666666666666,13.31750572816077,4.166666666666667,7.864583333333334
2021,1,2022,MMP,Wreck Rock,14.0,13.021386355078134,16.208333333333332,16.25284090909091
2021,1,2022,NCMP,Buayanup,64.66666666666667,55.38984551713001,59.69565217391305,55.2692481884058
2021,1,2022,NCMP,Busselton Jetty,48.166666666666664,42.64941464160424,45.391304347826086,43.34578804347826
2021,1,2022,NCMP,Dunsborough,60.833333333333336,55.341151692398974,66.20833333333333,57.072916666666664
2021,1,2022,NCMP,Forrest Beach,47.75,46.564550939268635,41.5,48.46263586956522
2021,1,2022,NCMP,Port Geographe,38.958333333333336,43.2121754723578,46.4,42.784375
2021,1,2022,NCMP,Vasse Diversion,40.333333333333336,36.05406948752719,37.285714285714285,35.16592261904762
2021,1,2022,NCMP,Vasse-Wonnerup,43.708333333333336,45.1009743725293,44.13636363636363,46.138648715415016
2021,1,2022,SIMP,Becher Point,16.565217391304348,24.03645155611775,24.875,25.39673913043478
2021,1,2022,SIMP,Becher Point SZ,15.083333333333334,26.523649721831056,24.5,29.468537414965986
2021,1,2022,SIMP,Bird Island,21.166666666666668,27.461081003081404,25.875,26.12305900621118
2021,1,2022,SIMP,Mersey Point,49.0,26.87545863230199,29.375,27.526690821256043
2021,1,2022,SIMP,Penguin Island,24.916666666666668,26.45525920627153,30.875,26.55389492753623
2021,1,2022,SIMP,Port Kennedy,13.541666666666666,23.33478951601184,21.291666666666668,26.648291925465838
2021,1,2022,SIMP,Seal Island,22.75,23.282096210475324,25.75,23.682291666666668
2021,1,2022,SIMP,Warnbro Sound 5.2m,31.666666666666668,21.634745231214808,24.333333333333332,25.52314814814815
2021,1,2022,SIMP,Warnbro Sound 7.0m,4.125,12.967256449295094,20.666666666666668,11.996279761904761
2021,2,2023,CSMC,Carnac Island,29.25,25.87846026469731,17.541666666666668,29.407738095238095
2021,2,2023,CSMC,Garden Island 2.0m,42.916666666666664,33.11407047963871,34.125,39.15686274509804
2021,2,2023,CSMC,Garden Island 2.5m,33.291666666666664,27.1423452434111,16.541666666666668,27.02777777777778
2021,2,2023,CSMC,Garden Island 3.2m,43.208333333333336,26.430662226124905,17.083333333333332,28.78472222222222
2021,2,2023,CSMC,Garden Island 5.5m,35.833333333333336,23.49479966800291,18.041666666666668,26.44675925925926
2021,2,2023,CSMC,Garden Island 7.0m,20.416666666666668,19.771771833576437,16.708333333333332,20.206320450885666
2021,2,2023,CSMC,Garden Island Settlement,38.791666666666664,27.262913769294006,16.666666666666668,31.019444444444446
2021,2,2023,CSMC,Jervoise Bay,5.0,16.06027872714609,2.9583333333333335,15.71875
2021,2,2023,CSMC,Kwinana,35.25,22.854321387174082,36.291666666666664,29.044270833333332
2021,2,2023,CSMC,Luscombe Bay,33.083333333333336,29.72942882409457,22.083333333333332,33.89722222222222
2021,2,2023,CSMC,Mangles Bay,9.083333333333334,15.760853912941332,12.083333333333334,13.151041666666666
2021,2,2023,CSMC,Southern Flats,33.416666666666664,14.055449212171665,19.041666666666668,31.62698412698413
2021,2,2023,NCMP,Buayanup,54.583333333333336,53.8553118473171,59.69565217391305,55.2692481884058
2021,2,2023,NCMP,Busselton Jetty,38.416666666666664,42.05799103195042,45.391304347826086,43.34578804347826
2021,2,2023,NCMP,Dunsborough,63.083333333333336,53.60487235116525,66.20833333333333,57.072916666666664
2021,2,2023,NCMP,Forrest Beach,50.916666666666664,44.85224967274437,41.5,48.46263586956522
2021,2,2023,NCMP,MS 1,12.791666666666666,23.090899739551887,17.208333333333332,16.925
2021,2,2023,NCMP,MS 2,22.666666666666668,29.43519374606854,32.041666666666664,29.93333333333333
2021,2,2023,NCMP,MS 3,22.791666666666668,31.25371007611342,28.125,31.666666666666668
2021,2,2023,NCMP,MS 4,29.875,31.985288153741774,37.25,34.141666666666666
2021,2,2023,NCMP,MS 6,26.708333333333332,33.529199273872585,35.625,34.766666666666666
2021,2,2023,NCMP,OS 1,13.875,18.0724697700972,18.791666666666668,19.175
2021,2,2023,NCMP,OS 2,14.833333333333334,17.764461582994567,21.208333333333332,18.55
2021,2,2023,NCMP,OS 3,10.291666666666666,17.699109417334608,17.166666666666668,15.39166666666667
2021,2,2023,NCMP,OS 4,12.333333333333334,17.629354682142807,21.666666666666668,16.025
2021,2,2023,NCMP,OS 6,9.458333333333334,18.28765235953625,17.083333333333332,20.041666666666664
2021,2,2023,NCMP,Port Geographe,33.875,42.1341513370335,46.4,42.784375
2021,2,2023,NCMP,Vasse Diversion,40.666666666666664,35.24568248990832,37.285714285714285,35.16592261904762
2021,2,2023,NCMP,Vasse-Wonnerup,34.708333333333336,43.95851232187504,44.13636363636363,46.138648715415016
2021,2,2023,SIMP,Mersey Point,57.125,25.770101152354627,29.375,27.526690821256043
2021,2,2023,SIMP,Warnbro Sound 5.2m,35.333333333333336,20.88223453838608,24.333333333333332,25.52314814814815
2021,2,2023,SIMP,Warnbro Sound 7.0m,9.916666666666666,11.90470611349258,20.666666666666668,11.996279761904761
2021,3,2024,CSMC,Carnac Island,31.291666666666668,25.510782601161335,17.541666666666668,29.407738095238095
2021,3,2024,CSMC,Garden Island 2.0m,28.166666666666668,32.877342473019965,34.125,39.15686274509804
2021,3,2024,CSMC,Garden Island 2.5m,19.333333333333332,27.342201644591782,16.541666666666668,27.02777777777778
2021,3,2024,CSMC,Garden Island 3.2m,21.666666666666668,26.410139778119866,17.083333333333332,28.78472222222222
2021,3,2024,CSMC,Garden Island 5.5m,12.666666666666666,24.29200232285819,18.041666666666668,26.44675925925926
2021,3,2024,CSMC,Garden Island 7.0m,10.208333333333334,20.06647436373251,16.708333333333332,20.206320450885666
2021,3,2024,CSMC,Garden Island Settlement,17.458333333333332,29.111997702891657,16.666666666666668,31.019444444444446
2021,3,2024,CSMC,Jervoise Bay,5.125,17.71355251422355,2.9583333333333335,15.71875
2021,3,2024,CSMC,Kwinana,21.25,24.966697603261572,36.291666666666664,29.044270833333332
2021,3,2024,CSMC,Luscombe Bay,16.75,30.695709689001912,22.083333333333332,33.89722222222222
2021,3,2024,CSMC,Mangles Bay,10.0,15.979537724632928,12.083333333333334,13.151041666666666
2021,3,2024,CSMC,Southern Flats,20.541666666666668,29.446125509317874,19.041666666666668,31.62698412698413
2021,3,2024,JBMP,Boullanger Island 2.5,18.166666666666668,28.638546981597962,19.958333333333332,29.89102564102564
2021,3,2024,JBMP,Boullanger Island 3.5,21.791666666666668,28.742018698660342,31.416666666666668,31.743055555555557
2021,3,2024,JBMP,Boullanger Island 5.5,17.5,25.01898526650881,21.916666666666668,26.87674825174825
2021,3,2024,JBMP,Cervantes Island,11.791666666666666,27.340486030123497,20.458333333333332,23.733333333333334
2021,3,2024,JBMP,Fishermans Island 2.5,30.708333333333332,37.840822063358296,25.208333333333332,43.375
2021,3,2024,JBMP,Fishermans Island 3.5,15.375,30.11953828333768,21.75,28.023132664437014
2021,3,2024,JBMP,Fishermans Island 5.5,26.25,32.36493288196998,20.041666666666668,32.131410256410255
2021,3,2024,JBMP,Green Island,11.75,22.37726336172162,14.166666666666666,17.708333333333336
2021,3,2024,JBMP,Jurien Impact Site 2.5,29.166666666666668,29.92281997741114,35.0,35.65833333333333
2021,3,2024,JBMP,Kangaroo Point,28.0,29.323024932761953,30.041666666666668,30.916666666666664
2021,3,2024,MMP,Burns Rocks,9.208333333333334,16.950605632634232,19.916666666666668,15.989583333333334
2021,3,2024,MMP,Hillarys Channel,5.25,14.128857947927894,5.958333333333333,12.116666666666667
2021,3,2024,MMP,Mullaloo,10.625,12.795631831595406,19.583333333333332,15.1875
2021,3,2024,MMP,North Beach,14.875,13.701627438399989,14.333333333333334,14.431818181818182
2021,3,2024,MMP,Ocean Reef Outer,10.875,14.413540253403262,22.916666666666668,12.3
2021,3,2024,MMP,Sorrento,9.166666666666666,14.213709039091958,4.166666666666667,7.864583333333334
2021,3,2024,MMP,Wreck Rock,8.583333333333334,13.200145682553988,16.208333333333332,16.25284090909091
2021,3,2024,NCMP,Buayanup,58.541666666666664,53.984230410604326,59.69565217391305,55.2692481884058
2021,3,2024,NCMP,Busselton Jetty,49.5,43.11734209760403,45.391304347826086,43.34578804347826
2021,3,2024,NCMP,Dunsborough,63.0,53.75807145275475,66.20833333333333,57.072916666666664
2021,3,2024,NCMP,Forrest Beach,55.458333333333336,46.37103677831861,41.5,48.46263586956522
2021,3,2024,NCMP,Port Geographe,48.666666666666664,44.7151228084391,46.4,42.784375
2021,3,2024,NCMP,Vasse Diversion,42.083333333333336,35.99723051032904,37.285714285714285,35.16592261904762
2021,3,2024,NCMP,Vasse-Wonnerup,56.541666666666664,46.25989029083632,44.13636363636363,46.138648715415016
2021,3,2024,SIMP,Becher Point,14.291666666666666,24.030589989362767,24.875,25.39673913043478
2021,3,2024,SIMP,Becher Point SZ,19.583333333333332,26.972734543894013,24.5,29.468537414965986
2021,3,2024,SIMP,Mersey Point,28.625,27.84867065501969,29.375,27.526690821256043
2021,3,2024,SIMP,Penguin Island,23.166666666666668,27.37684934725736,30.875,26.55389492753623
2021,3,2024,SIMP,Port Kennedy,27.958333333333332,24.01488075428555,21.291666666666668,26.648291925465838
2021,3,2024,SIMP,Seal Island,25.25,23.699673308514342,25.75,23.682291666666668
2021,3,2024,SIMP,Warnbro Sound 5.2m,17.291666666666668,22.082416691976963,24.333333333333332,25.52314814814815
2021,3,2024,SIMP,Warnbro Sound 7.0m,5.541666666666667,12.854486233422382,20.666666666666668,11.996279761904761
2022,1,2023,CSMC,Carnac Island,29.25,28.30175333834653,30.708333333333332,29.494444444444447
2022,1,2023,CSMC,Garden Island 2.0m,42.916666666666664,35.18086647357779,45.166666666666664,39.49074074074074
2022,1,2023,CSMC,Garden Island 2.5m,33.291666666666664,30.411550545604282,27.333333333333332,27.04385964912281
2022,1,2023,CSMC,Garden Island 3.2m,43.208333333333336,30.286024095235952,43.916666666666664,29.58114035087719
2022,1,2023,CSMC,Garden Island 5.5m,35.833333333333336,27.452411708740954,28.75,26.567982456140353
2022,1,2023,CSMC,Garden Island 7.0m,20.416666666666668,20.141904042273286,18.375,20.109935163996948
2022,1,2023,CSMC,Garden Island Settlement,38.791666666666664,28.44524176729546,30.291666666666668,30.973958333333332
2022,1,2023,CSMC,Jervoise Bay,5.0,16.480073687813174,4.416666666666667,15.053921568627452
2022,1,2023,CSMC,Kwinana,35.25,26.30329239002897,38.666666666666664,29.610294117647058
2022,1,2023,CSMC,Luscombe Bay,33.083333333333336,31.997739175463952,46.75,34.700520833333336
2022,1,2023,CSMC,Mangles Bay,9.083333333333334,16.066953825681317,14.041666666666666,13.20343137254902
2022,1,2023,CSMC,Southern Flats,33.416666666666664,15.518630081238346,38.083333333333336,31.966791979949875
2022,1,2023,NCMP,Buayanup,54.583333333333336,54.38351371073911,64.66666666666667,56.31340579710145
2022,1,2023,NCMP,Busselton Jetty,38.416666666666664,42.41880179559056,48.166666666666664,43.881441223832525
2022,1,2023,NCMP,Dunsborough,63.083333333333336,54.46320192649542,60.833333333333336,57.49074074074073
2022,1,2023,NCMP,Forrest Beach,50.916666666666664,44.41059647160455,47.75,48.3834541062802
2022,1,2023,NCMP,MS 1,12.791666666666666,23.64655863167974,17.208333333333332,16.925
2022,1,2023,NCMP,MS 2,22.666666666666668,30.861346762847734,32.041666666666664,29.93333333333333
2022,1,2023,NCMP,MS 3,22.791666666666668,31.62112463757466,28.125,31.666666666666668
2022,1,2023,NCMP,MS 4,29.875,31.816537078176278,37.25,34.141666666666666
2022,1,2023,NCMP,MS 6,26.708333333333332,33.78390898704566,35.625,34.766666666666666
2022,1,2023,NCMP,OS 1,13.875,20.463856991767063,18.791666666666668,19.175
2022,1,2023,NCMP,OS 2,14.833333333333334,20.57289851327154,21.208333333333332,18.55
2022,1,2023,NCMP,OS 3,10.291666666666666,20.41178193816393,17.166666666666668,15.39166666666667
2022,1,2023,NCMP,OS 4,12.333333333333334,18.22007968306221,21.666666666666668,16.025
2022,1,2023,NCMP,OS 6,9.458333333333334,18.727751950231582,17.083333333333332,20.041666666666664
2022,1,2023,NCMP,Port Geographe,33.875,41.59187539751585,38.958333333333336,42.35925925925926
2022,1,2023,NCMP,Vasse Diversion,40.666666666666664,35.120641477620815,40.333333333333336,35.74007936507937
2022,1,2023,NCMP,Vasse-Wonnerup,34.708333333333336,43.37487398944277,43.708333333333336,45.8686136729615
2022,1,2023,SIMP,Mersey Point,57.125,26.888407274266143,49.0,28.86877264492754
2022,1,2023,SIMP,Warnbro Sound 5.2m,35.333333333333336,21.776467919980856,31.666666666666668,25.846491228070175
2022,1,2023,SIMP,Warnbro Sound 7.0m,9.916666666666666,10.710396245615733,4.125,11.533263305322128
2022,2,2024,CSMC,Carnac Island,31.291666666666668,27.95116868565353,30.708333333333332,29.494444444444447
2022,2,2024,CSMC,Garden Island 2.0m,28.166666666666668,35.45938426222889,45.166666666666664,39.49074074074074
2022,2,2024,CSMC,Garden Island 2.5m,19.333333333333332,30.40402696899923,27.333333333333332,27.04385964912281
2022,2,2024,CSMC,Garden Island 3.2m,21.666666666666668,30.34007448077522,43.916666666666664,29.58114035087719
2022,2,2024,CSMC,Garden Island 5.5m,12.666666666666666,28.296240352794314,28.75,26.567982456140353
2022,2,2024,CSMC,Garden Island 7.0m,10.208333333333334,20.305363567803855,18.375,20.109935163996948
2022,2,2024,CSMC,Garden Island Settlement,17.458333333333332,31.15451682690389,30.291666666666668,30.973958333333332
2022,2,2024,CSMC,Jervoise Bay,5.125,16.258219717169926,4.416666666666667,15.053921568627452
2022,2,2024,CSMC,Kwinana,21.25,28.194468331012942,38.666666666666664,29.610294117647058
2022,2,2024,CSMC,Luscombe Bay,16.75,33.62652939520196,46.75,34.700520833333336
2022,2,2024,CSMC,Mangles Bay,10.0,15.46778619043282,14.041666666666666,13.20343137254902
2022,2,2024,CSMC,Southern Flats,20.541666666666668,32.314162541260686,38.083333333333336,31.966791979949875
2022,2,2024,JBMP,Boullanger Island 2.5,18.166666666666668,30.57320341421655,22.541666666666668,29.366071428571427
2022,2,2024,JBMP,Boullanger Island 3.5,21.791666666666668,29.983604821843887,23.75,31.12820512820513
2022,2,2024,JBMP,Boullanger Island 5.5,17.5,25.07606050279959,21.708333333333332,26.507575757575758
2022,2,2024,JBMP,Cervantes Island,11.791666666666666,28.785644180321505,28.0,24.444444444444443
2022,2,2024,JBMP,Fishermans Island 2.5,30.708333333333332,38.605630573961314,30.625,42.464285714285715
2022,2,2024,JBMP,Fishermans Island 3.5,15.375,30.34643888629392,16.458333333333332,27.19707556935818
2022,2,2024,JBMP,Fishermans Island 5.5,26.25,31.927939878584553,26.916666666666668,31.758928571428573
2022,2,2024,JBMP,Green Island,11.75,20.002161200208924,13.625,17.02777777777778
2022,2,2024,JBMP,Jurien Impact Site 2.5,29.166666666666668,32.10092521815311,36.958333333333336,35.875
2022,2,2024,JBMP,Kangaroo Point,28.0,29.46171170425369,28.541666666666668,30.520833333333332
2022,2,2024,MMP,Burns Rocks,9.208333333333334,17.428452920459517,18.333333333333332,16.458333333333336
2022,2,2024,MMP,Hillarys Channel,5.25,13.927658825582675,10.5,11.847222222222223
2022,2,2024,MMP,Mullaloo,10.625,13.700406680068252,12.333333333333334,14.616666666666665
2022,2,2024,MMP,North Beach,14.875,13.987516753607958,35.416666666666664,17.929292929292927
2022,2,2024,MMP,Ocean Reef Outer,10.875,15.017694643859095,15.0,12.75
2022,2,2024,MMP,Sorrento,9.166666666666666,15.419713252473302,13.666666666666666,9.025
2022,2,2024,MMP,Wreck Rock,8.583333333333334,13.56576731296433,14.0,15.802272727272728
2022,2,2024,NCMP,Buayanup,58.541666666666664,54.45636027237925,64.66666666666667,56.31340579710145
2022,2,2024,NCMP,Busselton Jetty,49.5,43.948208768991314,48.166666666666664,43.881441223832525
2022,2,2024,NCMP,Dunsborough,63.0,54.5474030067299,60.833333333333336,57.49074074074073
2022,2,2024,NCMP,Forrest Beach,55.458333333333336,46.35983638535978,47.75,48.3834541062802
2022,2,2024,NCMP,Port Geographe,48.666666666666664,44.36973951630917,38.958333333333336,42.35925925925926
2022,2,2024,NCMP,Vasse Diversion,42.083333333333336,35.8948304967259,40.333333333333336,35.74007936507937
2022,2,2024,NCMP,Vasse-Wonnerup,56.541666666666664,45.85896206256013,43.708333333333336,45.8686136729615
2022,2,2024,SIMP,Becher Point,14.291666666666666,25.302596400739525,16.565217391304348,24.415458937198068
2022,2,2024,SIMP,Becher Point SZ,19.583333333333332,27.6827522477259,15.083333333333334,27.670386904761905
2022,2,2024,SIMP,Mersey Point,28.625,29.35919724132442,49.0,28.86877264492754
2022,2,2024,SIMP,Penguin Island,23.166666666666668,27.85561400968551,24.916666666666668,26.371980676328505
2022,2,2024,SIMP,Port Kennedy,27.958333333333332,22.678650853646193,13.541666666666666,25.00996376811594
2022,2,2024,SIMP,Seal Island,25.25,25.050986058871505,22.75,23.578703703703706
2022,2,2024,SIMP,Warnbro Sound 5.2m,17.291666666666668,24.058808216684923,31.666666666666668,25.846491228070175
2022,2,2024,SIMP,Warnbro Sound 7.0m,5.541666666666667,11.95951118039646,4.125,11.533263305322128
2023,1,2024,CSMC,Carnac Island,31.291666666666668,27.876726871106392,29.25,29.479166666666668
2023,1,2024,CSMC,Garden Island 2.0m,28.166666666666668,35.477537823775684,42.916666666666664,39.671052631578945
2023,1,2024,CSMC,Garden Island 2.5m,19.333333333333332,30.462161264757615,33.291666666666664,27.35625
2023,1,2024,CSMC,Garden Island 3.2m,21.666666666666668,30.340721853989756,43.208333333333336,30.2625
2023,1,2024,CSMC,Garden Island 5.5m,12.666666666666666,29.08946843043047,35.833333333333336,27.03125
2023,1,2024,CSMC,Garden Island 7.0m,10.208333333333334,20.767191086789023,20.416666666666668,20.125271739130433
2023,1,2024,CSMC,Garden Island Settlement,17.458333333333332,31.502129620599888,38.791666666666664,31.433823529411764
2023,1,2024,CSMC,Jervoise Bay,5.125,18.795720496559355,5.0,14.495370370370372
2023,1,2024,CSMC,Kwinana,21.25,29.345188962662498,35.25,29.92361111111111
2023,1,2024,CSMC,Luscombe Bay,16.75,34.14155356528286,33.083333333333336,34.60539215686274
2023,1,2024,CSMC,Mangles Bay,10.0,16.58824778308456,9.083333333333334,12.974537037037036
2023,1,2024,CSMC,Southern Flats,20.541666666666668,32.8134698138492,33.416666666666664,32.03928571428572
2023,1,2024,JBMP,Boullanger Island 2.5,18.166666666666668,30.91376412438287,22.541666666666668,29.366071428571427
2023,1,2024,JBMP,Boullanger Island 3.5,21.791666666666668,29.737075609269752,23.75,31.12820512820513
2023,1,2024,JBMP,Boullanger Island 5.5,17.5,25.426806592628672,21.708333333333332,26.507575757575758
2023,1,2024,JBMP,Cervantes Island,11.791666666666666,28.834664064412596,28.0,24.444444444444443
2023,1,2024,JBMP,Fishermans Island 2.5,30.708333333333332,38.601396313160826,30.625,42.464285714285715
2023,1,2024,JBMP,Fishermans Island 3.5,15.375,30.18047884004476,16.458333333333332,27.19707556935818
2023,1,2024,JBMP,Fishermans Island 5.5,26.25,31.82468741765634,26.916666666666668,31.758928571428573
2023,1,2024,JBMP,Green Island,11.75,20.18327267551079,13.625,17.02777777777778
2023,1,2024,JBMP,Jurien Impact Site 2.5,29.166666666666668,32.118788192731024,36.958333333333336,35.875
2023,1,2024,JBMP,Kangaroo Point,28.0,29.33703310488804,28.541666666666668,30.520833333333332
2023,1,2024,MMP,Burns Rocks,9.208333333333334,17.535077272280354,18.333333333333332,16.458333333333336
2023,1,2024,MMP,Hillarys Channel,5.25,15.889834244440975,10.5,11.847222222222223
2023,1,2024,MMP,Mullaloo,10.625,13.650056929784302,12.333333333333334,14.616666666666665
2023,1,2024,MMP,North Beach,14.875,16.11272866685885,35.416666666666664,17.929292929292927
2023,1,2024,MMP,Ocean Reef Outer,10.875,16.209336097100405,15.0,12.75
2023,1,2024,MMP,Sorrento,9.166666666666666,16.075999387068855,13.666666666666666,9.025
2023,1,2024,MMP,Wreck Rock,8.583333333333334,14.2431149120566,14.0,15.802272727272728
2023,1,2024,NCMP,Buayanup,58.541666666666664,53.53277461936286,54.583333333333336,56.14039855072464
2023,1,2024,NCMP,Busselton Jetty,49.5,42.84964552744123,38.416666666666664,43.33496376811594
2023,1,2024,NCMP,Dunsborough,63.0,53.803125616516354,63.083333333333336,58.05
2023,1,2024,NCMP,Forrest Beach,55.458333333333336,45.90398849866333,50.916666666666664,48.63677536231884
2023,1,2024,NCMP,Port Geographe,48.666666666666664,43.19002082151098,33.875,41.51083333333334
2023,1,2024,NCMP,Vasse Diversion,42.083333333333336,36.81660623124542,40.666666666666664,36.2327380952381
2023,1,2024,NCMP,Vasse-Wonnerup,56.541666666666664,43.98393921172154,34.708333333333336,44.75258563899868
2023,1,2024,SIMP,Becher Point,14.291666666666666,26.321283474558758,16.565217391304348,24.415458937198068
2023,1,2024,SIMP,Becher Point SZ,19.583333333333332,29.036130679391462,15.083333333333334,27.670386904761905
2023,1,2024,SIMP,Mersey Point,28.625,31.913916680371244,57.125,30.530903665814154
2023,1,2024,SIMP,Penguin Island,23.166666666666668,28.345471409335286,24.916666666666668,26.371980676328505
2023,1,2024,SIMP,Port Kennedy,27.958333333333332,23.8785383121288,13.541666666666666,25.00996376811594
2023,1,2024,SIMP,Seal Island,25.25,25.73233712963146,22.75,23.578703703703706
2023,1,2024,SIMP,Warnbro Sound 5.2m,17.291666666666668,25.724002017931934,35.333333333333336,26.320833333333333
2023,1,2024,SIMP,Warnbro Sound 7.0m,5.541666666666667,12.671756122609136,9.916666666666666,11.443452380952381
