"cfg","stationary","range_km","cell","p"
"stat_r30",TRUE,30,1,0.983939198563665
"stat_r30",TRUE,30,2,0.986808796988686
"stat_r30",TRUE,30,3,0.946156199349572
"stat_r30",TRUE,30,4,0.849179532120053
"stat_r30",TRUE,30,5,0.739941851426714
"stat_r30",TRUE,30,6,0.757846187671141
"stat_r30",TRUE,30,7,0.491408666654056
"stat_r30",TRUE,30,8,0.439483320156922
"stat_r30",TRUE,30,9,0.743236419182266
"stat_r30",TRUE,30,10,0.860144611402835
"stat_r30",TRUE,30,11,0.926452103965446
"stat_r30",TRUE,30,12,0.976418782151629
"stat_r30",TRUE,30,13,0.9058060068007
"stat_r30",TRUE,30,14,0.62062923099142
"stat_r30",TRUE,30,15,0.472685712604813
"stat_r30",TRUE,30,16,0.594214371397683
"stat_r30",TRUE,30,17,0
"stat_r30",TRUE,30,18,0
"stat_r30",TRUE,30,19,0
"stat_r30",TRUE,30,20,0
"stat_r30",TRUE,30,21,0
"stat_r30",TRUE,30,22,0.926433067348457
"stat_r30",TRUE,30,23,0.799454728876991
"stat_r30",TRUE,30,24,0.596128408454193
"stat_r30",TRUE,30,25,0.277463376005259
"stat_r30",TRUE,30,26,0.027483466569545
"stat_r30",TRUE,30,27,0.00524183006640159
"stat_r30",TRUE,30,28,0.012463885519989
"stat_r30",TRUE,30,29,0.110701969441801
"stat_r30",TRUE,30,30,0.354934519489387
"stat_r30",TRUE,30,31,0.494869423175695
"stat_r30",TRUE,30,32,0.485491199916705
"stat_r30",TRUE,30,33,0.525297897111364
"stat_r30",TRUE,30,34,0.657940690525904
"stat_r30",TRUE,30,35,0.725136132387749
"stat_r30",TRUE,30,36,0.607800904684333
"stat_r30",TRUE,30,37,0.329747480037488
"stat_r30",TRUE,30,38,0.22827619076541
"stat_r30",TRUE,30,39,0.240686179071288
"stat_r30",TRUE,30,40,0.583901440638205
"stat_r30",TRUE,30,41,0.654276650967947
"stat_r30",TRUE,30,42,0.247734299499771
"stat_r30",TRUE,30,43,0.082057408402857
"stat_r30",TRUE,30,44,0.017584541019724
"stat_r30",TRUE,30,45,0.0153423609067112
"stat_r30",TRUE,30,46,0.0184819441114363
"stat_r30",TRUE,30,47,0.0262445873216126
"stat_r30",TRUE,30,48,0.0173114333228777
"stat_r30",TRUE,30,49,0.0135737422851259
"stat_r30",TRUE,30,50,0.044192173056473
"stat_r30",TRUE,30,51,0.973679794251781
"stat_r30",TRUE,30,52,0.976537360035021
"stat_r30",TRUE,30,53,0.949451607397502
"stat_r30",TRUE,30,54,0.905041880447002
"stat_r30",TRUE,30,55,0.915231914561835
"stat_r30",TRUE,30,56,0.704243426610754
"stat_r30",TRUE,30,57,0.149907300519064
"stat_r30",TRUE,30,58,0.0959534170035933
"stat_r30",TRUE,30,59,0.289661492665063
"stat_r30",TRUE,30,60,0.578988072939105
"stat_r30",TRUE,30,61,0.915352475608622
"stat_r30",TRUE,30,62,0.989245273777258
"stat_r30",TRUE,30,63,0.98308486167204
"stat_r30",TRUE,30,64,0.944837838663057
"stat_r30",TRUE,30,65,0.768457342353543
"stat_r30",TRUE,30,66,0
"stat_r30",TRUE,30,67,0
"stat_r30",TRUE,30,68,0
"stat_r30",TRUE,30,69,0
"stat_r30",TRUE,30,70,0
"stat_r30",TRUE,30,71,0
"stat_r30",TRUE,30,72,0.833263835095275
"stat_r30",TRUE,30,73,0.643514964830514
"stat_r30",TRUE,30,74,0.487734495921252
"stat_r30",TRUE,30,75,0.13817387473783
"stat_r30",TRUE,30,76,0.0160768553623842
"stat_r30",TRUE,30,77,0.00681882175111272
"stat_r30",TRUE,30,78,0.0165423795170644
"stat_r30",TRUE,30,79,0.0697976871945874
"stat_r30",TRUE,30,80,0.13479574919845
"stat_r30",TRUE,30,81,0.173578011893156
"stat_r30",TRUE,30,82,0.210708920038045
"stat_r30",TRUE,30,83,0.277115205010681
"stat_r30",TRUE,30,84,0.529159532969477
"stat_r30",TRUE,30,85,0.7527550315594
"stat_r30",TRUE,30,86,0.820641590926354
"stat_r30",TRUE,30,87,0.722464356651715
"stat_r30",TRUE,30,88,0.321364129006977
"stat_r30",TRUE,30,89,0.508307356832663
"stat_r30",TRUE,30,90,0.716576934732614
"stat_r30",TRUE,30,91,0.481985696574783
"stat_r30",TRUE,30,92,0.0780290641259449
"stat_r30",TRUE,30,93,0.00730933958874625
"stat_r30",TRUE,30,94,0.00226606163684613
"stat_r30",TRUE,30,95,0.0042096734262036
"stat_r30",TRUE,30,96,0.015859395308405
"stat_r30",TRUE,30,97,0.0244916828055418
"stat_r30",TRUE,30,98,0.0127373358853545
"stat_r30",TRUE,30,99,0.0115419476718473
"stat_r30",TRUE,30,100,0.0183961975609265
"stat_r30",TRUE,30,101,0.945523555501707
"stat_r30",TRUE,30,102,0.963441056933628
"stat_r30",TRUE,30,103,0.9615916538876
"stat_r30",TRUE,30,104,0.973102740722175
"stat_r30",TRUE,30,105,0.947354002997093
"stat_r30",TRUE,30,106,0.549511163554562
"stat_r30",TRUE,30,107,0.151085578047086
"stat_r30",TRUE,30,108,0.0756005275553253
"stat_r30",TRUE,30,109,0.115380318292533
"stat_r30",TRUE,30,110,0.31925935181211
"stat_r30",TRUE,30,111,0.822932807253234
"stat_r30",TRUE,30,112,0.983054472361895
"stat_r30",TRUE,30,113,0.994174821728415
"stat_r30",TRUE,30,114,0.987505010027854
"stat_r30",TRUE,30,115,0.934268398597371
"stat_r30",TRUE,30,116,0
"stat_r30",TRUE,30,117,0
"stat_r30",TRUE,30,118,0
"stat_r30",TRUE,30,119,0
"stat_r30",TRUE,30,120,0
"stat_r30",TRUE,30,121,0
"stat_r30",TRUE,30,122,0
"stat_r30",TRUE,30,123,0.579264665923623
"stat_r30",TRUE,30,124,0.461341396523155
"stat_r30",TRUE,30,125,0.174433870566879
"stat_r30",TRUE,30,126,0.0471622860144963
"stat_r30",TRUE,30,127,0.039626624063699
"stat_r30",TRUE,30,128,0.0933229249788672
"stat_r30",TRUE,30,129,0.0822682908680236
"stat_r30",TRUE,30,130,0
"stat_r30",TRUE,30,131,0
"stat_r30",TRUE,30,132,0
"stat_r30",TRUE,30,133,0
"stat_r30",TRUE,30,134,0.481767414660649
"stat_r30",TRUE,30,135,0.78363528345262
"stat_r30",TRUE,30,136,0.898417857983633
"stat_r30",TRUE,30,137,0.857102723777385
"stat_r30",TRUE,30,138,0.727158763347479
"stat_r30",TRUE,30,139,0.91239079687202
"stat_r30",TRUE,30,140,0.887422021787061
"stat_r30",TRUE,30,141,0.455472811255223
"stat_r30",TRUE,30,142,0.0287699207332832
"stat_r30",TRUE,30,143,0.0086992117961449
"stat_r30",TRUE,30,144,0.00353981440711303
"stat_r30",TRUE,30,145,0.00469500943243794
"stat_r30",TRUE,30,146,0.0321646549594621
"stat_r30",TRUE,30,147,0.0276270161510341
"stat_r30",TRUE,30,148,0.0273454662574667
"stat_r30",TRUE,30,149,0.0440014289248087
"stat_r30",TRUE,30,150,0.0581237695831929
"stat_r30",TRUE,30,151,0.856932890796303
"stat_r30",TRUE,30,152,0.956093492244273
"stat_r30",TRUE,30,153,0.967201328934914
"stat_r30",TRUE,30,154,0.976703326450201
"stat_r30",TRUE,30,155,0.951200784358767
"stat_r30",TRUE,30,156,0.660812907446419
"stat_r30",TRUE,30,157,0.130480619195877
"stat_r30",TRUE,30,158,0.0380465271970889
"stat_r30",TRUE,30,159,0.0331708986504753
"stat_r30",TRUE,30,160,0.146061074475224
"stat_r30",TRUE,30,161,0.745062233634216
"stat_r30",TRUE,30,162,0.862285697900834
"stat_r30",TRUE,30,163,0.962384074393796
"stat_r30",TRUE,30,164,0.989043111546709
"stat_r30",TRUE,30,165,0.968526268934509
"stat_r30",TRUE,30,166,0
"stat_r30",TRUE,30,167,0
"stat_r30",TRUE,30,168,0
"stat_r30",TRUE,30,169,0
"stat_r30",TRUE,30,170,0
"stat_r30",TRUE,30,171,0
"stat_r30",TRUE,30,172,0
"stat_r30",TRUE,30,173,0.858452137220785
"stat_r30",TRUE,30,174,0.880562925103898
"stat_r30",TRUE,30,175,0.723646436623181
"stat_r30",TRUE,30,176,0.392889091660884
"stat_r30",TRUE,30,177,0.189176695384477
"stat_r30",TRUE,30,178,0
"stat_r30",TRUE,30,179,0
"stat_r30",TRUE,30,180,0
"stat_r30",TRUE,30,181,0
"stat_r30",TRUE,30,182,0
"stat_r30",TRUE,30,183,0
"stat_r30",TRUE,30,184,0
"stat_r30",TRUE,30,185,0
"stat_r30",TRUE,30,186,0
"stat_r30",TRUE,30,187,0.933739051584624
"stat_r30",TRUE,30,188,0.975707376832129
"stat_r30",TRUE,30,189,0.98083312850401
"stat_r30",TRUE,30,190,0.971903745851145
"stat_r30",TRUE,30,191,0.773849261147122
"stat_r30",TRUE,30,192,0.0844197737314958
"stat_r30",TRUE,30,193,0.0178811724790508
"stat_r30",TRUE,30,194,0.0153372769824756
"stat_r30",TRUE,30,195,0.0333095854345164
"stat_r30",TRUE,30,196,0.0505299139929464
"stat_r30",TRUE,30,197,0.0514305208347471
"stat_r30",TRUE,30,198,0.0582780789861916
"stat_r30",TRUE,30,199,0.059717185687953
"stat_r30",TRUE,30,200,0.113233522002039
"stat_r30",TRUE,30,201,0.473012147117004
"stat_r30",TRUE,30,202,0.68711097220512
"stat_r30",TRUE,30,203,0.949544962193983
"stat_r30",TRUE,30,204,0.925751865801219
"stat_r30",TRUE,30,205,0.677501472409435
"stat_r30",TRUE,30,206,0.26312172040637
"stat_r30",TRUE,30,207,0.045809978045668
"stat_r30",TRUE,30,208,0.0136749498704315
"stat_r30",TRUE,30,209,0.00705483745089032
"stat_r30",TRUE,30,210,0.130543195794831
"stat_r30",TRUE,30,211,0.775552998448099
"stat_r30",TRUE,30,212,0.69559259524015
"stat_r30",TRUE,30,213,0.77229618479429
"stat_r30",TRUE,30,214,0.901849838173996
"stat_r30",TRUE,30,215,0.855042065049989
"stat_r30",TRUE,30,216,0
"stat_r30",TRUE,30,217,0
"stat_r30",TRUE,30,218,0
"stat_r30",TRUE,30,219,0
"stat_r30",TRUE,30,220,0
"stat_r30",TRUE,30,221,0
"stat_r30",TRUE,30,222,0
"stat_r30",TRUE,30,223,0
"stat_r30",TRUE,30,224,0.992937464859605
"stat_r30",TRUE,30,225,0.961970425085989
"stat_r30",TRUE,30,226,0.831812080310342
"stat_r30",TRUE,30,227,0
"stat_r30",TRUE,30,228,0
"stat_r30",TRUE,30,229,0
"stat_r30",TRUE,30,230,0
"stat_r30",TRUE,30,231,0
"stat_r30",TRUE,30,232,0
"stat_r30",TRUE,30,233,0
"stat_r30",TRUE,30,234,0
"stat_r30",TRUE,30,235,0
"stat_r30",TRUE,30,236,0
"stat_r30",TRUE,30,237,0
"stat_r30",TRUE,30,238,0.999372181318181
"stat_r30",TRUE,30,239,0.998049648300734
"stat_r30",TRUE,30,240,0.993911843534845
"stat_r30",TRUE,30,241,0.945299987112762
"stat_r30",TRUE,30,242,0.673853333090957
"stat_r30",TRUE,30,243,0.28843248642118
"stat_r30",TRUE,30,244,0.098451403361685
"stat_r30",TRUE,30,245,0.148074461293182
"stat_r30",TRUE,30,246,0.100611038661703
"stat_r30",TRUE,30,247,0.128556404485058
"stat_r30",TRUE,30,248,0.235366720004663
"stat_r30",TRUE,30,249,0.187498100828869
"stat_r30",TRUE,30,250,0.0519049269906975
"stat_r30",TRUE,30,251,0.214888371697159
"stat_r30",TRUE,30,252,0.533068074466547
"stat_r30",TRUE,30,253,0.914190669346891
"stat_r30",TRUE,30,254,0.859910639222275
"stat_r30",TRUE,30,255,0.447731856499343
"stat_r30",TRUE,30,256,0.107028855588383
"stat_r30",TRUE,30,257,0.0383098020892881
"stat_r30",TRUE,30,258,0.0387311189707752
"stat_r30",TRUE,30,259,0.0768402695089676
"stat_r30",TRUE,30,260,0.291605325068301
"stat_r30",TRUE,30,261,0.467782893572599
"stat_r30",TRUE,30,262,0.501718683320125
"stat_r30",TRUE,30,263,0.476109794479849
"stat_r30",TRUE,30,264,0.542934614957369
"stat_r30",TRUE,30,265,0.599010119283425
"stat_r30",TRUE,30,266,0.605937773601235
"stat_r30",TRUE,30,267,0
"stat_r30",TRUE,30,268,0
"stat_r30",TRUE,30,269,0
"stat_r30",TRUE,30,270,0
"stat_r30",TRUE,30,271,0
"stat_r30",TRUE,30,272,0
"stat_r30",TRUE,30,273,0
"stat_r30",TRUE,30,274,0
"stat_r30",TRUE,30,275,0
"stat_r30",TRUE,30,276,0
"stat_r30",TRUE,30,277,0
"stat_r30",TRUE,30,278,0
"stat_r30",TRUE,30,279,0
"stat_r30",TRUE,30,280,0
"stat_r30",TRUE,30,281,0
"stat_r30",TRUE,30,282,0
"stat_r30",TRUE,30,283,0
"stat_r30",TRUE,30,284,0
"stat_r30",TRUE,30,285,0
"stat_r30",TRUE,30,286,0
"stat_r30",TRUE,30,287,0
"stat_r30",TRUE,30,288,0.998872393729272
"stat_r30",TRUE,30,289,0.997767910366387
"stat_r30",TRUE,30,290,0.995555833191774
"stat_r30",TRUE,30,291,0.980099041324852
"stat_r30",TRUE,30,292,0.899979384298495
"stat_r30",TRUE,30,293,0.706302364885437
"stat_r30",TRUE,30,294,0.316005566433828
"stat_r30",TRUE,30,295,0.180741236110161
"stat_r30",TRUE,30,296,0.21627844382638
"stat_r30",TRUE,30,297,0.276048996715152
"stat_r30",TRUE,30,298,0.291561337626077
"stat_r30",TRUE,30,299,0.322052164435077
"stat_r30",TRUE,30,300,0.15544457370442
"stat_r30",TRUE,30,301,0.317817483812613
"stat_r30",TRUE,30,302,0.521653441525777
"stat_r30",TRUE,30,303,0.706163663177173
"stat_r30",TRUE,30,304,0.54377846561865
"stat_r30",TRUE,30,305,0.221920708553575
"stat_r30",TRUE,30,306,0.0400760256550558
"stat_r30",TRUE,30,307,0.0334398954190899
"stat_r30",TRUE,30,308,0.0713908965371606
"stat_r30",TRUE,30,309,0.0916504833415702
"stat_r30",TRUE,30,310,0.124324741513169
"stat_r30",TRUE,30,311,0.214233241151616
"stat_r30",TRUE,30,312,0.325731858326502
"stat_r30",TRUE,30,313,0.439962495367173
"stat_r30",TRUE,30,314,0.481500296419362
"stat_r30",TRUE,30,315,0.748613072829946
"stat_r30",TRUE,30,316,0.850306232248514
"stat_r30",TRUE,30,317,0
"stat_r30",TRUE,30,318,0
"stat_r30",TRUE,30,319,0
"stat_r30",TRUE,30,320,0
"stat_r30",TRUE,30,321,0
"stat_r30",TRUE,30,322,0
"stat_r30",TRUE,30,323,0
"stat_r30",TRUE,30,324,0
"stat_r30",TRUE,30,325,0
"stat_r30",TRUE,30,326,0
"stat_r30",TRUE,30,327,0
"stat_r30",TRUE,30,328,0
"stat_r30",TRUE,30,329,0
"stat_r30",TRUE,30,330,0
"stat_r30",TRUE,30,331,0
"stat_r30",TRUE,30,332,0
"stat_r30",TRUE,30,333,0
"stat_r30",TRUE,30,334,0
"stat_r30",TRUE,30,335,0
"stat_r30",TRUE,30,336,0
"stat_r30",TRUE,30,337,0
"stat_r30",TRUE,30,338,0
"stat_r30",TRUE,30,339,0.998298616930829
"stat_r30",TRUE,30,340,0.994045906655204
"stat_r30",TRUE,30,341,0.968605882208212
"stat_r30",TRUE,30,342,0.849403087784895
"stat_r30",TRUE,30,343,0.606315643174124
"stat_r30",TRUE,30,344,0.520416901188301
"stat_r30",TRUE,30,345,0.232509308063886
"stat_r30",TRUE,30,346,0.376864754313357
"stat_r30",TRUE,30,347,0.548427554054903
"stat_r30",TRUE,30,348,0.366834415138714
"stat_r30",TRUE,30,349,0.181660390432749
"stat_r30",TRUE,30,350,0.222830470215859
"stat_r30",TRUE,30,351,0.0965019561026034
"stat_r30",TRUE,30,352,0.432782319284338
"stat_r30",TRUE,30,353,0.664525907506216
"stat_r30",TRUE,30,354,0.41836318660637
"stat_r30",TRUE,30,355,0.154082353251509
"stat_r30",TRUE,30,356,0.0213007356800291
"stat_r30",TRUE,30,357,0.0251781970202764
"stat_r30",TRUE,30,358,0.0454641635848726
"stat_r30",TRUE,30,359,0.0919753214129877
"stat_r30",TRUE,30,360,0.16827020287599
"stat_r30",TRUE,30,361,0.3592307538323
"stat_r30",TRUE,30,362,0.664121951037903
"stat_r30",TRUE,30,363,0.849703496054373
"stat_r30",TRUE,30,364,0.911021882915667
"stat_r30",TRUE,30,365,0
"stat_r30",TRUE,30,366,0
"stat_r30",TRUE,30,367,0
"stat_r30",TRUE,30,368,0
"stat_r30",TRUE,30,369,0
"stat_r30",TRUE,30,370,0
"stat_r30",TRUE,30,371,0
"stat_r30",TRUE,30,372,0
"stat_r30",TRUE,30,373,0
"stat_r30",TRUE,30,374,0
"stat_r30",TRUE,30,375,0
"stat_r30",TRUE,30,376,0
"stat_r30",TRUE,30,377,0
"stat_r30",TRUE,30,378,0
"stat_r30",TRUE,30,379,0
"stat_r30",TRUE,30,380,0
"stat_r30",TRUE,30,381,0
"stat_r30",TRUE,30,382,0
"stat_r30",TRUE,30,383,0
"stat_r30",TRUE,30,384,0
"stat_r30",TRUE,30,385,0
"stat_r30",TRUE,30,386,0
"stat_r30",TRUE,30,387,0
"stat_r30",TRUE,30,388,0
"stat_r30",TRUE,30,389,0
"stat_r30",TRUE,30,390,0.995970967189011
"stat_r30",TRUE,30,391,0.968572853428059
"stat_r30",TRUE,30,392,0.783554595751093
"stat_r30",TRUE,30,393,0.429994682389492
"stat_r30",TRUE,30,394,0.409892342896807
"stat_r30",TRUE,30,395,0.378475106577502
"stat_r30",TRUE,30,396,0.399186293772167
"stat_r30",TRUE,30,397,0.560337976193259
"stat_r30",TRUE,30,398,0.607360004915584
"stat_r30",TRUE,30,399,0.296195224084299
"stat_r30",TRUE,30,400,0.209748708069611
"stat_r30",TRUE,30,401,0.0598896226728455
"stat_r30",TRUE,30,402,0.345340056612514
"stat_r30",TRUE,30,403,0.559370215342645
"stat_r30",TRUE,30,404,0.184111826942546
"stat_r30",TRUE,30,405,0.0596169335260244
"stat_r30",TRUE,30,406,0.078435232534295
"stat_r30",TRUE,30,407,0.153137085503523
"stat_r30",TRUE,30,408,0.145149587950128
"stat_r30",TRUE,30,409,0.225963054818835
"stat_r30",TRUE,30,410,0.292794857146997
"stat_r30",TRUE,30,411,0.378768572192848
"stat_r30",TRUE,30,412,0.824428709628601
"stat_r30",TRUE,30,413,0.961454174477701
"stat_r30",TRUE,30,414,0.993046666547368
"stat_r30",TRUE,30,415,0
"stat_r30",TRUE,30,416,0
"stat_r30",TRUE,30,417,0
"stat_r30",TRUE,30,418,0
"stat_r30",TRUE,30,419,0
"stat_r30",TRUE,30,420,0
"stat_r30",TRUE,30,421,0
"stat_r30",TRUE,30,422,0
"stat_r30",TRUE,30,423,0
"stat_r30",TRUE,30,424,0
"stat_r30",TRUE,30,425,0
"stat_r30",TRUE,30,426,0
"stat_r30",TRUE,30,427,0
"stat_r30",TRUE,30,428,0
"stat_r30",TRUE,30,429,0
"stat_r30",TRUE,30,430,0
"stat_r30",TRUE,30,431,0
"stat_r30",TRUE,30,432,0
"stat_r30",TRUE,30,433,0
"stat_r30",TRUE,30,434,0
"stat_r30",TRUE,30,435,0
"stat_r30",TRUE,30,436,0
"stat_r30",TRUE,30,437,0
"stat_r30",TRUE,30,438,0
"stat_r30",TRUE,30,439,0
"stat_r30",TRUE,30,440,0
"stat_r30",TRUE,30,441,0
"stat_r30",TRUE,30,442,0.914156114700697
"stat_r30",TRUE,30,443,0.781929872415916
"stat_r30",TRUE,30,444,0.825181346493903
"stat_r30",TRUE,30,445,0.731513040151154
"stat_r30",TRUE,30,446,0.55842583375785
"stat_r30",TRUE,30,447,0.655131172398693
"stat_r30",TRUE,30,448,0.708369098295075
"stat_r30",TRUE,30,449,0
"stat_r30",TRUE,30,450,0
"stat_r30",TRUE,30,451,0.0595779932062045
"stat_r30",TRUE,30,452,0.0892249867756226
"stat_r30",TRUE,30,453,0.105707639802469
"stat_r30",TRUE,30,454,0.0530564445720786
"stat_r30",TRUE,30,455,0.0661702567438247
"stat_r30",TRUE,30,456,0.212078445165387
"stat_r30",TRUE,30,457,0.513028905535885
"stat_r30",TRUE,30,458,0.382878742036197
"stat_r30",TRUE,30,459,0.382971240662728
"stat_r30",TRUE,30,460,0.718782265621658
"stat_r30",TRUE,30,461,0.884470833970378
"stat_r30",TRUE,30,462,0.941486772600458
"stat_r30",TRUE,30,463,0.963869901633047
"stat_r30",TRUE,30,464,0
"stat_r30",TRUE,30,465,0
"stat_r30",TRUE,30,466,0
"stat_r30",TRUE,30,467,0
"stat_r30",TRUE,30,468,0
"stat_r30",TRUE,30,469,0
"stat_r30",TRUE,30,470,0
"stat_r30",TRUE,30,471,0
"stat_r30",TRUE,30,472,0
"stat_r30",TRUE,30,473,0
"stat_r30",TRUE,30,474,0
"stat_r30",TRUE,30,475,0
"stat_r30",TRUE,30,476,0
"stat_r30",TRUE,30,477,0
"stat_r30",TRUE,30,478,0
"stat_r30",TRUE,30,479,0
"stat_r30",TRUE,30,480,0
"stat_r30",TRUE,30,481,0
"stat_r30",TRUE,30,482,0
"stat_r30",TRUE,30,483,0
"stat_r30",TRUE,30,484,0
"stat_r30",TRUE,30,485,0
"stat_r30",TRUE,30,486,0
"stat_r30",TRUE,30,487,0
"stat_r30",TRUE,30,488,0
"stat_r30",TRUE,30,489,0
"stat_r30",TRUE,30,490,0
"stat_r30",TRUE,30,491,0
"stat_r30",TRUE,30,492,0
"stat_r30",TRUE,30,493,0
"stat_r30",TRUE,30,494,0.953350885542392
"stat_r30",TRUE,30,495,0.929802569852606
"stat_r30",TRUE,30,496,0.654972438727133
"stat_r30",TRUE,30,497,0.737165121168586
"stat_r30",TRUE,30,498,0.63902662353837
"stat_r30",TRUE,30,499,0
"stat_r30",TRUE,30,500,0
"stat_r30",TRUE,30,501,0.201973884592196
"stat_r30",TRUE,30,502,0.137286757434668
"stat_r30",TRUE,30,503,0.115378740579326
"stat_r30",TRUE,30,504,0.0501356772003001
"stat_r30",TRUE,30,505,0.0452339589623335
"stat_r30",TRUE,30,506,0.256032789789345
"stat_r30",TRUE,30,507,0.612321238362355
"stat_r30",TRUE,30,508,0.728002751654186
"stat_r30",TRUE,30,509,0.698840067474749
"stat_r30",TRUE,30,510,0.86804057478423
"stat_r30",TRUE,30,511,0.984950394055982
"stat_r30",TRUE,30,512,0.985139148033103
"stat_r30",TRUE,30,513,0.980836255821106
"stat_r30",TRUE,30,514,0
"stat_r30",TRUE,30,515,0
"stat_r30",TRUE,30,516,0
"stat_r30",TRUE,30,517,0
"stat_r30",TRUE,30,518,0
"stat_r30",TRUE,30,519,0
"stat_r30",TRUE,30,520,0
"stat_r30",TRUE,30,521,0
"stat_r30",TRUE,30,522,0
"stat_r30",TRUE,30,523,0
"stat_r30",TRUE,30,524,0
"stat_r30",TRUE,30,525,0
"stat_r30",TRUE,30,526,0
"stat_r30",TRUE,30,527,0
"stat_r30",TRUE,30,528,0
"stat_r30",TRUE,30,529,0
"stat_r30",TRUE,30,530,0
"stat_r30",TRUE,30,531,0
"stat_r30",TRUE,30,532,0
"stat_r30",TRUE,30,533,0
"stat_r30",TRUE,30,534,0
"stat_r30",TRUE,30,535,0
"stat_r30",TRUE,30,536,0
"stat_r30",TRUE,30,537,0
"stat_r30",TRUE,30,538,0
"stat_r30",TRUE,30,539,0
"stat_r30",TRUE,30,540,0
"stat_r30",TRUE,30,541,0
"stat_r30",TRUE,30,542,0
"stat_r30",TRUE,30,543,0
"stat_r30",TRUE,30,544,0.87798803252396
"stat_r30",TRUE,30,545,0.78623576142892
"stat_r30",TRUE,30,546,0.42724896727986
"stat_r30",TRUE,30,547,0.46324340444207
"stat_r30",TRUE,30,548,0.440157893708944
"stat_r30",TRUE,30,549,0
"stat_r30",TRUE,30,550,0
"stat_r30",TRUE,30,551,0.877657861901046
"stat_r30",TRUE,30,552,0.870624391805872
"stat_r30",TRUE,30,553,0.558362190867757
"stat_r30",TRUE,30,554,0.112003263419475
"stat_r30",TRUE,30,555,0.0788471706765344
"stat_r30",TRUE,30,556,0.41438089862422
"stat_r30",TRUE,30,557,0.885684216317441
"stat_r30",TRUE,30,558,0.959385782062533
"stat_r30",TRUE,30,559,0.929814190714261
"stat_r30",TRUE,30,560,0.95150582822413
"stat_r30",TRUE,30,561,0.981369201913608
"stat_r30",TRUE,30,562,0.965115141287763
"stat_r30",TRUE,30,563,0
"stat_r30",TRUE,30,564,0
"stat_r30",TRUE,30,565,0
"stat_r30",TRUE,30,566,0
"stat_r30",TRUE,30,567,0
"stat_r30",TRUE,30,568,0
"stat_r30",TRUE,30,569,0
"stat_r30",TRUE,30,570,0
"stat_r30",TRUE,30,571,0
"stat_r30",TRUE,30,572,0
"stat_r30",TRUE,30,573,0
"stat_r30",TRUE,30,574,0
"stat_r30",TRUE,30,575,0
"stat_r30",TRUE,30,576,0
"stat_r30",TRUE,30,577,0
"stat_r30",TRUE,30,578,0
"stat_r30",TRUE,30,579,0
"stat_r30",TRUE,30,580,0
"stat_r30",TRUE,30,581,0
"stat_r30",TRUE,30,582,0
"stat_r30",TRUE,30,583,0
"stat_r30",TRUE,30,584,0
"stat_r30",TRUE,30,585,0
"stat_r30",TRUE,30,586,0
"stat_r30",TRUE,30,587,0
"stat_r30",TRUE,30,588,0
"stat_r30",TRUE,30,589,0
"stat_r30",TRUE,30,590,0
"stat_r30",TRUE,30,591,0
"stat_r30",TRUE,30,592,0
"stat_r30",TRUE,30,593,0
"stat_r30",TRUE,30,594,0.642638287482567
"stat_r30",TRUE,30,595,0.433798001490508
"stat_r30",TRUE,30,596,0.163520291246569
"stat_r30",TRUE,30,597,0.166824385938162
"stat_r30",TRUE,30,598,0.257774908679736
"stat_r30",TRUE,30,599,0.440685464865466
"stat_r30",TRUE,30,600,0
"stat_r30",TRUE,30,601,0.979229275965283
"stat_r30",TRUE,30,602,0.944462928742766
"stat_r30",TRUE,30,603,0.816818679427611
"stat_r30",TRUE,30,604,0.726789338743197
"stat_r30",TRUE,30,605,0.674164222793681
"stat_r30",TRUE,30,606,0.871439695634028
"stat_r30",TRUE,30,607,0.975576363150939
"stat_r30",TRUE,30,608,0.98609053331825
"stat_r30",TRUE,30,609,0.9720982930576
"stat_r30",TRUE,30,610,0.933073268486927
"stat_r30",TRUE,30,611,0.903943098086685
"stat_r30",TRUE,30,612,0
"stat_r30",TRUE,30,613,0
"stat_r30",TRUE,30,614,0
"stat_r30",TRUE,30,615,0
"stat_r30",TRUE,30,616,0
"stat_r30",TRUE,30,617,0
"stat_r30",TRUE,30,618,0
"stat_r30",TRUE,30,619,0
"stat_r30",TRUE,30,620,0
"stat_r30",TRUE,30,621,0
"stat_r30",TRUE,30,622,0
"stat_r30",TRUE,30,623,0
"stat_r30",TRUE,30,624,0
"stat_r30",TRUE,30,625,0
"stat_r30",TRUE,30,626,0
"stat_r30",TRUE,30,627,0
"stat_r30",TRUE,30,628,0
"stat_r30",TRUE,30,629,0
"stat_r30",TRUE,30,630,0
"stat_r30",TRUE,30,631,0
"stat_r30",TRUE,30,632,0
"stat_r30",TRUE,30,633,0
"stat_r30",TRUE,30,634,0
"stat_r30",TRUE,30,635,0
"stat_r30",TRUE,30,636,0
"stat_r30",TRUE,30,637,0
"stat_r30",TRUE,30,638,0
"stat_r30",TRUE,30,639,0
"stat_r30",TRUE,30,640,0
"stat_r30",TRUE,30,641,0
"stat_r30",TRUE,30,642,0
"stat_r30",TRUE,30,643,0
"stat_r30",TRUE,30,644,0.288175002963756
"stat_r30",TRUE,30,645,0.257956171810933
"stat_r30",TRUE,30,646,0.0846295112847907
"stat_r30",TRUE,30,647,0.154011444134295
"stat_r30",TRUE,30,648,0.14532342212745
"stat_r30",TRUE,30,649,0.225556106969869
"stat_r30",TRUE,30,650,0.264394994139331
"stat_r30",TRUE,30,651,0.973702522397195
"stat_r30",TRUE,30,652,0.918858619954182
"stat_r30",TRUE,30,653,0.89594633796057
"stat_r30",TRUE,30,654,0.931320364502046
"stat_r30",TRUE,30,655,0.952814155944079
"stat_r30",TRUE,30,656,0.949797801125381
"stat_r30",TRUE,30,657,0.958576855301742
"stat_r30",TRUE,30,658,0.970938284942196
"stat_r30",TRUE,30,659,0.949038802768917
"stat_r30",TRUE,30,660,0.850361641547186
"stat_r30",TRUE,30,661,0.594009889673588
"stat_r30",TRUE,30,662,0
"stat_r30",TRUE,30,663,0
"stat_r30",TRUE,30,664,0
"stat_r30",TRUE,30,665,0
"stat_r30",TRUE,30,666,0
"stat_r30",TRUE,30,667,0
"stat_r30",TRUE,30,668,0
"stat_r30",TRUE,30,669,0
"stat_r30",TRUE,30,670,0
"stat_r30",TRUE,30,671,0
"stat_r30",TRUE,30,672,0
"stat_r30",TRUE,30,673,0
"stat_r30",TRUE,30,674,0
"stat_r30",TRUE,30,675,0
"stat_r30",TRUE,30,676,0
"stat_r30",TRUE,30,677,0
"stat_r30",TRUE,30,678,0
"stat_r30",TRUE,30,679,0
"stat_r30",TRUE,30,680,0
"stat_r30",TRUE,30,681,0
"stat_r30",TRUE,30,682,0
"stat_r30",TRUE,30,683,0
"stat_r30",TRUE,30,684,0
"stat_r30",TRUE,30,685,0
"stat_r30",TRUE,30,686,0
"stat_r30",TRUE,30,687,0
"stat_r30",TRUE,30,688,0
"stat_r30",TRUE,30,689,0
"stat_r30",TRUE,30,690,0
"stat_r30",TRUE,30,691,0
"stat_r30",TRUE,30,692,0
"stat_r30",TRUE,30,693,0.0706455313354935
"stat_r30",TRUE,30,694,0.175754107842838
"stat_r30",TRUE,30,695,0.181834510884821
"stat_r30",TRUE,30,696,0.135086686528851
"stat_r30",TRUE,30,697,0.264284406534755
"stat_r30",TRUE,30,698,0.137340113622742
"stat_r30",TRUE,30,699,0.0588735148348193
"stat_r30",TRUE,30,700,0.0105086721772142
"stat_r30",TRUE,30,701,0.968799522932241
"stat_r30",TRUE,30,702,0.972826890471795
"stat_r30",TRUE,30,703,0.973445886064329
"stat_r30",TRUE,30,704,0.984918385918176
"stat_r30",TRUE,30,705,0.990362638847326
"stat_r30",TRUE,30,706,0.9748078712955
"stat_r30",TRUE,30,707,0.955450908560604
"stat_r30",TRUE,30,708,0.917618648367243
"stat_r30",TRUE,30,709,0.79018640268374
"stat_r30",TRUE,30,710,0.526700367638852
"stat_r30",TRUE,30,711,0.172195899176431
"stat_r30",TRUE,30,712,0
"stat_r30",TRUE,30,713,0
"stat_r30",TRUE,30,714,0
"stat_r30",TRUE,30,715,0
"stat_r30",TRUE,30,716,0
"stat_r30",TRUE,30,717,0
"stat_r30",TRUE,30,718,0
"stat_r30",TRUE,30,719,0
"stat_r30",TRUE,30,720,0
"stat_r30",TRUE,30,721,0
"stat_r30",TRUE,30,722,0
"stat_r30",TRUE,30,723,0
"stat_r30",TRUE,30,724,0
"stat_r30",TRUE,30,725,0
"stat_r30",TRUE,30,726,0
"stat_r30",TRUE,30,727,0
"stat_r30",TRUE,30,728,0
"stat_r30",TRUE,30,729,0
"stat_r30",TRUE,30,730,0
"stat_r30",TRUE,30,731,0
"stat_r30",TRUE,30,732,0
"stat_r30",TRUE,30,733,0
"stat_r30",TRUE,30,734,0
"stat_r30",TRUE,30,735,0
"stat_r30",TRUE,30,736,0
"stat_r30",TRUE,30,737,0
"stat_r30",TRUE,30,738,0
"stat_r30",TRUE,30,739,0
"stat_r30",TRUE,30,740,0
"stat_r30",TRUE,30,741,0
"stat_r30",TRUE,30,742,0
"stat_r30",TRUE,30,743,0.0402253530425936
"stat_r30",TRUE,30,744,0.186771745646406
"stat_r30",TRUE,30,745,0.21349477368515
"stat_r30",TRUE,30,746,0.228042616177485
"stat_r30",TRUE,30,747,0.345459610410892
"stat_r30",TRUE,30,748,0.0994986600531055
"stat_r30",TRUE,30,749,0.0151140518906413
"stat_r30",TRUE,30,750,0.00154012499096895
"stat_r30",TRUE,30,751,0.974557085311451
"stat_r30",TRUE,30,752,0.985054411268848
"stat_r30",TRUE,30,753,0.983182973134964
"stat_r30",TRUE,30,754,0.991162733049363
"stat_r30",TRUE,30,755,0.979133326265194
"stat_r30",TRUE,30,756,0.958294614058253
"stat_r30",TRUE,30,757,0.889383419532855
"stat_r30",TRUE,30,758,0.483302443369048
"stat_r30",TRUE,30,759,0.164506777849325
"stat_r30",TRUE,30,760,0.0504473822747237
"stat_r30",TRUE,30,761,0.0344676344368116
"stat_r30",TRUE,30,762,0.0357407748879395
"stat_r30",TRUE,30,763,0
"stat_r30",TRUE,30,764,0
"stat_r30",TRUE,30,765,0
"stat_r30",TRUE,30,766,0
"stat_r30",TRUE,30,767,0
"stat_r30",TRUE,30,768,0
"stat_r30",TRUE,30,769,0
"stat_r30",TRUE,30,770,0
"stat_r30",TRUE,30,771,0
"stat_r30",TRUE,30,772,0
"stat_r30",TRUE,30,773,0
"stat_r30",TRUE,30,774,0
"stat_r30",TRUE,30,775,0
"stat_r30",TRUE,30,776,0
"stat_r30",TRUE,30,777,0
"stat_r30",TRUE,30,778,0
"stat_r30",TRUE,30,779,0
"stat_r30",TRUE,30,780,0
"stat_r30",TRUE,30,781,0
"stat_r30",TRUE,30,782,0
"stat_r30",TRUE,30,783,0
"stat_r30",TRUE,30,784,0
"stat_r30",TRUE,30,785,0
"stat_r30",TRUE,30,786,0
"stat_r30",TRUE,30,787,0
"stat_r30",TRUE,30,788,0
"stat_r30",TRUE,30,789,0
"stat_r30",TRUE,30,790,0
"stat_r30",TRUE,30,791,0
"stat_r30",TRUE,30,792,0
"stat_r30",TRUE,30,793,0.0501711560967515
"stat_r30",TRUE,30,794,0.081362233758106
"stat_r30",TRUE,30,795,0.0700876208355497
"stat_r30",TRUE,30,796,0.183943626821528
"stat_r30",TRUE,30,797,0.172782997772746
"stat_r30",TRUE,30,798,0.0306554883277914
"stat_r30",TRUE,30,799,0.0185147895949045
"stat_r30",TRUE,30,800,0.0164891794617888
"stat_r30",TRUE,30,801,0.971209621339737
"stat_r30",TRUE,30,802,0.967808842028437
"stat_r30",TRUE,30,803,0.966721795982627
"stat_r30",TRUE,30,804,0.956467063271551
"stat_r30",TRUE,30,805,0.929090535054782
"stat_r30",TRUE,30,806,0.836948378253179
"stat_r30",TRUE,30,807,0.565340676840101
"stat_r30",TRUE,30,808,0.196089299410914
"stat_r30",TRUE,30,809,0.0388012512992868
"stat_r30",TRUE,30,810,0.0101205454701151
"stat_r30",TRUE,30,811,0.0121644565522836
"stat_r30",TRUE,30,812,0.0143176330303671
"stat_r30",TRUE,30,813,0
"stat_r30",TRUE,30,814,0
"stat_r30",TRUE,30,815,0
"stat_r30",TRUE,30,816,0
"stat_r30",TRUE,30,817,0
"stat_r30",TRUE,30,818,0
"stat_r30",TRUE,30,819,0
"stat_r30",TRUE,30,820,0
"stat_r30",TRUE,30,821,0
"stat_r30",TRUE,30,822,0
"stat_r30",TRUE,30,823,0
"stat_r30",TRUE,30,824,0
"stat_r30",TRUE,30,825,0
"stat_r30",TRUE,30,826,0
"stat_r30",TRUE,30,827,0
"stat_r30",TRUE,30,828,0
"stat_r30",TRUE,30,829,0
"stat_r30",TRUE,30,830,0
"stat_r30",TRUE,30,831,0
"stat_r30",TRUE,30,832,0
"stat_r30",TRUE,30,833,0
"stat_r30",TRUE,30,834,0
"stat_r30",TRUE,30,835,0
"stat_r30",TRUE,30,836,0
"stat_r30",TRUE,30,837,0
"stat_r30",TRUE,30,838,0
"stat_r30",TRUE,30,839,0
"stat_r30",TRUE,30,840,0
"stat_r30",TRUE,30,841,0
"stat_r30",TRUE,30,842,0
"stat_r30",TRUE,30,843,0.0383641317704345
"stat_r30",TRUE,30,844,0.0397323625242626
"stat_r30",TRUE,30,845,0.0619525938818104
"stat_r30",TRUE,30,846,0.0916867539141458
"stat_r30",TRUE,30,847,0.0655775399773971
"stat_r30",TRUE,30,848,0.0729475349103047
"stat_r30",TRUE,30,849,0.103993995573695
"stat_r30",TRUE,30,850,0.292080105425975
"stat_r30",TRUE,30,851,0.935219866018578
"stat_r30",TRUE,30,852,0.947979114779557
"stat_r30",TRUE,30,853,0.895641250727882
"stat_r30",TRUE,30,854,0.865958378523344
"stat_r30",TRUE,30,855,0.864256994160423
"stat_r30",TRUE,30,856,0.771905384616854
"stat_r30",TRUE,30,857,0.712203783706457
"stat_r30",TRUE,30,858,0.421666041797696
"stat_r30",TRUE,30,859,0.0475187623146929
"stat_r30",TRUE,30,860,0.024161006829819
"stat_r30",TRUE,30,861,0.0331757954954874
"stat_r30",TRUE,30,862,0.0628057737169026
"stat_r30",TRUE,30,863,0.0857317599666946
"stat_r30",TRUE,30,864,0
"stat_r30",TRUE,30,865,0
"stat_r30",TRUE,30,866,0
"stat_r30",TRUE,30,867,0
"stat_r30",TRUE,30,868,0
"stat_r30",TRUE,30,869,0
"stat_r30",TRUE,30,870,0
"stat_r30",TRUE,30,871,0
"stat_r30",TRUE,30,872,0
"stat_r30",TRUE,30,873,0
"stat_r30",TRUE,30,874,0
"stat_r30",TRUE,30,875,0
"stat_r30",TRUE,30,876,0
"stat_r30",TRUE,30,877,0
"stat_r30",TRUE,30,878,0
"stat_r30",TRUE,30,879,0
"stat_r30",TRUE,30,880,0
"stat_r30",TRUE,30,881,0
"stat_r30",TRUE,30,882,0
"stat_r30",TRUE,30,883,0
"stat_r30",TRUE,30,884,0
"stat_r30",TRUE,30,885,0
"stat_r30",TRUE,30,886,0
"stat_r30",TRUE,30,887,0
"stat_r30",TRUE,30,888,0
"stat_r30",TRUE,30,889,0
"stat_r30",TRUE,30,890,0
"stat_r30",TRUE,30,891,0
"stat_r30",TRUE,30,892,0
"stat_r30",TRUE,30,893,0.0157229861000178
"stat_r30",TRUE,30,894,0.0184652763733936
"stat_r30",TRUE,30,895,0.0128982577285442
"stat_r30",TRUE,30,896,0.0211330864079259
"stat_r30",TRUE,30,897,0.027946586691247
"stat_r30",TRUE,30,898,0.161277100127043
"stat_r30",TRUE,30,899,0.421604952853043
"stat_r30",TRUE,30,900,0.896316976707537
"stat_r30",TRUE,30,901,0.725870904834855
"stat_r30",TRUE,30,902,0.664321050024278
"stat_r30",TRUE,30,903,0.703174285765592
"stat_r30",TRUE,30,904,0.873093753123091
"stat_r30",TRUE,30,905,0.938077570185143
"stat_r30",TRUE,30,906,0.88538020920126
"stat_r30",TRUE,30,907,0.845565277724353
"stat_r30",TRUE,30,908,0.382860127809573
"stat_r30",TRUE,30,909,0.0595880356669756
"stat_r30",TRUE,30,910,0.0600246987209754
"stat_r30",TRUE,30,911,0.0973442743693595
"stat_r30",TRUE,30,912,0.340126297776743
"stat_r30",TRUE,30,913,0.404273773234162
"stat_r30",TRUE,30,914,0
"stat_r30",TRUE,30,915,0
"stat_r30",TRUE,30,916,0
"stat_r30",TRUE,30,917,0
"stat_r30",TRUE,30,918,0
"stat_r30",TRUE,30,919,0
"stat_r30",TRUE,30,920,0
"stat_r30",TRUE,30,921,0
"stat_r30",TRUE,30,922,0
"stat_r30",TRUE,30,923,0
"stat_r30",TRUE,30,924,0
"stat_r30",TRUE,30,925,0
"stat_r30",TRUE,30,926,0
"stat_r30",TRUE,30,927,0
"stat_r30",TRUE,30,928,0
"stat_r30",TRUE,30,929,0
"stat_r30",TRUE,30,930,0
"stat_r30",TRUE,30,931,0
"stat_r30",TRUE,30,932,0
"stat_r30",TRUE,30,933,0
"stat_r30",TRUE,30,934,0
"stat_r30",TRUE,30,935,0
"stat_r30",TRUE,30,936,0
"stat_r30",TRUE,30,937,0
"stat_r30",TRUE,30,938,0
"stat_r30",TRUE,30,939,0
"stat_r30",TRUE,30,940,0
"stat_r30",TRUE,30,941,0
"stat_r30",TRUE,30,942,0
"stat_r30",TRUE,30,943,0.0163873551502233
"stat_r30",TRUE,30,944,0.0109004231900469
"stat_r30",TRUE,30,945,0.00319923853012478
"stat_r30",TRUE,30,946,0.0027557080126716
"stat_r30",TRUE,30,947,0.0209938404617965
"stat_r30",TRUE,30,948,0.230225954165763
"stat_r30",TRUE,30,949,0.779158372367522
"stat_r30",TRUE,30,950,0.948467627826264
"stat_r30",TRUE,30,951,0.440358360006047
"stat_r30",TRUE,30,952,0.575453921795315
"stat_r30",TRUE,30,953,0.894409895740556
"stat_r30",TRUE,30,954,0.980142572822916
"stat_r30",TRUE,30,955,0.984480302306636
"stat_r30",TRUE,30,956,0.920215726962393
"stat_r30",TRUE,30,957,0.816899967261934
"stat_r30",TRUE,30,958,0.262483670680771
"stat_r30",TRUE,30,959,0.0992650221147197
"stat_r30",TRUE,30,960,0.044853491060475
"stat_r30",TRUE,30,961,0.152226206392007
"stat_r30",TRUE,30,962,0.533180140886454
"stat_r30",TRUE,30,963,0.741695512036651
"stat_r30",TRUE,30,964,0
"stat_r30",TRUE,30,965,0
"stat_r30",TRUE,30,966,0
"stat_r30",TRUE,30,967,0
"stat_r30",TRUE,30,968,0
"stat_r30",TRUE,30,969,0
"stat_r30",TRUE,30,970,0
"stat_r30",TRUE,30,971,0
"stat_r30",TRUE,30,972,0
"stat_r30",TRUE,30,973,0
"stat_r30",TRUE,30,974,0
"stat_r30",TRUE,30,975,0
"stat_r30",TRUE,30,976,0
"stat_r30",TRUE,30,977,0
"stat_r30",TRUE,30,978,0.86478206361398
"stat_r30",TRUE,30,979,0.818715382130597
"stat_r30",TRUE,30,980,0.299035632419147
"stat_r30",TRUE,30,981,0.0656951242341082
"stat_r30",TRUE,30,982,0
"stat_r30",TRUE,30,983,0
"stat_r30",TRUE,30,984,0
"stat_r30",TRUE,30,985,0
"stat_r30",TRUE,30,986,0
"stat_r30",TRUE,30,987,0
"stat_r30",TRUE,30,988,0
"stat_r30",TRUE,30,989,0
"stat_r30",TRUE,30,990,0
"stat_r30",TRUE,30,991,0
"stat_r30",TRUE,30,992,0.0201729158581327
"stat_r30",TRUE,30,993,0.0291326023384959
"stat_r30",TRUE,30,994,0.00883221142579444
"stat_r30",TRUE,30,995,0.00215198763954588
"stat_r30",TRUE,30,996,0.00220729161879108
"stat_r30",TRUE,30,997,0.0152974649248108
"stat_r30",TRUE,30,998,0.196740079615848
"stat_r30",TRUE,30,999,0.7732712876264
"stat_r30",TRUE,30,1000,0.955454440849433
"stat_r30",TRUE,30,1001,0.26459582130246
"stat_r30",TRUE,30,1002,0.648109838278195
"stat_r30",TRUE,30,1003,0.938197929084928
"stat_r30",TRUE,30,1004,0.97194696557568
"stat_r30",TRUE,30,1005,0.975510743169702
"stat_r30",TRUE,30,1006,0.817461568159965
"stat_r30",TRUE,30,1007,0.387059196743149
"stat_r30",TRUE,30,1008,0.131929939798348
"stat_r30",TRUE,30,1009,0.0678481825112684
"stat_r30",TRUE,30,1010,0.0208546439206066
"stat_r30",TRUE,30,1011,0.0530734528504733
"stat_r30",TRUE,30,1012,0.419918979213339
"stat_r30",TRUE,30,1013,0.751992698102374
"stat_r30",TRUE,30,1014,0.875203986341182
"stat_r30",TRUE,30,1015,0
"stat_r30",TRUE,30,1016,0
"stat_r30",TRUE,30,1017,0
"stat_r30",TRUE,30,1018,0
"stat_r30",TRUE,30,1019,0
"stat_r30",TRUE,30,1020,0
"stat_r30",TRUE,30,1021,0
"stat_r30",TRUE,30,1022,0
"stat_r30",TRUE,30,1023,0
"stat_r30",TRUE,30,1024,0
"stat_r30",TRUE,30,1025,0
"stat_r30",TRUE,30,1026,0
"stat_r30",TRUE,30,1027,0.750750807679664
"stat_r30",TRUE,30,1028,0.914227493009781
"stat_r30",TRUE,30,1029,0.918762355494702
"stat_r30",TRUE,30,1030,0.639359402537851
"stat_r30",TRUE,30,1031,0.267473755492931
"stat_r30",TRUE,30,1032,0.159865873588944
"stat_r30",TRUE,30,1033,0
"stat_r30",TRUE,30,1034,0
"stat_r30",TRUE,30,1035,0
"stat_r30",TRUE,30,1036,0
"stat_r30",TRUE,30,1037,0
"stat_r30",TRUE,30,1038,0
"stat_r30",TRUE,30,1039,0
"stat_r30",TRUE,30,1040,0
"stat_r30",TRUE,30,1041,0
"stat_r30",TRUE,30,1042,0.0389468225061504
"stat_r30",TRUE,30,1043,0.0261753073178635
"stat_r30",TRUE,30,1044,0.00827186123726124
"stat_r30",TRUE,30,1045,0.00318678925369012
"stat_r30",TRUE,30,1046,0.00682394496334122
"stat_r30",TRUE,30,1047,0.020287086187041
"stat_r30",TRUE,30,1048,0.0406109252455438
"stat_r30",TRUE,30,1049,0.474711475575993
"stat_r30",TRUE,30,1050,0.953061785304895
"stat_r30",TRUE,30,1051,0.292812274087793
"stat_r30",TRUE,30,1052,0.749827612197831
"stat_r30",TRUE,30,1053,0.942461665647975
"stat_r30",TRUE,30,1054,0.973459678690121
"stat_r30",TRUE,30,1055,0.968567504678042
"stat_r30",TRUE,30,1056,0.780290418058682
"stat_r30",TRUE,30,1057,0.204806830437784
"stat_r30",TRUE,30,1058,0.0480922325502013
"stat_r30",TRUE,30,1059,0.0490573551966547
"stat_r30",TRUE,30,1060,0.0305043771279974
"stat_r30",TRUE,30,1061,0.0346152810586451
"stat_r30",TRUE,30,1062,0.153290012029179
"stat_r30",TRUE,30,1063,0.216700307139941
"stat_r30",TRUE,30,1064,0.250765730567645
"stat_r30",TRUE,30,1065,0.256806713531211
"stat_r30",TRUE,30,1066,0
"stat_r30",TRUE,30,1067,0
"stat_r30",TRUE,30,1068,0
"stat_r30",TRUE,30,1069,0
"stat_r30",TRUE,30,1070,0
"stat_r30",TRUE,30,1071,0
"stat_r30",TRUE,30,1072,0
"stat_r30",TRUE,30,1073,0
"stat_r30",TRUE,30,1074,0
"stat_r30",TRUE,30,1075,0
"stat_r30",TRUE,30,1076,0
"stat_r30",TRUE,30,1077,0.648532184039411
"stat_r30",TRUE,30,1078,0.916634827905794
"stat_r30",TRUE,30,1079,0.971495731447243
"stat_r30",TRUE,30,1080,0.900118810686311
"stat_r30",TRUE,30,1081,0.711286369425294
"stat_r30",TRUE,30,1082,0.611865756083198
"stat_r30",TRUE,30,1083,0.602133782033422
"stat_r30",TRUE,30,1084,0.380578045077918
"stat_r30",TRUE,30,1085,0.295821587199192
"stat_r30",TRUE,30,1086,0
"stat_r30",TRUE,30,1087,0
"stat_r30",TRUE,30,1088,0
"stat_r30",TRUE,30,1089,0
"stat_r30",TRUE,30,1090,0.0271055526907746
"stat_r30",TRUE,30,1091,0.0326964451142081
"stat_r30",TRUE,30,1092,0.0560287775602764
"stat_r30",TRUE,30,1093,0.0502466774330896
"stat_r30",TRUE,30,1094,0.0212417362274912
"stat_r30",TRUE,30,1095,0.034814921388984
"stat_r30",TRUE,30,1096,0.124643763255176
"stat_r30",TRUE,30,1097,0.0711364802962629
"stat_r30",TRUE,30,1098,0.0424308282008648
"stat_r30",TRUE,30,1099,0.10289053825739
"stat_r30",TRUE,30,1100,0.500112847614172
"stat_r30",TRUE,30,1101,0.354728751324958
"stat_r30",TRUE,30,1102,0.59456365521318
"stat_r30",TRUE,30,1103,0.918757836660609
"stat_r30",TRUE,30,1104,0.98315017590504
"stat_r30",TRUE,30,1105,0.989194335301405
"stat_r30",TRUE,30,1106,0.960315824617845
"stat_r30",TRUE,30,1107,0.743874787261996
"stat_r30",TRUE,30,1108,0.543798631430279
"stat_r30",TRUE,30,1109,0.211022367073455
"stat_r30",TRUE,30,1110,0.0365868709400378
"stat_r30",TRUE,30,1111,0.0445539598344678
"stat_r30",TRUE,30,1112,0.123150719273485
"stat_r30",TRUE,30,1113,0.0680491130912506
"stat_r30",TRUE,30,1114,0.0415701370666404
"stat_r30",TRUE,30,1115,0.0107887299777541
"stat_r30",TRUE,30,1116,0.019441171111254
"stat_r30",TRUE,30,1117,0
"stat_r30",TRUE,30,1118,0
"stat_r30",TRUE,30,1119,0
"stat_r30",TRUE,30,1120,0
"stat_r30",TRUE,30,1121,0
"stat_r30",TRUE,30,1122,0
"stat_r30",TRUE,30,1123,0
"stat_r30",TRUE,30,1124,0
"stat_r30",TRUE,30,1125,0
"stat_r30",TRUE,30,1126,0.654498616685927
"stat_r30",TRUE,30,1127,0.53232498044788
"stat_r30",TRUE,30,1128,0.837311692074313
"stat_r30",TRUE,30,1129,0.928182013918454
"stat_r30",TRUE,30,1130,0.92872730205884
"stat_r30",TRUE,30,1131,0.84466186478276
"stat_r30",TRUE,30,1132,0.829396443046639
"stat_r30",TRUE,30,1133,0.914073479094079
"stat_r30",TRUE,30,1134,0.902803379991506
"stat_r30",TRUE,30,1135,0.937564766304333
"stat_r30",TRUE,30,1136,0.94494539003371
"stat_r30",TRUE,30,1137,0.860712496473025
"stat_r30",TRUE,30,1138,0.571060351018149
"stat_r30",TRUE,30,1139,0.507561862459215
"stat_r30",TRUE,30,1140,0.45901093590293
"stat_r30",TRUE,30,1141,0.375031095147187
"stat_r30",TRUE,30,1142,0.105735238592941
"stat_r30",TRUE,30,1143,0.0680728571182533
"stat_r30",TRUE,30,1144,0.0862216331717017
"stat_r30",TRUE,30,1145,0.282191221996476
"stat_r30",TRUE,30,1146,0.38086760453911
"stat_r30",TRUE,30,1147,0.214613401340822
"stat_r30",TRUE,30,1148,0.0933990013871526
"stat_r30",TRUE,30,1149,0.0940024770007184
"stat_r30",TRUE,30,1150,0.312267431494196
"stat_r30",TRUE,30,1151,0.714053857245102
"stat_r30",TRUE,30,1152,0.589747491781714
"stat_r30",TRUE,30,1153,0.80129421171786
"stat_r30",TRUE,30,1154,0.96714661143698
"stat_r30",TRUE,30,1155,0.986675516807919
"stat_r30",TRUE,30,1156,0.982300045794703
"stat_r30",TRUE,30,1157,0.93993417960263
"stat_r30",TRUE,30,1158,0.785717200795101
"stat_r30",TRUE,30,1159,0.359662610231058
"stat_r30",TRUE,30,1160,0.0239056243597234
"stat_r30",TRUE,30,1161,0.0207142731743442
"stat_r30",TRUE,30,1162,0.0709982692262431
"stat_r30",TRUE,30,1163,0.0580944980406008
"stat_r30",TRUE,30,1164,0.018331799560797
"stat_r30",TRUE,30,1165,0.00637337455944903
"stat_r30",TRUE,30,1166,0.024533955348292
"stat_r30",TRUE,30,1167,0.29824309734527
"stat_r30",TRUE,30,1168,0
"stat_r30",TRUE,30,1169,0
"stat_r30",TRUE,30,1170,0
"stat_r30",TRUE,30,1171,0
"stat_r30",TRUE,30,1172,0
"stat_r30",TRUE,30,1173,0
"stat_r30",TRUE,30,1174,0
"stat_r30",TRUE,30,1175,0.836479275015196
"stat_r30",TRUE,30,1176,0.634203207636883
"stat_r30",TRUE,30,1177,0.470868869700227
"stat_r30",TRUE,30,1178,0.374478879420234
"stat_r30",TRUE,30,1179,0.297660084754459
"stat_r30",TRUE,30,1180,0.533288557549147
"stat_r30",TRUE,30,1181,0.660226406203767
"stat_r30",TRUE,30,1182,0.78791675640176
"stat_r30",TRUE,30,1183,0.955545257755185
"stat_r30",TRUE,30,1184,0.982089993423686
"stat_r30",TRUE,30,1185,0.985787044378658
"stat_r30",TRUE,30,1186,0.994536736339398
"stat_r30",TRUE,30,1187,0.990311860080925
"stat_r30",TRUE,30,1188,0.832097880721701
"stat_r30",TRUE,30,1189,0.656285427122316
"stat_r30",TRUE,30,1190,0.65684054266157
"stat_r30",TRUE,30,1191,0.359475071862932
"stat_r30",TRUE,30,1192,0.0517402428661142
"stat_r30",TRUE,30,1193,0.0529732143258221
"stat_r30",TRUE,30,1194,0.126870416742247
"stat_r30",TRUE,30,1195,0.14404688514872
"stat_r30",TRUE,30,1196,0.15624406292406
"stat_r30",TRUE,30,1197,0.145878206453274
"stat_r30",TRUE,30,1198,0.105488106138188
"stat_r30",TRUE,30,1199,0.0961330371794741
"stat_r30",TRUE,30,1200,0.188571801668464
"stat_r30",TRUE,30,1201,0.444549107075607
"stat_r30",TRUE,30,1202,0.280722275898446
"stat_r30",TRUE,30,1203,0.300032712664207
"stat_r30",TRUE,30,1204,0.731461307529309
"stat_r30",TRUE,30,1205,0.983580161017224
"stat_r30",TRUE,30,1206,0.975053106160842
"stat_r30",TRUE,30,1207,0.868402512951142
"stat_r30",TRUE,30,1208,0.561766250821868
"stat_r30",TRUE,30,1209,0.209997823127741
"stat_r30",TRUE,30,1210,0.0329748631747996
"stat_r30",TRUE,30,1211,0.0303056308535238
"stat_r30",TRUE,30,1212,0.0611579458339039
"stat_r30",TRUE,30,1213,0.0437272412825866
"stat_r30",TRUE,30,1214,0.0370140770801112
"stat_r30",TRUE,30,1215,0.0463901949146161
"stat_r30",TRUE,30,1216,0.20826387866728
"stat_r30",TRUE,30,1217,0.625984728179065
"stat_r30",TRUE,30,1218,0.793142030411914
"stat_r30",TRUE,30,1219,0.762463536585627
"stat_r30",TRUE,30,1220,0.867244800034089
"stat_r30",TRUE,30,1221,0.932715197395313
"stat_r30",TRUE,30,1222,0
"stat_r30",TRUE,30,1223,0
"stat_r30",TRUE,30,1224,0.935209044054811
"stat_r30",TRUE,30,1225,0.681346459526503
"stat_r30",TRUE,30,1226,0.581040605576324
"stat_r30",TRUE,30,1227,0.476322221974449
"stat_r30",TRUE,30,1228,0.140104431991416
"stat_r30",TRUE,30,1229,0.0673413108202498
"stat_r30",TRUE,30,1230,0.117794827411159
"stat_r30",TRUE,30,1231,0.62662910481477
"stat_r30",TRUE,30,1232,0.840359546458977
"stat_r30",TRUE,30,1233,0.876956109500897
"stat_r30",TRUE,30,1234,0.891130721713193
"stat_r30",TRUE,30,1235,0.940196590104747
"stat_r30",TRUE,30,1236,0.978239323397827
"stat_r30",TRUE,30,1237,0.963948642247071
"stat_r30",TRUE,30,1238,0.69739806650008
"stat_r30",TRUE,30,1239,0.423038932338063
"stat_r30",TRUE,30,1240,0.523027945761501
"stat_r30",TRUE,30,1241,0.175754560805832
"stat_r30",TRUE,30,1242,0.00980240948409883
"stat_r30",TRUE,30,1243,0.0110822031079636
"stat_r30",TRUE,30,1244,0.0612582884135214
"stat_r30",TRUE,30,1245,0.0289733488352977
"stat_r30",TRUE,30,1246,0.0169562638603506
"stat_r30",TRUE,30,1247,0.0478977898305697
"stat_r30",TRUE,30,1248,0.130658181042505
"stat_r30",TRUE,30,1249,0.206399844500604
"stat_r30",TRUE,30,1250,0.15267446060525
"stat_r30",TRUE,30,1251,0.067341945436296
"stat_r30",TRUE,30,1252,0.0679336086058192
"stat_r30",TRUE,30,1253,0.0931632150274518
"stat_r30",TRUE,30,1254,0.179632144491506
"stat_r30",TRUE,30,1255,0.804771920023215
"stat_r30",TRUE,30,1256,0.85150117250524
"stat_r30",TRUE,30,1257,0.696640094269308
"stat_r30",TRUE,30,1258,0.4432953881998
"stat_r30",TRUE,30,1259,0.234158605758848
"stat_r30",TRUE,30,1260,0.0449981325722234
"stat_r30",TRUE,30,1261,0.0369364701991867
"stat_r30",TRUE,30,1262,0.156066294401953
"stat_r30",TRUE,30,1263,0.107394845746796
"stat_r30",TRUE,30,1264,0.130020512661796
"stat_r30",TRUE,30,1265,0.235441160012959
"stat_r30",TRUE,30,1266,0.617999682767915
"stat_r30",TRUE,30,1267,0.732285389527566
"stat_r30",TRUE,30,1268,0.797962958098978
"stat_r30",TRUE,30,1269,0.762877246528663
"stat_r30",TRUE,30,1270,0.81749379927675
"stat_r30",TRUE,30,1271,0.794008658783927
"stat_r30",TRUE,30,1272,0.815972388822624
"stat_r30",TRUE,30,1273,0.715922375262457
"stat_r30",TRUE,30,1274,0.409712944745811
"stat_r30",TRUE,30,1275,0.324336661353582
"stat_r30",TRUE,30,1276,0.446514672462774
"stat_r30",TRUE,30,1277,0.27713055395468
"stat_r30",TRUE,30,1278,0.0856104120741859
"stat_r30",TRUE,30,1279,0.0275901273175445
"stat_r30",TRUE,30,1280,0.0654249390593502
"stat_r30",TRUE,30,1281,0.56056937937757
"stat_r30",TRUE,30,1282,0.913404832383448
"stat_r30",TRUE,30,1283,0.824970083963263
"stat_r30",TRUE,30,1284,0.702125371190032
"stat_r30",TRUE,30,1285,0.472777806012089
"stat_r30",TRUE,30,1286,0.860856533019422
"stat_r30",TRUE,30,1287,0.80898159102597
"stat_r30",TRUE,30,1288,0.340779068979501
"stat_r30",TRUE,30,1289,0.241902575567018
"stat_r30",TRUE,30,1290,0.241062124400179
"stat_r30",TRUE,30,1291,0.106781276936219
"stat_r30",TRUE,30,1292,0.0131238997470043
"stat_r30",TRUE,30,1293,0.00938193583079297
"stat_r30",TRUE,30,1294,0.0429665395109932
"stat_r30",TRUE,30,1295,0.0280228770858327
"stat_r30",TRUE,30,1296,0.00809427674961128
"stat_r30",TRUE,30,1297,0.0180754354586077
"stat_r30",TRUE,30,1298,0.110885578792687
"stat_r30",TRUE,30,1299,0.267235730402576
"stat_r30",TRUE,30,1300,0.171261428374422
"stat_r30",TRUE,30,1301,0.0529409842814681
"stat_r30",TRUE,30,1302,0.0805644934826614
"stat_r30",TRUE,30,1303,0.0566542709077261
"stat_r30",TRUE,30,1304,0.0458144954722602
"stat_r30",TRUE,30,1305,0.229458586428112
"stat_r30",TRUE,30,1306,0.422658878076045
"stat_r30",TRUE,30,1307,0.279406633610236
"stat_r30",TRUE,30,1308,0.101177305873101
"stat_r30",TRUE,30,1309,0.0658036546613238
"stat_r30",TRUE,30,1310,0.0579654837989582
"stat_r30",TRUE,30,1311,0.100867719984971
"stat_r30",TRUE,30,1312,0.214838802903621
"stat_r30",TRUE,30,1313,0.309502778090594
"stat_r30",TRUE,30,1314,0.244213754095892
"stat_r30",TRUE,30,1315,0.414894973962811
"stat_r30",TRUE,30,1316,0.70632459863062
"stat_r30",TRUE,30,1317,0.881435684059315
"stat_r30",TRUE,30,1318,0.961363508864995
"stat_r30",TRUE,30,1319,0.930055980249795
"stat_r30",TRUE,30,1320,0.783769135069049
"stat_r30",TRUE,30,1321,0.524755771766886
"stat_r30",TRUE,30,1322,0.271135403402102
"stat_r30",TRUE,30,1323,0.171495975475029
"stat_r30",TRUE,30,1324,0.0437922015746059
"stat_r30",TRUE,30,1325,0.0877575236475876
"stat_r30",TRUE,30,1326,0.343602405173346
"stat_r30",TRUE,30,1327,0.389160341574935
"stat_r30",TRUE,30,1328,0.230004226845757
"stat_r30",TRUE,30,1329,0.0685407207859387
"stat_r30",TRUE,30,1330,0.11706966434877
"stat_r30",TRUE,30,1331,0.614742531003318
"stat_r30",TRUE,30,1332,0.941092055379283
"stat_r30",TRUE,30,1333,0.936429327673247
"stat_r30",TRUE,30,1334,0.73280853284647
"stat_r30",TRUE,30,1335,0.435761981812317
"stat_r30",TRUE,30,1336,0.74050932566598
"stat_r30",TRUE,30,1337,0.652349476647142
"stat_r30",TRUE,30,1338,0.196747731183533
"stat_r30",TRUE,30,1339,0.295539917719152
"stat_r30",TRUE,30,1340,0.27282856408678
"stat_r30",TRUE,30,1341,0.220851113295173
"stat_r30",TRUE,30,1342,0.0944059040212217
"stat_r30",TRUE,30,1343,0.0294743263252011
"stat_r30",TRUE,30,1344,0.0349205096981657
"stat_r30",TRUE,30,1345,0.0188936167994935
"stat_r30",TRUE,30,1346,0.00778310961371155
"stat_r30",TRUE,30,1347,0.00897342307103838
"stat_r30",TRUE,30,1348,0.0286133939256428
"stat_r30",TRUE,30,1349,0.0620968606971751
"stat_r30",TRUE,30,1350,0.124408498306327
"stat_r30",TRUE,30,1351,0.0910494614981212
"stat_r30",TRUE,30,1352,0.208192762551531
"stat_r30",TRUE,30,1353,0.139729614753679
"stat_r30",TRUE,30,1354,0.0529481425561859
"stat_r30",TRUE,30,1355,0.198412527200483
"stat_r30",TRUE,30,1356,0.456832748861975
"stat_r30",TRUE,30,1357,0.310416328894212
"stat_r30",TRUE,30,1358,0.200847682548888
"stat_r30",TRUE,30,1359,0.199843048490625
"stat_r30",TRUE,30,1360,0.154421282671562
"stat_r30",TRUE,30,1361,0.141214243178294
"stat_r30",TRUE,30,1362,0.200712896367552
"stat_r30",TRUE,30,1363,0.204693379746497
"stat_r30",TRUE,30,1364,0.118514458070549
"stat_r30",TRUE,30,1365,0.367834042674835
"stat_r30",TRUE,30,1366,0.491397165314066
"stat_r30",TRUE,30,1367,0.827068064039403
"stat_r30",TRUE,30,1368,0.980524867190512
"stat_r30",TRUE,30,1369,0.956385485302161
"stat_r30",TRUE,30,1370,0.781538744871324
"stat_r30",TRUE,30,1371,0.495337314124747
"stat_r30",TRUE,30,1372,0.119919243543828
"stat_r30",TRUE,30,1373,0.0305137613645055
"stat_r30",TRUE,30,1374,0.00705388232966475
"stat_r30",TRUE,30,1375,0.036612059358834
"stat_r30",TRUE,30,1376,0.250578538926658
"stat_r30",TRUE,30,1377,0.352572499329685
"stat_r30",TRUE,30,1378,0.202526001451035
"stat_r30",TRUE,30,1379,0.105967407997122
"stat_r30",TRUE,30,1380,0.380212774635356
"stat_r30",TRUE,30,1381,0.782872761639957
"stat_r30",TRUE,30,1382,0.871525733557209
"stat_r30",TRUE,30,1383,0.799666841076352
"stat_r30",TRUE,30,1384,0.5145543498849
"stat_r30",TRUE,30,1385,0.52647716344613
"stat_r30",TRUE,30,1386,0.482790340067228
"stat_r30",TRUE,30,1387,0.380090733645921
"stat_r30",TRUE,30,1388,0.266166732662552
"stat_r30",TRUE,30,1389,0.358570093976858
"stat_r30",TRUE,30,1390,0.234520615425999
"stat_r30",TRUE,30,1391,0.171781169838906
"stat_r30",TRUE,30,1392,0.159861441514603
"stat_r30",TRUE,30,1393,0.0790158680413957
"stat_r30",TRUE,30,1394,0.0411595228940311
"stat_r30",TRUE,30,1395,0.0124544767604821
"stat_r30",TRUE,30,1396,0.0143417687067941
"stat_r30",TRUE,30,1397,0.0152793364808002
"stat_r30",TRUE,30,1398,0.0296671713269695
"stat_r30",TRUE,30,1399,0.0485865879860754
"stat_r30",TRUE,30,1400,0.0583977349543036
"stat_r30",TRUE,30,1401,0.126700161651687
"stat_r30",TRUE,30,1402,0.176899098072702
"stat_r30",TRUE,30,1403,0.203124036899733
"stat_r30",TRUE,30,1404,0.201373726760046
"stat_r30",TRUE,30,1405,0.268577148079923
"stat_r30",TRUE,30,1406,0.601000363629914
"stat_r30",TRUE,30,1407,0.594418573879346
"stat_r30",TRUE,30,1408,0.565594077167724
"stat_r30",TRUE,30,1409,0.722656822546397
"stat_r30",TRUE,30,1410,0.618162194759011
"stat_r30",TRUE,30,1411,0.275795017074309
"stat_r30",TRUE,30,1412,0.169875141625663
"stat_r30",TRUE,30,1413,0.177437233782797
"stat_r30",TRUE,30,1414,0.164124999065411
"stat_r30",TRUE,30,1415,0.351373605361318
"stat_r30",TRUE,30,1416,0.740906919954647
"stat_r30",TRUE,30,1417,0.929971824628558
"stat_r30",TRUE,30,1418,0.96904112073456
"stat_r30",TRUE,30,1419,0.941622692799455
"stat_r30",TRUE,30,1420,0.930307227926376
"stat_r30",TRUE,30,1421,0.721019964533755
"stat_r30",TRUE,30,1422,0.225101952024253
"stat_r30",TRUE,30,1423,0.0481628071874186
"stat_r30",TRUE,30,1424,0.00762911427841786
"stat_r30",TRUE,30,1425,0.0288493714803056
"stat_r30",TRUE,30,1426,0.147866488272989
"stat_r30",TRUE,30,1427,0.214890254010584
"stat_r30",TRUE,30,1428,0.131611192606366
"stat_r30",TRUE,30,1429,0.126862876627027
"stat_r30",TRUE,30,1430,0.58062672356684
"stat_r30",TRUE,30,1431,0.861605620059906
"stat_r30",TRUE,30,1432,0.876576748565231
"stat_r30",TRUE,30,1433,0.693889749050849
"stat_r30",TRUE,30,1434,0.476567239257021
"stat_r30",TRUE,30,1435,0.350149378848122
"stat_r30",TRUE,30,1436,0.304124631303511
"stat_r30",TRUE,30,1437,0.174605980278796
"stat_r30",TRUE,30,1438,0.304905862688051
"stat_r30",TRUE,30,1439,0.301615184139781
"stat_r30",TRUE,30,1440,0.159439430321225
"stat_r30",TRUE,30,1441,0.106887853341721
"stat_r30",TRUE,30,1442,0.0627754488058963
"stat_r30",TRUE,30,1443,0.104384368140581
"stat_r30",TRUE,30,1444,0.126240070486632
"stat_r30",TRUE,30,1445,0.124917679014842
"stat_r30",TRUE,30,1446,0.0948373075769449
"stat_r30",TRUE,30,1447,0.0552097782494605
"stat_r30",TRUE,30,1448,0.0297426461224457
"stat_r30",TRUE,30,1449,0.0144225293574033
"stat_r30",TRUE,30,1450,0.010453799115581
"stat_r30",TRUE,30,1451,0.50516780622751
"stat_r30",TRUE,30,1452,0.276432693839345
"stat_r30",TRUE,30,1453,0.23678246494251
"stat_r30",TRUE,30,1454,0.467369975188419
"stat_r30",TRUE,30,1455,0.544595460444401
"stat_r30",TRUE,30,1456,0.81366544939508
"stat_r30",TRUE,30,1457,0.930729373155888
"stat_r30",TRUE,30,1458,0.941571581518941
"stat_r30",TRUE,30,1459,0.946641615720268
"stat_r30",TRUE,30,1460,0.943655114089246
"stat_r30",TRUE,30,1461,0.537148983251234
"stat_r30",TRUE,30,1462,0.121561957353694
"stat_r30",TRUE,30,1463,0.111951822996897
"stat_r30",TRUE,30,1464,0.123683337591489
"stat_r30",TRUE,30,1465,0.224995680802623
"stat_r30",TRUE,30,1466,0.639410747270609
"stat_r30",TRUE,30,1467,0.973335321469006
"stat_r30",TRUE,30,1468,0.974013001114417
"stat_r30",TRUE,30,1469,0.934738770113547
"stat_r30",TRUE,30,1470,0.964909230436909
"stat_r30",TRUE,30,1471,0.864324388413989
"stat_r30",TRUE,30,1472,0.46741277355715
"stat_r30",TRUE,30,1473,0.101602882927111
"stat_r30",TRUE,30,1474,0.0420142328757454
"stat_r30",TRUE,30,1475,0.135218113635372
"stat_r30",TRUE,30,1476,0.152896286358913
"stat_r30",TRUE,30,1477,0.142301022741274
"stat_r30",TRUE,30,1478,0.128456301714624
"stat_r30",TRUE,30,1479,0.128687404061107
"stat_r30",TRUE,30,1480,0.505591296105961
"stat_r30",TRUE,30,1481,0.89789495165305
"stat_r30",TRUE,30,1482,0.897552304570238
"stat_r30",TRUE,30,1483,0.806132722762251
"stat_r30",TRUE,30,1484,0.570172354465423
"stat_r30",TRUE,30,1485,0.455048321638006
"stat_r30",TRUE,30,1486,0.53181257905927
"stat_r30",TRUE,30,1487,0.403232914109927
"stat_r30",TRUE,30,1488,0.362269065067913
"stat_r30",TRUE,30,1489,0.352858845120916
"stat_r30",TRUE,30,1490,0.250197186662562
"stat_r30",TRUE,30,1491,0.0806866179194198
"stat_r30",TRUE,30,1492,0.039210675551136
"stat_r30",TRUE,30,1493,0.15519273623514
"stat_r30",TRUE,30,1494,0.420975496320646
"stat_r30",TRUE,30,1495,0.601771433354016
"stat_r30",TRUE,30,1496,0.299303081620877
"stat_r30",TRUE,30,1497,0.0403558560601482
"stat_r30",TRUE,30,1498,0.00820767264433929
"stat_r30",TRUE,30,1499,0.00445831959012417
"stat_r30",TRUE,30,1500,0.00210273518483143
"stat_r30",TRUE,30,1501,0.841169029698035
"stat_r30",TRUE,30,1502,0.412240319199277
"stat_r30",TRUE,30,1503,0.445588227881739
"stat_r30",TRUE,30,1504,0.821790205384814
"stat_r30",TRUE,30,1505,0.879151122776431
"stat_r30",TRUE,30,1506,0.97802137509756
"stat_r30",TRUE,30,1507,0.994005544173686
"stat_r30",TRUE,30,1508,0.991864627285403
"stat_r30",TRUE,30,1509,0.988173194175077
"stat_r30",TRUE,30,1510,0.983619283701791
"stat_r30",TRUE,30,1511,0.743951215155497
"stat_r30",TRUE,30,1512,0.267745780398374
"stat_r30",TRUE,30,1513,0.0402745439433555
"stat_r30",TRUE,30,1514,0.0351405236456988
"stat_r30",TRUE,30,1515,0.116752542390346
"stat_r30",TRUE,30,1516,0.650901344829849
"stat_r30",TRUE,30,1517,0.950768224377059
"stat_r30",TRUE,30,1518,0.991622244854643
"stat_r30",TRUE,30,1519,0.992290481083711
"stat_r30",TRUE,30,1520,0.984605990420413
"stat_r30",TRUE,30,1521,0.915064123170558
"stat_r30",TRUE,30,1522,0.427540760172051
"stat_r30",TRUE,30,1523,0.098671882528856
"stat_r30",TRUE,30,1524,0.0602822331256241
"stat_r30",TRUE,30,1525,0.360762609947166
"stat_r30",TRUE,30,1526,0.348382278489799
"stat_r30",TRUE,30,1527,0.0868730144527573
"stat_r30",TRUE,30,1528,0.0649405941694378
"stat_r30",TRUE,30,1529,0.0805362519529061
"stat_r30",TRUE,30,1530,0.522232076577038
"stat_r30",TRUE,30,1531,0.929259832921219
"stat_r30",TRUE,30,1532,0.914980727981301
"stat_r30",TRUE,30,1533,0.797017047421997
"stat_r30",TRUE,30,1534,0.542883440755039
"stat_r30",TRUE,30,1535,0.656718724697235
"stat_r30",TRUE,30,1536,0.707727113351919
"stat_r30",TRUE,30,1537,0.743706500032908
"stat_r30",TRUE,30,1538,0.736991910170014
"stat_r30",TRUE,30,1539,0.589905671378736
"stat_r30",TRUE,30,1540,0.288725772633397
"stat_r30",TRUE,30,1541,0.0668393349843688
"stat_r30",TRUE,30,1542,0.0554387247102205
"stat_r30",TRUE,30,1543,0.109599333452591
"stat_r30",TRUE,30,1544,0.222890657388437
"stat_r30",TRUE,30,1545,0.335141912573482
"stat_r30",TRUE,30,1546,0.252405620823857
"stat_r30",TRUE,30,1547,0.0432060694523201
"stat_r30",TRUE,30,1548,0.00954473937659327
"stat_r30",TRUE,30,1549,0.0146168837415001
"stat_r30",TRUE,30,1550,0.0221947582878158
"stat_r30",TRUE,30,1551,0.870005611287876
"stat_r30",TRUE,30,1552,0.602144314984739
"stat_r30",TRUE,30,1553,0.495512734217457
"stat_r30",TRUE,30,1554,0.905464269473545
"stat_r30",TRUE,30,1555,0.978630388243481
"stat_r30",TRUE,30,1556,0.994755822577022
"stat_r30",TRUE,30,1557,0.995850192337355
"stat_r30",TRUE,30,1558,0.994626522012399
"stat_r30",TRUE,30,1559,0.988358005801004
"stat_r30",TRUE,30,1560,0.970116351765952
"stat_r30",TRUE,30,1561,0.674696929714542
"stat_r30",TRUE,30,1562,0.22498198135998
"stat_r30",TRUE,30,1563,0.0222898281958875
"stat_r30",TRUE,30,1564,0.0156332474614077
"stat_r30",TRUE,30,1565,0.118533910164069
"stat_r30",TRUE,30,1566,0.756222934016753
"stat_r30",TRUE,30,1567,0.972685366323323
"stat_r30",TRUE,30,1568,0.995304620508502
"stat_r30",TRUE,30,1569,0.995696950143833
"stat_r30",TRUE,30,1570,0.983294326689253
"stat_r30",TRUE,30,1571,0.896567458719234
"stat_r30",TRUE,30,1572,0.231518906522191
"stat_r30",TRUE,30,1573,0.110584878888205
"stat_r30",TRUE,30,1574,0.0934711820710829
"stat_r30",TRUE,30,1575,0.228373920487779
"stat_r30",TRUE,30,1576,0.23934194905939
"stat_r30",TRUE,30,1577,0.0813447618906369
"stat_r30",TRUE,30,1578,0.0288901290187428
"stat_r30",TRUE,30,1579,0.0346522782531973
"stat_r30",TRUE,30,1580,0.373822804529476
"stat_r30",TRUE,30,1581,0.772952873050132
"stat_r30",TRUE,30,1582,0.840984521926903
"stat_r30",TRUE,30,1583,0.876329498574428
"stat_r30",TRUE,30,1584,0.763002071680517
"stat_r30",TRUE,30,1585,0.85181708307448
"stat_r30",TRUE,30,1586,0.923059600027989
"stat_r30",TRUE,30,1587,0.820856406747317
"stat_r30",TRUE,30,1588,0.643931609133424
"stat_r30",TRUE,30,1589,0.812565140997297
"stat_r30",TRUE,30,1590,0.599407107059211
"stat_r30",TRUE,30,1591,0.130592596458927
"stat_r30",TRUE,30,1592,0.0911739142457458
"stat_r30",TRUE,30,1593,0.0491887749514138
"stat_r30",TRUE,30,1594,0.0560494472902816
"stat_r30",TRUE,30,1595,0.0866348501825075
"stat_r30",TRUE,30,1596,0.060396616802265
"stat_r30",TRUE,30,1597,0.0207267304867231
"stat_r30",TRUE,30,1598,0.0488275351181323
"stat_r30",TRUE,30,1599,0.198528735136342
"stat_r30",TRUE,30,1600,0.17446995688328
"stat_r30",TRUE,30,1601,0.567072158757812
"stat_r30",TRUE,30,1602,0.334270492371534
"stat_r30",TRUE,30,1603,0.510537188343169
"stat_r30",TRUE,30,1604,0.909869483675634
"stat_r30",TRUE,30,1605,0.984283946240437
"stat_r30",TRUE,30,1606,0.996307990501246
"stat_r30",TRUE,30,1607,0.99633207628953
"stat_r30",TRUE,30,1608,0.995883549207606
"stat_r30",TRUE,30,1609,0.990399634890077
"stat_r30",TRUE,30,1610,0.932142853839577
"stat_r30",TRUE,30,1611,0.627128030504932
"stat_r30",TRUE,30,1612,0.180183973238978
"stat_r30",TRUE,30,1613,0.0100565712495596
"stat_r30",TRUE,30,1614,0.00705551757005846
"stat_r30",TRUE,30,1615,0.235200974621113
"stat_r30",TRUE,30,1616,0.887213155988586
"stat_r30",TRUE,30,1617,0.983832647228576
"stat_r30",TRUE,30,1618,0.99384086449321
"stat_r30",TRUE,30,1619,0.98985786440845
"stat_r30",TRUE,30,1620,0.95635378818854
"stat_r30",TRUE,30,1621,0.89209087424925
"stat_r30",TRUE,30,1622,0.397442190272253
"stat_r30",TRUE,30,1623,0.0764153542946287
"stat_r30",TRUE,30,1624,0.0562504570169888
"stat_r30",TRUE,30,1625,0.122195481450484
"stat_r30",TRUE,30,1626,0.129644734086198
"stat_r30",TRUE,30,1627,0.196639096077445
"stat_r30",TRUE,30,1628,0.0738951366622933
"stat_r30",TRUE,30,1629,0.0528628004410105
"stat_r30",TRUE,30,1630,0.262617228103063
"stat_r30",TRUE,30,1631,0.344192841960397
"stat_r30",TRUE,30,1632,0.453415244292176
"stat_r30",TRUE,30,1633,0.804698518927533
"stat_r30",TRUE,30,1634,0.917910256748142
"stat_r30",TRUE,30,1635,0.936836062373309
"stat_r30",TRUE,30,1636,0.929399846678139
"stat_r30",TRUE,30,1637,0.948496797728383
"stat_r30",TRUE,30,1638,0.914979585980361
"stat_r30",TRUE,30,1639,0.939385011170654
"stat_r30",TRUE,30,1640,0.772150569334636
"stat_r30",TRUE,30,1641,0.152674348606698
"stat_r30",TRUE,30,1642,0.13287942891054
"stat_r30",TRUE,30,1643,0.0768263099021101
"stat_r30",TRUE,30,1644,0.0310948103411961
"stat_r30",TRUE,30,1645,0.0582627106946426
"stat_r30",TRUE,30,1646,0.0653634501756536
"stat_r30",TRUE,30,1647,0.0661453175926666
"stat_r30",TRUE,30,1648,0.411621941669405
"stat_r30",TRUE,30,1649,0.71922225653984
"stat_r30",TRUE,30,1650,0.274735050606756
"stat_r30",TRUE,30,1651,0.499885193232787
"stat_r30",TRUE,30,1652,0.424323811958925
"stat_r30",TRUE,30,1653,0.49047926817846
"stat_r30",TRUE,30,1654,0.930406711769987
"stat_r30",TRUE,30,1655,0.988266485521532
"stat_r30",TRUE,30,1656,0.997756002050882
"stat_r30",TRUE,30,1657,0.99876379963477
"stat_r30",TRUE,30,1658,0.991847367218545
"stat_r30",TRUE,30,1659,0.982172268778681
"stat_r30",TRUE,30,1660,0.820111198012334
"stat_r30",TRUE,30,1661,0.384762286391527
"stat_r30",TRUE,30,1662,0.0614208052122834
"stat_r30",TRUE,30,1663,0.0145557693023471
"stat_r30",TRUE,30,1664,0.00856462612859063
"stat_r30",TRUE,30,1665,0.241461770366264
"stat_r30",TRUE,30,1666,0.813289098139856
"stat_r30",TRUE,30,1667,0.977781116992574
"stat_r30",TRUE,30,1668,0.990022390473748
"stat_r30",TRUE,30,1669,0.95270935293173
"stat_r30",TRUE,30,1670,0.851360820315373
"stat_r30",TRUE,30,1671,0.872096471143365
"stat_r30",TRUE,30,1672,0.635729343025275
"stat_r30",TRUE,30,1673,0.192057969028335
"stat_r30",TRUE,30,1674,0.0803314057136234
"stat_r30",TRUE,30,1675,0.0815741016348542
"stat_r30",TRUE,30,1676,0.0834293957520116
"stat_r30",TRUE,30,1677,0.119739117996215
"stat_r30",TRUE,30,1678,0.0404704503352064
"stat_r30",TRUE,30,1679,0.0926001795177604
"stat_r30",TRUE,30,1680,0.239381915457914
"stat_r30",TRUE,30,1681,0.297640232129562
"stat_r30",TRUE,30,1682,0.388467474514849
"stat_r30",TRUE,30,1683,0.604426947457566
"stat_r30",TRUE,30,1684,0.762790954535351
"stat_r30",TRUE,30,1685,0.925897092965645
"stat_r30",TRUE,30,1686,0.975393536674426
"stat_r30",TRUE,30,1687,0.987115427872634
"stat_r30",TRUE,30,1688,0.983847684083823
"stat_r30",TRUE,30,1689,0.977248509366148
"stat_r30",TRUE,30,1690,0.799976705323914
"stat_r30",TRUE,30,1691,0.151435849671818
"stat_r30",TRUE,30,1692,0.0411099979922639
"stat_r30",TRUE,30,1693,0.0264191767189662
"stat_r30",TRUE,30,1694,0.0408357831203602
"stat_r30",TRUE,30,1695,0.04399933951608
"stat_r30",TRUE,30,1696,0.114460999014086
"stat_r30",TRUE,30,1697,0.139611312890371
"stat_r30",TRUE,30,1698,0.49192768627721
"stat_r30",TRUE,30,1699,0.634094611734192
"stat_r30",TRUE,30,1700,0.284591224245204
"stat_r30",TRUE,30,1701,0.193571714050296
"stat_r30",TRUE,30,1702,0.470594641934054
"stat_r30",TRUE,30,1703,0.851467207125118
"stat_r30",TRUE,30,1704,0.990582291406996
"stat_r30",TRUE,30,1705,0.997960333009768
"stat_r30",TRUE,30,1706,0.997401801099101
"stat_r30",TRUE,30,1707,0.997171156821623
"stat_r30",TRUE,30,1708,0.994905825774763
"stat_r30",TRUE,30,1709,0.991289498479378
"stat_r30",TRUE,30,1710,0.900832263692241
"stat_r30",TRUE,30,1711,0.244746588203152
"stat_r30",TRUE,30,1712,0.0276301511458886
"stat_r30",TRUE,30,1713,0.00669850567197142
"stat_r30",TRUE,30,1714,0.0126761263795187
"stat_r30",TRUE,30,1715,0.12064026048204
"stat_r30",TRUE,30,1716,0.26592546416066
"stat_r30",TRUE,30,1717,0.576805026884883
"stat_r30",TRUE,30,1718,0.871241342081874
"stat_r30",TRUE,30,1719,0.876122568396277
"stat_r30",TRUE,30,1720,0.929231129243432
"stat_r30",TRUE,30,1721,0.920050537382214
"stat_r30",TRUE,30,1722,0.816553721369416
"stat_r30",TRUE,30,1723,0.598091987219899
"stat_r30",TRUE,30,1724,0.34327991088868
"stat_r30",TRUE,30,1725,0.198856016494707
"stat_r30",TRUE,30,1726,0.0872754729174095
"stat_r30",TRUE,30,1727,0.15488238774298
"stat_r30",TRUE,30,1728,0.140143578584614
"stat_r30",TRUE,30,1729,0.259043044032629
"stat_r30",TRUE,30,1730,0.292020252708955
"stat_r30",TRUE,30,1731,0.39349824085693
"stat_r30",TRUE,30,1732,0.539178570282002
"stat_r30",TRUE,30,1733,0.716225250806596
"stat_r30",TRUE,30,1734,0.849105876647133
"stat_r30",TRUE,30,1735,0.907335233128339
"stat_r30",TRUE,30,1736,0.974155427678765
"stat_r30",TRUE,30,1737,0.992816017238426
"stat_r30",TRUE,30,1738,0.991507010933669
"stat_r30",TRUE,30,1739,0.973336751811819
"stat_r30",TRUE,30,1740,0.707785371613404
"stat_r30",TRUE,30,1741,0.147480239645572
"stat_r30",TRUE,30,1742,0.0329657431031463
"stat_r30",TRUE,30,1743,0.0224137694407065
"stat_r30",TRUE,30,1744,0.0298450098835446
"stat_r30",TRUE,30,1745,0.0585776204993212
"stat_r30",TRUE,30,1746,0.249666148162209
"stat_r30",TRUE,30,1747,0.419531229549722
"stat_r30",TRUE,30,1748,0.641982276819975
"stat_r30",TRUE,30,1749,0.404759125919532
"stat_r30",TRUE,30,1750,0.155500647225842
"stat_r30",TRUE,30,1751,0.238228461276464
"stat_r30",TRUE,30,1752,0.699822515825073
"stat_r30",TRUE,30,1753,0.949700695208616
"stat_r30",TRUE,30,1754,0.991756185344582
"stat_r30",TRUE,30,1755,0.997613311954797
"stat_r30",TRUE,30,1756,0.996561474919338
"stat_r30",TRUE,30,1757,0.994080172309406
"stat_r30",TRUE,30,1758,0.997081506830806
"stat_r30",TRUE,30,1759,0.995616675148517
"stat_r30",TRUE,30,1760,0.958465169511649
"stat_r30",TRUE,30,1761,0.419366906221953
"stat_r30",TRUE,30,1762,0.0624274108428842
"stat_r30",TRUE,30,1763,0.00443615805391786
"stat_r30",TRUE,30,1764,0.00338446162805938
"stat_r30",TRUE,30,1765,0.0374697236690049
"stat_r30",TRUE,30,1766,0.249198319072348
"stat_r30",TRUE,30,1767,0.470745378602564
"stat_r30",TRUE,30,1768,0.849565796340544
"stat_r30",TRUE,30,1769,0.945552512388862
"stat_r30",TRUE,30,1770,0.95987842157231
"stat_r30",TRUE,30,1771,0.922485450028563
"stat_r30",TRUE,30,1772,0.854531228289215
"stat_r30",TRUE,30,1773,0.819586910237331
"stat_r30",TRUE,30,1774,0.67209343664616
"stat_r30",TRUE,30,1775,0.396923542983648
"stat_r30",TRUE,30,1776,0.215699027263571
"stat_r30",TRUE,30,1777,0.349737000463595
"stat_r30",TRUE,30,1778,0.515062399601018
"stat_r30",TRUE,30,1779,0.418587535568276
"stat_r30",TRUE,30,1780,0.284170347346253
"stat_r30",TRUE,30,1781,0.557964521769536
"stat_r30",TRUE,30,1782,0.697862350619408
"stat_r30",TRUE,30,1783,0.777004229336647
"stat_r30",TRUE,30,1784,0.974957512113207
"stat_r30",TRUE,30,1785,0.976068249211195
"stat_r30",TRUE,30,1786,0.969994523993943
"stat_r30",TRUE,30,1787,0.988887261033399
"stat_r30",TRUE,30,1788,0.976125360631371
"stat_r30",TRUE,30,1789,0.932280288216474
"stat_r30",TRUE,30,1790,0.648006695857306
"stat_r30",TRUE,30,1791,0.201762601494803
"stat_r30",TRUE,30,1792,0.0939235657313832
"stat_r30",TRUE,30,1793,0.045502325719221
"stat_r30",TRUE,30,1794,0.0405619219852352
"stat_r30",TRUE,30,1795,0.134301914675164
"stat_r30",TRUE,30,1796,0.419884798209883
"stat_r30",TRUE,30,1797,0.629615345511336
"stat_r30",TRUE,30,1798,0.811525597482753
"stat_r30",TRUE,30,1799,0.687526268155724
"stat_r30",TRUE,30,1800,0.254708984076369
"stat_r30",TRUE,30,1801,0.539019417714337
"stat_r30",TRUE,30,1802,0.858263170712517
"stat_r30",TRUE,30,1803,0.959727542172298
"stat_r30",TRUE,30,1804,0.984430847789729
"stat_r30",TRUE,30,1805,0.99244708145386
"stat_r30",TRUE,30,1806,0.994265893528887
"stat_r30",TRUE,30,1807,0.994717624046477
"stat_r30",TRUE,30,1808,0.995159386893045
"stat_r30",TRUE,30,1809,0.991489001142926
"stat_r30",TRUE,30,1810,0.944638154274017
"stat_r30",TRUE,30,1811,0.609340462897145
"stat_r30",TRUE,30,1812,0.0604459712391339
"stat_r30",TRUE,30,1813,0.00257163868634857
"stat_r30",TRUE,30,1814,0.00212648503426971
"stat_r30",TRUE,30,1815,0.0269836968307087
"stat_r30",TRUE,30,1816,0.365401136054931
"stat_r30",TRUE,30,1817,0.808586082364055
"stat_r30",TRUE,30,1818,0.946239036420768
"stat_r30",TRUE,30,1819,0.963696985734791
"stat_r30",TRUE,30,1820,0.968939782504385
"stat_r30",TRUE,30,1821,0.947639447361196
"stat_r30",TRUE,30,1822,0.801951652510817
"stat_r30",TRUE,30,1823,0.852642700447498
"stat_r30",TRUE,30,1824,0.84761026564405
"stat_r30",TRUE,30,1825,0.584648224327745
"stat_r30",TRUE,30,1826,0.366406937384775
"stat_r30",TRUE,30,1827,0.278485178768773
"stat_r30",TRUE,30,1828,0.600282606592686
"stat_r30",TRUE,30,1829,0.705793344931479
"stat_r30",TRUE,30,1830,0.57689729901385
"stat_r30",TRUE,30,1831,0.786205221216402
"stat_r30",TRUE,30,1832,0.92920102007966
"stat_r30",TRUE,30,1833,0.957925692251728
"stat_r30",TRUE,30,1834,0.990338524429744
"stat_r30",TRUE,30,1835,0.99618097098077
"stat_r30",TRUE,30,1836,0.990182730264571
"stat_r30",TRUE,30,1837,0.991644375249775
"stat_r30",TRUE,30,1838,0.971645522648761
"stat_r30",TRUE,30,1839,0.894850808741307
"stat_r30",TRUE,30,1840,0.642162969833143
"stat_r30",TRUE,30,1841,0.482329761073035
"stat_r30",TRUE,30,1842,0.223484872635128
"stat_r30",TRUE,30,1843,0.0723404019717604
"stat_r30",TRUE,30,1844,0.0352279814724937
"stat_r30",TRUE,30,1845,0.157267277061875
"stat_r30",TRUE,30,1846,0.384069437344753
"stat_r30",TRUE,30,1847,0.619681500300709
"stat_r30",TRUE,30,1848,0.872060483296477
"stat_r30",TRUE,30,1849,0.869871357029145
"stat_r30",TRUE,30,1850,0.725998783275052
"stat_r30",TRUE,30,1851,0.622077879783966
"stat_r30",TRUE,30,1852,0.712824335898848
"stat_r30",TRUE,30,1853,0.915082983662319
"stat_r30",TRUE,30,1854,0.961931859297323
"stat_r30",TRUE,30,1855,0.939899191152695
"stat_r30",TRUE,30,1856,0.970220429244165
"stat_r30",TRUE,30,1857,0.982230030062926
"stat_r30",TRUE,30,1858,0.988966397800943
"stat_r30",TRUE,30,1859,0.984001051083418
"stat_r30",TRUE,30,1860,0.937957805646443
"stat_r30",TRUE,30,1861,0.809396898836875
"stat_r30",TRUE,30,1862,0.0602974043770482
"stat_r30",TRUE,30,1863,0.00241326264098053
"stat_r30",TRUE,30,1864,0.00725569199939725
"stat_r30",TRUE,30,1865,0.117245023474719
"stat_r30",TRUE,30,1866,0.441106795539911
"stat_r30",TRUE,30,1867,0.85179011282733
"stat_r30",TRUE,30,1868,0.973253884668003
"stat_r30",TRUE,30,1869,0.965377350881955
"stat_r30",TRUE,30,1870,0.966826502933301
"stat_r30",TRUE,30,1871,0.950856354503825
"stat_r30",TRUE,30,1872,0.693375947730161
"stat_r30",TRUE,30,1873,0.600211258903189
"stat_r30",TRUE,30,1874,0.712863637925974
"stat_r30",TRUE,30,1875,0.407749905254673
"stat_r30",TRUE,30,1876,0.272501810156746
"stat_r30",TRUE,30,1877,0.16160007266827
"stat_r30",TRUE,30,1878,0.460939727720405
"stat_r30",TRUE,30,1879,0.736063293301766
"stat_r30",TRUE,30,1880,0.847736016259615
"stat_r30",TRUE,30,1881,0.896163618745335
"stat_r30",TRUE,30,1882,0.96769999165229
"stat_r30",TRUE,30,1883,0.986947918149851
"stat_r30",TRUE,30,1884,0.992643516373449
"stat_r30",TRUE,30,1885,0.998465161775092
"stat_r30",TRUE,30,1886,0.998164885140701
"stat_r30",TRUE,30,1887,0.997964185198221
"stat_r30",TRUE,30,1888,0.990703797890467
"stat_r30",TRUE,30,1889,0.901513847858642
"stat_r30",TRUE,30,1890,0.666866799376379
"stat_r30",TRUE,30,1891,0.690174470582977
"stat_r30",TRUE,30,1892,0.471003312044739
"stat_r30",TRUE,30,1893,0.122641415567419
"stat_r30",TRUE,30,1894,0.0186475938855559
"stat_r30",TRUE,30,1895,0.0453515070143298
"stat_r30",TRUE,30,1896,0.278145540662637
"stat_r30",TRUE,30,1897,0.705770589904123
"stat_r30",TRUE,30,1898,0.933079891254196
"stat_r30",TRUE,30,1899,0.936169869550714
"stat_r30",TRUE,30,1900,0.906823874888107
"stat_r30",TRUE,30,1901,0.781937910694625
"stat_r30",TRUE,30,1902,0.619209549476808
"stat_r30",TRUE,30,1903,0.865344261301126
"stat_r30",TRUE,30,1904,0.923586477914839
"stat_r30",TRUE,30,1905,0.923167465682702
"stat_r30",TRUE,30,1906,0.941086170588659
"stat_r30",TRUE,30,1907,0.964029480003039
"stat_r30",TRUE,30,1908,0.979090862879922
"stat_r30",TRUE,30,1909,0.959872765022984
"stat_r30",TRUE,30,1910,0.859025371205397
"stat_r30",TRUE,30,1911,0.762146541275436
"stat_r30",TRUE,30,1912,0.153889236004352
"stat_r30",TRUE,30,1913,0.0173033841428157
"stat_r30",TRUE,30,1914,0.0387329715062591
"stat_r30",TRUE,30,1915,0.283116359741639
"stat_r30",TRUE,30,1916,0.648902078799761
"stat_r30",TRUE,30,1917,0.931378574726331
"stat_r30",TRUE,30,1918,0.972869644355801
"stat_r30",TRUE,30,1919,0.937767516511313
"stat_r30",TRUE,30,1920,0.944204961987372
"stat_r30",TRUE,30,1921,0.936522845090062
"stat_r30",TRUE,30,1922,0.76296029357661
"stat_r30",TRUE,30,1923,0.528623701293947
"stat_r30",TRUE,30,1924,0.491174135212552
"stat_r30",TRUE,30,1925,0.316099130274938
"stat_r30",TRUE,30,1926,0.142707729965495
"stat_r30",TRUE,30,1927,0.0885598394455115
"stat_r30",TRUE,30,1928,0.15280827788527
"stat_r30",TRUE,30,1929,0.331804028857837
"stat_r30",TRUE,30,1930,0.803461481824079
"stat_r30",TRUE,30,1931,0.944736357710308
"stat_r30",TRUE,30,1932,0.977359315334804
"stat_r30",TRUE,30,1933,0.98542257773528
"stat_r30",TRUE,30,1934,0.993820151621725
"stat_r30",TRUE,30,1935,0.997909608652629
"stat_r30",TRUE,30,1936,0.998574755705469
"stat_r30",TRUE,30,1937,0.996414598201013
"stat_r30",TRUE,30,1938,0.984614439512813
"stat_r30",TRUE,30,1939,0.915133378159333
"stat_r30",TRUE,30,1940,0.863790545137959
"stat_r30",TRUE,30,1941,0.853015490235216
"stat_r30",TRUE,30,1942,0.637792713190582
"stat_r30",TRUE,30,1943,0.136992613954858
"stat_r30",TRUE,30,1944,0.0150939737927717
"stat_r30",TRUE,30,1945,0.0227761544021584
"stat_r30",TRUE,30,1946,0.222163041653286
"stat_r30",TRUE,30,1947,0.8848565767247
"stat_r30",TRUE,30,1948,0.984490588176823
"stat_r30",TRUE,30,1949,0.955067681236103
"stat_r30",TRUE,30,1950,0.926494808243388
"stat_r30",TRUE,30,1951,0.881569338499577
"stat_r30",TRUE,30,1952,0.821808020011804
"stat_r30",TRUE,30,1953,0.851788977788038
"stat_r30",TRUE,30,1954,0.94206567356562
"stat_r30",TRUE,30,1955,0.95101570538537
"stat_r30",TRUE,30,1956,0.978676327579729
"stat_r30",TRUE,30,1957,0.98815575552168
"stat_r30",TRUE,30,1958,0.988716741951018
"stat_r30",TRUE,30,1959,0.958706801055846
"stat_r30",TRUE,30,1960,0.864819102686337
"stat_r30",TRUE,30,1961,0.671413221943146
"stat_r30",TRUE,30,1962,0.203528797798329
"stat_r30",TRUE,30,1963,0.0925960370803245
"stat_r30",TRUE,30,1964,0.299903062877229
"stat_r30",TRUE,30,1965,0
"stat_r30",TRUE,30,1966,0
"stat_r30",TRUE,30,1967,0
"stat_r30",TRUE,30,1968,0.885897875737038
"stat_r30",TRUE,30,1969,0.917735849280663
"stat_r30",TRUE,30,1970,0.876838728470767
"stat_r30",TRUE,30,1971,0.905597345106
"stat_r30",TRUE,30,1972,0.827075815942405
"stat_r30",TRUE,30,1973,0.64835603429347
"stat_r30",TRUE,30,1974,0.511962517347909
"stat_r30",TRUE,30,1975,0.534676258515042
"stat_r30",TRUE,30,1976,0.146067257643707
"stat_r30",TRUE,30,1977,0.0469985254580242
"stat_r30",TRUE,30,1978,0.0624920942683371
"stat_r30",TRUE,30,1979,0.254041897389408
"stat_r30",TRUE,30,1980,0.605528925634199
"stat_r30",TRUE,30,1981,0.884823838397359
"stat_r30",TRUE,30,1982,0.958698535013817
"stat_r30",TRUE,30,1983,0.981688754524107
"stat_r30",TRUE,30,1984,0.996680301881199
"stat_r30",TRUE,30,1985,0.996646529038287
"stat_r30",TRUE,30,1986,0.991415408938279
"stat_r30",TRUE,30,1987,0.974535060612816
"stat_r30",TRUE,30,1988,0.962359010502807
"stat_r30",TRUE,30,1989,0.950094857754871
"stat_r30",TRUE,30,1990,0.931733193893313
"stat_r30",TRUE,30,1991,0.840177523046148
"stat_r30",TRUE,30,1992,0.571826195153315
"stat_r30",TRUE,30,1993,0.311499137372409
"stat_r30",TRUE,30,1994,0.0447549585742088
"stat_r30",TRUE,30,1995,0.025829177159438
"stat_r30",TRUE,30,1996,0.0709181752798756
"stat_r30",TRUE,30,1997,0.792171293213397
"stat_r30",TRUE,30,1998,0.960592661208968
"stat_r30",TRUE,30,1999,0.946372718508615
"stat_r30",TRUE,30,2000,0.961621807251037
"stat_r30",TRUE,30,2001,0.88977337395197
"stat_r30",TRUE,30,2002,0.748005896169392
"stat_r30",TRUE,30,2003,0.828039826923747
"stat_r30",TRUE,30,2004,0.902833282473493
"stat_r30",TRUE,30,2005,0.964863307657216
"stat_r30",TRUE,30,2006,0.9701291219211
"stat_r30",TRUE,30,2007,0.986434960434765
"stat_r30",TRUE,30,2008,0.985905501811638
"stat_r30",TRUE,30,2009,0.934795780116355
"stat_r30",TRUE,30,2010,0.902032508689596
"stat_r30",TRUE,30,2011,0.784096271352304
"stat_r30",TRUE,30,2012,0.59140213986622
"stat_r30",TRUE,30,2013,0.65367613950242
"stat_r30",TRUE,30,2014,0
"stat_r30",TRUE,30,2015,0
"stat_r30",TRUE,30,2016,0
"stat_r30",TRUE,30,2017,0
"stat_r30",TRUE,30,2018,0
"stat_r30",TRUE,30,2019,0.837513440059167
"stat_r30",TRUE,30,2020,0.813362477041797
"stat_r30",TRUE,30,2021,0.878945033109446
"stat_r30",TRUE,30,2022,0.915525440041365
"stat_r30",TRUE,30,2023,0.771591885051556
"stat_r30",TRUE,30,2024,0.656082546495916
"stat_r30",TRUE,30,2025,0.705359731097696
"stat_r30",TRUE,30,2026,0.250939983556477
"stat_r30",TRUE,30,2027,0.0494305476007922
"stat_r30",TRUE,30,2028,0.0794272595280021
"stat_r30",TRUE,30,2029,0.199815624808606
"stat_r30",TRUE,30,2030,0.231315664084004
"stat_r30",TRUE,30,2031,0.612608733214402
"stat_r30",TRUE,30,2032,0.954681890670375
"stat_r30",TRUE,30,2033,0.976672219432196
"stat_r30",TRUE,30,2034,0.974559793883631
"stat_r30",TRUE,30,2035,0.968749793255202
"stat_r30",TRUE,30,2036,0.948815100121192
"stat_r30",TRUE,30,2037,0.908613367687432
"stat_r30",TRUE,30,2038,0.922980195281093
"stat_r30",TRUE,30,2039,0.919533781679693
"stat_r30",TRUE,30,2040,0
"stat_r30",TRUE,30,2041,0
"stat_r30",TRUE,30,2042,0
"stat_r30",TRUE,30,2043,0.318406744138087
"stat_r30",TRUE,30,2044,0.0928823888513878
"stat_r30",TRUE,30,2045,0.036162597122378
"stat_r30",TRUE,30,2046,0.0450158433332251
"stat_r30",TRUE,30,2047,0.567751302084001
"stat_r30",TRUE,30,2048,0.949957811572068
"stat_r30",TRUE,30,2049,0.934545403569893
"stat_r30",TRUE,30,2050,0.977290143869828
"stat_r30",TRUE,30,2051,0.670222050302386
"stat_r30",TRUE,30,2052,0.726758509517799
"stat_r30",TRUE,30,2053,0.800885517470221
"stat_r30",TRUE,30,2054,0.915601902279333
"stat_r30",TRUE,30,2055,0.931145723563372
"stat_r30",TRUE,30,2056,0.913053453654174
"stat_r30",TRUE,30,2057,0.972944730792221
"stat_r30",TRUE,30,2058,0.979947547387768
"stat_r30",TRUE,30,2059,0.966786722433719
"stat_r30",TRUE,30,2060,0.9332533388176
"stat_r30",TRUE,30,2061,0.925783055331878
"stat_r30",TRUE,30,2062,0.951802070795206
"stat_r30",TRUE,30,2063,0.948651518329409
"stat_r30",TRUE,30,2064,0
"stat_r30",TRUE,30,2065,0
"stat_r30",TRUE,30,2066,0
"stat_r30",TRUE,30,2067,0
"stat_r30",TRUE,30,2068,0
"stat_r30",TRUE,30,2069,0
"stat_r30",TRUE,30,2070,0.734312634782843
"stat_r30",TRUE,30,2071,0.853583947706986
"stat_r30",TRUE,30,2072,0.923396425872501
"stat_r30",TRUE,30,2073,0.791697587926389
"stat_r30",TRUE,30,2074,0.790416079245875
"stat_r30",TRUE,30,2075,0.780440543928089
"stat_r30",TRUE,30,2076,0.317621698740043
"stat_r30",TRUE,30,2077,0.10458039309902
"stat_r30",TRUE,30,2078,0.134948164600691
"stat_r30",TRUE,30,2079,0.302612351652718
"stat_r30",TRUE,30,2080,0.238076075808176
"stat_r30",TRUE,30,2081,0.303564153205946
"stat_r30",TRUE,30,2082,0.743329381666814
"stat_r30",TRUE,30,2083,0.911026100933822
"stat_r30",TRUE,30,2084,0.76760362139716
"stat_r30",TRUE,30,2085,0.639684317789801
"stat_r30",TRUE,30,2086,0.605600913652993
"stat_r30",TRUE,30,2087,0.738796622373679
"stat_r30",TRUE,30,2088,0.867790376791625
"stat_r30",TRUE,30,2089,0.813281093230534
"stat_r30",TRUE,30,2090,0
"stat_r30",TRUE,30,2091,0
"stat_r30",TRUE,30,2092,0
"stat_r30",TRUE,30,2093,0
"stat_r30",TRUE,30,2094,0
"stat_r30",TRUE,30,2095,0.0850844132567822
"stat_r30",TRUE,30,2096,0.127514470635383
"stat_r30",TRUE,30,2097,0.466335102244714
"stat_r30",TRUE,30,2098,0.918768589582859
"stat_r30",TRUE,30,2099,0.886584555448525
"stat_r30",TRUE,30,2100,0.896820044446068
"stat_r30",TRUE,30,2101,0.627639474677957
"stat_r30",TRUE,30,2102,0.912622636279248
"stat_r30",TRUE,30,2103,0.91721423383006
"stat_r30",TRUE,30,2104,0.958394668561367
"stat_r30",TRUE,30,2105,0.934454873855365
"stat_r30",TRUE,30,2106,0.917331915007277
"stat_r30",TRUE,30,2107,0.924449083996339
"stat_r30",TRUE,30,2108,0.927755893520978
"stat_r30",TRUE,30,2109,0.97267209457043
"stat_r30",TRUE,30,2110,0.951154419676704
"stat_r30",TRUE,30,2111,0.957272178878123
"stat_r30",TRUE,30,2112,0.97299517851787
"stat_r30",TRUE,30,2113,0.977835029773858
"stat_r30",TRUE,30,2114,0
"stat_r30",TRUE,30,2115,0
"stat_r30",TRUE,30,2116,0
"stat_r30",TRUE,30,2117,0
"stat_r30",TRUE,30,2118,0
"stat_r30",TRUE,30,2119,0
"stat_r30",TRUE,30,2120,0
"stat_r30",TRUE,30,2121,0.802904574575172
"stat_r30",TRUE,30,2122,0.886209455145795
"stat_r30",TRUE,30,2123,0.85525970342435
"stat_r30",TRUE,30,2124,0.86290779780273
"stat_r30",TRUE,30,2125,0.805971589851042
"stat_r30",TRUE,30,2126,0.510475192630354
"stat_r30",TRUE,30,2127,0.296467680454323
"stat_r30",TRUE,30,2128,0.235717483640108
"stat_r30",TRUE,30,2129,0.444003572995114
"stat_r30",TRUE,30,2130,0.0951028857469065
"stat_r30",TRUE,30,2131,0.0357384098680382
"stat_r30",TRUE,30,2132,0.198288137818202
"stat_r30",TRUE,30,2133,0.477325950529652
"stat_r30",TRUE,30,2134,0.345216163002746
"stat_r30",TRUE,30,2135,0.313087985671922
"stat_r30",TRUE,30,2136,0.573595131232206
"stat_r30",TRUE,30,2137,0.800941065894197
"stat_r30",TRUE,30,2138,0.900724451694247
"stat_r30",TRUE,30,2139,0.889996275653134
"stat_r30",TRUE,30,2140,0
"stat_r30",TRUE,30,2141,0
"stat_r30",TRUE,30,2142,0
"stat_r30",TRUE,30,2143,0
"stat_r30",TRUE,30,2144,0
"stat_r30",TRUE,30,2145,0
"stat_r30",TRUE,30,2146,0
"stat_r30",TRUE,30,2147,0.25582865463818
"stat_r30",TRUE,30,2148,0.56533935462451
"stat_r30",TRUE,30,2149,0.590584624036373
"stat_r30",TRUE,30,2150,0.613452377815892
"stat_r30",TRUE,30,2151,0.833079961224197
"stat_r30",TRUE,30,2152,0.937276072283723
"stat_r30",TRUE,30,2153,0.904104572231135
"stat_r30",TRUE,30,2154,0.945292692226511
"stat_r30",TRUE,30,2155,0.906322140263049
"stat_r30",TRUE,30,2156,0.924402887295336
"stat_r30",TRUE,30,2157,0.841115383588749
"stat_r30",TRUE,30,2158,0.777614870140699
"stat_r30",TRUE,30,2159,0.932542299785489
"stat_r30",TRUE,30,2160,0.95407776576224
"stat_r30",TRUE,30,2161,0.968049155547118
"stat_r30",TRUE,30,2162,0.987548471472698
"stat_r30",TRUE,30,2163,0.971772298282648
"stat_r30",TRUE,30,2164,0
"stat_r30",TRUE,30,2165,0
"stat_r30",TRUE,30,2166,0
"stat_r30",TRUE,30,2167,0
"stat_r30",TRUE,30,2168,0
"stat_r30",TRUE,30,2169,0
"stat_r30",TRUE,30,2170,0
"stat_r30",TRUE,30,2171,0.740719966077101
"stat_r30",TRUE,30,2172,0.762820973841363
"stat_r30",TRUE,30,2173,0.815931440267889
"stat_r30",TRUE,30,2174,0.879056150004053
"stat_r30",TRUE,30,2175,0.782437204428326
"stat_r30",TRUE,30,2176,0.807864460491076
"stat_r30",TRUE,30,2177,0.589246695646183
"stat_r30",TRUE,30,2178,0.266247336117939
"stat_r30",TRUE,30,2179,0.26453315120994
"stat_r30",TRUE,30,2180,0.100626939237613
"stat_r30",TRUE,30,2181,0.0508821447533475
"stat_r30",TRUE,30,2182,0.139697041056304
"stat_r30",TRUE,30,2183,0.317823922119536
"stat_r30",TRUE,30,2184,0.369363247453002
"stat_r30",TRUE,30,2185,0.664463945704936
"stat_r30",TRUE,30,2186,0.792270243956528
"stat_r30",TRUE,30,2187,0.940987337159007
"stat_r30",TRUE,30,2188,0.985487373540517
"stat_r30",TRUE,30,2189,0.957659958979149
"stat_r30",TRUE,30,2190,0
"stat_r30",TRUE,30,2191,0
"stat_r30",TRUE,30,2192,0
"stat_r30",TRUE,30,2193,0
"stat_r30",TRUE,30,2194,0
"stat_r30",TRUE,30,2195,0
"stat_r30",TRUE,30,2196,0
"stat_r30",TRUE,30,2197,0.128342399740474
"stat_r30",TRUE,30,2198,0.27904818949915
"stat_r30",TRUE,30,2199,0.236540575047913
"stat_r30",TRUE,30,2200,0.251160549075204
"stat_r30",TRUE,30,2201,0.880021437360237
"stat_r30",TRUE,30,2202,0.888332057805881
"stat_r30",TRUE,30,2203,0.817331653575812
"stat_r30",TRUE,30,2204,0.667113088012582
"stat_r30",TRUE,30,2205,0.767323796908049
"stat_r30",TRUE,30,2206,0.929297815118302
"stat_r30",TRUE,30,2207,0.934899774999271
"stat_r30",TRUE,30,2208,0.838870500104842
"stat_r30",TRUE,30,2209,0.830694113774812
"stat_r30",TRUE,30,2210,0.921659718206299
"stat_r30",TRUE,30,2211,0.983424485575614
"stat_r30",TRUE,30,2212,0.991617656290929
"stat_r30",TRUE,30,2213,0.964317224208975
"stat_r30",TRUE,30,2214,0
"stat_r30",TRUE,30,2215,0
"stat_r30",TRUE,30,2216,0
"stat_r30",TRUE,30,2217,0
"stat_r30",TRUE,30,2218,0
"stat_r30",TRUE,30,2219,0
"stat_r30",TRUE,30,2220,0
"stat_r30",TRUE,30,2221,0
"stat_r30",TRUE,30,2222,0
"stat_r30",TRUE,30,2223,0.729333739767653
"stat_r30",TRUE,30,2224,0.903624486361505
"stat_r30",TRUE,30,2225,0.870486144292821
"stat_r30",TRUE,30,2226,0.790798902109811
"stat_r30",TRUE,30,2227,0.542905277105314
"stat_r30",TRUE,30,2228,0.112299805087672
"stat_r30",TRUE,30,2229,0.0653684247322446
"stat_r30",TRUE,30,2230,0.110065722053047
"stat_r30",TRUE,30,2231,0.168968637078701
"stat_r30",TRUE,30,2232,0.161853325972699
"stat_r30",TRUE,30,2233,0.231480817825649
"stat_r30",TRUE,30,2234,0.507749462375121
"stat_r30",TRUE,30,2235,0.858242321396874
"stat_r30",TRUE,30,2236,0.930411784126516
"stat_r30",TRUE,30,2237,0.978926120660507
"stat_r30",TRUE,30,2238,0.993605489313068
"stat_r30",TRUE,30,2239,0.977874210821571
"stat_r30",TRUE,30,2240,0.601042379009293
"stat_r30",TRUE,30,2241,0.160333362765844
"stat_r30",TRUE,30,2242,0
"stat_r30",TRUE,30,2243,0
"stat_r30",TRUE,30,2244,0
"stat_r30",TRUE,30,2245,0
"stat_r30",TRUE,30,2246,0
"stat_r30",TRUE,30,2247,0
"stat_r30",TRUE,30,2248,0.172743782729673
"stat_r30",TRUE,30,2249,0.129465387587284
"stat_r30",TRUE,30,2250,0.0961384711132716
"stat_r30",TRUE,30,2251,0.572678920937652
"stat_r30",TRUE,30,2252,0.512004144687443
"stat_r30",TRUE,30,2253,0.206052416003072
"stat_r30",TRUE,30,2254,0.168403806303717
"stat_r30",TRUE,30,2255,0.596039625352805
"stat_r30",TRUE,30,2256,0.85277058620097
"stat_r30",TRUE,30,2257,0.842261882606547
"stat_r30",TRUE,30,2258,0.816348829252424
"stat_r30",TRUE,30,2259,0.773285473481193
"stat_r30",TRUE,30,2260,0.856109686016142
"stat_r30",TRUE,30,2261,0.975528052893651
"stat_r30",TRUE,30,2262,0.957742637002428
"stat_r30",TRUE,30,2263,0.946559195467282
"stat_r30",TRUE,30,2264,0
"stat_r30",TRUE,30,2265,0
"stat_r30",TRUE,30,2266,0
"stat_r30",TRUE,30,2267,0
"stat_r30",TRUE,30,2268,0
"stat_r30",TRUE,30,2269,0
"stat_r30",TRUE,30,2270,0.825445746710703
"stat_r30",TRUE,30,2271,0.666304610722131
"stat_r30",TRUE,30,2272,0.594942389917084
"stat_r30",TRUE,30,2273,0.750027677841937
"stat_r30",TRUE,30,2274,0.956855874828498
"stat_r30",TRUE,30,2275,0.930914456805183
"stat_r30",TRUE,30,2276,0.665751426527279
"stat_r30",TRUE,30,2277,0.154274644844615
"stat_r30",TRUE,30,2278,0.0370411023306199
"stat_r30",TRUE,30,2279,0.026972327515491
"stat_r30",TRUE,30,2280,0.0649268115424997
"stat_r30",TRUE,30,2281,0.12400815970664
"stat_r30",TRUE,30,2282,0.106560835037317
"stat_r30",TRUE,30,2283,0.140035899024879
"stat_r30",TRUE,30,2284,0.365958708129017
"stat_r30",TRUE,30,2285,0.771117313157409
"stat_r30",TRUE,30,2286,0.885541271737067
"stat_r30",TRUE,30,2287,0.926077064161901
"stat_r30",TRUE,30,2288,0.986158833304126
"stat_r30",TRUE,30,2289,0.967467538567169
"stat_r30",TRUE,30,2290,0.555359308794933
"stat_r30",TRUE,30,2291,0.340517322039845
"stat_r30",TRUE,30,2292,0.306075965844979
"stat_r30",TRUE,30,2293,0
"stat_r30",TRUE,30,2294,0
"stat_r30",TRUE,30,2295,0
"stat_r30",TRUE,30,2296,0
"stat_r30",TRUE,30,2297,0.144774190400915
"stat_r30",TRUE,30,2298,0.0955969769464564
"stat_r30",TRUE,30,2299,0.110201172851581
"stat_r30",TRUE,30,2300,0.138642185738724
"stat_r30",TRUE,30,2301,0.262052548542806
"stat_r30",TRUE,30,2302,0.0789031020280963
"stat_r30",TRUE,30,2303,0.0235274395931877
"stat_r30",TRUE,30,2304,0.0590735952834057
"stat_r30",TRUE,30,2305,0.497702447030145
"stat_r30",TRUE,30,2306,0.589409357985791
"stat_r30",TRUE,30,2307,0.380792926663887
"stat_r30",TRUE,30,2308,0.377269619833954
"stat_r30",TRUE,30,2309,0.620041800683703
"stat_r30",TRUE,30,2310,0.807083775620302
"stat_r30",TRUE,30,2311,0.919612231631814
"stat_r30",TRUE,30,2312,0.855372705454496
"stat_r30",TRUE,30,2313,0.888800731542473
"stat_r30",TRUE,30,2314,0
"stat_r30",TRUE,30,2315,0
"stat_r30",TRUE,30,2316,0
"stat_r30",TRUE,30,2317,0
"stat_r30",TRUE,30,2318,0
"stat_r30",TRUE,30,2319,0.982792229204985
"stat_r30",TRUE,30,2320,0.885353041122531
"stat_r30",TRUE,30,2321,0.786633768820054
"stat_r30",TRUE,30,2322,0.70139641889641
"stat_r30",TRUE,30,2323,0.811533462217919
"stat_r30",TRUE,30,2324,0.917584293762614
"stat_r30",TRUE,30,2325,0.926960683746462
"stat_r30",TRUE,30,2326,0.669688183512063
"stat_r30",TRUE,30,2327,0.127578359496162
"stat_r30",TRUE,30,2328,0.0215439151668556
"stat_r30",TRUE,30,2329,0.0157166969202834
"stat_r30",TRUE,30,2330,0.0722479006001094
"stat_r30",TRUE,30,2331,0.177266446870608
"stat_r30",TRUE,30,2332,0.202931969382743
"stat_r30",TRUE,30,2333,0.23295427549709
"stat_r30",TRUE,30,2334,0.223787815773959
"stat_r30",TRUE,30,2335,0.508439442065085
"stat_r30",TRUE,30,2336,0.585578596418792
"stat_r30",TRUE,30,2337,0.700229262397745
"stat_r30",TRUE,30,2338,0.902389021881866
"stat_r30",TRUE,30,2339,0.727630373502341
"stat_r30",TRUE,30,2340,0.464873661985921
"stat_r30",TRUE,30,2341,0.642653837740299
"stat_r30",TRUE,30,2342,0.518383810435559
"stat_r30",TRUE,30,2343,0
"stat_r30",TRUE,30,2344,0
"stat_r30",TRUE,30,2345,0
"stat_r30",TRUE,30,2346,0
"stat_r30",TRUE,30,2347,0.0354392056909862
"stat_r30",TRUE,30,2348,0.0274176234856395
"stat_r30",TRUE,30,2349,0.0788180769853879
"stat_r30",TRUE,30,2350,0.200508501712256
"stat_r30",TRUE,30,2351,0.087185582449707
"stat_r30",TRUE,30,2352,0.019041734728299
"stat_r30",TRUE,30,2353,0.0108701598920153
"stat_r30",TRUE,30,2354,0.0261930977208445
"stat_r30",TRUE,30,2355,0.149790759262494
"stat_r30",TRUE,30,2356,0.461574404391223
"stat_r30",TRUE,30,2357,0.262191458042961
"stat_r30",TRUE,30,2358,0.150105666150386
"stat_r30",TRUE,30,2359,0.610622929871129
"stat_r30",TRUE,30,2360,0.788671365996499
"stat_r30",TRUE,30,2361,0.849969433931558
"stat_r30",TRUE,30,2362,0.796365266536137
"stat_r30",TRUE,30,2363,0.874388297068299
"stat_r30",TRUE,30,2364,0.950647569279486
"stat_r30",TRUE,30,2365,0.982274147535596
"stat_r30",TRUE,30,2366,0.978960047272605
"stat_r30",TRUE,30,2367,0.992719736848637
"stat_r30",TRUE,30,2368,0.995499873841912
"stat_r30",TRUE,30,2369,0.933626996211958
"stat_r30",TRUE,30,2370,0.812854849355323
"stat_r30",TRUE,30,2371,0.824006766769238
"stat_r30",TRUE,30,2372,0.786432823762927
"stat_r30",TRUE,30,2373,0.860955816586582
"stat_r30",TRUE,30,2374,0.958605094278792
"stat_r30",TRUE,30,2375,0.969722930730392
"stat_r30",TRUE,30,2376,0.805577436756117
"stat_r30",TRUE,30,2377,0.124169228593767
"stat_r30",TRUE,30,2378,0.0110908583285325
"stat_r30",TRUE,30,2379,0.00622648979071366
"stat_r30",TRUE,30,2380,0.0251434960338837
"stat_r30",TRUE,30,2381,0.0875301136177489
"stat_r30",TRUE,30,2382,0.19970491669404
"stat_r30",TRUE,30,2383,0.151115237295689
"stat_r30",TRUE,30,2384,0.16125653943024
"stat_r30",TRUE,30,2385,0.232865393010629
"stat_r30",TRUE,30,2386,0.397425656394271
"stat_r30",TRUE,30,2387,0.571413150619524
"stat_r30",TRUE,30,2388,0.799286278719357
"stat_r30",TRUE,30,2389,0.570482490272742
"stat_r30",TRUE,30,2390,0.367690004653588
"stat_r30",TRUE,30,2391,0.661659614079001
"stat_r30",TRUE,30,2392,0.565351745475465
"stat_r30",TRUE,30,2393,0.445666347847944
"stat_r30",TRUE,30,2394,0.433356664262863
"stat_r30",TRUE,30,2395,0
"stat_r30",TRUE,30,2396,0.107452402340637
"stat_r30",TRUE,30,2397,0.0485175803514391
"stat_r30",TRUE,30,2398,0.0298368714200595
"stat_r30",TRUE,30,2399,0.0776168018158123
"stat_r30",TRUE,30,2400,0.217242514766676
"stat_r30",TRUE,30,2401,0.112828136207239
"stat_r30",TRUE,30,2402,0.0304377821209601
"stat_r30",TRUE,30,2403,0.015757865887714
"stat_r30",TRUE,30,2404,0.0693752728835659
"stat_r30",TRUE,30,2405,0.166594544845789
"stat_r30",TRUE,30,2406,0.289809099456295
"stat_r30",TRUE,30,2407,0.438098029089375
"stat_r30",TRUE,30,2408,0.63783944462356
"stat_r30",TRUE,30,2409,0.768688522111327
"stat_r30",TRUE,30,2410,0.895239957270882
"stat_r30",TRUE,30,2411,0.930791909405433
"stat_r30",TRUE,30,2412,0.879860561240795
"stat_r30",TRUE,30,2413,0.8824864240233
"stat_r30",TRUE,30,2414,0.97416725583909
"stat_r30",TRUE,30,2415,0.970013159200232
"stat_r30",TRUE,30,2416,0.972903288166181
"stat_r30",TRUE,30,2417,0.994333290666242
"stat_r30",TRUE,30,2418,0.989484371460815
"stat_r30",TRUE,30,2419,0.538194419532483
"stat_r30",TRUE,30,2420,0.198228128886953
"stat_r30",TRUE,30,2421,0.438787522998957
"stat_r30",TRUE,30,2422,0.60526233625649
"stat_r30",TRUE,30,2423,0.802868010095499
"stat_r30",TRUE,30,2424,0.941931786441963
"stat_r30",TRUE,30,2425,0.895827427910013
"stat_r30",TRUE,30,2426,0.546466577310177
"stat_r30",TRUE,30,2427,0.0889544296389041
"stat_r30",TRUE,30,2428,0.00831462128307187
"stat_r30",TRUE,30,2429,0.00214970194599444
"stat_r30",TRUE,30,2430,0.00299324626331904
"stat_r30",TRUE,30,2431,0.0101966491364982
"stat_r30",TRUE,30,2432,0.0206321447701747
"stat_r30",TRUE,30,2433,0.0292837850799924
"stat_r30",TRUE,30,2434,0.0501109007736598
"stat_r30",TRUE,30,2435,0.156687776656638
"stat_r30",TRUE,30,2436,0.457237729847292
"stat_r30",TRUE,30,2437,0.718026970017855
"stat_r30",TRUE,30,2438,0.722564776680518
"stat_r30",TRUE,30,2439,0.574830276530062
"stat_r30",TRUE,30,2440,0.358498085480879
"stat_r30",TRUE,30,2441,0.563864649193882
"stat_r30",TRUE,30,2442,0.412653847122684
"stat_r30",TRUE,30,2443,0.236154671364771
"stat_r30",TRUE,30,2444,0.233160878743888
"stat_r30",TRUE,30,2445,0.185325509958395
"stat_r30",TRUE,30,2446,0.204376041013425
"stat_r30",TRUE,30,2447,0.130580805916377
"stat_r30",TRUE,30,2448,0.121254372922809
"stat_r30",TRUE,30,2449,0.209116450137001
"stat_r30",TRUE,30,2450,0.188712573702706
"stat_r30",TRUE,30,2451,0.510961574518965
"stat_r30",TRUE,30,2452,0.119164691589674
"stat_r30",TRUE,30,2453,0.0538679403173035
"stat_r30",TRUE,30,2454,0.260536161905517
"stat_r30",TRUE,30,2455,0.46656040653989
"stat_r30",TRUE,30,2456,0.347271799504271
"stat_r30",TRUE,30,2457,0.445423149331912
"stat_r30",TRUE,30,2458,0.808301934669846
"stat_r30",TRUE,30,2459,0.872674753516766
"stat_r30",TRUE,30,2460,0.924969709959149
"stat_r30",TRUE,30,2461,0.96824856745691
"stat_r30",TRUE,30,2462,0.918817809685541
"stat_r30",TRUE,30,2463,0.772314205325011
"stat_r30",TRUE,30,2464,0.783774826664627
"stat_r30",TRUE,30,2465,0.880283493206257
"stat_r30",TRUE,30,2466,0.919144421793681
"stat_r30",TRUE,30,2467,0.93175524346022
"stat_r30",TRUE,30,2468,0.558329123440822
"stat_r30",TRUE,30,2469,0.132765917928159
"stat_r30",TRUE,30,2470,0.0686159538801702
"stat_r30",TRUE,30,2471,0.106804212518507
"stat_r30",TRUE,30,2472,0.538982235931338
"stat_r30",TRUE,30,2473,0.930990505936873
"stat_r30",TRUE,30,2474,0.92315021330662
"stat_r30",TRUE,30,2475,0.628764661387117
"stat_r30",TRUE,30,2476,0.197750982279003
"stat_r30",TRUE,30,2477,0.0441567125203317
"stat_r30",TRUE,30,2478,0.00787397858121869
"stat_r30",TRUE,30,2479,0.00104686974789571
"stat_r30",TRUE,30,2480,0.00040855609709717
"stat_r30",TRUE,30,2481,0.000336991068120779
"stat_r30",TRUE,30,2482,0.00188343528815614
"stat_r30",TRUE,30,2483,0.00680174898892416
"stat_r30",TRUE,30,2484,0.0249089693282632
"stat_r30",TRUE,30,2485,0.115976420261306
"stat_r30",TRUE,30,2486,0.350499528823663
"stat_r30",TRUE,30,2487,0.705093839860255
"stat_r30",TRUE,30,2488,0.607850669757507
"stat_r30",TRUE,30,2489,0.423250230719714
"stat_r30",TRUE,30,2490,0.424520001456572
"stat_r30",TRUE,30,2491,0.523648427860412
"stat_r30",TRUE,30,2492,0.259210688555704
"stat_r30",TRUE,30,2493,0.0859526527968157
"stat_r30",TRUE,30,2494,0.107951587366261
"stat_r30",TRUE,30,2495,0.185518503919481
"stat_r30",TRUE,30,2496,0.248347719343063
"stat_r30",TRUE,30,2497,0.373501247677517
"stat_r30",TRUE,30,2498,0.280738213391907
"stat_r30",TRUE,30,2499,0.184266336980574
"stat_r30",TRUE,30,2500,0.164631502506767
"stat_r80",TRUE,80,1,0.169857573304763
"stat_r80",TRUE,80,2,0.203532906843573
"stat_r80",TRUE,80,3,0.178585782629546
"stat_r80",TRUE,80,4,0.207775970413478
"stat_r80",TRUE,80,5,0.17399607327044
"stat_r80",TRUE,80,6,0.0726987969659707
"stat_r80",TRUE,80,7,0.0575437767503234
"stat_r80",TRUE,80,8,0.0570330524159655
"stat_r80",TRUE,80,9,0.0179190924742864
"stat_r80",TRUE,80,10,0.00577476937425539
"stat_r80",TRUE,80,11,0.00497901823256324
"stat_r80",TRUE,80,12,0.00941229717462128
"stat_r80",TRUE,80,13,0.022874273576539
"stat_r80",TRUE,80,14,0.0641222944071112
"stat_r80",TRUE,80,15,0.0521581237997445
"stat_r80",TRUE,80,16,0.0183049935265215
"stat_r80",TRUE,80,17,0.0145436980454086
"stat_r80",TRUE,80,18,0.0112088206007828
"stat_r80",TRUE,80,19,0.00786459005398027
"stat_r80",TRUE,80,20,0.00727418175697723
"stat_r80",TRUE,80,21,0.0251590059432309
"stat_r80",TRUE,80,22,0.0381155378919803
"stat_r80",TRUE,80,23,0.0424432323605084
"stat_r80",TRUE,80,24,0.0352021980274991
"stat_r80",TRUE,80,25,0.0181351288959794
"stat_r80",TRUE,80,26,0.0277230663474643
"stat_r80",TRUE,80,27,0
"stat_r80",TRUE,80,28,0
"stat_r80",TRUE,80,29,0
"stat_r80",TRUE,80,30,0
"stat_r80",TRUE,80,31,0
"stat_r80",TRUE,80,32,0
"stat_r80",TRUE,80,33,0
"stat_r80",TRUE,80,34,0
"stat_r80",TRUE,80,35,0
"stat_r80",TRUE,80,36,0
"stat_r80",TRUE,80,37,0
"stat_r80",TRUE,80,38,0
"stat_r80",TRUE,80,39,0
"stat_r80",TRUE,80,40,0
"stat_r80",TRUE,80,41,0
"stat_r80",TRUE,80,42,0
"stat_r80",TRUE,80,43,0
"stat_r80",TRUE,80,44,0
"stat_r80",TRUE,80,45,0.975915591619799
"stat_r80",TRUE,80,46,0.937932143114014
"stat_r80",TRUE,80,47,0.891645817853632
"stat_r80",TRUE,80,48,0.80621890791056
"stat_r80",TRUE,80,49,0.717401340757713
"stat_r80",TRUE,80,50,0.655801658067294
"stat_r80",TRUE,80,51,0.156039841318482
"stat_r80",TRUE,80,52,0.236193486212238
"stat_r80",TRUE,80,53,0.0865369529788278
"stat_r80",TRUE,80,54,0.0437059324534903
"stat_r80",TRUE,80,55,0.0212017805274411
"stat_r80",TRUE,80,56,0.00647824966062294
"stat_r80",TRUE,80,57,0.0166713739182332
"stat_r80",TRUE,80,58,0.0335173326222607
"stat_r80",TRUE,80,59,0.0192924669126369
"stat_r80",TRUE,80,60,0.00810148604816334
"stat_r80",TRUE,80,61,0.00338284186582067
"stat_r80",TRUE,80,62,0.00496581317068984
"stat_r80",TRUE,80,63,0.0136580021217163
"stat_r80",TRUE,80,64,0.0281077162559752
"stat_r80",TRUE,80,65,0.0256560980825463
"stat_r80",TRUE,80,66,0.0110751193462345
"stat_r80",TRUE,80,67,0.00709414864668119
"stat_r80",TRUE,80,68,0.00405491854448721
"stat_r80",TRUE,80,69,0.00257458645797627
"stat_r80",TRUE,80,70,0.00514266675269884
"stat_r80",TRUE,80,71,0.018276928389473
"stat_r80",TRUE,80,72,0.0405872352974742
"stat_r80",TRUE,80,73,0.0454020935435772
"stat_r80",TRUE,80,74,0.0733620985876843
"stat_r80",TRUE,80,75,0.0657184114670373
"stat_r80",TRUE,80,76,0.0435135691476102
"stat_r80",TRUE,80,77,0
"stat_r80",TRUE,80,78,0
"stat_r80",TRUE,80,79,0
"stat_r80",TRUE,80,80,0
"stat_r80",TRUE,80,81,0
"stat_r80",TRUE,80,82,0
"stat_r80",TRUE,80,83,0
"stat_r80",TRUE,80,84,0
"stat_r80",TRUE,80,85,0
"stat_r80",TRUE,80,86,0
"stat_r80",TRUE,80,87,0
"stat_r80",TRUE,80,88,0
"stat_r80",TRUE,80,89,0
"stat_r80",TRUE,80,90,0
"stat_r80",TRUE,80,91,0
"stat_r80",TRUE,80,92,0
"stat_r80",TRUE,80,93,0
"stat_r80",TRUE,80,94,0
"stat_r80",TRUE,80,95,0.9337530580356
"stat_r80",TRUE,80,96,0.797032304385514
"stat_r80",TRUE,80,97,0.744662033083729
"stat_r80",TRUE,80,98,0.743679434787297
"stat_r80",TRUE,80,99,0.651367869647573
"stat_r80",TRUE,80,100,0.6446366830215
"stat_r80",TRUE,80,101,0.11274125228245
"stat_r80",TRUE,80,102,0.157405349671889
"stat_r80",TRUE,80,103,0.0384540344010721
"stat_r80",TRUE,80,104,0.0143262765767322
"stat_r80",TRUE,80,105,0.00928650091245137
"stat_r80",TRUE,80,106,0.00264482625352366
"stat_r80",TRUE,80,107,0.00793202629963298
"stat_r80",TRUE,80,108,0.0220200184655442
"stat_r80",TRUE,80,109,0.027990570496867
"stat_r80",TRUE,80,110,0.00658798653414911
"stat_r80",TRUE,80,111,0.00257354488765102
"stat_r80",TRUE,80,112,0.00467692988193174
"stat_r80",TRUE,80,113,0.0047943323170579
"stat_r80",TRUE,80,114,0.00784654168559769
"stat_r80",TRUE,80,115,0.0114972588063895
"stat_r80",TRUE,80,116,0.0199110994815497
"stat_r80",TRUE,80,117,0.00969213284393532
"stat_r80",TRUE,80,118,0.00431988827785617
"stat_r80",TRUE,80,119,0.00313197422805386
"stat_r80",TRUE,80,120,0.00710566314239961
"stat_r80",TRUE,80,121,0.0269346264533755
"stat_r80",TRUE,80,122,0
"stat_r80",TRUE,80,123,0
"stat_r80",TRUE,80,124,0
"stat_r80",TRUE,80,125,0.23948763860207
"stat_r80",TRUE,80,126,0.202700121041652
"stat_r80",TRUE,80,127,0
"stat_r80",TRUE,80,128,0
"stat_r80",TRUE,80,129,0
"stat_r80",TRUE,80,130,0
"stat_r80",TRUE,80,131,0
"stat_r80",TRUE,80,132,0
"stat_r80",TRUE,80,133,0
"stat_r80",TRUE,80,134,0
"stat_r80",TRUE,80,135,0
"stat_r80",TRUE,80,136,0
"stat_r80",TRUE,80,137,0
"stat_r80",TRUE,80,138,0
"stat_r80",TRUE,80,139,0
"stat_r80",TRUE,80,140,0
"stat_r80",TRUE,80,141,0
"stat_r80",TRUE,80,142,0
"stat_r80",TRUE,80,143,0
"stat_r80",TRUE,80,144,0
"stat_r80",TRUE,80,145,0.844367070291501
"stat_r80",TRUE,80,146,0.651802066308899
"stat_r80",TRUE,80,147,0.659896654874067
"stat_r80",TRUE,80,148,0.705291532739989
"stat_r80",TRUE,80,149,0.715580149131999
"stat_r80",TRUE,80,150,0.67089280336473
"stat_r80",TRUE,80,151,0.16313634951645
"stat_r80",TRUE,80,152,0.0728128144714188
"stat_r80",TRUE,80,153,0.0301388788430507
"stat_r80",TRUE,80,154,0.0252897285692098
"stat_r80",TRUE,80,155,0.0194340444387069
"stat_r80",TRUE,80,156,0.00721007734603636
"stat_r80",TRUE,80,157,0.0177818334626682
"stat_r80",TRUE,80,158,0.0302382520477392
"stat_r80",TRUE,80,159,0.0302556100359495
"stat_r80",TRUE,80,160,0.00804985967665768
"stat_r80",TRUE,80,161,0.00325387616638165
"stat_r80",TRUE,80,162,0.00648407776751948
"stat_r80",TRUE,80,163,0.00893817549766611
"stat_r80",TRUE,80,164,0.0137839184244358
"stat_r80",TRUE,80,165,0.0179741630190783
"stat_r80",TRUE,80,166,0.031565286666014
"stat_r80",TRUE,80,167,0.0247263297804789
"stat_r80",TRUE,80,168,0.0194157013786139
"stat_r80",TRUE,80,169,0.00972942029596264
"stat_r80",TRUE,80,170,0.030211054412383
"stat_r80",TRUE,80,171,0.0666878043141557
"stat_r80",TRUE,80,172,0
"stat_r80",TRUE,80,173,0
"stat_r80",TRUE,80,174,0
"stat_r80",TRUE,80,175,0
"stat_r80",TRUE,80,176,0
"stat_r80",TRUE,80,177,0
"stat_r80",TRUE,80,178,0
"stat_r80",TRUE,80,179,0
"stat_r80",TRUE,80,180,0
"stat_r80",TRUE,80,181,0
"stat_r80",TRUE,80,182,0
"stat_r80",TRUE,80,183,0
"stat_r80",TRUE,80,184,0
"stat_r80",TRUE,80,185,0
"stat_r80",TRUE,80,186,0
"stat_r80",TRUE,80,187,0
"stat_r80",TRUE,80,188,0
"stat_r80",TRUE,80,189,0
"stat_r80",TRUE,80,190,0
"stat_r80",TRUE,80,191,0
"stat_r80",TRUE,80,192,0
"stat_r80",TRUE,80,193,0
"stat_r80",TRUE,80,194,0
"stat_r80",TRUE,80,195,0.795408909714358
"stat_r80",TRUE,80,196,0.62018833329885
"stat_r80",TRUE,80,197,0.621983346655361
"stat_r80",TRUE,80,198,0.703536980442407
"stat_r80",TRUE,80,199,0.745422103686326
"stat_r80",TRUE,80,200,0.628251465982583
"stat_r80",TRUE,80,201,0.141210511141383
"stat_r80",TRUE,80,202,0.0466888935978798
"stat_r80",TRUE,80,203,0.0128893095755492
"stat_r80",TRUE,80,204,0.0151953866373105
"stat_r80",TRUE,80,205,0.020743213968273
"stat_r80",TRUE,80,206,0.0214564696494924
"stat_r80",TRUE,80,207,0.0337328835121296
"stat_r80",TRUE,80,208,0.0243409691088899
"stat_r80",TRUE,80,209,0.0174105611058004
"stat_r80",TRUE,80,210,0.0203322813603003
"stat_r80",TRUE,80,211,0.0138077708485625
"stat_r80",TRUE,80,212,0.0254575208249305
"stat_r80",TRUE,80,213,0.0437692820509715
"stat_r80",TRUE,80,214,0.0255462642822598
"stat_r80",TRUE,80,215,0.0357910469131357
"stat_r80",TRUE,80,216,0.0591109472926609
"stat_r80",TRUE,80,217,0.0603137304758576
"stat_r80",TRUE,80,218,0.0622165703143926
"stat_r80",TRUE,80,219,0.0693088743093662
"stat_r80",TRUE,80,220,0.113063557876696
"stat_r80",TRUE,80,221,0.197498357554827
"stat_r80",TRUE,80,222,0
"stat_r80",TRUE,80,223,0
"stat_r80",TRUE,80,224,0
"stat_r80",TRUE,80,225,0
"stat_r80",TRUE,80,226,0
"stat_r80",TRUE,80,227,0
"stat_r80",TRUE,80,228,0
"stat_r80",TRUE,80,229,0
"stat_r80",TRUE,80,230,0
"stat_r80",TRUE,80,231,0
"stat_r80",TRUE,80,232,0
"stat_r80",TRUE,80,233,0
"stat_r80",TRUE,80,234,0
"stat_r80",TRUE,80,235,0
"stat_r80",TRUE,80,236,0
"stat_r80",TRUE,80,237,0
"stat_r80",TRUE,80,238,0
"stat_r80",TRUE,80,239,0
"stat_r80",TRUE,80,240,0
"stat_r80",TRUE,80,241,0
"stat_r80",TRUE,80,242,0
"stat_r80",TRUE,80,243,0.978444147897716
"stat_r80",TRUE,80,244,0.948596520472728
"stat_r80",TRUE,80,245,0.878983703578806
"stat_r80",TRUE,80,246,0.775515058776406
"stat_r80",TRUE,80,247,0.687638322735183
"stat_r80",TRUE,80,248,0.69571837321327
"stat_r80",TRUE,80,249,0.657548378663504
"stat_r80",TRUE,80,250,0.462138871049086
"stat_r80",TRUE,80,251,0.168164090430558
"stat_r80",TRUE,80,252,0.0727283433825369
"stat_r80",TRUE,80,253,0.00918348969735962
"stat_r80",TRUE,80,254,0.00620695130808518
"stat_r80",TRUE,80,255,0.00966596164950455
"stat_r80",TRUE,80,256,0.0172568767608907
"stat_r80",TRUE,80,257,0.0132661943292534
"stat_r80",TRUE,80,258,0.00946791804368838
"stat_r80",TRUE,80,259,0.0103292811451974
"stat_r80",TRUE,80,260,0.0313371656848242
"stat_r80",TRUE,80,261,0.0602837559791865
"stat_r80",TRUE,80,262,0.0372416532678632
"stat_r80",TRUE,80,263,0.0586619022940701
"stat_r80",TRUE,80,264,0.0642694291921422
"stat_r80",TRUE,80,265,0.0649180366836711
"stat_r80",TRUE,80,266,0.153117834336094
"stat_r80",TRUE,80,267,0.230284324596431
"stat_r80",TRUE,80,268,0.261786962782308
"stat_r80",TRUE,80,269,0.181108804071634
"stat_r80",TRUE,80,270,0.192119794240396
"stat_r80",TRUE,80,271,0.301786642187927
"stat_r80",TRUE,80,272,0
"stat_r80",TRUE,80,273,0
"stat_r80",TRUE,80,274,0
"stat_r80",TRUE,80,275,0
"stat_r80",TRUE,80,276,0
"stat_r80",TRUE,80,277,0
"stat_r80",TRUE,80,278,0
"stat_r80",TRUE,80,279,0
"stat_r80",TRUE,80,280,0
"stat_r80",TRUE,80,281,0.773155092145288
"stat_r80",TRUE,80,282,0.853527150253745
"stat_r80",TRUE,80,283,0.941313496016925
"stat_r80",TRUE,80,284,0
"stat_r80",TRUE,80,285,0
"stat_r80",TRUE,80,286,0
"stat_r80",TRUE,80,287,0
"stat_r80",TRUE,80,288,0
"stat_r80",TRUE,80,289,0
"stat_r80",TRUE,80,290,0
"stat_r80",TRUE,80,291,0
"stat_r80",TRUE,80,292,0.97234884153612
"stat_r80",TRUE,80,293,0.984521307093336
"stat_r80",TRUE,80,294,0.973351403468518
"stat_r80",TRUE,80,295,0.937851504091212
"stat_r80",TRUE,80,296,0.855577393752358
"stat_r80",TRUE,80,297,0.751209792895098
"stat_r80",TRUE,80,298,0.602974036165157
"stat_r80",TRUE,80,299,0.419178385888861
"stat_r80",TRUE,80,300,0.278128759232854
"stat_r80",TRUE,80,301,0.238945291104165
"stat_r80",TRUE,80,302,0.0943586660496137
"stat_r80",TRUE,80,303,0.0130596275952947
"stat_r80",TRUE,80,304,0.00419921004713758
"stat_r80",TRUE,80,305,0.00586610805277707
"stat_r80",TRUE,80,306,0.0130819516586567
"stat_r80",TRUE,80,307,0.00387502667894121
"stat_r80",TRUE,80,308,0.00553552236617857
"stat_r80",TRUE,80,309,0.0153625414232495
"stat_r80",TRUE,80,310,0.0304604833421577
"stat_r80",TRUE,80,311,0.0582788485501637
"stat_r80",TRUE,80,312,0.0724010120269426
"stat_r80",TRUE,80,313,0.127009987219296
"stat_r80",TRUE,80,314,0.185129981837691
"stat_r80",TRUE,80,315,0.147773115663842
"stat_r80",TRUE,80,316,0.239511466867098
"stat_r80",TRUE,80,317,0.188040304928365
"stat_r80",TRUE,80,318,0.218000982843039
"stat_r80",TRUE,80,319,0.244507235539074
"stat_r80",TRUE,80,320,0.273640826239052
"stat_r80",TRUE,80,321,0.312265681710137
"stat_r80",TRUE,80,322,0
"stat_r80",TRUE,80,323,0
"stat_r80",TRUE,80,324,0
"stat_r80",TRUE,80,325,0
"stat_r80",TRUE,80,326,0
"stat_r80",TRUE,80,327,0
"stat_r80",TRUE,80,328,0
"stat_r80",TRUE,80,329,0.707474783226902
"stat_r80",TRUE,80,330,0.758223376455712
"stat_r80",TRUE,80,331,0.798837648617546
"stat_r80",TRUE,80,332,0.836583853736547
"stat_r80",TRUE,80,333,0.889315705882507
"stat_r80",TRUE,80,334,0
"stat_r80",TRUE,80,335,0
"stat_r80",TRUE,80,336,0
"stat_r80",TRUE,80,337,0
"stat_r80",TRUE,80,338,0
"stat_r80",TRUE,80,339,0
"stat_r80",TRUE,80,340,0
"stat_r80",TRUE,80,341,0.967058959656022
"stat_r80",TRUE,80,342,0.965288641089749
"stat_r80",TRUE,80,343,0.972971944494452
"stat_r80",TRUE,80,344,0.962870167208066
"stat_r80",TRUE,80,345,0.960321307655185
"stat_r80",TRUE,80,346,0.950047534158546
"stat_r80",TRUE,80,347,0.892887788709034
"stat_r80",TRUE,80,348,0.587234257377677
"stat_r80",TRUE,80,349,0.248820062095609
"stat_r80",TRUE,80,350,0.121133402227833
"stat_r80",TRUE,80,351,0.402722878569441
"stat_r80",TRUE,80,352,0.18111499888719
"stat_r80",TRUE,80,353,0.0314908268096986
"stat_r80",TRUE,80,354,0.00625096282055069
"stat_r80",TRUE,80,355,0.00912006703823158
"stat_r80",TRUE,80,356,0.0161874328872486
"stat_r80",TRUE,80,357,0.00832796515962146
"stat_r80",TRUE,80,358,0.0141011512006444
"stat_r80",TRUE,80,359,0.0390967408823344
"stat_r80",TRUE,80,360,0.0492304734605509
"stat_r80",TRUE,80,361,0.0719573589638493
"stat_r80",TRUE,80,362,0.115164232656724
"stat_r80",TRUE,80,363,0.207611375538095
"stat_r80",TRUE,80,364,0.370196159957024
"stat_r80",TRUE,80,365,0.33660275305134
"stat_r80",TRUE,80,366,0.366691310856976
"stat_r80",TRUE,80,367,0.399328179287319
"stat_r80",TRUE,80,368,0.320638486485423
"stat_r80",TRUE,80,369,0.292249074175846
"stat_r80",TRUE,80,370,0.344514161391013
"stat_r80",TRUE,80,371,0.386226925236566
"stat_r80",TRUE,80,372,0.308899183726371
"stat_r80",TRUE,80,373,0.269757763272762
"stat_r80",TRUE,80,374,0
"stat_r80",TRUE,80,375,0
"stat_r80",TRUE,80,376,0
"stat_r80",TRUE,80,377,0
"stat_r80",TRUE,80,378,0.659899814499934
"stat_r80",TRUE,80,379,0.574218629704506
"stat_r80",TRUE,80,380,0.745930665019086
"stat_r80",TRUE,80,381,0.84826359065306
"stat_r80",TRUE,80,382,0.877748621704598
"stat_r80",TRUE,80,383,0.915459258333489
"stat_r80",TRUE,80,384,0
"stat_r80",TRUE,80,385,0
"stat_r80",TRUE,80,386,0
"stat_r80",TRUE,80,387,0
"stat_r80",TRUE,80,388,0
"stat_r80",TRUE,80,389,0
"stat_r80",TRUE,80,390,0
"stat_r80",TRUE,80,391,0.934996852235827
"stat_r80",TRUE,80,392,0.951035974909381
"stat_r80",TRUE,80,393,0.968126870820245
"stat_r80",TRUE,80,394,0.972011081194034
"stat_r80",TRUE,80,395,0.970343850741043
"stat_r80",TRUE,80,396,0.96968552496224
"stat_r80",TRUE,80,397,0.918055091460078
"stat_r80",TRUE,80,398,0.659366217773864
"stat_r80",TRUE,80,399,0.377011033628669
"stat_r80",TRUE,80,400,0.136413419583231
"stat_r80",TRUE,80,401,0.508921660458409
"stat_r80",TRUE,80,402,0.394988218459955
"stat_r80",TRUE,80,403,0.150902251840802
"stat_r80",TRUE,80,404,0.0226512814314407
"stat_r80",TRUE,80,405,0.033121628075938
"stat_r80",TRUE,80,406,0.083999926229105
"stat_r80",TRUE,80,407,0.0587354156637119
"stat_r80",TRUE,80,408,0.0694158241133821
"stat_r80",TRUE,80,409,0.0752859503020314
"stat_r80",TRUE,80,410,0.0605900026484548
"stat_r80",TRUE,80,411,0.0670513607250008
"stat_r80",TRUE,80,412,0.0802692817385244
"stat_r80",TRUE,80,413,0.116287547135558
"stat_r80",TRUE,80,414,0.295415616337843
"stat_r80",TRUE,80,415,0.438867654417374
"stat_r80",TRUE,80,416,0.550175585862582
"stat_r80",TRUE,80,417,0.705689977637475
"stat_r80",TRUE,80,418,0.663681209144375
"stat_r80",TRUE,80,419,0.515296516862099
"stat_r80",TRUE,80,420,0.60675937972695
"stat_r80",TRUE,80,421,0.499311869932132
"stat_r80",TRUE,80,422,0.373835333692933
"stat_r80",TRUE,80,423,0.239850068062443
"stat_r80",TRUE,80,424,0.285758701545001
"stat_r80",TRUE,80,425,0.489242285202707
"stat_r80",TRUE,80,426,0.753959100927322
"stat_r80",TRUE,80,427,0.842323492971758
"stat_r80",TRUE,80,428,0.719393324367836
"stat_r80",TRUE,80,429,0.585143336289547
"stat_r80",TRUE,80,430,0.721337166208746
"stat_r80",TRUE,80,431,0.859686125540923
"stat_r80",TRUE,80,432,0.897859057071469
"stat_r80",TRUE,80,433,0.910780482300283
"stat_r80",TRUE,80,434,0
"stat_r80",TRUE,80,435,0
"stat_r80",TRUE,80,436,0
"stat_r80",TRUE,80,437,0
"stat_r80",TRUE,80,438,0
"stat_r80",TRUE,80,439,0
"stat_r80",TRUE,80,440,0
"stat_r80",TRUE,80,441,0.817690484830683
"stat_r80",TRUE,80,442,0.884164037614237
"stat_r80",TRUE,80,443,0.928432545294823
"stat_r80",TRUE,80,444,0.955551043194535
"stat_r80",TRUE,80,445,0.968682379227568
"stat_r80",TRUE,80,446,0.974771137519048
"stat_r80",TRUE,80,447,0.945560849927592
"stat_r80",TRUE,80,448,0.861999719682224
"stat_r80",TRUE,80,449,0.7127266591416
"stat_r80",TRUE,80,450,0.496493782285156
"stat_r80",TRUE,80,451,0.361339997998869
"stat_r80",TRUE,80,452,0.256584168458674
"stat_r80",TRUE,80,453,0.110899009962516
"stat_r80",TRUE,80,454,0.0497154828545048
"stat_r80",TRUE,80,455,0.060081632210482
"stat_r80",TRUE,80,456,0.14820169470806
"stat_r80",TRUE,80,457,0.161801374668016
"stat_r80",TRUE,80,458,0.104392962186969
"stat_r80",TRUE,80,459,0.0832075337264642
"stat_r80",TRUE,80,460,0.0932352154423494
"stat_r80",TRUE,80,461,0.0833687440779247
"stat_r80",TRUE,80,462,0.106619318984447
"stat_r80",TRUE,80,463,0.155422534548413
"stat_r80",TRUE,80,464,0.221939574059455
"stat_r80",TRUE,80,465,0.348521943431778
"stat_r80",TRUE,80,466,0.649769592594839
"stat_r80",TRUE,80,467,0.822109245284722
"stat_r80",TRUE,80,468,0.856920951917623
"stat_r80",TRUE,80,469,0.873508148110512
"stat_r80",TRUE,80,470,0.83994467686362
"stat_r80",TRUE,80,471,0.727521293576492
"stat_r80",TRUE,80,472,0.579351612137915
"stat_r80",TRUE,80,473,0.319394673238001
"stat_r80",TRUE,80,474,0.261587671583919
"stat_r80",TRUE,80,475,0.412681966991887
"stat_r80",TRUE,80,476,0.792543491835914
"stat_r80",TRUE,80,477,0.893171441689481
"stat_r80",TRUE,80,478,0
"stat_r80",TRUE,80,479,0
"stat_r80",TRUE,80,480,0
"stat_r80",TRUE,80,481,0
"stat_r80",TRUE,80,482,0
"stat_r80",TRUE,80,483,0.927172979731193
"stat_r80",TRUE,80,484,0
"stat_r80",TRUE,80,485,0
"stat_r80",TRUE,80,486,0
"stat_r80",TRUE,80,487,0
"stat_r80",TRUE,80,488,0
"stat_r80",TRUE,80,489,0.675554529456913
"stat_r80",TRUE,80,490,0.495737983473396
"stat_r80",TRUE,80,491,0.566200286546031
"stat_r80",TRUE,80,492,0.695736650481946
"stat_r80",TRUE,80,493,0.842678783391416
"stat_r80",TRUE,80,494,0.943467285064526
"stat_r80",TRUE,80,495,0.9599168293399
"stat_r80",TRUE,80,496,0.953504898448468
"stat_r80",TRUE,80,497,0.957454694602636
"stat_r80",TRUE,80,498,0.969496673888775
"stat_r80",TRUE,80,499,0.920038197098249
"stat_r80",TRUE,80,500,0.906335666262047
"stat_r80",TRUE,80,501,0.235227720619736
"stat_r80",TRUE,80,502,0.120178264305317
"stat_r80",TRUE,80,503,0.0634312406874087
"stat_r80",TRUE,80,504,0.0487494325799406
"stat_r80",TRUE,80,505,0.110041624188472
"stat_r80",TRUE,80,506,0.168690636478404
"stat_r80",TRUE,80,507,0.221035154946997
"stat_r80",TRUE,80,508,0.128233240033491
"stat_r80",TRUE,80,509,0.0813020387379807
"stat_r80",TRUE,80,510,0.135347239373701
"stat_r80",TRUE,80,511,0.14387341974093
"stat_r80",TRUE,80,512,0.22700758721212
"stat_r80",TRUE,80,513,0.389612615952065
"stat_r80",TRUE,80,514,0.194718171515556
"stat_r80",TRUE,80,515,0.196331465561722
"stat_r80",TRUE,80,516,0.54738982122217
"stat_r80",TRUE,80,517,0.852013972974291
"stat_r80",TRUE,80,518,0.917526608764131
"stat_r80",TRUE,80,519,0.965099861020762
"stat_r80",TRUE,80,520,0.925503521790798
"stat_r80",TRUE,80,521,0.886181500408895
"stat_r80",TRUE,80,522,0.757311157556849
"stat_r80",TRUE,80,523,0.426912420842536
"stat_r80",TRUE,80,524,0.27976179987244
"stat_r80",TRUE,80,525,0.492729800155655
"stat_r80",TRUE,80,526,0.777733741317759
"stat_r80",TRUE,80,527,0.837254107915816
"stat_r80",TRUE,80,528,0
"stat_r80",TRUE,80,529,0
"stat_r80",TRUE,80,530,0
"stat_r80",TRUE,80,531,0
"stat_r80",TRUE,80,532,0
"stat_r80",TRUE,80,533,0
"stat_r80",TRUE,80,534,0
"stat_r80",TRUE,80,535,0
"stat_r80",TRUE,80,536,0
"stat_r80",TRUE,80,537,0
"stat_r80",TRUE,80,538,0
"stat_r80",TRUE,80,539,0.733630446076798
"stat_r80",TRUE,80,540,0.545772508355829
"stat_r80",TRUE,80,541,0.438683119140676
"stat_r80",TRUE,80,542,0.584389641622189
"stat_r80",TRUE,80,543,0.786655102765293
"stat_r80",TRUE,80,544,0.942526615103558
"stat_r80",TRUE,80,545,0.95867697793313
"stat_r80",TRUE,80,546,0.958147623081663
"stat_r80",TRUE,80,547,0.970111583858775
"stat_r80",TRUE,80,548,0.986347584289055
"stat_r80",TRUE,80,549,0.982426284480027
"stat_r80",TRUE,80,550,0.964599555028497
"stat_r80",TRUE,80,551,0.181927864375161
"stat_r80",TRUE,80,552,0.118183085848417
"stat_r80",TRUE,80,553,0.0516498548984465
"stat_r80",TRUE,80,554,0.0337024138808718
"stat_r80",TRUE,80,555,0.0696555506685565
"stat_r80",TRUE,80,556,0.164004890928723
"stat_r80",TRUE,80,557,0.196909076437928
"stat_r80",TRUE,80,558,0.206692292026634
"stat_r80",TRUE,80,559,0.284300726913295
"stat_r80",TRUE,80,560,0.3237151122429
"stat_r80",TRUE,80,561,0.298337930621861
"stat_r80",TRUE,80,562,0.439385748735714
"stat_r80",TRUE,80,563,0.471074738889656
"stat_r80",TRUE,80,564,0.211863540213808
"stat_r80",TRUE,80,565,0.171409141750275
"stat_r80",TRUE,80,566,0.453609682785079
"stat_r80",TRUE,80,567,0.776628919430097
"stat_r80",TRUE,80,568,0.893821702209067
"stat_r80",TRUE,80,569,0.931638318094608
"stat_r80",TRUE,80,570,0.908255258418274
"stat_r80",TRUE,80,571,0.868079416077853
"stat_r80",TRUE,80,572,0.671531715635491
"stat_r80",TRUE,80,573,0.475213940387042
"stat_r80",TRUE,80,574,0.50202355506231
"stat_r80",TRUE,80,575,0.524881239112232
"stat_r80",TRUE,80,576,0.600632791466349
"stat_r80",TRUE,80,577,0.545843482018441
"stat_r80",TRUE,80,578,0
"stat_r80",TRUE,80,579,0
"stat_r80",TRUE,80,580,0
"stat_r80",TRUE,80,581,0
"stat_r80",TRUE,80,582,0
"stat_r80",TRUE,80,583,0
"stat_r80",TRUE,80,584,0
"stat_r80",TRUE,80,585,0
"stat_r80",TRUE,80,586,0
"stat_r80",TRUE,80,587,0
"stat_r80",TRUE,80,588,0
"stat_r80",TRUE,80,589,0
"stat_r80",TRUE,80,590,0.705286666722463
"stat_r80",TRUE,80,591,0.58828078926737
"stat_r80",TRUE,80,592,0.797245922596498
"stat_r80",TRUE,80,593,0.898879671612994
"stat_r80",TRUE,80,594,0.948686129931966
"stat_r80",TRUE,80,595,0.950142859770575
"stat_r80",TRUE,80,596,0.948549314252767
"stat_r80",TRUE,80,597,0.948212793216368
"stat_r80",TRUE,80,598,0.974356616322321
"stat_r80",TRUE,80,599,0.977626204021444
"stat_r80",TRUE,80,600,0.962478691234237
"stat_r80",TRUE,80,601,0.154330018363747
"stat_r80",TRUE,80,602,0.154483647662123
"stat_r80",TRUE,80,603,0.086025231215653
"stat_r80",TRUE,80,604,0.047853233593509
"stat_r80",TRUE,80,605,0.0655415090370656
"stat_r80",TRUE,80,606,0.138575471205146
"stat_r80",TRUE,80,607,0.199607725471163
"stat_r80",TRUE,80,608,0.215067792253959
"stat_r80",TRUE,80,609,0.453455579936287
"stat_r80",TRUE,80,610,0.52842643678179
"stat_r80",TRUE,80,611,0.384975743000677
"stat_r80",TRUE,80,612,0.40541891603525
"stat_r80",TRUE,80,613,0.43470166996363
"stat_r80",TRUE,80,614,0.164764014888008
"stat_r80",TRUE,80,615,0.217340087380308
"stat_r80",TRUE,80,616,0.383345233459911
"stat_r80",TRUE,80,617,0.42840370518864
"stat_r80",TRUE,80,618,0.624242705468232
"stat_r80",TRUE,80,619,0.823423562559369
"stat_r80",TRUE,80,620,0.71799812302328
"stat_r80",TRUE,80,621,0.722224143049735
"stat_r80",TRUE,80,622,0.769669307030936
"stat_r80",TRUE,80,623,0.660042810097496
"stat_r80",TRUE,80,624,0.593123238789485
"stat_r80",TRUE,80,625,0.558756559038894
"stat_r80",TRUE,80,626,0.518191212853752
"stat_r80",TRUE,80,627,0.390868387737232
"stat_r80",TRUE,80,628,0
"stat_r80",TRUE,80,629,0
"stat_r80",TRUE,80,630,0
"stat_r80",TRUE,80,631,0
"stat_r80",TRUE,80,632,0
"stat_r80",TRUE,80,633,0
"stat_r80",TRUE,80,634,0
"stat_r80",TRUE,80,635,0
"stat_r80",TRUE,80,636,0
"stat_r80",TRUE,80,637,0
"stat_r80",TRUE,80,638,0
"stat_r80",TRUE,80,639,0
"stat_r80",TRUE,80,640,0.792580466553158
"stat_r80",TRUE,80,641,0.808729523106467
"stat_r80",TRUE,80,642,0.936348022351194
"stat_r80",TRUE,80,643,0.942545800218656
"stat_r80",TRUE,80,644,0.946043622437205
"stat_r80",TRUE,80,645,0.961828095685992
"stat_r80",TRUE,80,646,0.920856233910638
"stat_r80",TRUE,80,647,0.91390458057815
"stat_r80",TRUE,80,648,0.939561767344738
"stat_r80",TRUE,80,649,0.957323474245794
"stat_r80",TRUE,80,650,0.949379283767222
"stat_r80",TRUE,80,651,0.16060003408169
"stat_r80",TRUE,80,652,0.107303048894512
"stat_r80",TRUE,80,653,0.081587025584504
"stat_r80",TRUE,80,654,0.0583387396429875
"stat_r80",TRUE,80,655,0.180849158767108
"stat_r80",TRUE,80,656,0.359063620061276
"stat_r80",TRUE,80,657,0.252362478254899
"stat_r80",TRUE,80,658,0.143044086212516
"stat_r80",TRUE,80,659,0.303831681575073
"stat_r80",TRUE,80,660,0.410496177619932
"stat_r80",TRUE,80,661,0.378183697450321
"stat_r80",TRUE,80,662,0.288627486580229
"stat_r80",TRUE,80,663,0.194822628210222
"stat_r80",TRUE,80,664,0.152369256179678
"stat_r80",TRUE,80,665,0.240334326214114
"stat_r80",TRUE,80,666,0.348829194516182
"stat_r80",TRUE,80,667,0.213856958761233
"stat_r80",TRUE,80,668,0.34250116020865
"stat_r80",TRUE,80,669,0.532928029684869
"stat_r80",TRUE,80,670,0.519833315829966
"stat_r80",TRUE,80,671,0.601788632930627
"stat_r80",TRUE,80,672,0.788509204413124
"stat_r80",TRUE,80,673,0.73335718584783
"stat_r80",TRUE,80,674,0.617510348200547
"stat_r80",TRUE,80,675,0.541441706175891
"stat_r80",TRUE,80,676,0.580806423038886
"stat_r80",TRUE,80,677,0.537464858861739
"stat_r80",TRUE,80,678,0.451949264861682
"stat_r80",TRUE,80,679,0
"stat_r80",TRUE,80,680,0
"stat_r80",TRUE,80,681,0
"stat_r80",TRUE,80,682,0
"stat_r80",TRUE,80,683,0
"stat_r80",TRUE,80,684,0
"stat_r80",TRUE,80,685,0
"stat_r80",TRUE,80,686,0
"stat_r80",TRUE,80,687,0
"stat_r80",TRUE,80,688,0
"stat_r80",TRUE,80,689,0
"stat_r80",TRUE,80,690,0
"stat_r80",TRUE,80,691,0
"stat_r80",TRUE,80,692,0
"stat_r80",TRUE,80,693,0.971611077386171
"stat_r80",TRUE,80,694,0.977060862383173
"stat_r80",TRUE,80,695,0.975968226238688
"stat_r80",TRUE,80,696,0.968663768551921
"stat_r80",TRUE,80,697,0.977166877207481
"stat_r80",TRUE,80,698,0.962970225126749
"stat_r80",TRUE,80,699,0.968880566146929
"stat_r80",TRUE,80,700,0.945468710594702
"stat_r80",TRUE,80,701,0.320065569908244
"stat_r80",TRUE,80,702,0.11336353162129
"stat_r80",TRUE,80,703,0.0971728140337835
"stat_r80",TRUE,80,704,0.109799161662931
"stat_r80",TRUE,80,705,0.325428302195304
"stat_r80",TRUE,80,706,0.467397084427286
"stat_r80",TRUE,80,707,0.175786469736855
"stat_r80",TRUE,80,708,0.067250477560578
"stat_r80",TRUE,80,709,0.150817446073771
"stat_r80",TRUE,80,710,0.316945616730899
"stat_r80",TRUE,80,711,0.368585778002652
"stat_r80",TRUE,80,712,0.232554654630259
"stat_r80",TRUE,80,713,0.163457384853532
"stat_r80",TRUE,80,714,0.108825857748513
"stat_r80",TRUE,80,715,0.15168404396436
"stat_r80",TRUE,80,716,0.142288276682336
"stat_r80",TRUE,80,717,0.145173545580577
"stat_r80",TRUE,80,718,0.241623296192039
"stat_r80",TRUE,80,719,0.458192992653887
"stat_r80",TRUE,80,720,0.525192159488318
"stat_r80",TRUE,80,721,0.660383169933826
"stat_r80",TRUE,80,722,0.739784066341215
"stat_r80",TRUE,80,723,0.658776264285646
"stat_r80",TRUE,80,724,0.652585415429999
"stat_r80",TRUE,80,725,0.568082412637994
"stat_r80",TRUE,80,726,0.526065879596092
"stat_r80",TRUE,80,727,0.491094470708426
"stat_r80",TRUE,80,728,0.371669869762931
"stat_r80",TRUE,80,729,0
"stat_r80",TRUE,80,730,0
"stat_r80",TRUE,80,731,0
"stat_r80",TRUE,80,732,0
"stat_r80",TRUE,80,733,0
"stat_r80",TRUE,80,734,0
"stat_r80",TRUE,80,735,0
"stat_r80",TRUE,80,736,0
"stat_r80",TRUE,80,737,0
"stat_r80",TRUE,80,738,0
"stat_r80",TRUE,80,739,0
"stat_r80",TRUE,80,740,0
"stat_r80",TRUE,80,741,0
"stat_r80",TRUE,80,742,0
"stat_r80",TRUE,80,743,0.969389785590433
"stat_r80",TRUE,80,744,0.976950642523377
"stat_r80",TRUE,80,745,0.987816844366964
"stat_r80",TRUE,80,746,0.9937192503328
"stat_r80",TRUE,80,747,0.991860597331653
"stat_r80",TRUE,80,748,0.980301093397911
"stat_r80",TRUE,80,749,0.953669247406012
"stat_r80",TRUE,80,750,0.866908361828617
"stat_r80",TRUE,80,751,0.406002895335148
"stat_r80",TRUE,80,752,0.259496362216
"stat_r80",TRUE,80,753,0.200658872058496
"stat_r80",TRUE,80,754,0.357928701321979
"stat_r80",TRUE,80,755,0.546557258836708
"stat_r80",TRUE,80,756,0.469177084345759
"stat_r80",TRUE,80,757,0.207281387543763
"stat_r80",TRUE,80,758,0.103852642618008
"stat_r80",TRUE,80,759,0.153938890804118
"stat_r80",TRUE,80,760,0.311310165457519
"stat_r80",TRUE,80,761,0.405346351153881
"stat_r80",TRUE,80,762,0.257549050762872
"stat_r80",TRUE,80,763,0.189855720326387
"stat_r80",TRUE,80,764,0.104034423875714
"stat_r80",TRUE,80,765,0.101963190330763
"stat_r80",TRUE,80,766,0.137460447753943
"stat_r80",TRUE,80,767,0.198497450517928
"stat_r80",TRUE,80,768,0.452875275329443
"stat_r80",TRUE,80,769,0.632666373918081
"stat_r80",TRUE,80,770,0.551517835831881
"stat_r80",TRUE,80,771,0.571955969882265
"stat_r80",TRUE,80,772,0.583837128863119
"stat_r80",TRUE,80,773,0.56363525976211
"stat_r80",TRUE,80,774,0.637065140550376
"stat_r80",TRUE,80,775,0.448633315687915
"stat_r80",TRUE,80,776,0.342002055662741
"stat_r80",TRUE,80,777,0.418541964138221
"stat_r80",TRUE,80,778,0.44863232328414
"stat_r80",TRUE,80,779,0
"stat_r80",TRUE,80,780,0
"stat_r80",TRUE,80,781,0
"stat_r80",TRUE,80,782,0
"stat_r80",TRUE,80,783,0
"stat_r80",TRUE,80,784,0
"stat_r80",TRUE,80,785,0
"stat_r80",TRUE,80,786,0
"stat_r80",TRUE,80,787,0
"stat_r80",TRUE,80,788,0
"stat_r80",TRUE,80,789,0
"stat_r80",TRUE,80,790,0
"stat_r80",TRUE,80,791,0
"stat_r80",TRUE,80,792,0
"stat_r80",TRUE,80,793,0
"stat_r80",TRUE,80,794,0
"stat_r80",TRUE,80,795,0.996595190941783
"stat_r80",TRUE,80,796,0.998881998966203
"stat_r80",TRUE,80,797,0.998122803321999
"stat_r80",TRUE,80,798,0.992099786661232
"stat_r80",TRUE,80,799,0.978341931438974
"stat_r80",TRUE,80,800,0.884724924309249
"stat_r80",TRUE,80,801,0.366031050751356
"stat_r80",TRUE,80,802,0.281130622169433
"stat_r80",TRUE,80,803,0.363304185295913
"stat_r80",TRUE,80,804,0.548477989253016
"stat_r80",TRUE,80,805,0.659687341562877
"stat_r80",TRUE,80,806,0.612136802682699
"stat_r80",TRUE,80,807,0.524832776100318
"stat_r80",TRUE,80,808,0.362033418823268
"stat_r80",TRUE,80,809,0.326718474428578
"stat_r80",TRUE,80,810,0.435971399992377
"stat_r80",TRUE,80,811,0.495535935393548
"stat_r80",TRUE,80,812,0.371364939228988
"stat_r80",TRUE,80,813,0.343600820884835
"stat_r80",TRUE,80,814,0.230913378294585
"stat_r80",TRUE,80,815,0.202957642286758
"stat_r80",TRUE,80,816,0.240651569538329
"stat_r80",TRUE,80,817,0.381105004661119
"stat_r80",TRUE,80,818,0.6294068153745
"stat_r80",TRUE,80,819,0.760486137746186
"stat_r80",TRUE,80,820,0.565479273005611
"stat_r80",TRUE,80,821,0.373902096390513
"stat_r80",TRUE,80,822,0.413674061215791
"stat_r80",TRUE,80,823,0.473836781289195
"stat_r80",TRUE,80,824,0.45139030776919
"stat_r80",TRUE,80,825,0.278055510636258
"stat_r80",TRUE,80,826,0.290175032806709
"stat_r80",TRUE,80,827,0.359281275854254
"stat_r80",TRUE,80,828,0.459112515945366
"stat_r80",TRUE,80,829,0
"stat_r80",TRUE,80,830,0
"stat_r80",TRUE,80,831,0
"stat_r80",TRUE,80,832,0
"stat_r80",TRUE,80,833,0
"stat_r80",TRUE,80,834,0
"stat_r80",TRUE,80,835,0
"stat_r80",TRUE,80,836,0
"stat_r80",TRUE,80,837,0
"stat_r80",TRUE,80,838,0
"stat_r80",TRUE,80,839,0
"stat_r80",TRUE,80,840,0
"stat_r80",TRUE,80,841,0
"stat_r80",TRUE,80,842,0
"stat_r80",TRUE,80,843,0
"stat_r80",TRUE,80,844,0
"stat_r80",TRUE,80,845,0
"stat_r80",TRUE,80,846,0
"stat_r80",TRUE,80,847,0
"stat_r80",TRUE,80,848,0
"stat_r80",TRUE,80,849,0
"stat_r80",TRUE,80,850,0.90752517030676
"stat_r80",TRUE,80,851,0.242165404981886
"stat_r80",TRUE,80,852,0.266771557632171
"stat_r80",TRUE,80,853,0.400547010529763
"stat_r80",TRUE,80,854,0.445050511892432
"stat_r80",TRUE,80,855,0.451519135892788
"stat_r80",TRUE,80,856,0.52093393785133
"stat_r80",TRUE,80,857,0.639262662653069
"stat_r80",TRUE,80,858,0.714503136226627
"stat_r80",TRUE,80,859,0.684907778356185
"stat_r80",TRUE,80,860,0.717084382075386
"stat_r80",TRUE,80,861,0.541289975263175
"stat_r80",TRUE,80,862,0.533987854392354
"stat_r80",TRUE,80,863,0.651495176622935
"stat_r80",TRUE,80,864,0.603788818583199
"stat_r80",TRUE,80,865,0.488659335492331
"stat_r80",TRUE,80,866,0.420001512201416
"stat_r80",TRUE,80,867,0.450532502969698
"stat_r80",TRUE,80,868,0.455403903874365
"stat_r80",TRUE,80,869,0.529718326788862
"stat_r80",TRUE,80,870,0.274753413587231
"stat_r80",TRUE,80,871,0.147569002942752
"stat_r80",TRUE,80,872,0.198305568793045
"stat_r80",TRUE,80,873,0.142408443321942
"stat_r80",TRUE,80,874,0.195888937846608
"stat_r80",TRUE,80,875,0.220737801600577
"stat_r80",TRUE,80,876,0.291607686753901
"stat_r80",TRUE,80,877,0.384327894630409
"stat_r80",TRUE,80,878,0.42720009955953
"stat_r80",TRUE,80,879,0
"stat_r80",TRUE,80,880,0
"stat_r80",TRUE,80,881,0
"stat_r80",TRUE,80,882,0
"stat_r80",TRUE,80,883,0
"stat_r80",TRUE,80,884,0
"stat_r80",TRUE,80,885,0
"stat_r80",TRUE,80,886,0
"stat_r80",TRUE,80,887,0
"stat_r80",TRUE,80,888,0
"stat_r80",TRUE,80,889,0
"stat_r80",TRUE,80,890,0
"stat_r80",TRUE,80,891,0
"stat_r80",TRUE,80,892,0
"stat_r80",TRUE,80,893,0
"stat_r80",TRUE,80,894,0
"stat_r80",TRUE,80,895,0
"stat_r80",TRUE,80,896,0
"stat_r80",TRUE,80,897,0
"stat_r80",TRUE,80,898,0
"stat_r80",TRUE,80,899,0
"stat_r80",TRUE,80,900,0
"stat_r80",TRUE,80,901,0.127482990155045
"stat_r80",TRUE,80,902,0.220344840399683
"stat_r80",TRUE,80,903,0.382327310774007
"stat_r80",TRUE,80,904,0.374471522936761
"stat_r80",TRUE,80,905,0.332103562658341
"stat_r80",TRUE,80,906,0.384983942620987
"stat_r80",TRUE,80,907,0.540308656926141
"stat_r80",TRUE,80,908,0.726088003042238
"stat_r80",TRUE,80,909,0.871411068589969
"stat_r80",TRUE,80,910,0.845409836253942
"stat_r80",TRUE,80,911,0.8025342857891
"stat_r80",TRUE,80,912,0.791097587796084
"stat_r80",TRUE,80,913,0.806523506968032
"stat_r80",TRUE,80,914,0.750099826166452
"stat_r80",TRUE,80,915,0.674073229660068
"stat_r80",TRUE,80,916,0.536095863916927
"stat_r80",TRUE,80,917,0.437608713632226
"stat_r80",TRUE,80,918,0.444287092752724
"stat_r80",TRUE,80,919,0.363162259524052
"stat_r80",TRUE,80,920,0.120928451006294
"stat_r80",TRUE,80,921,0.0556784577992183
"stat_r80",TRUE,80,922,0.0620691276644046
"stat_r80",TRUE,80,923,0.0674589266761134
"stat_r80",TRUE,80,924,0.176394265408554
"stat_r80",TRUE,80,925,0.265898914058962
"stat_r80",TRUE,80,926,0.428295504046844
"stat_r80",TRUE,80,927,0.632233088881733
"stat_r80",TRUE,80,928,0.504619162844627
"stat_r80",TRUE,80,929,0
"stat_r80",TRUE,80,930,0
"stat_r80",TRUE,80,931,0
"stat_r80",TRUE,80,932,0
"stat_r80",TRUE,80,933,0
"stat_r80",TRUE,80,934,0
"stat_r80",TRUE,80,935,0
"stat_r80",TRUE,80,936,0
"stat_r80",TRUE,80,937,0
"stat_r80",TRUE,80,938,0
"stat_r80",TRUE,80,939,0
"stat_r80",TRUE,80,940,0
"stat_r80",TRUE,80,941,0
"stat_r80",TRUE,80,942,0
"stat_r80",TRUE,80,943,0
"stat_r80",TRUE,80,944,0
"stat_r80",TRUE,80,945,0
"stat_r80",TRUE,80,946,0
"stat_r80",TRUE,80,947,0
"stat_r80",TRUE,80,948,0
"stat_r80",TRUE,80,949,0
"stat_r80",TRUE,80,950,0
"stat_r80",TRUE,80,951,0.254325293038291
"stat_r80",TRUE,80,952,0.35044876132163
"stat_r80",TRUE,80,953,0.345818427695624
"stat_r80",TRUE,80,954,0.160920626383717
"stat_r80",TRUE,80,955,0.114481940989081
"stat_r80",TRUE,80,956,0.197688723335429
"stat_r80",TRUE,80,957,0.316537543503981
"stat_r80",TRUE,80,958,0.627402536396078
"stat_r80",TRUE,80,959,0.898836101045602
"stat_r80",TRUE,80,960,0.915923373039689
"stat_r80",TRUE,80,961,0.927050445183434
"stat_r80",TRUE,80,962,0.87943264863545
"stat_r80",TRUE,80,963,0.858670845593444
"stat_r80",TRUE,80,964,0.743013097575072
"stat_r80",TRUE,80,965,0.647698305199936
"stat_r80",TRUE,80,966,0.504221458212085
"stat_r80",TRUE,80,967,0.442628286313747
"stat_r80",TRUE,80,968,0.466630885499577
"stat_r80",TRUE,80,969,0.311397642692933
"stat_r80",TRUE,80,970,0.0706447800220503
"stat_r80",TRUE,80,971,0.0224685020788201
"stat_r80",TRUE,80,972,0.0379672065935797
"stat_r80",TRUE,80,973,0.0841047300598629
"stat_r80",TRUE,80,974,0.192483695934739
"stat_r80",TRUE,80,975,0.23290466357152
"stat_r80",TRUE,80,976,0.43907023392431
"stat_r80",TRUE,80,977,0.59042745180585
"stat_r80",TRUE,80,978,0.439847021082946
"stat_r80",TRUE,80,979,0
"stat_r80",TRUE,80,980,0
"stat_r80",TRUE,80,981,0
"stat_r80",TRUE,80,982,0
"stat_r80",TRUE,80,983,0
"stat_r80",TRUE,80,984,0
"stat_r80",TRUE,80,985,0
"stat_r80",TRUE,80,986,0
"stat_r80",TRUE,80,987,0
"stat_r80",TRUE,80,988,0
"stat_r80",TRUE,80,989,0
"stat_r80",TRUE,80,990,0
"stat_r80",TRUE,80,991,0
"stat_r80",TRUE,80,992,0
"stat_r80",TRUE,80,993,0
"stat_r80",TRUE,80,994,0
"stat_r80",TRUE,80,995,0
"stat_r80",TRUE,80,996,0
"stat_r80",TRUE,80,997,0
"stat_r80",TRUE,80,998,0
"stat_r80",TRUE,80,999,0
"stat_r80",TRUE,80,1000,0
"stat_r80",TRUE,80,1001,0.371650786183958
"stat_r80",TRUE,80,1002,0.329773001352062
"stat_r80",TRUE,80,1003,0.191832974632482
"stat_r80",TRUE,80,1004,0.0548469530819888
"stat_r80",TRUE,80,1005,0.0304786092080992
"stat_r80",TRUE,80,1006,0.0897012543412565
"stat_r80",TRUE,80,1007,0.242639547326936
"stat_r80",TRUE,80,1008,0.496512568196166
"stat_r80",TRUE,80,1009,0.764094035275139
"stat_r80",TRUE,80,1010,0.918587132205144
"stat_r80",TRUE,80,1011,0.916483197688965
"stat_r80",TRUE,80,1012,0.867978507598095
"stat_r80",TRUE,80,1013,0.849787363002889
"stat_r80",TRUE,80,1014,0.675456608989692
"stat_r80",TRUE,80,1015,0.515846500516708
"stat_r80",TRUE,80,1016,0.475661117604536
"stat_r80",TRUE,80,1017,0.325614769125645
"stat_r80",TRUE,80,1018,0.299779012553691
"stat_r80",TRUE,80,1019,0.186547219973901
"stat_r80",TRUE,80,1020,0.0586405095029924
"stat_r80",TRUE,80,1021,0.0282695593902874
"stat_r80",TRUE,80,1022,0.0307652980892258
"stat_r80",TRUE,80,1023,0.103859772013084
"stat_r80",TRUE,80,1024,0.231590698537858
"stat_r80",TRUE,80,1025,0.142530897271396
"stat_r80",TRUE,80,1026,0.163489860091974
"stat_r80",TRUE,80,1027,0.256057107155008
"stat_r80",TRUE,80,1028,0.219526532809822
"stat_r80",TRUE,80,1029,0.111027270914079
"stat_r80",TRUE,80,1030,0
"stat_r80",TRUE,80,1031,0
"stat_r80",TRUE,80,1032,0
"stat_r80",TRUE,80,1033,0
"stat_r80",TRUE,80,1034,0
"stat_r80",TRUE,80,1035,0
"stat_r80",TRUE,80,1036,0
"stat_r80",TRUE,80,1037,0
"stat_r80",TRUE,80,1038,0
"stat_r80",TRUE,80,1039,0
"stat_r80",TRUE,80,1040,0
"stat_r80",TRUE,80,1041,0
"stat_r80",TRUE,80,1042,0
"stat_r80",TRUE,80,1043,0
"stat_r80",TRUE,80,1044,0
"stat_r80",TRUE,80,1045,0
"stat_r80",TRUE,80,1046,0
"stat_r80",TRUE,80,1047,0
"stat_r80",TRUE,80,1048,0
"stat_r80",TRUE,80,1049,0
"stat_r80",TRUE,80,1050,0
"stat_r80",TRUE,80,1051,0.321280074228037
"stat_r80",TRUE,80,1052,0.169955015438226
"stat_r80",TRUE,80,1053,0.191168480504599
"stat_r80",TRUE,80,1054,0.0870228170345477
"stat_r80",TRUE,80,1055,0.0413893806148877
"stat_r80",TRUE,80,1056,0.116489479035628
"stat_r80",TRUE,80,1057,0.323976231816324
"stat_r80",TRUE,80,1058,0.552363967711056
"stat_r80",TRUE,80,1059,0.709717570469575
"stat_r80",TRUE,80,1060,0.846693148284544
"stat_r80",TRUE,80,1061,0.859410639254029
"stat_r80",TRUE,80,1062,0.774376021443838
"stat_r80",TRUE,80,1063,0.753854886169309
"stat_r80",TRUE,80,1064,0.63946115394033
"stat_r80",TRUE,80,1065,0.342681081156503
"stat_r80",TRUE,80,1066,0.399421045576148
"stat_r80",TRUE,80,1067,0.356387212442076
"stat_r80",TRUE,80,1068,0.259897780165157
"stat_r80",TRUE,80,1069,0.151109986375349
"stat_r80",TRUE,80,1070,0.0380145578097181
"stat_r80",TRUE,80,1071,0.0420228675026032
"stat_r80",TRUE,80,1072,0.0548152203477977
"stat_r80",TRUE,80,1073,0.0906478769557351
"stat_r80",TRUE,80,1074,0.155219636265861
"stat_r80",TRUE,80,1075,0.0877443040126375
"stat_r80",TRUE,80,1076,0.0544833557819802
"stat_r80",TRUE,80,1077,0.0850301745003343
"stat_r80",TRUE,80,1078,0.156524235622252
"stat_r80",TRUE,80,1079,0.0875413804550433
"stat_r80",TRUE,80,1080,0
"stat_r80",TRUE,80,1081,0
"stat_r80",TRUE,80,1082,0
"stat_r80",TRUE,80,1083,0
"stat_r80",TRUE,80,1084,0
"stat_r80",TRUE,80,1085,0
"stat_r80",TRUE,80,1086,0
"stat_r80",TRUE,80,1087,0
"stat_r80",TRUE,80,1088,0
"stat_r80",TRUE,80,1089,0
"stat_r80",TRUE,80,1090,0
"stat_r80",TRUE,80,1091,0
"stat_r80",TRUE,80,1092,0
"stat_r80",TRUE,80,1093,0
"stat_r80",TRUE,80,1094,0
"stat_r80",TRUE,80,1095,0
"stat_r80",TRUE,80,1096,0
"stat_r80",TRUE,80,1097,0
"stat_r80",TRUE,80,1098,0
"stat_r80",TRUE,80,1099,0
"stat_r80",TRUE,80,1100,0
"stat_r80",TRUE,80,1101,0.183334242467793
"stat_r80",TRUE,80,1102,0.129368404279325
"stat_r80",TRUE,80,1103,0.202899765074459
"stat_r80",TRUE,80,1104,0.117772165445606
"stat_r80",TRUE,80,1105,0.103748651180685
"stat_r80",TRUE,80,1106,0.206199735895208
"stat_r80",TRUE,80,1107,0.442786301663196
"stat_r80",TRUE,80,1108,0.553717869026396
"stat_r80",TRUE,80,1109,0.567571623960742
"stat_r80",TRUE,80,1110,0.640986125443648
"stat_r80",TRUE,80,1111,0.656246515304014
"stat_r80",TRUE,80,1112,0.564210783550523
"stat_r80",TRUE,80,1113,0.651210179547726
"stat_r80",TRUE,80,1114,0.605706579687669
"stat_r80",TRUE,80,1115,0.299275234116002
"stat_r80",TRUE,80,1116,0.418984852475088
"stat_r80",TRUE,80,1117,0.494891505828058
"stat_r80",TRUE,80,1118,0.2374240146254
"stat_r80",TRUE,80,1119,0.147874165879359
"stat_r80",TRUE,80,1120,0.0828127737231168
"stat_r80",TRUE,80,1121,0.108436917341302
"stat_r80",TRUE,80,1122,0.109751779292994
"stat_r80",TRUE,80,1123,0.0926260389051588
"stat_r80",TRUE,80,1124,0.171614855381743
"stat_r80",TRUE,80,1125,0.123805727001196
"stat_r80",TRUE,80,1126,0.0612500079919742
"stat_r80",TRUE,80,1127,0.0451280201917412
"stat_r80",TRUE,80,1128,0.0636627977160766
"stat_r80",TRUE,80,1129,0.0548781795614575
"stat_r80",TRUE,80,1130,0.0309108993280807
"stat_r80",TRUE,80,1131,0
"stat_r80",TRUE,80,1132,0
"stat_r80",TRUE,80,1133,0
"stat_r80",TRUE,80,1134,0
"stat_r80",TRUE,80,1135,0
"stat_r80",TRUE,80,1136,0
"stat_r80",TRUE,80,1137,0
"stat_r80",TRUE,80,1138,0
"stat_r80",TRUE,80,1139,0
"stat_r80",TRUE,80,1140,0
"stat_r80",TRUE,80,1141,0
"stat_r80",TRUE,80,1142,0
"stat_r80",TRUE,80,1143,0
"stat_r80",TRUE,80,1144,0
"stat_r80",TRUE,80,1145,0
"stat_r80",TRUE,80,1146,0
"stat_r80",TRUE,80,1147,0
"stat_r80",TRUE,80,1148,0
"stat_r80",TRUE,80,1149,0
"stat_r80",TRUE,80,1150,0
"stat_r80",TRUE,80,1151,0.100723485919526
"stat_r80",TRUE,80,1152,0.128280637861923
"stat_r80",TRUE,80,1153,0.179845427600347
"stat_r80",TRUE,80,1154,0.137547059996818
"stat_r80",TRUE,80,1155,0.211113998387302
"stat_r80",TRUE,80,1156,0.415164414098441
"stat_r80",TRUE,80,1157,0.46798584836065
"stat_r80",TRUE,80,1158,0.468414830727546
"stat_r80",TRUE,80,1159,0.495675726478251
"stat_r80",TRUE,80,1160,0.480347927982672
"stat_r80",TRUE,80,1161,0.599490160794305
"stat_r80",TRUE,80,1162,0.541498108997291
"stat_r80",TRUE,80,1163,0.547235292881326
"stat_r80",TRUE,80,1164,0.545083391926388
"stat_r80",TRUE,80,1165,0.348415680762637
"stat_r80",TRUE,80,1166,0.427071084074251
"stat_r80",TRUE,80,1167,0.586425988208547
"stat_r80",TRUE,80,1168,0.357067298527845
"stat_r80",TRUE,80,1169,0.211777836114635
"stat_r80",TRUE,80,1170,0.177627492074261
"stat_r80",TRUE,80,1171,0.158068284067071
"stat_r80",TRUE,80,1172,0.260592898737604
"stat_r80",TRUE,80,1173,0.358458074722058
"stat_r80",TRUE,80,1174,0.242799050755968
"stat_r80",TRUE,80,1175,0.110655431860671
"stat_r80",TRUE,80,1176,0.0446027365295951
"stat_r80",TRUE,80,1177,0.0239373011844911
"stat_r80",TRUE,80,1178,0.0262264308772634
"stat_r80",TRUE,80,1179,0.0443695833416979
"stat_r80",TRUE,80,1180,0.0458816625112689
"stat_r80",TRUE,80,1181,0.0369672490091679
"stat_r80",TRUE,80,1182,0
"stat_r80",TRUE,80,1183,0
"stat_r80",TRUE,80,1184,0
"stat_r80",TRUE,80,1185,0
"stat_r80",TRUE,80,1186,0
"stat_r80",TRUE,80,1187,0
"stat_r80",TRUE,80,1188,0
"stat_r80",TRUE,80,1189,0
"stat_r80",TRUE,80,1190,0
"stat_r80",TRUE,80,1191,0
"stat_r80",TRUE,80,1192,0
"stat_r80",TRUE,80,1193,0
"stat_r80",TRUE,80,1194,0
"stat_r80",TRUE,80,1195,0
"stat_r80",TRUE,80,1196,0
"stat_r80",TRUE,80,1197,0
"stat_r80",TRUE,80,1198,0
"stat_r80",TRUE,80,1199,0
"stat_r80",TRUE,80,1200,0
"stat_r80",TRUE,80,1201,0.0691237096893794
"stat_r80",TRUE,80,1202,0.18510067023304
"stat_r80",TRUE,80,1203,0.350579934868383
"stat_r80",TRUE,80,1204,0.42427176683428
"stat_r80",TRUE,80,1205,0.502829941296969
"stat_r80",TRUE,80,1206,0.661550053067417
"stat_r80",TRUE,80,1207,0.71843451019033
"stat_r80",TRUE,80,1208,0.596290595281659
"stat_r80",TRUE,80,1209,0.593635981027237
"stat_r80",TRUE,80,1210,0.403980711722743
"stat_r80",TRUE,80,1211,0.514999637477566
"stat_r80",TRUE,80,1212,0.491978182968145
"stat_r80",TRUE,80,1213,0.562275162318336
"stat_r80",TRUE,80,1214,0.547353871175951
"stat_r80",TRUE,80,1215,0.338332540748673
"stat_r80",TRUE,80,1216,0.390696110231623
"stat_r80",TRUE,80,1217,0.568218433209882
"stat_r80",TRUE,80,1218,0.588142975761363
"stat_r80",TRUE,80,1219,0.429578145539527
"stat_r80",TRUE,80,1220,0.310220072287627
"stat_r80",TRUE,80,1221,0.402653712128423
"stat_r80",TRUE,80,1222,0.41150761927419
"stat_r80",TRUE,80,1223,0.3806489791523
"stat_r80",TRUE,80,1224,0.257775014281748
"stat_r80",TRUE,80,1225,0.0738695266425169
"stat_r80",TRUE,80,1226,0.0361040479618765
"stat_r80",TRUE,80,1227,0.0161394611229342
"stat_r80",TRUE,80,1228,0.012382692322629
"stat_r80",TRUE,80,1229,0.0347597500402699
"stat_r80",TRUE,80,1230,0.0700247010800057
"stat_r80",TRUE,80,1231,0.0412135305099713
"stat_r80",TRUE,80,1232,0.0261442775588404
"stat_r80",TRUE,80,1233,0
"stat_r80",TRUE,80,1234,0
"stat_r80",TRUE,80,1235,0
"stat_r80",TRUE,80,1236,0
"stat_r80",TRUE,80,1237,0
"stat_r80",TRUE,80,1238,0
"stat_r80",TRUE,80,1239,0
"stat_r80",TRUE,80,1240,0
"stat_r80",TRUE,80,1241,0
"stat_r80",TRUE,80,1242,0
"stat_r80",TRUE,80,1243,0
"stat_r80",TRUE,80,1244,0
"stat_r80",TRUE,80,1245,0
"stat_r80",TRUE,80,1246,0
"stat_r80",TRUE,80,1247,0
"stat_r80",TRUE,80,1248,0
"stat_r80",TRUE,80,1249,0
"stat_r80",TRUE,80,1250,0
"stat_r80",TRUE,80,1251,0.0684454961908951
"stat_r80",TRUE,80,1252,0.212590459677896
"stat_r80",TRUE,80,1253,0.315194516081213
"stat_r80",TRUE,80,1254,0.395625002378715
"stat_r80",TRUE,80,1255,0.540185020300809
"stat_r80",TRUE,80,1256,0.653300048739074
"stat_r80",TRUE,80,1257,0.715132033258798
"stat_r80",TRUE,80,1258,0.744136863261428
"stat_r80",TRUE,80,1259,0.659814595464213
"stat_r80",TRUE,80,1260,0.430674513479358
"stat_r80",TRUE,80,1261,0.500786238064768
"stat_r80",TRUE,80,1262,0.591899405086977
"stat_r80",TRUE,80,1263,0.619513108367053
"stat_r80",TRUE,80,1264,0.608795130360582
"stat_r80",TRUE,80,1265,0.440105471182151
"stat_r80",TRUE,80,1266,0.498756343497625
"stat_r80",TRUE,80,1267,0.54304047391502
"stat_r80",TRUE,80,1268,0.450080572802086
"stat_r80",TRUE,80,1269,0.491235355405637
"stat_r80",TRUE,80,1270,0.510205999904772
"stat_r80",TRUE,80,1271,0.562690761140334
"stat_r80",TRUE,80,1272,0.299995472813052
"stat_r80",TRUE,80,1273,0.127939911657368
"stat_r80",TRUE,80,1274,0.0501453118334413
"stat_r80",TRUE,80,1275,0.0401062207792937
"stat_r80",TRUE,80,1276,0.027051059992852
"stat_r80",TRUE,80,1277,0.0193368061901351
"stat_r80",TRUE,80,1278,0.0124826644791084
"stat_r80",TRUE,80,1279,0.0264363889780212
"stat_r80",TRUE,80,1280,0.0518800827428878
"stat_r80",TRUE,80,1281,0.0490252523484885
"stat_r80",TRUE,80,1282,0.0470586508383442
"stat_r80",TRUE,80,1283,0
"stat_r80",TRUE,80,1284,0
"stat_r80",TRUE,80,1285,0
"stat_r80",TRUE,80,1286,0
"stat_r80",TRUE,80,1287,0
"stat_r80",TRUE,80,1288,0
"stat_r80",TRUE,80,1289,0
"stat_r80",TRUE,80,1290,0
"stat_r80",TRUE,80,1291,0
"stat_r80",TRUE,80,1292,0
"stat_r80",TRUE,80,1293,0
"stat_r80",TRUE,80,1294,0
"stat_r80",TRUE,80,1295,0
"stat_r80",TRUE,80,1296,0
"stat_r80",TRUE,80,1297,0
"stat_r80",TRUE,80,1298,0
"stat_r80",TRUE,80,1299,0
"stat_r80",TRUE,80,1300,0
"stat_r80",TRUE,80,1301,0.112903594788054
"stat_r80",TRUE,80,1302,0.250376161979164
"stat_r80",TRUE,80,1303,0.260023079358829
"stat_r80",TRUE,80,1304,0.215323822384256
"stat_r80",TRUE,80,1305,0.349308484823277
"stat_r80",TRUE,80,1306,0.550693565216075
"stat_r80",TRUE,80,1307,0.587787115132496
"stat_r80",TRUE,80,1308,0.616529759943458
"stat_r80",TRUE,80,1309,0.579823260076411
"stat_r80",TRUE,80,1310,0.454387223083061
"stat_r80",TRUE,80,1311,0.50678315920836
"stat_r80",TRUE,80,1312,0.702714324284269
"stat_r80",TRUE,80,1313,0.806347577495121
"stat_r80",TRUE,80,1314,0.725673319322937
"stat_r80",TRUE,80,1315,0.496975678863487
"stat_r80",TRUE,80,1316,0.516002542310047
"stat_r80",TRUE,80,1317,0.50564404098295
"stat_r80",TRUE,80,1318,0.258739221372563
"stat_r80",TRUE,80,1319,0.288533570747893
"stat_r80",TRUE,80,1320,0.464270639415576
"stat_r80",TRUE,80,1321,0.39339334805396
"stat_r80",TRUE,80,1322,0.152118071173563
"stat_r80",TRUE,80,1323,0.0501412613426787
"stat_r80",TRUE,80,1324,0.0145367070000921
"stat_r80",TRUE,80,1325,0.0206047425596588
"stat_r80",TRUE,80,1326,0.0177056003271236
"stat_r80",TRUE,80,1327,0.0208726358126743
"stat_r80",TRUE,80,1328,0.0165406510140518
"stat_r80",TRUE,80,1329,0.0328608283816816
"stat_r80",TRUE,80,1330,0.0609854258961518
"stat_r80",TRUE,80,1331,0.0776352260519703
"stat_r80",TRUE,80,1332,0.0544123828619541
"stat_r80",TRUE,80,1333,0
"stat_r80",TRUE,80,1334,0
"stat_r80",TRUE,80,1335,0
"stat_r80",TRUE,80,1336,0
"stat_r80",TRUE,80,1337,0
"stat_r80",TRUE,80,1338,0
"stat_r80",TRUE,80,1339,0
"stat_r80",TRUE,80,1340,0
"stat_r80",TRUE,80,1341,0
"stat_r80",TRUE,80,1342,0
"stat_r80",TRUE,80,1343,0
"stat_r80",TRUE,80,1344,0
"stat_r80",TRUE,80,1345,0
"stat_r80",TRUE,80,1346,0
"stat_r80",TRUE,80,1347,0
"stat_r80",TRUE,80,1348,0
"stat_r80",TRUE,80,1349,0
"stat_r80",TRUE,80,1350,0
"stat_r80",TRUE,80,1351,0.299648471583327
"stat_r80",TRUE,80,1352,0.460641917903842
"stat_r80",TRUE,80,1353,0.551985270228756
"stat_r80",TRUE,80,1354,0.34731197421323
"stat_r80",TRUE,80,1355,0.340712053628359
"stat_r80",TRUE,80,1356,0.609898083092735
"stat_r80",TRUE,80,1357,0.633007735088657
"stat_r80",TRUE,80,1358,0.648246258599393
"stat_r80",TRUE,80,1359,0.696684124385657
"stat_r80",TRUE,80,1360,0.598108745039799
"stat_r80",TRUE,80,1361,0.620354655663618
"stat_r80",TRUE,80,1362,0.817957417384716
"stat_r80",TRUE,80,1363,0.867414782533129
"stat_r80",TRUE,80,1364,0.756765696209517
"stat_r80",TRUE,80,1365,0.447665244570108
"stat_r80",TRUE,80,1366,0.496558877844328
"stat_r80",TRUE,80,1367,0.418051972345582
"stat_r80",TRUE,80,1368,0.253613792912657
"stat_r80",TRUE,80,1369,0.320472742111643
"stat_r80",TRUE,80,1370,0.527581127121889
"stat_r80",TRUE,80,1371,0.415342995988829
"stat_r80",TRUE,80,1372,0.115270962084673
"stat_r80",TRUE,80,1373,0.0729358154045403
"stat_r80",TRUE,80,1374,0.0332016496435432
"stat_r80",TRUE,80,1375,0.0246248753957884
"stat_r80",TRUE,80,1376,0.0159826257758206
"stat_r80",TRUE,80,1377,0.0139495178404727
"stat_r80",TRUE,80,1378,0.0130438387790117
"stat_r80",TRUE,80,1379,0.0240289418084388
"stat_r80",TRUE,80,1380,0.0600914533967968
"stat_r80",TRUE,80,1381,0.0889121054312797
"stat_r80",TRUE,80,1382,0.0387524644475464
"stat_r80",TRUE,80,1383,0
"stat_r80",TRUE,80,1384,0
"stat_r80",TRUE,80,1385,0
"stat_r80",TRUE,80,1386,0
"stat_r80",TRUE,80,1387,0
"stat_r80",TRUE,80,1388,0
"stat_r80",TRUE,80,1389,0
"stat_r80",TRUE,80,1390,0
"stat_r80",TRUE,80,1391,0
"stat_r80",TRUE,80,1392,0
"stat_r80",TRUE,80,1393,0
"stat_r80",TRUE,80,1394,0
"stat_r80",TRUE,80,1395,0
"stat_r80",TRUE,80,1396,0
"stat_r80",TRUE,80,1397,0
"stat_r80",TRUE,80,1398,0
"stat_r80",TRUE,80,1399,0
"stat_r80",TRUE,80,1400,0
"stat_r80",TRUE,80,1401,0.361361556879962
"stat_r80",TRUE,80,1402,0.556791031558849
"stat_r80",TRUE,80,1403,0.665390081611986
"stat_r80",TRUE,80,1404,0.545152714166737
"stat_r80",TRUE,80,1405,0.451374069992503
"stat_r80",TRUE,80,1406,0.519077085069979
"stat_r80",TRUE,80,1407,0.641125781240615
"stat_r80",TRUE,80,1408,0.707767463047091
"stat_r80",TRUE,80,1409,0.710607611044273
"stat_r80",TRUE,80,1410,0.734016766989755
"stat_r80",TRUE,80,1411,0.685620602882557
"stat_r80",TRUE,80,1412,0.743880130088588
"stat_r80",TRUE,80,1413,0.82400906768642
"stat_r80",TRUE,80,1414,0.676364678696933
"stat_r80",TRUE,80,1415,0.480442101313592
"stat_r80",TRUE,80,1416,0.553046867766737
"stat_r80",TRUE,80,1417,0.367576689718183
"stat_r80",TRUE,80,1418,0.43180290102754
"stat_r80",TRUE,80,1419,0.477650972023247
"stat_r80",TRUE,80,1420,0.418205110567548
"stat_r80",TRUE,80,1421,0.390940710632041
"stat_r80",TRUE,80,1422,0.220030753928163
"stat_r80",TRUE,80,1423,0.138337523054785
"stat_r80",TRUE,80,1424,0.0727283155049817
"stat_r80",TRUE,80,1425,0.0336826680297651
"stat_r80",TRUE,80,1426,0.0236948603468946
"stat_r80",TRUE,80,1427,0.0139003334868163
"stat_r80",TRUE,80,1428,0.010890355964328
"stat_r80",TRUE,80,1429,0.0191979727671423
"stat_r80",TRUE,80,1430,0.0324624922503777
"stat_r80",TRUE,80,1431,0.0619762821216306
"stat_r80",TRUE,80,1432,0.0427461291440438
"stat_r80",TRUE,80,1433,0
"stat_r80",TRUE,80,1434,0
"stat_r80",TRUE,80,1435,0
"stat_r80",TRUE,80,1436,0
"stat_r80",TRUE,80,1437,0
"stat_r80",TRUE,80,1438,0
"stat_r80",TRUE,80,1439,0
"stat_r80",TRUE,80,1440,0
"stat_r80",TRUE,80,1441,0
"stat_r80",TRUE,80,1442,0
"stat_r80",TRUE,80,1443,0
"stat_r80",TRUE,80,1444,0
"stat_r80",TRUE,80,1445,0
"stat_r80",TRUE,80,1446,0
"stat_r80",TRUE,80,1447,0
"stat_r80",TRUE,80,1448,0
"stat_r80",TRUE,80,1449,0
"stat_r80",TRUE,80,1450,0
"stat_r80",TRUE,80,1451,0.448304431248109
"stat_r80",TRUE,80,1452,0.553095293472354
"stat_r80",TRUE,80,1453,0.701373737950808
"stat_r80",TRUE,80,1454,0.806892328110859
"stat_r80",TRUE,80,1455,0.71194843516466
"stat_r80",TRUE,80,1456,0.497758622128742
"stat_r80",TRUE,80,1457,0.699790888333611
"stat_r80",TRUE,80,1458,0.843662816238904
"stat_r80",TRUE,80,1459,0.863537721298827
"stat_r80",TRUE,80,1460,0.866809246380887
"stat_r80",TRUE,80,1461,0.808212678532913
"stat_r80",TRUE,80,1462,0.714329039015618
"stat_r80",TRUE,80,1463,0.625853834140156
"stat_r80",TRUE,80,1464,0.421316099439686
"stat_r80",TRUE,80,1465,0.338294308367905
"stat_r80",TRUE,80,1466,0.412451896689397
"stat_r80",TRUE,80,1467,0.314765961281806
"stat_r80",TRUE,80,1468,0.681075258507637
"stat_r80",TRUE,80,1469,0.802039692624057
"stat_r80",TRUE,80,1470,0.597136554211105
"stat_r80",TRUE,80,1471,0.408467617476674
"stat_r80",TRUE,80,1472,0.209802370527101
"stat_r80",TRUE,80,1473,0.165169325508959
"stat_r80",TRUE,80,1474,0.113638021682478
"stat_r80",TRUE,80,1475,0.0322738233718631
"stat_r80",TRUE,80,1476,0.0308296171921357
"stat_r80",TRUE,80,1477,0.038143787866505
"stat_r80",TRUE,80,1478,0.0175343785772969
"stat_r80",TRUE,80,1479,0.013783811286591
"stat_r80",TRUE,80,1480,0.013746458866116
"stat_r80",TRUE,80,1481,0.0388015985402779
"stat_r80",TRUE,80,1482,0.079390757700493
"stat_r80",TRUE,80,1483,0.113904094190795
"stat_r80",TRUE,80,1484,0
"stat_r80",TRUE,80,1485,0
"stat_r80",TRUE,80,1486,0
"stat_r80",TRUE,80,1487,0
"stat_r80",TRUE,80,1488,0
"stat_r80",TRUE,80,1489,0
"stat_r80",TRUE,80,1490,0
"stat_r80",TRUE,80,1491,0
"stat_r80",TRUE,80,1492,0
"stat_r80",TRUE,80,1493,0
"stat_r80",TRUE,80,1494,0
"stat_r80",TRUE,80,1495,0
"stat_r80",TRUE,80,1496,0
"stat_r80",TRUE,80,1497,0
"stat_r80",TRUE,80,1498,0
"stat_r80",TRUE,80,1499,0
"stat_r80",TRUE,80,1500,0
"stat_r80",TRUE,80,1501,0.537180337443488
"stat_r80",TRUE,80,1502,0.610542746365039
"stat_r80",TRUE,80,1503,0.800944505214914
"stat_r80",TRUE,80,1504,0.879684565992399
"stat_r80",TRUE,80,1505,0.881781734072759
"stat_r80",TRUE,80,1506,0.806650300077917
"stat_r80",TRUE,80,1507,0.770164730906496
"stat_r80",TRUE,80,1508,0.887501933331488
"stat_r80",TRUE,80,1509,0.913772379551179
"stat_r80",TRUE,80,1510,0.884739438656266
"stat_r80",TRUE,80,1511,0.713120236680513
"stat_r80",TRUE,80,1512,0.30586697852486
"stat_r80",TRUE,80,1513,0.293063907822915
"stat_r80",TRUE,80,1514,0.183210775283455
"stat_r80",TRUE,80,1515,0.223403960581239
"stat_r80",TRUE,80,1516,0.351587823992622
"stat_r80",TRUE,80,1517,0.481878939655402
"stat_r80",TRUE,80,1518,0.753931745463107
"stat_r80",TRUE,80,1519,0.849733588920696
"stat_r80",TRUE,80,1520,0.757753277038625
"stat_r80",TRUE,80,1521,0.58777868775327
"stat_r80",TRUE,80,1522,0.185239972820977
"stat_r80",TRUE,80,1523,0.14000478131273
"stat_r80",TRUE,80,1524,0.134022358234942
"stat_r80",TRUE,80,1525,0.0665657655666829
"stat_r80",TRUE,80,1526,0.0438664060648514
"stat_r80",TRUE,80,1527,0.0321181044763751
"stat_r80",TRUE,80,1528,0.0481556661170917
"stat_r80",TRUE,80,1529,0.0630383411787128
"stat_r80",TRUE,80,1530,0.0470587610628541
"stat_r80",TRUE,80,1531,0.0813835777931501
"stat_r80",TRUE,80,1532,0.144278044916541
"stat_r80",TRUE,80,1533,0.266963270710939
"stat_r80",TRUE,80,1534,0.395343033969431
"stat_r80",TRUE,80,1535,0.711135935896048
"stat_r80",TRUE,80,1536,0.902197173139995
"stat_r80",TRUE,80,1537,0
"stat_r80",TRUE,80,1538,0
"stat_r80",TRUE,80,1539,0
"stat_r80",TRUE,80,1540,0
"stat_r80",TRUE,80,1541,0
"stat_r80",TRUE,80,1542,0
"stat_r80",TRUE,80,1543,0
"stat_r80",TRUE,80,1544,0
"stat_r80",TRUE,80,1545,0
"stat_r80",TRUE,80,1546,0
"stat_r80",TRUE,80,1547,0
"stat_r80",TRUE,80,1548,0
"stat_r80",TRUE,80,1549,0
"stat_r80",TRUE,80,1550,0
"stat_r80",TRUE,80,1551,0.639594992487309
"stat_r80",TRUE,80,1552,0.735403493096895
"stat_r80",TRUE,80,1553,0.868767989299511
"stat_r80",TRUE,80,1554,0.890013312198995
"stat_r80",TRUE,80,1555,0.849480984197372
"stat_r80",TRUE,80,1556,0.768287224427449
"stat_r80",TRUE,80,1557,0.692790695809252
"stat_r80",TRUE,80,1558,0.818563527738715
"stat_r80",TRUE,80,1559,0.888241414439808
"stat_r80",TRUE,80,1560,0.823698288785421
"stat_r80",TRUE,80,1561,0.535991062133158
"stat_r80",TRUE,80,1562,0.204448070006863
"stat_r80",TRUE,80,1563,0.127629100082785
"stat_r80",TRUE,80,1564,0.114159985753928
"stat_r80",TRUE,80,1565,0.227015699691501
"stat_r80",TRUE,80,1566,0.44476000192925
"stat_r80",TRUE,80,1567,0.643972859385062
"stat_r80",TRUE,80,1568,0.798769844911705
"stat_r80",TRUE,80,1569,0.788520236652472
"stat_r80",TRUE,80,1570,0.710608000503508
"stat_r80",TRUE,80,1571,0.543813412972078
"stat_r80",TRUE,80,1572,0.285210427356738
"stat_r80",TRUE,80,1573,0.221007584581409
"stat_r80",TRUE,80,1574,0.248337725362281
"stat_r80",TRUE,80,1575,0.182972018512509
"stat_r80",TRUE,80,1576,0.090907521893344
"stat_r80",TRUE,80,1577,0.0434804515741466
"stat_r80",TRUE,80,1578,0.0506396217529207
"stat_r80",TRUE,80,1579,0.0953326370885664
"stat_r80",TRUE,80,1580,0.135967545365908
"stat_r80",TRUE,80,1581,0.243287039176949
"stat_r80",TRUE,80,1582,0.361387476817681
"stat_r80",TRUE,80,1583,0.502843097389001
"stat_r80",TRUE,80,1584,0.494682670393502
"stat_r80",TRUE,80,1585,0.626161449695727
"stat_r80",TRUE,80,1586,0.812132021000947
"stat_r80",TRUE,80,1587,0.931994062626296
"stat_r80",TRUE,80,1588,0
"stat_r80",TRUE,80,1589,0
"stat_r80",TRUE,80,1590,0
"stat_r80",TRUE,80,1591,0
"stat_r80",TRUE,80,1592,0
"stat_r80",TRUE,80,1593,0
"stat_r80",TRUE,80,1594,0
"stat_r80",TRUE,80,1595,0
"stat_r80",TRUE,80,1596,0
"stat_r80",TRUE,80,1597,0
"stat_r80",TRUE,80,1598,0
"stat_r80",TRUE,80,1599,0
"stat_r80",TRUE,80,1600,0
"stat_r80",TRUE,80,1601,0.692748044055821
"stat_r80",TRUE,80,1602,0.76331804181152
"stat_r80",TRUE,80,1603,0.865437425849959
"stat_r80",TRUE,80,1604,0.766111941128009
"stat_r80",TRUE,80,1605,0.492826230434134
"stat_r80",TRUE,80,1606,0.363110904243468
"stat_r80",TRUE,80,1607,0.40408801346081
"stat_r80",TRUE,80,1608,0.542338618968172
"stat_r80",TRUE,80,1609,0.760266422809955
"stat_r80",TRUE,80,1610,0.687000839364583
"stat_r80",TRUE,80,1611,0.449993985631224
"stat_r80",TRUE,80,1612,0.243947378565116
"stat_r80",TRUE,80,1613,0.194287468724908
"stat_r80",TRUE,80,1614,0.196373860178159
"stat_r80",TRUE,80,1615,0.217725402162313
"stat_r80",TRUE,80,1616,0.426991477591535
"stat_r80",TRUE,80,1617,0.680092362804133
"stat_r80",TRUE,80,1618,0.761331159528946
"stat_r80",TRUE,80,1619,0.762395200294835
"stat_r80",TRUE,80,1620,0.649348294361829
"stat_r80",TRUE,80,1621,0.516024854189563
"stat_r80",TRUE,80,1622,0.251817520183765
"stat_r80",TRUE,80,1623,0.235633946277783
"stat_r80",TRUE,80,1624,0.265181569139896
"stat_r80",TRUE,80,1625,0.176491025404055
"stat_r80",TRUE,80,1626,0.101495091581545
"stat_r80",TRUE,80,1627,0.0726938030176249
"stat_r80",TRUE,80,1628,0.0861924766779341
"stat_r80",TRUE,80,1629,0.0564025809157148
"stat_r80",TRUE,80,1630,0.131671122725257
"stat_r80",TRUE,80,1631,0.370120848598954
"stat_r80",TRUE,80,1632,0.511417144175626
"stat_r80",TRUE,80,1633,0.630816478660208
"stat_r80",TRUE,80,1634,0.662774455271556
"stat_r80",TRUE,80,1635,0.633158190551966
"stat_r80",TRUE,80,1636,0.764686159482747
"stat_r80",TRUE,80,1637,0.870274975136507
"stat_r80",TRUE,80,1638,0
"stat_r80",TRUE,80,1639,0
"stat_r80",TRUE,80,1640,0
"stat_r80",TRUE,80,1641,0
"stat_r80",TRUE,80,1642,0
"stat_r80",TRUE,80,1643,0
"stat_r80",TRUE,80,1644,0
"stat_r80",TRUE,80,1645,0
"stat_r80",TRUE,80,1646,0
"stat_r80",TRUE,80,1647,0
"stat_r80",TRUE,80,1648,0
"stat_r80",TRUE,80,1649,0
"stat_r80",TRUE,80,1650,0
"stat_r80",TRUE,80,1651,0.608573262415435
"stat_r80",TRUE,80,1652,0.641731220657473
"stat_r80",TRUE,80,1653,0.675114407977375
"stat_r80",TRUE,80,1654,0.357059093903973
"stat_r80",TRUE,80,1655,0.22935889974597
"stat_r80",TRUE,80,1656,0.154665062969042
"stat_r80",TRUE,80,1657,0.267936404082865
"stat_r80",TRUE,80,1658,0.420917506340499
"stat_r80",TRUE,80,1659,0.534998654846381
"stat_r80",TRUE,80,1660,0.47722523194551
"stat_r80",TRUE,80,1661,0.266306092687117
"stat_r80",TRUE,80,1662,0.138839531172186
"stat_r80",TRUE,80,1663,0.179050709661575
"stat_r80",TRUE,80,1664,0.179872523268897
"stat_r80",TRUE,80,1665,0.191135124565434
"stat_r80",TRUE,80,1666,0.377141369810535
"stat_r80",TRUE,80,1667,0.497460379148523
"stat_r80",TRUE,80,1668,0.490576756030428
"stat_r80",TRUE,80,1669,0.621977505709891
"stat_r80",TRUE,80,1670,0.643861422279394
"stat_r80",TRUE,80,1671,0.484340307234795
"stat_r80",TRUE,80,1672,0.176163374531094
"stat_r80",TRUE,80,1673,0.15866161588817
"stat_r80",TRUE,80,1674,0.204930199086323
"stat_r80",TRUE,80,1675,0.189840891467442
"stat_r80",TRUE,80,1676,0.110094029249503
"stat_r80",TRUE,80,1677,0.10024844505396
"stat_r80",TRUE,80,1678,0.140736634877329
"stat_r80",TRUE,80,1679,0.0821031216512607
"stat_r80",TRUE,80,1680,0.186134670301461
"stat_r80",TRUE,80,1681,0.56188618862611
"stat_r80",TRUE,80,1682,0.733179756546014
"stat_r80",TRUE,80,1683,0.840658504905674
"stat_r80",TRUE,80,1684,0.778153854049037
"stat_r80",TRUE,80,1685,0.693077984864568
"stat_r80",TRUE,80,1686,0.715876699564668
"stat_r80",TRUE,80,1687,0.765811219743355
"stat_r80",TRUE,80,1688,0.755185965599075
"stat_r80",TRUE,80,1689,0
"stat_r80",TRUE,80,1690,0
"stat_r80",TRUE,80,1691,0
"stat_r80",TRUE,80,1692,0
"stat_r80",TRUE,80,1693,0
"stat_r80",TRUE,80,1694,0
"stat_r80",TRUE,80,1695,0
"stat_r80",TRUE,80,1696,0
"stat_r80",TRUE,80,1697,0
"stat_r80",TRUE,80,1698,0
"stat_r80",TRUE,80,1699,0
"stat_r80",TRUE,80,1700,0
"stat_r80",TRUE,80,1701,0.510035417632681
"stat_r80",TRUE,80,1702,0.333747476876795
"stat_r80",TRUE,80,1703,0.26711557881836
"stat_r80",TRUE,80,1704,0.157747726475908
"stat_r80",TRUE,80,1705,0.0819928403394608
"stat_r80",TRUE,80,1706,0.137036831757748
"stat_r80",TRUE,80,1707,0.292840209048351
"stat_r80",TRUE,80,1708,0.420350960428425
"stat_r80",TRUE,80,1709,0.351801411999606
"stat_r80",TRUE,80,1710,0.323995849423825
"stat_r80",TRUE,80,1711,0.251847363860638
"stat_r80",TRUE,80,1712,0.163449050172808
"stat_r80",TRUE,80,1713,0.0894339966362821
"stat_r80",TRUE,80,1714,0.0732935269534898
"stat_r80",TRUE,80,1715,0.108236508679127
"stat_r80",TRUE,80,1716,0.278363713915374
"stat_r80",TRUE,80,1717,0.366365231428396
"stat_r80",TRUE,80,1718,0.419795393660107
"stat_r80",TRUE,80,1719,0.545707820294881
"stat_r80",TRUE,80,1720,0.487274658143827
"stat_r80",TRUE,80,1721,0.469557021176917
"stat_r80",TRUE,80,1722,0.322766378228348
"stat_r80",TRUE,80,1723,0.206566677811072
"stat_r80",TRUE,80,1724,0.216521115271689
"stat_r80",TRUE,80,1725,0.235165294319234
"stat_r80",TRUE,80,1726,0.0892524424571665
"stat_r80",TRUE,80,1727,0.0581922208088489
"stat_r80",TRUE,80,1728,0.04879834216375
"stat_r80",TRUE,80,1729,0.0379128939015547
"stat_r80",TRUE,80,1730,0.125790703386949
"stat_r80",TRUE,80,1731,0.524063675235006
"stat_r80",TRUE,80,1732,0.797317233162184
"stat_r80",TRUE,80,1733,0.863609248876241
"stat_r80",TRUE,80,1734,0.795870337735409
"stat_r80",TRUE,80,1735,0.788502203642601
"stat_r80",TRUE,80,1736,0.73266409423618
"stat_r80",TRUE,80,1737,0.763387447528946
"stat_r80",TRUE,80,1738,0.695082465307247
"stat_r80",TRUE,80,1739,0.750841937316495
"stat_r80",TRUE,80,1740,0.805952445931178
"stat_r80",TRUE,80,1741,0.675767203197355
"stat_r80",TRUE,80,1742,0
"stat_r80",TRUE,80,1743,0
"stat_r80",TRUE,80,1744,0
"stat_r80",TRUE,80,1745,0
"stat_r80",TRUE,80,1746,0
"stat_r80",TRUE,80,1747,0
"stat_r80",TRUE,80,1748,0
"stat_r80",TRUE,80,1749,0
"stat_r80",TRUE,80,1750,0
"stat_r80",TRUE,80,1751,0.371436634319166
"stat_r80",TRUE,80,1752,0.176205571369476
"stat_r80",TRUE,80,1753,0.110352987934436
"stat_r80",TRUE,80,1754,0.0707515809681005
"stat_r80",TRUE,80,1755,0.0538713340741715
"stat_r80",TRUE,80,1756,0.0898283149125905
"stat_r80",TRUE,80,1757,0.139815460815144
"stat_r80",TRUE,80,1758,0.302835437908788
"stat_r80",TRUE,80,1759,0.293694599366855
"stat_r80",TRUE,80,1760,0.234740657367389
"stat_r80",TRUE,80,1761,0.15341579825309
"stat_r80",TRUE,80,1762,0.130663954861771
"stat_r80",TRUE,80,1763,0.0468977776865444
"stat_r80",TRUE,80,1764,0.0316511674105052
"stat_r80",TRUE,80,1765,0.0638561507916077
"stat_r80",TRUE,80,1766,0.147782666990294
"stat_r80",TRUE,80,1767,0.253728746340282
"stat_r80",TRUE,80,1768,0.290577402002633
"stat_r80",TRUE,80,1769,0.405662053875053
"stat_r80",TRUE,80,1770,0.567779619795567
"stat_r80",TRUE,80,1771,0.589671818577428
"stat_r80",TRUE,80,1772,0.3578603948826
"stat_r80",TRUE,80,1773,0.299430918747323
"stat_r80",TRUE,80,1774,0.317540950705946
"stat_r80",TRUE,80,1775,0.258891533361147
"stat_r80",TRUE,80,1776,0.113269637183729
"stat_r80",TRUE,80,1777,0.0475241788860509
"stat_r80",TRUE,80,1778,0.0176300736271111
"stat_r80",TRUE,80,1779,0.0098762453582485
"stat_r80",TRUE,80,1780,0.0470198224090893
"stat_r80",TRUE,80,1781,0.316062855347871
"stat_r80",TRUE,80,1782,0.663557637969341
"stat_r80",TRUE,80,1783,0.805069614703912
"stat_r80",TRUE,80,1784,0.831137426797128
"stat_r80",TRUE,80,1785,0.751548002547546
"stat_r80",TRUE,80,1786,0.794612994916111
"stat_r80",TRUE,80,1787,0.815852275628094
"stat_r80",TRUE,80,1788,0.552020482823601
"stat_r80",TRUE,80,1789,0.699026607068314
"stat_r80",TRUE,80,1790,0.833575978352852
"stat_r80",TRUE,80,1791,0.853360603494929
"stat_r80",TRUE,80,1792,0.959030210312661
"stat_r80",TRUE,80,1793,0
"stat_r80",TRUE,80,1794,0
"stat_r80",TRUE,80,1795,0
"stat_r80",TRUE,80,1796,0
"stat_r80",TRUE,80,1797,0
"stat_r80",TRUE,80,1798,0
"stat_r80",TRUE,80,1799,0
"stat_r80",TRUE,80,1800,0
"stat_r80",TRUE,80,1801,0.411395450789888
"stat_r80",TRUE,80,1802,0.210669138277293
"stat_r80",TRUE,80,1803,0.100431387232745
"stat_r80",TRUE,80,1804,0.119178019004685
"stat_r80",TRUE,80,1805,0.0753389585957792
"stat_r80",TRUE,80,1806,0.0390214020556262
"stat_r80",TRUE,80,1807,0.0575361396246163
"stat_r80",TRUE,80,1808,0.108813012966548
"stat_r80",TRUE,80,1809,0.205955247974492
"stat_r80",TRUE,80,1810,0.150805759348786
"stat_r80",TRUE,80,1811,0.0700580268321257
"stat_r80",TRUE,80,1812,0.0445415105974797
"stat_r80",TRUE,80,1813,0.0175943783404747
"stat_r80",TRUE,80,1814,0.0139930391858727
"stat_r80",TRUE,80,1815,0.0275584982806815
"stat_r80",TRUE,80,1816,0.0495388685306895
"stat_r80",TRUE,80,1817,0.0717339950559547
"stat_r80",TRUE,80,1818,0.198887090258182
"stat_r80",TRUE,80,1819,0.309430964542985
"stat_r80",TRUE,80,1820,0.333305185762354
"stat_r80",TRUE,80,1821,0.29834818496362
"stat_r80",TRUE,80,1822,0.160465267979472
"stat_r80",TRUE,80,1823,0.261027336598825
"stat_r80",TRUE,80,1824,0.352428092918216
"stat_r80",TRUE,80,1825,0.207561877930421
"stat_r80",TRUE,80,1826,0.094242595179617
"stat_r80",TRUE,80,1827,0.0386646633465448
"stat_r80",TRUE,80,1828,0.0124382274075836
"stat_r80",TRUE,80,1829,0.0113986214694033
"stat_r80",TRUE,80,1830,0.0247413602035231
"stat_r80",TRUE,80,1831,0.0888582165607639
"stat_r80",TRUE,80,1832,0.226515041978788
"stat_r80",TRUE,80,1833,0.48092513525593
"stat_r80",TRUE,80,1834,0.656034851432752
"stat_r80",TRUE,80,1835,0.722117997359303
"stat_r80",TRUE,80,1836,0.778459053023679
"stat_r80",TRUE,80,1837,0.703673658919515
"stat_r80",TRUE,80,1838,0.654780841222953
"stat_r80",TRUE,80,1839,0.760542540554561
"stat_r80",TRUE,80,1840,0.885604734776048
"stat_r80",TRUE,80,1841,0.907957516580166
"stat_r80",TRUE,80,1842,0.975469043624369
"stat_r80",TRUE,80,1843,0.99547764340897
"stat_r80",TRUE,80,1844,0.998090584632159
"stat_r80",TRUE,80,1845,0
"stat_r80",TRUE,80,1846,0
"stat_r80",TRUE,80,1847,0
"stat_r80",TRUE,80,1848,0
"stat_r80",TRUE,80,1849,0
"stat_r80",TRUE,80,1850,0
"stat_r80",TRUE,80,1851,0.46795728230958
"stat_r80",TRUE,80,1852,0.510227900815078
"stat_r80",TRUE,80,1853,0.262072745411361
"stat_r80",TRUE,80,1854,0.150186956109926
"stat_r80",TRUE,80,1855,0.112945213572443
"stat_r80",TRUE,80,1856,0.0538013396379926
"stat_r80",TRUE,80,1857,0.0776584223055155
"stat_r80",TRUE,80,1858,0.0982493015996869
"stat_r80",TRUE,80,1859,0.0931624334330569
"stat_r80",TRUE,80,1860,0.0401083196649921
"stat_r80",TRUE,80,1861,0.0178302542962015
"stat_r80",TRUE,80,1862,0.0100731033419072
"stat_r80",TRUE,80,1863,0.0024143558981114
"stat_r80",TRUE,80,1864,0.000790006723236276
"stat_r80",TRUE,80,1865,0.0016942744208555
"stat_r80",TRUE,80,1866,0.005488469813454
"stat_r80",TRUE,80,1867,0.0134776209680333
"stat_r80",TRUE,80,1868,0.0851751908223066
"stat_r80",TRUE,80,1869,0.177624887911076
"stat_r80",TRUE,80,1870,0.12747652156023
"stat_r80",TRUE,80,1871,0.0536628040799283
"stat_r80",TRUE,80,1872,0.0602105508551541
"stat_r80",TRUE,80,1873,0.152162773817736
"stat_r80",TRUE,80,1874,0.24975017781551
"stat_r80",TRUE,80,1875,0.113765000299385
"stat_r80",TRUE,80,1876,0.0623156436089753
"stat_r80",TRUE,80,1877,0.0352335727752788
"stat_r80",TRUE,80,1878,0.0171334222407865
"stat_r80",TRUE,80,1879,0.0107590782749434
"stat_r80",TRUE,80,1880,0.0308215405229645
"stat_r80",TRUE,80,1881,0.0338068220973736
"stat_r80",TRUE,80,1882,0.0465594013296054
"stat_r80",TRUE,80,1883,0.166223863354551
"stat_r80",TRUE,80,1884,0.284308315507578
"stat_r80",TRUE,80,1885,0.684182541767954
"stat_r80",TRUE,80,1886,0.736948475416042
"stat_r80",TRUE,80,1887,0.697975908713362
"stat_r80",TRUE,80,1888,0.75318375630372
"stat_r80",TRUE,80,1889,0.807468834907839
"stat_r80",TRUE,80,1890,0.88993918471435
"stat_r80",TRUE,80,1891,0.930514139493439
"stat_r80",TRUE,80,1892,0.980175073857816
"stat_r80",TRUE,80,1893,0.994777516749711
"stat_r80",TRUE,80,1894,0.998497080587111
"stat_r80",TRUE,80,1895,0
"stat_r80",TRUE,80,1896,0
"stat_r80",TRUE,80,1897,0
"stat_r80",TRUE,80,1898,0
"stat_r80",TRUE,80,1899,0
"stat_r80",TRUE,80,1900,0
"stat_r80",TRUE,80,1901,0.662777416004094
"stat_r80",TRUE,80,1902,0.701945746511085
"stat_r80",TRUE,80,1903,0.454074599709472
"stat_r80",TRUE,80,1904,0.338823236046617
"stat_r80",TRUE,80,1905,0.1956552790121
"stat_r80",TRUE,80,1906,0.111798433126251
"stat_r80",TRUE,80,1907,0.098511204453663
"stat_r80",TRUE,80,1908,0.0571933037384101
"stat_r80",TRUE,80,1909,0.0246164370495895
"stat_r80",TRUE,80,1910,0.00758919286545521
"stat_r80",TRUE,80,1911,0.00260500962269374
"stat_r80",TRUE,80,1912,0.00117556037770526
"stat_r80",TRUE,80,1913,0.00062938038016462
"stat_r80",TRUE,80,1914,0.000100603087729723
"stat_r80",TRUE,80,1915,0.00017998367305863
"stat_r80",TRUE,80,1916,0.000704948020039102
"stat_r80",TRUE,80,1917,0.0033501145464212
"stat_r80",TRUE,80,1918,0.0183562949768673
"stat_r80",TRUE,80,1919,0.0338450745957233
"stat_r80",TRUE,80,1920,0.0403973372380125
"stat_r80",TRUE,80,1921,0.0296468055403991
"stat_r80",TRUE,80,1922,0.0208152266551877
"stat_r80",TRUE,80,1923,0.0510611545814997
"stat_r80",TRUE,80,1924,0.079643464125495
"stat_r80",TRUE,80,1925,0.0919535721305331
"stat_r80",TRUE,80,1926,0.0843434399712409
"stat_r80",TRUE,80,1927,0.0476175667063382
"stat_r80",TRUE,80,1928,0.0421765572773628
"stat_r80",TRUE,80,1929,0.0273967221776357
"stat_r80",TRUE,80,1930,0.0450476138132692
"stat_r80",TRUE,80,1931,0.0413669870268019
"stat_r80",TRUE,80,1932,0.0471616644210505
"stat_r80",TRUE,80,1933,0.209451538256942
"stat_r80",TRUE,80,1934,0.425241304351103
"stat_r80",TRUE,80,1935,0.712390291420914
"stat_r80",TRUE,80,1936,0.740032442373127
"stat_r80",TRUE,80,1937,0.628577172778758
"stat_r80",TRUE,80,1938,0.719700809856878
"stat_r80",TRUE,80,1939,0.904006003499154
"stat_r80",TRUE,80,1940,0.938863695242742
"stat_r80",TRUE,80,1941,0.958636393481384
"stat_r80",TRUE,80,1942,0.982044559387872
"stat_r80",TRUE,80,1943,0.994177343097803
"stat_r80",TRUE,80,1944,0.998208522421842
"stat_r80",TRUE,80,1945,0.99926351899555
"stat_r80",TRUE,80,1946,0
"stat_r80",TRUE,80,1947,0
"stat_r80",TRUE,80,1948,0
"stat_r80",TRUE,80,1949,0
"stat_r80",TRUE,80,1950,0
"stat_r80",TRUE,80,1951,0.49065464398308
"stat_r80",TRUE,80,1952,0.45977457587285
"stat_r80",TRUE,80,1953,0.429981456120039
"stat_r80",TRUE,80,1954,0.484139197586682
"stat_r80",TRUE,80,1955,0.413697526394432
"stat_r80",TRUE,80,1956,0.213071862340491
"stat_r80",TRUE,80,1957,0.0822712537044075
"stat_r80",TRUE,80,1958,0.0326919643158741
"stat_r80",TRUE,80,1959,0.0166238128113585
"stat_r80",TRUE,80,1960,0.00537117988962953
"stat_r80",TRUE,80,1961,0.001057709447744
"stat_r80",TRUE,80,1962,0.000279090918308346
"stat_r80",TRUE,80,1963,0.00017702277010389
"stat_r80",TRUE,80,1964,0.000151736891975322
"stat_r80",TRUE,80,1965,0.000164453486940981
"stat_r80",TRUE,80,1966,0.000405080211585366
"stat_r80",TRUE,80,1967,0.00153977202472042
"stat_r80",TRUE,80,1968,0.00528639320100781
"stat_r80",TRUE,80,1969,0.00833048706609974
"stat_r80",TRUE,80,1970,0.0103324015158701
"stat_r80",TRUE,80,1971,0.0167150294104019
"stat_r80",TRUE,80,1972,0.0179360356346465
"stat_r80",TRUE,80,1973,0.0214901002062545
"stat_r80",TRUE,80,1974,0.0155937673176906
"stat_r80",TRUE,80,1975,0.0297010118694331
"stat_r80",TRUE,80,1976,0.0409899863687002
"stat_r80",TRUE,80,1977,0.045088139099541
"stat_r80",TRUE,80,1978,0.0434610777923541
"stat_r80",TRUE,80,1979,0.0465418469020716
"stat_r80",TRUE,80,1980,0.0791492425280922
"stat_r80",TRUE,80,1981,0.111809605224718
"stat_r80",TRUE,80,1982,0.227071384054913
"stat_r80",TRUE,80,1983,0.463740378897803
"stat_r80",TRUE,80,1984,0.667672561795951
"stat_r80",TRUE,80,1985,0.772518319152612
"stat_r80",TRUE,80,1986,0.849041187542045
"stat_r80",TRUE,80,1987,0.682637227112713
"stat_r80",TRUE,80,1988,0.759543679543391
"stat_r80",TRUE,80,1989,0.941168851758901
"stat_r80",TRUE,80,1990,0.961587858440627
"stat_r80",TRUE,80,1991,0.965925917298986
"stat_r80",TRUE,80,1992,0.982280267271177
"stat_r80",TRUE,80,1993,0.995270334467078
"stat_r80",TRUE,80,1994,0.999043027961242
"stat_r80",TRUE,80,1995,0.999687742562585
"stat_r80",TRUE,80,1996,0
"stat_r80",TRUE,80,1997,0
"stat_r80",TRUE,80,1998,0
"stat_r80",TRUE,80,1999,0
"stat_r80",TRUE,80,2000,0
"stat_r80",TRUE,80,2001,0.50121851448921
"stat_r80",TRUE,80,2002,0.548750783401808
"stat_r80",TRUE,80,2003,0.525452131377434
"stat_r80",TRUE,80,2004,0.529035972562815
"stat_r80",TRUE,80,2005,0.572456471695222
"stat_r80",TRUE,80,2006,0.293748263838148
"stat_r80",TRUE,80,2007,0.0644021784519431
"stat_r80",TRUE,80,2008,0.0219270535639002
"stat_r80",TRUE,80,2009,0.0107961904283576
"stat_r80",TRUE,80,2010,0.00464578309975631
"stat_r80",TRUE,80,2011,0.00110892292241923
"stat_r80",TRUE,80,2012,0.000252994770625807
"stat_r80",TRUE,80,2013,0.000140228637565075
"stat_r80",TRUE,80,2014,0.000268663081633112
"stat_r80",TRUE,80,2015,0.000410419114615787
"stat_r80",TRUE,80,2016,0.00114819583099269
"stat_r80",TRUE,80,2017,0.00181979447517779
"stat_r80",TRUE,80,2018,0.00346431248709174
"stat_r80",TRUE,80,2019,0.00458166481352434
"stat_r80",TRUE,80,2020,0.00603284601669911
"stat_r80",TRUE,80,2021,0.00893363530943215
"stat_r80",TRUE,80,2022,0.0130242200783439
"stat_r80",TRUE,80,2023,0.0127759069470901
"stat_r80",TRUE,80,2024,0.0089057617859113
"stat_r80",TRUE,80,2025,0.00914826260849786
"stat_r80",TRUE,80,2026,0.0156829380102377
"stat_r80",TRUE,80,2027,0.0218641181316755
"stat_r80",TRUE,80,2028,0.0319507006025568
"stat_r80",TRUE,80,2029,0.0440485258056376
"stat_r80",TRUE,80,2030,0.0781532245853471
"stat_r80",TRUE,80,2031,0.188990467732968
"stat_r80",TRUE,80,2032,0.387309367579562
"stat_r80",TRUE,80,2033,0.504493481540053
"stat_r80",TRUE,80,2034,0.571788921660106
"stat_r80",TRUE,80,2035,0.781538483583468
"stat_r80",TRUE,80,2036,0.911581479215189
"stat_r80",TRUE,80,2037,0.859583157425987
"stat_r80",TRUE,80,2038,0.912204373445698
"stat_r80",TRUE,80,2039,0.976975348672162
"stat_r80",TRUE,80,2040,0.978821095105135
"stat_r80",TRUE,80,2041,0.987937271868143
"stat_r80",TRUE,80,2042,0.995229098467035
"stat_r80",TRUE,80,2043,0.997471596048678
"stat_r80",TRUE,80,2044,0.999122167538381
"stat_r80",TRUE,80,2045,0.999642830824981
"stat_r80",TRUE,80,2046,0
"stat_r80",TRUE,80,2047,0
"stat_r80",TRUE,80,2048,0
"stat_r80",TRUE,80,2049,0
"stat_r80",TRUE,80,2050,0
"stat_r80",TRUE,80,2051,0.709330236847168
"stat_r80",TRUE,80,2052,0.782828492790178
"stat_r80",TRUE,80,2053,0.821969067122211
"stat_r80",TRUE,80,2054,0.757829746753221
"stat_r80",TRUE,80,2055,0.715128576008041
"stat_r80",TRUE,80,2056,0.411265650362931
"stat_r80",TRUE,80,2057,0.160138260289978
"stat_r80",TRUE,80,2058,0.036429511743156
"stat_r80",TRUE,80,2059,0.00948526907962597
"stat_r80",TRUE,80,2060,0.00297163046552726
"stat_r80",TRUE,80,2061,0.000968937090097283
"stat_r80",TRUE,80,2062,0.000323494046060709
"stat_r80",TRUE,80,2063,0.000196084459120032
"stat_r80",TRUE,80,2064,0.000436766215299783
"stat_r80",TRUE,80,2065,0.001552114352259
"stat_r80",TRUE,80,2066,0.00544588260317926
"stat_r80",TRUE,80,2067,0.00828844785939367
"stat_r80",TRUE,80,2068,0.0107659985174174
"stat_r80",TRUE,80,2069,0.00742222196576343
"stat_r80",TRUE,80,2070,0.00998472146098119
"stat_r80",TRUE,80,2071,0.0059645548202115
"stat_r80",TRUE,80,2072,0.00523369230635432
"stat_r80",TRUE,80,2073,0.00744379667681658
"stat_r80",TRUE,80,2074,0.0119597388166878
"stat_r80",TRUE,80,2075,0.00860565530622413
"stat_r80",TRUE,80,2076,0.00666153610178663
"stat_r80",TRUE,80,2077,0.00891347621451781
"stat_r80",TRUE,80,2078,0.015442053387685
"stat_r80",TRUE,80,2079,0.037189705877623
"stat_r80",TRUE,80,2080,0.0744314339488071
"stat_r80",TRUE,80,2081,0.182104435786368
"stat_r80",TRUE,80,2082,0.31066389246702
"stat_r80",TRUE,80,2083,0.536664833287135
"stat_r80",TRUE,80,2084,0.669458553881972
"stat_r80",TRUE,80,2085,0.764919015660894
"stat_r80",TRUE,80,2086,0.94334258098164
"stat_r80",TRUE,80,2087,0.969252571223266
"stat_r80",TRUE,80,2088,0.981565088352508
"stat_r80",TRUE,80,2089,0.986329227057037
"stat_r80",TRUE,80,2090,0.989409525418895
"stat_r80",TRUE,80,2091,0.995004769174455
"stat_r80",TRUE,80,2092,0.999071450096197
"stat_r80",TRUE,80,2093,0.999483778193192
"stat_r80",TRUE,80,2094,0.999722159889736
"stat_r80",TRUE,80,2095,0
"stat_r80",TRUE,80,2096,0
"stat_r80",TRUE,80,2097,0
"stat_r80",TRUE,80,2098,0
"stat_r80",TRUE,80,2099,0
"stat_r80",TRUE,80,2100,0
"stat_r80",TRUE,80,2101,0.82651594877348
"stat_r80",TRUE,80,2102,0.859288430578351
"stat_r80",TRUE,80,2103,0.906650448857215
"stat_r80",TRUE,80,2104,0.822523200112937
"stat_r80",TRUE,80,2105,0.793144279146887
"stat_r80",TRUE,80,2106,0.514087328572466
"stat_r80",TRUE,80,2107,0.169800240586143
"stat_r80",TRUE,80,2108,0.0607304420927356
"stat_r80",TRUE,80,2109,0.0112451741163166
"stat_r80",TRUE,80,2110,0.00180546327536317
"stat_r80",TRUE,80,2111,0.000548336753154549
"stat_r80",TRUE,80,2112,0.000321629855380001
"stat_r80",TRUE,80,2113,0.000302662777063547
"stat_r80",TRUE,80,2114,0.00128243909632155
"stat_r80",TRUE,80,2115,0.00884203562842736
"stat_r80",TRUE,80,2116,0.0193569635888336
"stat_r80",TRUE,80,2117,0.0262965038157937
"stat_r80",TRUE,80,2118,0.0302167355899468
"stat_r80",TRUE,80,2119,0.0189682612324905
"stat_r80",TRUE,80,2120,0.0204867931107205
"stat_r80",TRUE,80,2121,0.00807133943713946
"stat_r80",TRUE,80,2122,0.00471748854672303
"stat_r80",TRUE,80,2123,0.00574292550570199
"stat_r80",TRUE,80,2124,0.00922620113044032
"stat_r80",TRUE,80,2125,0.00686141520732891
"stat_r80",TRUE,80,2126,0.00380100532284953
"stat_r80",TRUE,80,2127,0.00515674366851764
"stat_r80",TRUE,80,2128,0.0152549319885764
"stat_r80",TRUE,80,2129,0.0442774838695737
"stat_r80",TRUE,80,2130,0.137657211858911
"stat_r80",TRUE,80,2131,0.278917218450132
"stat_r80",TRUE,80,2132,0.456631980460398
"stat_r80",TRUE,80,2133,0.727293030978814
"stat_r80",TRUE,80,2134,0.779008970484928
"stat_r80",TRUE,80,2135,0.82247960035393
"stat_r80",TRUE,80,2136,0.95087131569243
"stat_r80",TRUE,80,2137,0.974765046334904
"stat_r80",TRUE,80,2138,0.985522647475377
"stat_r80",TRUE,80,2139,0.991147463338531
"stat_r80",TRUE,80,2140,0.994757165018452
"stat_r80",TRUE,80,2141,0.998323371649987
"stat_r80",TRUE,80,2142,0.999265196214664
"stat_r80",TRUE,80,2143,0.999594135906971
"stat_r80",TRUE,80,2144,0.999830331544353
"stat_r80",TRUE,80,2145,0
"stat_r80",TRUE,80,2146,0
"stat_r80",TRUE,80,2147,0
"stat_r80",TRUE,80,2148,0
"stat_r80",TRUE,80,2149,0
"stat_r80",TRUE,80,2150,0
"stat_r80",TRUE,80,2151,0.843150421195503
"stat_r80",TRUE,80,2152,0.892352079795377
"stat_r80",TRUE,80,2153,0.931185268342589
"stat_r80",TRUE,80,2154,0.91158973996928
"stat_r80",TRUE,80,2155,0.905903611063115
"stat_r80",TRUE,80,2156,0.610463894564807
"stat_r80",TRUE,80,2157,0.114881014559407
"stat_r80",TRUE,80,2158,0.0388887365285871
"stat_r80",TRUE,80,2159,0.0141287511487356
"stat_r80",TRUE,80,2160,0.00254039339593356
"stat_r80",TRUE,80,2161,0.000813487099453019
"stat_r80",TRUE,80,2162,0.000390190175379718
"stat_r80",TRUE,80,2163,0.000553869624253285
"stat_r80",TRUE,80,2164,0.0023590312193961
"stat_r80",TRUE,80,2165,0.0151817218151296
"stat_r80",TRUE,80,2166,0.0287307959980169
"stat_r80",TRUE,80,2167,0.0480545436080225
"stat_r80",TRUE,80,2168,0.0539675420146823
"stat_r80",TRUE,80,2169,0.0323841882202017
"stat_r80",TRUE,80,2170,0.0176152323835992
"stat_r80",TRUE,80,2171,0.0138625191415983
"stat_r80",TRUE,80,2172,0.00958828789808666
"stat_r80",TRUE,80,2173,0.00545322774062892
"stat_r80",TRUE,80,2174,0.00620144193503578
"stat_r80",TRUE,80,2175,0.00535644345234032
"stat_r80",TRUE,80,2176,0.00368605268217624
"stat_r80",TRUE,80,2177,0.00394238176479006
"stat_r80",TRUE,80,2178,0.0192600674371714
"stat_r80",TRUE,80,2179,0.0580106058065123
"stat_r80",TRUE,80,2180,0.142044524018432
"stat_r80",TRUE,80,2181,0.281528900883019
"stat_r80",TRUE,80,2182,0.506858835259223
"stat_r80",TRUE,80,2183,0.739240991764087
"stat_r80",TRUE,80,2184,0.817588685221255
"stat_r80",TRUE,80,2185,0.809653162389606
"stat_r80",TRUE,80,2186,0.873404941634975
"stat_r80",TRUE,80,2187,0.928922481785561
"stat_r80",TRUE,80,2188,0.963930299255969
"stat_r80",TRUE,80,2189,0.9788157438492
"stat_r80",TRUE,80,2190,0.987059101005842
"stat_r80",TRUE,80,2191,0.996705787346494
"stat_r80",TRUE,80,2192,0.997861197176179
"stat_r80",TRUE,80,2193,0.998775645980593
"stat_r80",TRUE,80,2194,0.999648081900929
"stat_r80",TRUE,80,2195,0
"stat_r80",TRUE,80,2196,0
"stat_r80",TRUE,80,2197,0
"stat_r80",TRUE,80,2198,0.997038383955235
"stat_r80",TRUE,80,2199,0.994151004205814
"stat_r80",TRUE,80,2200,0.982471838670324
"stat_r80",TRUE,80,2201,0.871571555605287
"stat_r80",TRUE,80,2202,0.926156639398688
"stat_r80",TRUE,80,2203,0.963197580406448
"stat_r80",TRUE,80,2204,0.941406157295609
"stat_r80",TRUE,80,2205,0.901999704333509
"stat_r80",TRUE,80,2206,0.644766151306648
"stat_r80",TRUE,80,2207,0.212847445749244
"stat_r80",TRUE,80,2208,0.105530246006989
"stat_r80",TRUE,80,2209,0.0219273185029939
"stat_r80",TRUE,80,2210,0.00309161599437679
"stat_r80",TRUE,80,2211,0.00150833709965748
"stat_r80",TRUE,80,2212,0.000747025232481049
"stat_r80",TRUE,80,2213,0.00112162777966794
"stat_r80",TRUE,80,2214,0.00220276523879884
"stat_r80",TRUE,80,2215,0.00706652748543179
"stat_r80",TRUE,80,2216,0.03302274213672
"stat_r80",TRUE,80,2217,0.0569452178570039
"stat_r80",TRUE,80,2218,0.0378208266538793
"stat_r80",TRUE,80,2219,0.0214367615134997
"stat_r80",TRUE,80,2220,0.0129218747692845
"stat_r80",TRUE,80,2221,0.0175825026705461
"stat_r80",TRUE,80,2222,0.0202025958178069
"stat_r80",TRUE,80,2223,0.0105792114497688
"stat_r80",TRUE,80,2224,0.00590284601343082
"stat_r80",TRUE,80,2225,0.00396521843091795
"stat_r80",TRUE,80,2226,0.00325755001025847
"stat_r80",TRUE,80,2227,0.00472417514520511
"stat_r80",TRUE,80,2228,0.0159869950263463
"stat_r80",TRUE,80,2229,0.0386088963172041
"stat_r80",TRUE,80,2230,0.103409593884648
"stat_r80",TRUE,80,2231,0.235878386379202
"stat_r80",TRUE,80,2232,0.40781473028176
"stat_r80",TRUE,80,2233,0.513459139087164
"stat_r80",TRUE,80,2234,0.666471285865756
"stat_r80",TRUE,80,2235,0.688543926669983
"stat_r80",TRUE,80,2236,0.774983836082105
"stat_r80",TRUE,80,2237,0.878338729057755
"stat_r80",TRUE,80,2238,0.909644907342324
"stat_r80",TRUE,80,2239,0.940714573236287
"stat_r80",TRUE,80,2240,0.978331753704428
"stat_r80",TRUE,80,2241,0.991706198667384
"stat_r80",TRUE,80,2242,0.994138468627572
"stat_r80",TRUE,80,2243,0.995614110705261
"stat_r80",TRUE,80,2244,0.998830007695945
"stat_r80",TRUE,80,2245,0.999339805078042
"stat_r80",TRUE,80,2246,0.999357333958253
"stat_r80",TRUE,80,2247,0.997901603528551
"stat_r80",TRUE,80,2248,0.993626179959096
"stat_r80",TRUE,80,2249,0.987332379455213
"stat_r80",TRUE,80,2250,0.961703962382002
"stat_r80",TRUE,80,2251,0.852062140872981
"stat_r80",TRUE,80,2252,0.907379434921151
"stat_r80",TRUE,80,2253,0.934022499452197
"stat_r80",TRUE,80,2254,0.845862837813205
"stat_r80",TRUE,80,2255,0.720791670278801
"stat_r80",TRUE,80,2256,0.427206388716724
"stat_r80",TRUE,80,2257,0.17305795587022
"stat_r80",TRUE,80,2258,0.123602117031063
"stat_r80",TRUE,80,2259,0.0350413163680355
"stat_r80",TRUE,80,2260,0.00310614025229724
"stat_r80",TRUE,80,2261,0.00122283960984429
"stat_r80",TRUE,80,2262,0.00111290198657353
"stat_r80",TRUE,80,2263,0.0013897771261914
"stat_r80",TRUE,80,2264,0.00192890038534335
"stat_r80",TRUE,80,2265,0.00506060563383181
"stat_r80",TRUE,80,2266,0.0181099734464665
"stat_r80",TRUE,80,2267,0.0391330118590946
"stat_r80",TRUE,80,2268,0.0371112277796425
"stat_r80",TRUE,80,2269,0.0279464268071438
"stat_r80",TRUE,80,2270,0.0378887644670066
"stat_r80",TRUE,80,2271,0.0705939535160895
"stat_r80",TRUE,80,2272,0.0804956712776803
"stat_r80",TRUE,80,2273,0.0441714568697967
"stat_r80",TRUE,80,2274,0.0123185910959245
"stat_r80",TRUE,80,2275,0.00661637474314944
"stat_r80",TRUE,80,2276,0.00478414472362066
"stat_r80",TRUE,80,2277,0.00482784029926278
"stat_r80",TRUE,80,2278,0.00986008437534476
"stat_r80",TRUE,80,2279,0.0246139260390514
"stat_r80",TRUE,80,2280,0.123677759002879
"stat_r80",TRUE,80,2281,0.286397719026215
"stat_r80",TRUE,80,2282,0.342516340741319
"stat_r80",TRUE,80,2283,0.283873030019177
"stat_r80",TRUE,80,2284,0.353217362493824
"stat_r80",TRUE,80,2285,0.651730910125464
"stat_r80",TRUE,80,2286,0.85902526658109
"stat_r80",TRUE,80,2287,0.899194687003372
"stat_r80",TRUE,80,2288,0.838615775613141
"stat_r80",TRUE,80,2289,0.866434154868652
"stat_r80",TRUE,80,2290,0.968045657498504
"stat_r80",TRUE,80,2291,0.990549473478443
"stat_r80",TRUE,80,2292,0.988399184555027
"stat_r80",TRUE,80,2293,0.990198744812345
"stat_r80",TRUE,80,2294,0.998063122319391
"stat_r80",TRUE,80,2295,0.999226289900458
"stat_r80",TRUE,80,2296,0.999093456986015
"stat_r80",TRUE,80,2297,0.997292129560259
"stat_r80",TRUE,80,2298,0.993775002699833
"stat_r80",TRUE,80,2299,0.983124235063948
"stat_r80",TRUE,80,2300,0.966872382628002
"stat_r80",TRUE,80,2301,0.890526169365573
"stat_r80",TRUE,80,2302,0.88001386496966
"stat_r80",TRUE,80,2303,0.819263768840813
"stat_r80",TRUE,80,2304,0.631196586081617
"stat_r80",TRUE,80,2305,0.608601160083141
"stat_r80",TRUE,80,2306,0.353531690118325
"stat_r80",TRUE,80,2307,0.183630492097652
"stat_r80",TRUE,80,2308,0.142968941322176
"stat_r80",TRUE,80,2309,0.0803540448699879
"stat_r80",TRUE,80,2310,0.0139571111670356
"stat_r80",TRUE,80,2311,0.00326385752640455
"stat_r80",TRUE,80,2312,0.00240199710146993
"stat_r80",TRUE,80,2313,0.000935220169059846
"stat_r80",TRUE,80,2314,0.000745326864374228
"stat_r80",TRUE,80,2315,0.00276111714028478
"stat_r80",TRUE,80,2316,0.00918426251452389
"stat_r80",TRUE,80,2317,0.0271097307274977
"stat_r80",TRUE,80,2318,0.0624632644584586
"stat_r80",TRUE,80,2319,0.0497751341431864
"stat_r80",TRUE,80,2320,0.0526779757401573
"stat_r80",TRUE,80,2321,0.0905400335947295
"stat_r80",TRUE,80,2322,0.166433474447162
"stat_r80",TRUE,80,2323,0.0971188214436101
"stat_r80",TRUE,80,2324,0.0259472555209876
"stat_r80",TRUE,80,2325,0.0127943487178601
"stat_r80",TRUE,80,2326,0.00802132478339662
"stat_r80",TRUE,80,2327,0.0042374560728573
"stat_r80",TRUE,80,2328,0.00471866570755791
"stat_r80",TRUE,80,2329,0.00742467892744392
"stat_r80",TRUE,80,2330,0.0373977352415499
"stat_r80",TRUE,80,2331,0.120176494153225
"stat_r80",TRUE,80,2332,0.183478361765325
"stat_r80",TRUE,80,2333,0.178216722093392
"stat_r80",TRUE,80,2334,0.273703768534545
"stat_r80",TRUE,80,2335,0.68168337782324
"stat_r80",TRUE,80,2336,0.904682375257278
"stat_r80",TRUE,80,2337,0.932052662616464
"stat_r80",TRUE,80,2338,0.872496230114855
"stat_r80",TRUE,80,2339,0.910413316404608
"stat_r80",TRUE,80,2340,0.955902197170451
"stat_r80",TRUE,80,2341,0.98460338040612
"stat_r80",TRUE,80,2342,0.988404741136406
"stat_r80",TRUE,80,2343,0.991740955266642
"stat_r80",TRUE,80,2344,0.998032352662354
"stat_r80",TRUE,80,2345,0.999182489276239
"stat_r80",TRUE,80,2346,0.999483227212596
"stat_r80",TRUE,80,2347,0.999300807219907
"stat_r80",TRUE,80,2348,0.996740148861422
"stat_r80",TRUE,80,2349,0.981344532191823
"stat_r80",TRUE,80,2350,0.969825120858102
"stat_r80",TRUE,80,2351,0.87445194565699
"stat_r80",TRUE,80,2352,0.884338628380672
"stat_r80",TRUE,80,2353,0.75834957484237
"stat_r80",TRUE,80,2354,0.750444805529631
"stat_r80",TRUE,80,2355,0.766235953823883
"stat_r80",TRUE,80,2356,0.498467672613813
"stat_r80",TRUE,80,2357,0.243129767487328
"stat_r80",TRUE,80,2358,0.209888193848252
"stat_r80",TRUE,80,2359,0.110006236874159
"stat_r80",TRUE,80,2360,0.0420567347613996
"stat_r80",TRUE,80,2361,0.00791497994653151
"stat_r80",TRUE,80,2362,0.00237806846875493
"stat_r80",TRUE,80,2363,0.00135372712669288
"stat_r80",TRUE,80,2364,0.00106958373089386
"stat_r80",TRUE,80,2365,0.00280784868731647
"stat_r80",TRUE,80,2366,0.00721519086877392
"stat_r80",TRUE,80,2367,0.0335951563897552
"stat_r80",TRUE,80,2368,0.108162877367368
"stat_r80",TRUE,80,2369,0.0864663592503579
"stat_r80",TRUE,80,2370,0.0888201490915884
"stat_r80",TRUE,80,2371,0.0977426374678162
"stat_r80",TRUE,80,2372,0.126021295618564
"stat_r80",TRUE,80,2373,0.100144867222497
"stat_r80",TRUE,80,2374,0.0385692964783394
"stat_r80",TRUE,80,2375,0.0160936177785002
"stat_r80",TRUE,80,2376,0.00365748215984041
"stat_r80",TRUE,80,2377,0.00318683609684846
"stat_r80",TRUE,80,2378,0.00265079411906869
"stat_r80",TRUE,80,2379,0.00278363790683811
"stat_r80",TRUE,80,2380,0.00854759699379166
"stat_r80",TRUE,80,2381,0.032601417114923
"stat_r80",TRUE,80,2382,0.0617898899194664
"stat_r80",TRUE,80,2383,0.149112284883895
"stat_r80",TRUE,80,2384,0.389405124661601
"stat_r80",TRUE,80,2385,0.746593272926891
"stat_r80",TRUE,80,2386,0.913394131988242
"stat_r80",TRUE,80,2387,0.934230944039888
"stat_r80",TRUE,80,2388,0.874380521308075
"stat_r80",TRUE,80,2389,0.897862744379009
"stat_r80",TRUE,80,2390,0.939653955488123
"stat_r80",TRUE,80,2391,0.954769050907784
"stat_r80",TRUE,80,2392,0.971054991376589
"stat_r80",TRUE,80,2393,0.986455052785523
"stat_r80",TRUE,80,2394,0.995846376719367
"stat_r80",TRUE,80,2395,0.99924895099226
"stat_r80",TRUE,80,2396,0.999570488265067
"stat_r80",TRUE,80,2397,0.999447111354033
"stat_r80",TRUE,80,2398,0.998829941572039
"stat_r80",TRUE,80,2399,0.991785829504841
"stat_r80",TRUE,80,2400,0.980629925165409
"stat_r80",TRUE,80,2401,0.859593738890686
"stat_r80",TRUE,80,2402,0.925129970788122
"stat_r80",TRUE,80,2403,0.858816904206097
"stat_r80",TRUE,80,2404,0.88074221964473
"stat_r80",TRUE,80,2405,0.864754639290937
"stat_r80",TRUE,80,2406,0.582760145447455
"stat_r80",TRUE,80,2407,0.325067347244992
"stat_r80",TRUE,80,2408,0.256502031524018
"stat_r80",TRUE,80,2409,0.185438340017044
"stat_r80",TRUE,80,2410,0.118806601172983
"stat_r80",TRUE,80,2411,0.0268835562273114
"stat_r80",TRUE,80,2412,0.00471460741930986
"stat_r80",TRUE,80,2413,0.00297015611662412
"stat_r80",TRUE,80,2414,0.00279915469441021
"stat_r80",TRUE,80,2415,0.00406884768307576
"stat_r80",TRUE,80,2416,0.0125246219637955
"stat_r80",TRUE,80,2417,0.0582662087882504
"stat_r80",TRUE,80,2418,0.11444398934064
"stat_r80",TRUE,80,2419,0.193741121511954
"stat_r80",TRUE,80,2420,0.218268756840814
"stat_r80",TRUE,80,2421,0.214731578470726
"stat_r80",TRUE,80,2422,0.120512246439978
"stat_r80",TRUE,80,2423,0.0606210256713656
"stat_r80",TRUE,80,2424,0.0266139877475558
"stat_r80",TRUE,80,2425,0.0104670068223485
"stat_r80",TRUE,80,2426,0.0024036511987185
"stat_r80",TRUE,80,2427,0.00106066604987627
"stat_r80",TRUE,80,2428,0.00116915137988846
"stat_r80",TRUE,80,2429,0.00145863867806224
"stat_r80",TRUE,80,2430,0.00441706686016916
"stat_r80",TRUE,80,2431,0.0204744006999284
"stat_r80",TRUE,80,2432,0.028136300436446
"stat_r80",TRUE,80,2433,0.0692426725857588
"stat_r80",TRUE,80,2434,0.322983890066716
"stat_r80",TRUE,80,2435,0.580586213100868
"stat_r80",TRUE,80,2436,0.762988173162786
"stat_r80",TRUE,80,2437,0.834235832505237
"stat_r80",TRUE,80,2438,0.671819678792881
"stat_r80",TRUE,80,2439,0.757509444779299
"stat_r80",TRUE,80,2440,0.831168686379103
"stat_r80",TRUE,80,2441,0.765268936724482
"stat_r80",TRUE,80,2442,0.806370204961914
"stat_r80",TRUE,80,2443,0.939975204088386
"stat_r80",TRUE,80,2444,0.986829416216062
"stat_r80",TRUE,80,2445,0.99740401785955
"stat_r80",TRUE,80,2446,0.998650945945669
"stat_r80",TRUE,80,2447,0.99912260943443
"stat_r80",TRUE,80,2448,0.998870607160025
"stat_r80",TRUE,80,2449,0.995695773467226
"stat_r80",TRUE,80,2450,0.989876401374041
"stat_r80",TRUE,80,2451,0.834610513014951
"stat_r80",TRUE,80,2452,0.898629234203532
"stat_r80",TRUE,80,2453,0.879714847588774
"stat_r80",TRUE,80,2454,0.867124106259472
"stat_r80",TRUE,80,2455,0.790231855912473
"stat_r80",TRUE,80,2456,0.515849264468492
"stat_r80",TRUE,80,2457,0.309940680308162
"stat_r80",TRUE,80,2458,0.32277228237773
"stat_r80",TRUE,80,2459,0.171747580635155
"stat_r80",TRUE,80,2460,0.0977196637728417
"stat_r80",TRUE,80,2461,0.0370247211787774
"stat_r80",TRUE,80,2462,0.0169920748198282
"stat_r80",TRUE,80,2463,0.0198972969994461
"stat_r80",TRUE,80,2464,0.0272894850645869
"stat_r80",TRUE,80,2465,0.0201335265108999
"stat_r80",TRUE,80,2466,0.044397198644468
"stat_r80",TRUE,80,2467,0.143191036685283
"stat_r80",TRUE,80,2468,0.189132957225352
"stat_r80",TRUE,80,2469,0.202610359364366
"stat_r80",TRUE,80,2470,0.206442928122702
"stat_r80",TRUE,80,2471,0.317370635350939
"stat_r80",TRUE,80,2472,0.256808171975015
"stat_r80",TRUE,80,2473,0.0969089112847006
"stat_r80",TRUE,80,2474,0.0195473236159311
"stat_r80",TRUE,80,2475,0.00531509252771862
"stat_r80",TRUE,80,2476,0.00240020295586423
"stat_r80",TRUE,80,2477,0.00133001343211196
"stat_r80",TRUE,80,2478,0.00161549328626238
"stat_r80",TRUE,80,2479,0.00191115794567021
"stat_r80",TRUE,80,2480,0.00391858892792662
"stat_r80",TRUE,80,2481,0.00900182303894993
"stat_r80",TRUE,80,2482,0.0156299634004173
"stat_r80",TRUE,80,2483,0.0342994527811412
"stat_r80",TRUE,80,2484,0.125001624234157
"stat_r80",TRUE,80,2485,0.215237944445727
"stat_r80",TRUE,80,2486,0.481617338682462
"stat_r80",TRUE,80,2487,0.480398736158048
"stat_r80",TRUE,80,2488,0.31795234193038
"stat_r80",TRUE,80,2489,0.431594132098974
"stat_r80",TRUE,80,2490,0.492424341539357
"stat_r80",TRUE,80,2491,0.415259887277761
"stat_r80",TRUE,80,2492,0.515758061650885
"stat_r80",TRUE,80,2493,0.881371173658453
"stat_r80",TRUE,80,2494,0.961448128127692
"stat_r80",TRUE,80,2495,0.989516405942997
"stat_r80",TRUE,80,2496,0.998029869760201
"stat_r80",TRUE,80,2497,0.999186752788055
"stat_r80",TRUE,80,2498,0.998233011821182
"stat_r80",TRUE,80,2499,0.997541066425414
"stat_r80",TRUE,80,2500,0.992734947907342
"stat_r200",TRUE,200,1,0.757371227882533
"stat_r200",TRUE,200,2,0.718834276965109
"stat_r200",TRUE,200,3,0.77425098009064
"stat_r200",TRUE,200,4,0.789062312741554
"stat_r200",TRUE,200,5,0.6107407945307
"stat_r200",TRUE,200,6,0.375947842169175
"stat_r200",TRUE,200,7,0.370922743027378
"stat_r200",TRUE,200,8,0.561240697855312
"stat_r200",TRUE,200,9,0.731355448209925
"stat_r200",TRUE,200,10,0.733337230536142
"stat_r200",TRUE,200,11,0.736850584691378
"stat_r200",TRUE,200,12,0.741473042960223
"stat_r200",TRUE,200,13,0.804708944405702
"stat_r200",TRUE,200,14,0.778309419295367
"stat_r200",TRUE,200,15,0.539014591160118
"stat_r200",TRUE,200,16,0.333003543643783
"stat_r200",TRUE,200,17,0.466760221070455
"stat_r200",TRUE,200,18,0.761047218237516
"stat_r200",TRUE,200,19,0
"stat_r200",TRUE,200,20,0
"stat_r200",TRUE,200,21,0
"stat_r200",TRUE,200,22,0
"stat_r200",TRUE,200,23,0
"stat_r200",TRUE,200,24,0
"stat_r200",TRUE,200,25,0
"stat_r200",TRUE,200,26,0
"stat_r200",TRUE,200,27,0
"stat_r200",TRUE,200,28,0
"stat_r200",TRUE,200,29,0
"stat_r200",TRUE,200,30,0
"stat_r200",TRUE,200,31,0
"stat_r200",TRUE,200,32,0
"stat_r200",TRUE,200,33,0
"stat_r200",TRUE,200,34,0.406733334166529
"stat_r200",TRUE,200,35,0.367080198260739
"stat_r200",TRUE,200,36,0.253918993816252
"stat_r200",TRUE,200,37,0.24347052180219
"stat_r200",TRUE,200,38,0.268556275458347
"stat_r200",TRUE,200,39,0.154925412345111
"stat_r200",TRUE,200,40,0.0390371814268914
"stat_r200",TRUE,200,41,0.036313476979007
"stat_r200",TRUE,200,42,0.0440512992371924
"stat_r200",TRUE,200,43,0.0149582749776921
"stat_r200",TRUE,200,44,0.0109663915720791
"stat_r200",TRUE,200,45,0.0249357882144548
"stat_r200",TRUE,200,46,0.0624726049839514
"stat_r200",TRUE,200,47,0.118028512624289
"stat_r200",TRUE,200,48,0.080760160874173
"stat_r200",TRUE,200,49,0.0208756500948233
"stat_r200",TRUE,200,50,0.00497453444748572
"stat_r200",TRUE,200,51,0.593701310953126
"stat_r200",TRUE,200,52,0.543091145263974
"stat_r200",TRUE,200,53,0.650274536272412
"stat_r200",TRUE,200,54,0.671010310946749
"stat_r200",TRUE,200,55,0.410394079405161
"stat_r200",TRUE,200,56,0.264511005322304
"stat_r200",TRUE,200,57,0.413070792408984
"stat_r200",TRUE,200,58,0.559845399370777
"stat_r200",TRUE,200,59,0.634218286654273
"stat_r200",TRUE,200,60,0.644436396810506
"stat_r200",TRUE,200,61,0.672114204997729
"stat_r200",TRUE,200,62,0.740122358481762
"stat_r200",TRUE,200,63,0.744686372572799
"stat_r200",TRUE,200,64,0.686364570917252
"stat_r200",TRUE,200,65,0.615063709987963
"stat_r200",TRUE,200,66,0.335679022733981
"stat_r200",TRUE,200,67,0
"stat_r200",TRUE,200,68,0
"stat_r200",TRUE,200,69,0
"stat_r200",TRUE,200,70,0
"stat_r200",TRUE,200,71,0
"stat_r200",TRUE,200,72,0
"stat_r200",TRUE,200,73,0
"stat_r200",TRUE,200,74,0
"stat_r200",TRUE,200,75,0
"stat_r200",TRUE,200,76,0
"stat_r200",TRUE,200,77,0
"stat_r200",TRUE,200,78,0
"stat_r200",TRUE,200,79,0
"stat_r200",TRUE,200,80,0
"stat_r200",TRUE,200,81,0
"stat_r200",TRUE,200,82,0
"stat_r200",TRUE,200,83,0.666680049232545
"stat_r200",TRUE,200,84,0.6684711581709
"stat_r200",TRUE,200,85,0.458899946355059
"stat_r200",TRUE,200,86,0.277143760508939
"stat_r200",TRUE,200,87,0.27569689560018
"stat_r200",TRUE,200,88,0.38899522795861
"stat_r200",TRUE,200,89,0.261046917838377
"stat_r200",TRUE,200,90,0.0572150066729653
"stat_r200",TRUE,200,91,0.0590346805748915
"stat_r200",TRUE,200,92,0.0506482327031213
"stat_r200",TRUE,200,93,0.0292191827195959
"stat_r200",TRUE,200,94,0.0383439832673052
"stat_r200",TRUE,200,95,0.0588427499172768
"stat_r200",TRUE,200,96,0.053293447865422
"stat_r200",TRUE,200,97,0.0631384539316111
"stat_r200",TRUE,200,98,0.0853818293181626
"stat_r200",TRUE,200,99,0.0422408170888405
"stat_r200",TRUE,200,100,0.0135442962266172
"stat_r200",TRUE,200,101,0.466159955086103
"stat_r200",TRUE,200,102,0.472441957640924
"stat_r200",TRUE,200,103,0.632907683071861
"stat_r200",TRUE,200,104,0.646880228945491
"stat_r200",TRUE,200,105,0.439654755140172
"stat_r200",TRUE,200,106,0.283621421001058
"stat_r200",TRUE,200,107,0.374969361096906
"stat_r200",TRUE,200,108,0.496023506587722
"stat_r200",TRUE,200,109,0.426400567843061
"stat_r200",TRUE,200,110,0.469858291299855
"stat_r200",TRUE,200,111,0.603550898545433
"stat_r200",TRUE,200,112,0.773383884472428
"stat_r200",TRUE,200,113,0.735780706511186
"stat_r200",TRUE,200,114,0.676247819247513
"stat_r200",TRUE,200,115,0.565958139528821
"stat_r200",TRUE,200,116,0
"stat_r200",TRUE,200,117,0
"stat_r200",TRUE,200,118,0
"stat_r200",TRUE,200,119,0
"stat_r200",TRUE,200,120,0
"stat_r200",TRUE,200,121,0
"stat_r200",TRUE,200,122,0
"stat_r200",TRUE,200,123,0
"stat_r200",TRUE,200,124,0
"stat_r200",TRUE,200,125,0
"stat_r200",TRUE,200,126,0
"stat_r200",TRUE,200,127,0
"stat_r200",TRUE,200,128,0
"stat_r200",TRUE,200,129,0
"stat_r200",TRUE,200,130,0
"stat_r200",TRUE,200,131,0
"stat_r200",TRUE,200,132,0.508998894520348
"stat_r200",TRUE,200,133,0.677752996280869
"stat_r200",TRUE,200,134,0.691523770734379
"stat_r200",TRUE,200,135,0.412603911019628
"stat_r200",TRUE,200,136,0.287995184623111
"stat_r200",TRUE,200,137,0.352639302722093
"stat_r200",TRUE,200,138,0.3722606455886
"stat_r200",TRUE,200,139,0.247154264855457
"stat_r200",TRUE,200,140,0.0670607865361898
"stat_r200",TRUE,200,141,0.0340500827060398
"stat_r200",TRUE,200,142,0.0287816352242203
"stat_r200",TRUE,200,143,0.0436004666259862
"stat_r200",TRUE,200,144,0.145124526081594
"stat_r200",TRUE,200,145,0.145531270921475
"stat_r200",TRUE,200,146,0.0944921818602334
"stat_r200",TRUE,200,147,0.0605883567630889
"stat_r200",TRUE,200,148,0.0862471421320504
"stat_r200",TRUE,200,149,0.077204598422086
"stat_r200",TRUE,200,150,0.0596401039515704
"stat_r200",TRUE,200,151,0.551607252721617
"stat_r200",TRUE,200,152,0.474806783231622
"stat_r200",TRUE,200,153,0.472819162354553
"stat_r200",TRUE,200,154,0.495154037075374
"stat_r200",TRUE,200,155,0.338107365629057
"stat_r200",TRUE,200,156,0.283074649786332
"stat_r200",TRUE,200,157,0.370398695062527
"stat_r200",TRUE,200,158,0.388201541753119
"stat_r200",TRUE,200,159,0.333216116143407
"stat_r200",TRUE,200,160,0.340595938820051
"stat_r200",TRUE,200,161,0.519133290805109
"stat_r200",TRUE,200,162,0.723518976614849
"stat_r200",TRUE,200,163,0.677647049267207
"stat_r200",TRUE,200,164,0
"stat_r200",TRUE,200,165,0
"stat_r200",TRUE,200,166,0
"stat_r200",TRUE,200,167,0
"stat_r200",TRUE,200,168,0
"stat_r200",TRUE,200,169,0
"stat_r200",TRUE,200,170,0
"stat_r200",TRUE,200,171,0
"stat_r200",TRUE,200,172,0
"stat_r200",TRUE,200,173,0
"stat_r200",TRUE,200,174,0
"stat_r200",TRUE,200,175,0
"stat_r200",TRUE,200,176,0
"stat_r200",TRUE,200,177,0
"stat_r200",TRUE,200,178,0
"stat_r200",TRUE,200,179,0
"stat_r200",TRUE,200,180,0
"stat_r200",TRUE,200,181,0
"stat_r200",TRUE,200,182,0.23991321532773
"stat_r200",TRUE,200,183,0.409082375364382
"stat_r200",TRUE,200,184,0.534612813513969
"stat_r200",TRUE,200,185,0.340774499200104
"stat_r200",TRUE,200,186,0.365711988798166
"stat_r200",TRUE,200,187,0.308705213289216
"stat_r200",TRUE,200,188,0.240416118252577
"stat_r200",TRUE,200,189,0.198067035639611
"stat_r200",TRUE,200,190,0.0971269083039115
"stat_r200",TRUE,200,191,0.0507216411066557
"stat_r200",TRUE,200,192,0.0410175584504484
"stat_r200",TRUE,200,193,0.139531544845149
"stat_r200",TRUE,200,194,0.438488342425586
"stat_r200",TRUE,200,195,0.365751607738916
"stat_r200",TRUE,200,196,0.293336592719593
"stat_r200",TRUE,200,197,0.192633290062746
"stat_r200",TRUE,200,198,0.103984630471288
"stat_r200",TRUE,200,199,0.0623208616520238
"stat_r200",TRUE,200,200,0.117826708424997
"stat_r200",TRUE,200,201,0.487873205197315
"stat_r200",TRUE,200,202,0.524201902267182
"stat_r200",TRUE,200,203,0.504385735211691
"stat_r200",TRUE,200,204,0.45056570986469
"stat_r200",TRUE,200,205,0.249880345875512
"stat_r200",TRUE,200,206,0.255751408664562
"stat_r200",TRUE,200,207,0.494243943865429
"stat_r200",TRUE,200,208,0.596281185052748
"stat_r200",TRUE,200,209,0.517605801972311
"stat_r200",TRUE,200,210,0.434502883545411
"stat_r200",TRUE,200,211,0.484003099673318
"stat_r200",TRUE,200,212,0.646932583935115
"stat_r200",TRUE,200,213,0.55639130251119
"stat_r200",TRUE,200,214,0
"stat_r200",TRUE,200,215,0
"stat_r200",TRUE,200,216,0
"stat_r200",TRUE,200,217,0
"stat_r200",TRUE,200,218,0
"stat_r200",TRUE,200,219,0
"stat_r200",TRUE,200,220,0
"stat_r200",TRUE,200,221,0
"stat_r200",TRUE,200,222,0
"stat_r200",TRUE,200,223,0
"stat_r200",TRUE,200,224,0
"stat_r200",TRUE,200,225,0
"stat_r200",TRUE,200,226,0
"stat_r200",TRUE,200,227,0
"stat_r200",TRUE,200,228,0
"stat_r200",TRUE,200,229,0
"stat_r200",TRUE,200,230,0
"stat_r200",TRUE,200,231,0
"stat_r200",TRUE,200,232,0.117805623038314
"stat_r200",TRUE,200,233,0.21953905320184
"stat_r200",TRUE,200,234,0.322854202228645
"stat_r200",TRUE,200,235,0.257635004275234
"stat_r200",TRUE,200,236,0.264642093893515
"stat_r200",TRUE,200,237,0.33789712492255
"stat_r200",TRUE,200,238,0.283672056370738
"stat_r200",TRUE,200,239,0.314110596401321
"stat_r200",TRUE,200,240,0.252179057323662
"stat_r200",TRUE,200,241,0.155705498646103
"stat_r200",TRUE,200,242,0.114749478996216
"stat_r200",TRUE,200,243,0.268473024838729
"stat_r200",TRUE,200,244,0.478466349917614
"stat_r200",TRUE,200,245,0.507888355271681
"stat_r200",TRUE,200,246,0.660022006718693
"stat_r200",TRUE,200,247,0.483680615313374
"stat_r200",TRUE,200,248,0.266163084090498
"stat_r200",TRUE,200,249,0.196539117418593
"stat_r200",TRUE,200,250,0.137652867652009
"stat_r200",TRUE,200,251,0.371536892469253
"stat_r200",TRUE,200,252,0.448546260299879
"stat_r200",TRUE,200,253,0.423791523322614
"stat_r200",TRUE,200,254,0.398107838553836
"stat_r200",TRUE,200,255,0.249089053876789
"stat_r200",TRUE,200,256,0.299126208554442
"stat_r200",TRUE,200,257,0.494964913636853
"stat_r200",TRUE,200,258,0.766435962782249
"stat_r200",TRUE,200,259,0.714281425138018
"stat_r200",TRUE,200,260,0.557030157715228
"stat_r200",TRUE,200,261,0.432505253950843
"stat_r200",TRUE,200,262,0.520533686995981
"stat_r200",TRUE,200,263,0
"stat_r200",TRUE,200,264,0
"stat_r200",TRUE,200,265,0
"stat_r200",TRUE,200,266,0
"stat_r200",TRUE,200,267,0
"stat_r200",TRUE,200,268,0
"stat_r200",TRUE,200,269,0
"stat_r200",TRUE,200,270,0
"stat_r200",TRUE,200,271,0
"stat_r200",TRUE,200,272,0
"stat_r200",TRUE,200,273,0
"stat_r200",TRUE,200,274,0
"stat_r200",TRUE,200,275,0
"stat_r200",TRUE,200,276,0
"stat_r200",TRUE,200,277,0
"stat_r200",TRUE,200,278,0
"stat_r200",TRUE,200,279,0.183476761255024
"stat_r200",TRUE,200,280,0.152922093267575
"stat_r200",TRUE,200,281,0.111833697925732
"stat_r200",TRUE,200,282,0.0710537770402172
"stat_r200",TRUE,200,283,0.150361073066282
"stat_r200",TRUE,200,284,0.25353531352162
"stat_r200",TRUE,200,285,0.354401943540288
"stat_r200",TRUE,200,286,0.392056199311233
"stat_r200",TRUE,200,287,0.423960654805099
"stat_r200",TRUE,200,288,0.469237646931739
"stat_r200",TRUE,200,289,0.540376908025316
"stat_r200",TRUE,200,290,0.415396977276835
"stat_r200",TRUE,200,291,0.232280966429164
"stat_r200",TRUE,200,292,0.269549625551882
"stat_r200",TRUE,200,293,0.460479606487334
"stat_r200",TRUE,200,294,0.613795428336772
"stat_r200",TRUE,200,295,0.738013639888281
"stat_r200",TRUE,200,296,0.78047174570024
"stat_r200",TRUE,200,297,0.693233360624469
"stat_r200",TRUE,200,298,0.546135939128743
"stat_r200",TRUE,200,299,0.376221145299494
"stat_r200",TRUE,200,300,0.144886168669078
"stat_r200",TRUE,200,301,0.12381497141142
"stat_r200",TRUE,200,302,0.170739961861705
"stat_r200",TRUE,200,303,0.168615900465154
"stat_r200",TRUE,200,304,0.154904755467821
"stat_r200",TRUE,200,305,0.150667811211141
"stat_r200",TRUE,200,306,0.187549782001371
"stat_r200",TRUE,200,307,0.295260327929679
"stat_r200",TRUE,200,308,0.630366341302645
"stat_r200",TRUE,200,309,0.647203277175496
"stat_r200",TRUE,200,310,0.484892254312399
"stat_r200",TRUE,200,311,0.386047863069682
"stat_r200",TRUE,200,312,0
"stat_r200",TRUE,200,313,0
"stat_r200",TRUE,200,314,0
"stat_r200",TRUE,200,315,0
"stat_r200",TRUE,200,316,0
"stat_r200",TRUE,200,317,0
"stat_r200",TRUE,200,318,0
"stat_r200",TRUE,200,319,0
"stat_r200",TRUE,200,320,0
"stat_r200",TRUE,200,321,0
"stat_r200",TRUE,200,322,0
"stat_r200",TRUE,200,323,0
"stat_r200",TRUE,200,324,0
"stat_r200",TRUE,200,325,0
"stat_r200",TRUE,200,326,0
"stat_r200",TRUE,200,327,0
"stat_r200",TRUE,200,328,0
"stat_r200",TRUE,200,329,0.148875192605365
"stat_r200",TRUE,200,330,0.126972983841355
"stat_r200",TRUE,200,331,0.0877418867744251
"stat_r200",TRUE,200,332,0.073019787782279
"stat_r200",TRUE,200,333,0.107732789263005
"stat_r200",TRUE,200,334,0.36110455850429
"stat_r200",TRUE,200,335,0.598059319469928
"stat_r200",TRUE,200,336,0.674494009808214
"stat_r200",TRUE,200,337,0.754917463277538
"stat_r200",TRUE,200,338,0.645061889645918
"stat_r200",TRUE,200,339,0.672995326226148
"stat_r200",TRUE,200,340,0.485083463840823
"stat_r200",TRUE,200,341,0.417826662448416
"stat_r200",TRUE,200,342,0.58976936609438
"stat_r200",TRUE,200,343,0.705432851257764
"stat_r200",TRUE,200,344,0.744422181593851
"stat_r200",TRUE,200,345,0.845091628023685
"stat_r200",TRUE,200,346,0.876203246856276
"stat_r200",TRUE,200,347,0.828382703725924
"stat_r200",TRUE,200,348,0.602944339219272
"stat_r200",TRUE,200,349,0.359253548688506
"stat_r200",TRUE,200,350,0.198286126327173
"stat_r200",TRUE,200,351,0.0459379758112594
"stat_r200",TRUE,200,352,0.0733014098274074
"stat_r200",TRUE,200,353,0.104521245030832
"stat_r200",TRUE,200,354,0.0943203412928569
"stat_r200",TRUE,200,355,0.0858524597512668
"stat_r200",TRUE,200,356,0.0933123399288525
"stat_r200",TRUE,200,357,0.126182229433742
"stat_r200",TRUE,200,358,0.392483889565117
"stat_r200",TRUE,200,359,0.438301621802056
"stat_r200",TRUE,200,360,0.413079411516862
"stat_r200",TRUE,200,361,0.312865221198904
"stat_r200",TRUE,200,362,0
"stat_r200",TRUE,200,363,0
"stat_r200",TRUE,200,364,0.156303806847578
"stat_r200",TRUE,200,365,0.0828836615758389
"stat_r200",TRUE,200,366,0.0759321130240824
"stat_r200",TRUE,200,367,0.150039205177413
"stat_r200",TRUE,200,368,0.290707167460033
"stat_r200",TRUE,200,369,0
"stat_r200",TRUE,200,370,0.292423848139856
"stat_r200",TRUE,200,371,0.268462528715186
"stat_r200",TRUE,200,372,0.199611917881431
"stat_r200",TRUE,200,373,0.0566827606076648
"stat_r200",TRUE,200,374,0.0249203010007156
"stat_r200",TRUE,200,375,0
"stat_r200",TRUE,200,376,0
"stat_r200",TRUE,200,377,0.0416165356100975
"stat_r200",TRUE,200,378,0.062609921619578
"stat_r200",TRUE,200,379,0.126012062733014
"stat_r200",TRUE,200,380,0.109832304822613
"stat_r200",TRUE,200,381,0.0596545723557246
"stat_r200",TRUE,200,382,0.0841119611373519
"stat_r200",TRUE,200,383,0.114182407297347
"stat_r200",TRUE,200,384,0.281785114020031
"stat_r200",TRUE,200,385,0.663789435189173
"stat_r200",TRUE,200,386,0.755487394072993
"stat_r200",TRUE,200,387,0.787329843391717
"stat_r200",TRUE,200,388,0.763886243107366
"stat_r200",TRUE,200,389,0.762939045445329
"stat_r200",TRUE,200,390,0.726249911552897
"stat_r200",TRUE,200,391,0.76427357401442
"stat_r200",TRUE,200,392,0.853298651916912
"stat_r200",TRUE,200,393,0.870104542364052
"stat_r200",TRUE,200,394,0.864448755609942
"stat_r200",TRUE,200,395,0.85079065065018
"stat_r200",TRUE,200,396,0.857840673772665
"stat_r200",TRUE,200,397,0.847698827746485
"stat_r200",TRUE,200,398,0.63920727957612
"stat_r200",TRUE,200,399,0.258963507384948
"stat_r200",TRUE,200,400,0.18814657919564
"stat_r200",TRUE,200,401,0.0261121451957424
"stat_r200",TRUE,200,402,0.0491934526730767
"stat_r200",TRUE,200,403,0.0803454542331477
"stat_r200",TRUE,200,404,0.0599544552383645
"stat_r200",TRUE,200,405,0.0498378787273585
"stat_r200",TRUE,200,406,0.0367028002953571
"stat_r200",TRUE,200,407,0.0619905699810416
"stat_r200",TRUE,200,408,0.180286207545315
"stat_r200",TRUE,200,409,0.246923851372086
"stat_r200",TRUE,200,410,0.268499047703844
"stat_r200",TRUE,200,411,0.213473811404869
"stat_r200",TRUE,200,412,0
"stat_r200",TRUE,200,413,0
"stat_r200",TRUE,200,414,0.0429865361424815
"stat_r200",TRUE,200,415,0.0384438985538077
"stat_r200",TRUE,200,416,0.0691797690554723
"stat_r200",TRUE,200,417,0.138143173853211
"stat_r200",TRUE,200,418,0.302134665724079
"stat_r200",TRUE,200,419,0.39986808847755
"stat_r200",TRUE,200,420,0.414127652566373
"stat_r200",TRUE,200,421,0.322649722917741
"stat_r200",TRUE,200,422,0.234926143660636
"stat_r200",TRUE,200,423,0.128414469569235
"stat_r200",TRUE,200,424,0.102388584280004
"stat_r200",TRUE,200,425,0.0761468370478485
"stat_r200",TRUE,200,426,0.0717914196634005
"stat_r200",TRUE,200,427,0.0756291472092946
"stat_r200",TRUE,200,428,0.0954307927513609
"stat_r200",TRUE,200,429,0.144119187242945
"stat_r200",TRUE,200,430,0.113479904921852
"stat_r200",TRUE,200,431,0.0544909307907049
"stat_r200",TRUE,200,432,0.0460130899011446
"stat_r200",TRUE,200,433,0.0769106337007269
"stat_r200",TRUE,200,434,0.225069450247054
"stat_r200",TRUE,200,435,0.718902982204804
"stat_r200",TRUE,200,436,0.801580153890381
"stat_r200",TRUE,200,437,0.786968576409243
"stat_r200",TRUE,200,438,0.756873520368236
"stat_r200",TRUE,200,439,0.757305683109001
"stat_r200",TRUE,200,440,0.789880616278185
"stat_r200",TRUE,200,441,0.876582701637139
"stat_r200",TRUE,200,442,0.932543208935193
"stat_r200",TRUE,200,443,0.91878762670509
"stat_r200",TRUE,200,444,0.86402278645864
"stat_r200",TRUE,200,445,0.739692122578275
"stat_r200",TRUE,200,446,0.715957312756362
"stat_r200",TRUE,200,447,0.645452627014863
"stat_r200",TRUE,200,448,0.504377056938606
"stat_r200",TRUE,200,449,0.280332878352102
"stat_r200",TRUE,200,450,0.163158744753328
"stat_r200",TRUE,200,451,0.0225278758804998
"stat_r200",TRUE,200,452,0.0416102970756463
"stat_r200",TRUE,200,453,0.0554180643058652
"stat_r200",TRUE,200,454,0.0336721624002976
"stat_r200",TRUE,200,455,0.0247471811340993
"stat_r200",TRUE,200,456,0.0178765540484603
"stat_r200",TRUE,200,457,0.0218109112317101
"stat_r200",TRUE,200,458,0.0447161674656946
"stat_r200",TRUE,200,459,0.089763792209765
"stat_r200",TRUE,200,460,0.170011269243042
"stat_r200",TRUE,200,461,0.179730387566166
"stat_r200",TRUE,200,462,0.077402582100359
"stat_r200",TRUE,200,463,0.0441675868709871
"stat_r200",TRUE,200,464,0.0393265195867996
"stat_r200",TRUE,200,465,0.0521110311711113
"stat_r200",TRUE,200,466,0.106859064668331
"stat_r200",TRUE,200,467,0.246519402540992
"stat_r200",TRUE,200,468,0.461647092519061
"stat_r200",TRUE,200,469,0.504196208423943
"stat_r200",TRUE,200,470,0.441622404148728
"stat_r200",TRUE,200,471,0.339109883967091
"stat_r200",TRUE,200,472,0.255779508312823
"stat_r200",TRUE,200,473,0.252026762831155
"stat_r200",TRUE,200,474,0.156434465987637
"stat_r200",TRUE,200,475,0.068287631987396
"stat_r200",TRUE,200,476,0.0635209571386504
"stat_r200",TRUE,200,477,0.118635688364576
"stat_r200",TRUE,200,478,0.0935570918771479
"stat_r200",TRUE,200,479,0.0681707899747429
"stat_r200",TRUE,200,480,0.088327822686889
"stat_r200",TRUE,200,481,0.0455657445171327
"stat_r200",TRUE,200,482,0.034832765550184
"stat_r200",TRUE,200,483,0.0921571191208703
"stat_r200",TRUE,200,484,0.364137936211826
"stat_r200",TRUE,200,485,0.784272376865717
"stat_r200",TRUE,200,486,0.766641087296872
"stat_r200",TRUE,200,487,0.81169617781687
"stat_r200",TRUE,200,488,0.859964831587314
"stat_r200",TRUE,200,489,0.867415353780797
"stat_r200",TRUE,200,490,0.904370372062203
"stat_r200",TRUE,200,491,0.938020939792308
"stat_r200",TRUE,200,492,0.950864655297632
"stat_r200",TRUE,200,493,0.916481473296604
"stat_r200",TRUE,200,494,0.853975209875923
"stat_r200",TRUE,200,495,0.733726452224135
"stat_r200",TRUE,200,496,0.694829476161181
"stat_r200",TRUE,200,497,0.540449950854766
"stat_r200",TRUE,200,498,0.380659725257186
"stat_r200",TRUE,200,499,0.250367559667141
"stat_r200",TRUE,200,500,0.135414537557105
"stat_r200",TRUE,200,501,0.0326215349172108
"stat_r200",TRUE,200,502,0.0419849335386472
"stat_r200",TRUE,200,503,0.0489723523599866
"stat_r200",TRUE,200,504,0.0376249563882049
"stat_r200",TRUE,200,505,0.017945014648541
"stat_r200",TRUE,200,506,0.011771543631616
"stat_r200",TRUE,200,507,0.0167415605059704
"stat_r200",TRUE,200,508,0.0223860701383167
"stat_r200",TRUE,200,509,0.0623576753476976
"stat_r200",TRUE,200,510,0.0998266814296169
"stat_r200",TRUE,200,511,0.226733895867197
"stat_r200",TRUE,200,512,0.267453502068901
"stat_r200",TRUE,200,513,0.112339199661881
"stat_r200",TRUE,200,514,0.0864286323240466
"stat_r200",TRUE,200,515,0.076255720440038
"stat_r200",TRUE,200,516,0.112465891499937
"stat_r200",TRUE,200,517,0.21644851169598
"stat_r200",TRUE,200,518,0.391433160361924
"stat_r200",TRUE,200,519,0.402896223346238
"stat_r200",TRUE,200,520,0.416410940936966
"stat_r200",TRUE,200,521,0.308576529620321
"stat_r200",TRUE,200,522,0.228816579794385
"stat_r200",TRUE,200,523,0.225887985068678
"stat_r200",TRUE,200,524,0.173078925364871
"stat_r200",TRUE,200,525,0.0938537321962893
"stat_r200",TRUE,200,526,0.0951842117785849
"stat_r200",TRUE,200,527,0.119267982335739
"stat_r200",TRUE,200,528,0.0916974658691394
"stat_r200",TRUE,200,529,0.0521247453221506
"stat_r200",TRUE,200,530,0.0635573441095704
"stat_r200",TRUE,200,531,0.0595448484371008
"stat_r200",TRUE,200,532,0.086066050111851
"stat_r200",TRUE,200,533,0.164161291126704
"stat_r200",TRUE,200,534,0.429240152313616
"stat_r200",TRUE,200,535,0.698994759688986
"stat_r200",TRUE,200,536,0.6922175428868
"stat_r200",TRUE,200,537,0.848859114521143
"stat_r200",TRUE,200,538,0.940792416378347
"stat_r200",TRUE,200,539,0.969493615235706
"stat_r200",TRUE,200,540,0.980561945838935
"stat_r200",TRUE,200,541,0.978776058630567
"stat_r200",TRUE,200,542,0.969442834692716
"stat_r200",TRUE,200,543,0.94915705573597
"stat_r200",TRUE,200,544,0.903658877158497
"stat_r200",TRUE,200,545,0.820035853556648
"stat_r200",TRUE,200,546,0.621101807437908
"stat_r200",TRUE,200,547,0.552878607642054
"stat_r200",TRUE,200,548,0.345014886488616
"stat_r200",TRUE,200,549,0.233846955336623
"stat_r200",TRUE,200,550,0.0888958550528542
"stat_r200",TRUE,200,551,0.0305559826677688
"stat_r200",TRUE,200,552,0.032211524499361
"stat_r200",TRUE,200,553,0.0608771894757164
"stat_r200",TRUE,200,554,0.0543174399626481
"stat_r200",TRUE,200,555,0.037700934643585
"stat_r200",TRUE,200,556,0.0198901048518122
"stat_r200",TRUE,200,557,0.0191465637558113
"stat_r200",TRUE,200,558,0.0496228675550499
"stat_r200",TRUE,200,559,0.173459311219752
"stat_r200",TRUE,200,560,0.245295730425576
"stat_r200",TRUE,200,561,0.403828546567242
"stat_r200",TRUE,200,562,0.467050029999215
"stat_r200",TRUE,200,563,0.282125537783904
"stat_r200",TRUE,200,564,0.154815772185532
"stat_r200",TRUE,200,565,0.124361345236276
"stat_r200",TRUE,200,566,0.174518446198551
"stat_r200",TRUE,200,567,0.269756134157294
"stat_r200",TRUE,200,568,0.436036709553429
"stat_r200",TRUE,200,569,0.460241497846708
"stat_r200",TRUE,200,570,0.409262249391525
"stat_r200",TRUE,200,571,0.294970698755618
"stat_r200",TRUE,200,572,0.207297552018825
"stat_r200",TRUE,200,573,0.190452099696069
"stat_r200",TRUE,200,574,0.218335087519538
"stat_r200",TRUE,200,575,0.152737816104316
"stat_r200",TRUE,200,576,0.112588439577735
"stat_r200",TRUE,200,577,0.0836075408425695
"stat_r200",TRUE,200,578,0.0979001245436381
"stat_r200",TRUE,200,579,0.0626194281872759
"stat_r200",TRUE,200,580,0.0532181606322464
"stat_r200",TRUE,200,581,0.132535618642664
"stat_r200",TRUE,200,582,0.200975164746187
"stat_r200",TRUE,200,583,0.163611481816989
"stat_r200",TRUE,200,584,0.326404493053745
"stat_r200",TRUE,200,585,0.589347244837286
"stat_r200",TRUE,200,586,0.638422127977796
"stat_r200",TRUE,200,587,0.920681038997741
"stat_r200",TRUE,200,588,0.982873422739426
"stat_r200",TRUE,200,589,0.990809765859771
"stat_r200",TRUE,200,590,0.992047379429792
"stat_r200",TRUE,200,591,0.992478602138354
"stat_r200",TRUE,200,592,0.988545712449398
"stat_r200",TRUE,200,593,0.972985773581415
"stat_r200",TRUE,200,594,0.927385209115869
"stat_r200",TRUE,200,595,0.826707466129677
"stat_r200",TRUE,200,596,0.717267707048596
"stat_r200",TRUE,200,597,0.670744243633633
"stat_r200",TRUE,200,598,0.477428540934339
"stat_r200",TRUE,200,599,0.387228096801889
"stat_r200",TRUE,200,600,0.209346948633072
"stat_r200",TRUE,200,601,0.0440344633229129
"stat_r200",TRUE,200,602,0.0356474119969225
"stat_r200",TRUE,200,603,0.0943036464926038
"stat_r200",TRUE,200,604,0.145235063011058
"stat_r200",TRUE,200,605,0.148691526805169
"stat_r200",TRUE,200,606,0.0710083304312159
"stat_r200",TRUE,200,607,0.0445042045088763
"stat_r200",TRUE,200,608,0.108241765317177
"stat_r200",TRUE,200,609,0.249467683304031
"stat_r200",TRUE,200,610,0.273277203542481
"stat_r200",TRUE,200,611,0.318775251412486
"stat_r200",TRUE,200,612,0.361871695440517
"stat_r200",TRUE,200,613,0.222866425947728
"stat_r200",TRUE,200,614,0.185100751016358
"stat_r200",TRUE,200,615,0.211624901180688
"stat_r200",TRUE,200,616,0.287031549085562
"stat_r200",TRUE,200,617,0.366035662181646
"stat_r200",TRUE,200,618,0.558968545926155
"stat_r200",TRUE,200,619,0.638086192450586
"stat_r200",TRUE,200,620,0.395691037360021
"stat_r200",TRUE,200,621,0.324313750376607
"stat_r200",TRUE,200,622,0.362277202052758
"stat_r200",TRUE,200,623,0.431609709063971
"stat_r200",TRUE,200,624,0.43115958113331
"stat_r200",TRUE,200,625,0.177668660318338
"stat_r200",TRUE,200,626,0.125505105129251
"stat_r200",TRUE,200,627,0.135522936756668
"stat_r200",TRUE,200,628,0.187050746834514
"stat_r200",TRUE,200,629,0.134901479018036
"stat_r200",TRUE,200,630,0.116637270300633
"stat_r200",TRUE,200,631,0.164430640238125
"stat_r200",TRUE,200,632,0.184632973929001
"stat_r200",TRUE,200,633,0.283653410141185
"stat_r200",TRUE,200,634,0.559845848936005
"stat_r200",TRUE,200,635,0.742209979296788
"stat_r200",TRUE,200,636,0.802664709294531
"stat_r200",TRUE,200,637,0.94649729252129
"stat_r200",TRUE,200,638,0.992784939469001
"stat_r200",TRUE,200,639,0.996221052223925
"stat_r200",TRUE,200,640,0.996565549188329
"stat_r200",TRUE,200,641,0.995354009569383
"stat_r200",TRUE,200,642,0.994824238352425
"stat_r200",TRUE,200,643,0.988861833813163
"stat_r200",TRUE,200,644,0.953806205787195
"stat_r200",TRUE,200,645,0.91233722002592
"stat_r200",TRUE,200,646,0.882732417712544
"stat_r200",TRUE,200,647,0.85139795275385
"stat_r200",TRUE,200,648,0.676154251593734
"stat_r200",TRUE,200,649,0.474190767627996
"stat_r200",TRUE,200,650,0.27092258320774
"stat_r200",TRUE,200,651,0.0610682633743218
"stat_r200",TRUE,200,652,0.0626424015428458
"stat_r200",TRUE,200,653,0.175938504119247
"stat_r200",TRUE,200,654,0.243539343849859
"stat_r200",TRUE,200,655,0.286171281570631
"stat_r200",TRUE,200,656,0.174007522749116
"stat_r200",TRUE,200,657,0.0654878162507076
"stat_r200",TRUE,200,658,0.0747993979528073
"stat_r200",TRUE,200,659,0
"stat_r200",TRUE,200,660,0
"stat_r200",TRUE,200,661,0
"stat_r200",TRUE,200,662,0.320715163781823
"stat_r200",TRUE,200,663,0.213154563894154
"stat_r200",TRUE,200,664,0.191843897823556
"stat_r200",TRUE,200,665,0.292303278181323
"stat_r200",TRUE,200,666,0.439302734106278
"stat_r200",TRUE,200,667,0.540896854590901
"stat_r200",TRUE,200,668,0.735546720205415
"stat_r200",TRUE,200,669,0.755931088515031
"stat_r200",TRUE,200,670,0.501544728590628
"stat_r200",TRUE,200,671,0.49390680940171
"stat_r200",TRUE,200,672,0.517906371388949
"stat_r200",TRUE,200,673,0.713457907834987
"stat_r200",TRUE,200,674,0.603206463276119
"stat_r200",TRUE,200,675,0.308260168499869
"stat_r200",TRUE,200,676,0.12191223283563
"stat_r200",TRUE,200,677,0.181547982652624
"stat_r200",TRUE,200,678,0.436437852955369
"stat_r200",TRUE,200,679,0.452594258184556
"stat_r200",TRUE,200,680,0.402221112324131
"stat_r200",TRUE,200,681,0.355402117849753
"stat_r200",TRUE,200,682,0.505667141366875
"stat_r200",TRUE,200,683,0.561517890456182
"stat_r200",TRUE,200,684,0.737069901612766
"stat_r200",TRUE,200,685,0.859051576466215
"stat_r200",TRUE,200,686,0.95269286344725
"stat_r200",TRUE,200,687,0.98366657525372
"stat_r200",TRUE,200,688,0.996089795843725
"stat_r200",TRUE,200,689,0.997356027172386
"stat_r200",TRUE,200,690,0.997863147186469
"stat_r200",TRUE,200,691,0.996660294389076
"stat_r200",TRUE,200,692,0.991430857933452
"stat_r200",TRUE,200,693,0.986704927955324
"stat_r200",TRUE,200,694,0.966161239753268
"stat_r200",TRUE,200,695,0.929929455995226
"stat_r200",TRUE,200,696,0.887719909679015
"stat_r200",TRUE,200,697,0.835101903287698
"stat_r200",TRUE,200,698,0.706566041053945
"stat_r200",TRUE,200,699,0.553150326561564
"stat_r200",TRUE,200,700,0.289888480910686
"stat_r200",TRUE,200,701,0.164348558261426
"stat_r200",TRUE,200,702,0.221976409659642
"stat_r200",TRUE,200,703,0.440163946163109
"stat_r200",TRUE,200,704,0.5688071744183
"stat_r200",TRUE,200,705,0.450639426797143
"stat_r200",TRUE,200,706,0
"stat_r200",TRUE,200,707,0
"stat_r200",TRUE,200,708,0
"stat_r200",TRUE,200,709,0
"stat_r200",TRUE,200,710,0
"stat_r200",TRUE,200,711,0
"stat_r200",TRUE,200,712,0.27022194643814
"stat_r200",TRUE,200,713,0.22151447941108
"stat_r200",TRUE,200,714,0.150504816241595
"stat_r200",TRUE,200,715,0.384261333394073
"stat_r200",TRUE,200,716,0.663348694829478
"stat_r200",TRUE,200,717,0.796890928937199
"stat_r200",TRUE,200,718,0.885318348726395
"stat_r200",TRUE,200,719,0.905529522396957
"stat_r200",TRUE,200,720,0.83148157043468
"stat_r200",TRUE,200,721,0.755634019277817
"stat_r200",TRUE,200,722,0.658738917432318
"stat_r200",TRUE,200,723,0.742178181501324
"stat_r200",TRUE,200,724,0.662451541791536
"stat_r200",TRUE,200,725,0.449418143116943
"stat_r200",TRUE,200,726,0.255927950213099
"stat_r200",TRUE,200,727,0.246352784256664
"stat_r200",TRUE,200,728,0.498684192090164
"stat_r200",TRUE,200,729,0.602860459086022
"stat_r200",TRUE,200,730,0.720866072189853
"stat_r200",TRUE,200,731,0.668619537906059
"stat_r200",TRUE,200,732,0.741414463032156
"stat_r200",TRUE,200,733,0.805007363986896
"stat_r200",TRUE,200,734,0.897870093683693
"stat_r200",TRUE,200,735,0.967223924060391
"stat_r200",TRUE,200,736,0.99216038526667
"stat_r200",TRUE,200,737,0.993918226873809
"stat_r200",TRUE,200,738,0.994266349969125
"stat_r200",TRUE,200,739,0.994520809443302
"stat_r200",TRUE,200,740,0.996507041786954
"stat_r200",TRUE,200,741,0.99448069138615
"stat_r200",TRUE,200,742,0.990911269248041
"stat_r200",TRUE,200,743,0.98503731148121
"stat_r200",TRUE,200,744,0.956927189181724
"stat_r200",TRUE,200,745,0.911420220884864
"stat_r200",TRUE,200,746,0.909012578729942
"stat_r200",TRUE,200,747,0.778891672738787
"stat_r200",TRUE,200,748,0.575160830489808
"stat_r200",TRUE,200,749,0.358935234241107
"stat_r200",TRUE,200,750,0.314676940936394
"stat_r200",TRUE,200,751,0.434588489090413
"stat_r200",TRUE,200,752,0.484712848695199
"stat_r200",TRUE,200,753,0
"stat_r200",TRUE,200,754,0
"stat_r200",TRUE,200,755,0
"stat_r200",TRUE,200,756,0
"stat_r200",TRUE,200,757,0
"stat_r200",TRUE,200,758,0
"stat_r200",TRUE,200,759,0
"stat_r200",TRUE,200,760,0
"stat_r200",TRUE,200,761,0
"stat_r200",TRUE,200,762,0
"stat_r200",TRUE,200,763,0.16016052726418
"stat_r200",TRUE,200,764,0.23350237404736
"stat_r200",TRUE,200,765,0.486668372615777
"stat_r200",TRUE,200,766,0.763246700805368
"stat_r200",TRUE,200,767,0.867946298865402
"stat_r200",TRUE,200,768,0.843776552074316
"stat_r200",TRUE,200,769,0.901664837310987
"stat_r200",TRUE,200,770,0.894978711077003
"stat_r200",TRUE,200,771,0.818174965424453
"stat_r200",TRUE,200,772,0.721241321761129
"stat_r200",TRUE,200,773,0.676613224166754
"stat_r200",TRUE,200,774,0.630851496008137
"stat_r200",TRUE,200,775,0.571904651742263
"stat_r200",TRUE,200,776,0.525922973678112
"stat_r200",TRUE,200,777,0.441159729027304
"stat_r200",TRUE,200,778,0.61174092872044
"stat_r200",TRUE,200,779,0.815199441623274
"stat_r200",TRUE,200,780,0.903063156485365
"stat_r200",TRUE,200,781,0.886419113995537
"stat_r200",TRUE,200,782,0.832449294719391
"stat_r200",TRUE,200,783,0.864866320899027
"stat_r200",TRUE,200,784,0.935322181564456
"stat_r200",TRUE,200,785,0.985374140014846
"stat_r200",TRUE,200,786,0.996097799117762
"stat_r200",TRUE,200,787,0.995613439594214
"stat_r200",TRUE,200,788,0.987979163437587
"stat_r200",TRUE,200,789,0.981635005338796
"stat_r200",TRUE,200,790,0.975617795127554
"stat_r200",TRUE,200,791,0.974779835110319
"stat_r200",TRUE,200,792,0.978423035422822
"stat_r200",TRUE,200,793,0.977204265678025
"stat_r200",TRUE,200,794,0.97062095511167
"stat_r200",TRUE,200,795,0.946068202984237
"stat_r200",TRUE,200,796,0.864720206858761
"stat_r200",TRUE,200,797,0.767160372363335
"stat_r200",TRUE,200,798,0.579040259165521
"stat_r200",TRUE,200,799,0.340518399469299
"stat_r200",TRUE,200,800,0.354371372603511
"stat_r200",TRUE,200,801,0
"stat_r200",TRUE,200,802,0
"stat_r200",TRUE,200,803,0
"stat_r200",TRUE,200,804,0
"stat_r200",TRUE,200,805,0
"stat_r200",TRUE,200,806,0
"stat_r200",TRUE,200,807,0
"stat_r200",TRUE,200,808,0
"stat_r200",TRUE,200,809,0
"stat_r200",TRUE,200,810,0
"stat_r200",TRUE,200,811,0
"stat_r200",TRUE,200,812,0
"stat_r200",TRUE,200,813,0
"stat_r200",TRUE,200,814,0.420558177571513
"stat_r200",TRUE,200,815,0.519252328278899
"stat_r200",TRUE,200,816,0.673269134329881
"stat_r200",TRUE,200,817,0.792458815214828
"stat_r200",TRUE,200,818,0.762045027424815
"stat_r200",TRUE,200,819,0.816562560862974
"stat_r200",TRUE,200,820,0.795649975454103
"stat_r200",TRUE,200,821,0.842350247741509
"stat_r200",TRUE,200,822,0.775035519547042
"stat_r200",TRUE,200,823,0.751741464215314
"stat_r200",TRUE,200,824,0.828378467322017
"stat_r200",TRUE,200,825,0.854742877512334
"stat_r200",TRUE,200,826,0.843836752393672
"stat_r200",TRUE,200,827,0.846196694751894
"stat_r200",TRUE,200,828,0.913231673605741
"stat_r200",TRUE,200,829,0.949172094350179
"stat_r200",TRUE,200,830,0.96274207183848
"stat_r200",TRUE,200,831,0.943417927647279
"stat_r200",TRUE,200,832,0.930242759822916
"stat_r200",TRUE,200,833,0.953145900186253
"stat_r200",TRUE,200,834,0.971992104910864
"stat_r200",TRUE,200,835,0.986728949416874
"stat_r200",TRUE,200,836,0.993804640775255
"stat_r200",TRUE,200,837,0.988715670277624
"stat_r200",TRUE,200,838,0.974920787952235
"stat_r200",TRUE,200,839,0.946674958189914
"stat_r200",TRUE,200,840,0.95251149789403
"stat_r200",TRUE,200,841,0.948613200971727
"stat_r200",TRUE,200,842,0.969855142204067
"stat_r200",TRUE,200,843,0.982535125678465
"stat_r200",TRUE,200,844,0.982352218963334
"stat_r200",TRUE,200,845,0.964022350981093
"stat_r200",TRUE,200,846,0.888588799604879
"stat_r200",TRUE,200,847,0.78396657204483
"stat_r200",TRUE,200,848,0.622472045888015
"stat_r200",TRUE,200,849,0.33630555303002
"stat_r200",TRUE,200,850,0.26902978544211
"stat_r200",TRUE,200,851,0
"stat_r200",TRUE,200,852,0
"stat_r200",TRUE,200,853,0
"stat_r200",TRUE,200,854,0
"stat_r200",TRUE,200,855,0
"stat_r200",TRUE,200,856,0
"stat_r200",TRUE,200,857,0
"stat_r200",TRUE,200,858,0
"stat_r200",TRUE,200,859,0
"stat_r200",TRUE,200,860,0
"stat_r200",TRUE,200,861,0
"stat_r200",TRUE,200,862,0
"stat_r200",TRUE,200,863,0
"stat_r200",TRUE,200,864,0
"stat_r200",TRUE,200,865,0.691183807652073
"stat_r200",TRUE,200,866,0.646970757308056
"stat_r200",TRUE,200,867,0.730627689088257
"stat_r200",TRUE,200,868,0.714057593991962
"stat_r200",TRUE,200,869,0.739987031873251
"stat_r200",TRUE,200,870,0.769997310928169
"stat_r200",TRUE,200,871,0.838999239098196
"stat_r200",TRUE,200,872,0.814749180194069
"stat_r200",TRUE,200,873,0.867038301874769
"stat_r200",TRUE,200,874,0.951959673843856
"stat_r200",TRUE,200,875,0.963917527414005
"stat_r200",TRUE,200,876,0.973679438893311
"stat_r200",TRUE,200,877,0.979711246386357
"stat_r200",TRUE,200,878,0.98494240067537
"stat_r200",TRUE,200,879,0.98804744717935
"stat_r200",TRUE,200,880,0.980043996311963
"stat_r200",TRUE,200,881,0.954351916605447
"stat_r200",TRUE,200,882,0.977264606139018
"stat_r200",TRUE,200,883,0.986552813883084
"stat_r200",TRUE,200,884,0.989519479424694
"stat_r200",TRUE,200,885,0.981967448603558
"stat_r200",TRUE,200,886,0.981823530822998
"stat_r200",TRUE,200,887,0.975697651092915
"stat_r200",TRUE,200,888,0.955425242577891
"stat_r200",TRUE,200,889,0.907669679700874
"stat_r200",TRUE,200,890,0.933029832171392
"stat_r200",TRUE,200,891,0.959539283014678
"stat_r200",TRUE,200,892,0.9847432372074
"stat_r200",TRUE,200,893,0.990549245479064
"stat_r200",TRUE,200,894,0.991183370758211
"stat_r200",TRUE,200,895,0.98088823073634
"stat_r200",TRUE,200,896,0.885614206176931
"stat_r200",TRUE,200,897,0.752920678098438
"stat_r200",TRUE,200,898,0.580423419066867
"stat_r200",TRUE,200,899,0.367907399790256
"stat_r200",TRUE,200,900,0.221516130200969
"stat_r200",TRUE,200,901,0
"stat_r200",TRUE,200,902,0
"stat_r200",TRUE,200,903,0
"stat_r200",TRUE,200,904,0
"stat_r200",TRUE,200,905,0
"stat_r200",TRUE,200,906,0
"stat_r200",TRUE,200,907,0
"stat_r200",TRUE,200,908,0
"stat_r200",TRUE,200,909,0
"stat_r200",TRUE,200,910,0
"stat_r200",TRUE,200,911,0
"stat_r200",TRUE,200,912,0
"stat_r200",TRUE,200,913,0
"stat_r200",TRUE,200,914,0
"stat_r200",TRUE,200,915,0
"stat_r200",TRUE,200,916,0
"stat_r200",TRUE,200,917,0
"stat_r200",TRUE,200,918,0
"stat_r200",TRUE,200,919,0.697349734325929
"stat_r200",TRUE,200,920,0.713827112516706
"stat_r200",TRUE,200,921,0.770331308163321
"stat_r200",TRUE,200,922,0.783980283425777
"stat_r200",TRUE,200,923,0.900161163421947
"stat_r200",TRUE,200,924,0.933982514714404
"stat_r200",TRUE,200,925,0.96664268725111
"stat_r200",TRUE,200,926,0.981896701371822
"stat_r200",TRUE,200,927,0.99038928714487
"stat_r200",TRUE,200,928,0.990978886754142
"stat_r200",TRUE,200,929,0.9842463795761
"stat_r200",TRUE,200,930,0.983036543533441
"stat_r200",TRUE,200,931,0.974976716069331
"stat_r200",TRUE,200,932,0.971262565221124
"stat_r200",TRUE,200,933,0.978637216353083
"stat_r200",TRUE,200,934,0.97712646409468
"stat_r200",TRUE,200,935,0.959128278643239
"stat_r200",TRUE,200,936,0.952141538891948
"stat_r200",TRUE,200,937,0.946461256922031
"stat_r200",TRUE,200,938,0.906662211947318
"stat_r200",TRUE,200,939,0.85917681522173
"stat_r200",TRUE,200,940,0.90179516654527
"stat_r200",TRUE,200,941,0.958933798928543
"stat_r200",TRUE,200,942,0.991492065033749
"stat_r200",TRUE,200,943,0.994394994470135
"stat_r200",TRUE,200,944,0.99104054032156
"stat_r200",TRUE,200,945,0.987026227464095
"stat_r200",TRUE,200,946,0.905987570365511
"stat_r200",TRUE,200,947,0.614325329370421
"stat_r200",TRUE,200,948,0.390331276213826
"stat_r200",TRUE,200,949,0.188112481567853
"stat_r200",TRUE,200,950,0.0799907455675113
"stat_r200",TRUE,200,951,0
"stat_r200",TRUE,200,952,0
"stat_r200",TRUE,200,953,0
"stat_r200",TRUE,200,954,0
"stat_r200",TRUE,200,955,0
"stat_r200",TRUE,200,956,0
"stat_r200",TRUE,200,957,0
"stat_r200",TRUE,200,958,0
"stat_r200",TRUE,200,959,0
"stat_r200",TRUE,200,960,0
"stat_r200",TRUE,200,961,0
"stat_r200",TRUE,200,962,0
"stat_r200",TRUE,200,963,0
"stat_r200",TRUE,200,964,0
"stat_r200",TRUE,200,965,0
"stat_r200",TRUE,200,966,0
"stat_r200",TRUE,200,967,0
"stat_r200",TRUE,200,968,0
"stat_r200",TRUE,200,969,0
"stat_r200",TRUE,200,970,0.710456864482567
"stat_r200",TRUE,200,971,0.667043330035027
"stat_r200",TRUE,200,972,0.724226058120336
"stat_r200",TRUE,200,973,0.917960860456701
"stat_r200",TRUE,200,974,0.941960178915318
"stat_r200",TRUE,200,975,0.970852995435777
"stat_r200",TRUE,200,976,0.986894376680615
"stat_r200",TRUE,200,977,0.992676268198404
"stat_r200",TRUE,200,978,0.981488549243996
"stat_r200",TRUE,200,979,0.974884418487526
"stat_r200",TRUE,200,980,0.97380177983409
"stat_r200",TRUE,200,981,0.972041151822007
"stat_r200",TRUE,200,982,0.967037342637085
"stat_r200",TRUE,200,983,0.974398991530249
"stat_r200",TRUE,200,984,0.964239809812269
"stat_r200",TRUE,200,985,0.934009068112431
"stat_r200",TRUE,200,986,0.905913894901123
"stat_r200",TRUE,200,987,0.870317933816469
"stat_r200",TRUE,200,988,0.782510585463809
"stat_r200",TRUE,200,989,0.694886402928325
"stat_r200",TRUE,200,990,0.853671763568178
"stat_r200",TRUE,200,991,0.922177470527427
"stat_r200",TRUE,200,992,0.979751053853944
"stat_r200",TRUE,200,993,0.988410408157228
"stat_r200",TRUE,200,994,0.96725502940238
"stat_r200",TRUE,200,995,0.953189453110076
"stat_r200",TRUE,200,996,0.845549342263562
"stat_r200",TRUE,200,997,0.385749069613238
"stat_r200",TRUE,200,998,0.15025696305571
"stat_r200",TRUE,200,999,0.113422277350135
"stat_r200",TRUE,200,1000,0.0566285586887584
"stat_r200",TRUE,200,1001,0
"stat_r200",TRUE,200,1002,0
"stat_r200",TRUE,200,1003,0
"stat_r200",TRUE,200,1004,0
"stat_r200",TRUE,200,1005,0
"stat_r200",TRUE,200,1006,0
"stat_r200",TRUE,200,1007,0
"stat_r200",TRUE,200,1008,0
"stat_r200",TRUE,200,1009,0
"stat_r200",TRUE,200,1010,0
"stat_r200",TRUE,200,1011,0
"stat_r200",TRUE,200,1012,0
"stat_r200",TRUE,200,1013,0
"stat_r200",TRUE,200,1014,0
"stat_r200",TRUE,200,1015,0
"stat_r200",TRUE,200,1016,0
"stat_r200",TRUE,200,1017,0
"stat_r200",TRUE,200,1018,0
"stat_r200",TRUE,200,1019,0
"stat_r200",TRUE,200,1020,0
"stat_r200",TRUE,200,1021,0.576023632326873
"stat_r200",TRUE,200,1022,0.719949362710245
"stat_r200",TRUE,200,1023,0.918318041011793
"stat_r200",TRUE,200,1024,0.941130197319453
"stat_r200",TRUE,200,1025,0.953669608259592
"stat_r200",TRUE,200,1026,0.983610297254165
"stat_r200",TRUE,200,1027,0.983197599725987
"stat_r200",TRUE,200,1028,0.961280117467978
"stat_r200",TRUE,200,1029,0.939311579955804
"stat_r200",TRUE,200,1030,0.911862007856146
"stat_r200",TRUE,200,1031,0.946169641937783
"stat_r200",TRUE,200,1032,0.968813882467467
"stat_r200",TRUE,200,1033,0.974333291230555
"stat_r200",TRUE,200,1034,0.957922137102427
"stat_r200",TRUE,200,1035,0.899534099810009
"stat_r200",TRUE,200,1036,0.80548739616333
"stat_r200",TRUE,200,1037,0.689210946482998
"stat_r200",TRUE,200,1038,0.691128604494996
"stat_r200",TRUE,200,1039,0.619134043754061
"stat_r200",TRUE,200,1040,0.701969107224114
"stat_r200",TRUE,200,1041,0.716030982726318
"stat_r200",TRUE,200,1042,0.82068446661916
"stat_r200",TRUE,200,1043,0.947747455718759
"stat_r200",TRUE,200,1044,0.877281723652196
"stat_r200",TRUE,200,1045,0.788784094754747
"stat_r200",TRUE,200,1046,0.602534290225997
"stat_r200",TRUE,200,1047,0.296851750432542
"stat_r200",TRUE,200,1048,0.126547930647738
"stat_r200",TRUE,200,1049,0.0960048880035154
"stat_r200",TRUE,200,1050,0.108717564469409
"stat_r200",TRUE,200,1051,0
"stat_r200",TRUE,200,1052,0
"stat_r200",TRUE,200,1053,0
"stat_r200",TRUE,200,1054,0
"stat_r200",TRUE,200,1055,0
"stat_r200",TRUE,200,1056,0
"stat_r200",TRUE,200,1057,0
"stat_r200",TRUE,200,1058,0
"stat_r200",TRUE,200,1059,0
"stat_r200",TRUE,200,1060,0
"stat_r200",TRUE,200,1061,0
"stat_r200",TRUE,200,1062,0
"stat_r200",TRUE,200,1063,0
"stat_r200",TRUE,200,1064,0
"stat_r200",TRUE,200,1065,0
"stat_r200",TRUE,200,1066,0
"stat_r200",TRUE,200,1067,0
"stat_r200",TRUE,200,1068,0
"stat_r200",TRUE,200,1069,0
"stat_r200",TRUE,200,1070,0
"stat_r200",TRUE,200,1071,0.607126074548349
"stat_r200",TRUE,200,1072,0.659800124745407
"stat_r200",TRUE,200,1073,0.8621291668109
"stat_r200",TRUE,200,1074,0.919700313897454
"stat_r200",TRUE,200,1075,0.912552518280221
"stat_r200",TRUE,200,1076,0.91414366281523
"stat_r200",TRUE,200,1077,0.923473250944761
"stat_r200",TRUE,200,1078,0.830693163391355
"stat_r200",TRUE,200,1079,0.815045094582953
"stat_r200",TRUE,200,1080,0.868104919009463
"stat_r200",TRUE,200,1081,0.923081594095761
"stat_r200",TRUE,200,1082,0.959094763734502
"stat_r200",TRUE,200,1083,0.945894378483101
"stat_r200",TRUE,200,1084,0.901850567053995
"stat_r200",TRUE,200,1085,0.792514481080214
"stat_r200",TRUE,200,1086,0.408203786847429
"stat_r200",TRUE,200,1087,0.362498652737097
"stat_r200",TRUE,200,1088,0.576564375073297
"stat_r200",TRUE,200,1089,0.599830971084151
"stat_r200",TRUE,200,1090,0.540686804961007
"stat_r200",TRUE,200,1091,0.623870641708357
"stat_r200",TRUE,200,1092,0.647274267874498
"stat_r200",TRUE,200,1093,0.758459370188453
"stat_r200",TRUE,200,1094,0.710362991462788
"stat_r200",TRUE,200,1095,0.616604168330192
"stat_r200",TRUE,200,1096,0.49198632419334
"stat_r200",TRUE,200,1097,0.270813991521275
"stat_r200",TRUE,200,1098,0.233677628781724
"stat_r200",TRUE,200,1099,0.186181394920578
"stat_r200",TRUE,200,1100,0.238787932014405
"stat_r200",TRUE,200,1101,0
"stat_r200",TRUE,200,1102,0
"stat_r200",TRUE,200,1103,0
"stat_r200",TRUE,200,1104,0
"stat_r200",TRUE,200,1105,0
"stat_r200",TRUE,200,1106,0
"stat_r200",TRUE,200,1107,0
"stat_r200",TRUE,200,1108,0
"stat_r200",TRUE,200,1109,0
"stat_r200",TRUE,200,1110,0
"stat_r200",TRUE,200,1111,0
"stat_r200",TRUE,200,1112,0
"stat_r200",TRUE,200,1113,0
"stat_r200",TRUE,200,1114,0
"stat_r200",TRUE,200,1115,0
"stat_r200",TRUE,200,1116,0
"stat_r200",TRUE,200,1117,0
"stat_r200",TRUE,200,1118,0
"stat_r200",TRUE,200,1119,0
"stat_r200",TRUE,200,1120,0
"stat_r200",TRUE,200,1121,0
"stat_r200",TRUE,200,1122,0.624509391562613
"stat_r200",TRUE,200,1123,0.66814858525157
"stat_r200",TRUE,200,1124,0.788140294701974
"stat_r200",TRUE,200,1125,0.72022555770779
"stat_r200",TRUE,200,1126,0.708318515899129
"stat_r200",TRUE,200,1127,0.80791470447452
"stat_r200",TRUE,200,1128,0.790210903145482
"stat_r200",TRUE,200,1129,0.775616704561842
"stat_r200",TRUE,200,1130,0.873906748506603
"stat_r200",TRUE,200,1131,0.935279978920439
"stat_r200",TRUE,200,1132,0.967886340268722
"stat_r200",TRUE,200,1133,0.958332618119898
"stat_r200",TRUE,200,1134,0.815496992002604
"stat_r200",TRUE,200,1135,0.488359151034039
"stat_r200",TRUE,200,1136,0.194986641482214
"stat_r200",TRUE,200,1137,0.177574341128001
"stat_r200",TRUE,200,1138,0.300096272154976
"stat_r200",TRUE,200,1139,0.417533688078019
"stat_r200",TRUE,200,1140,0.486317491609731
"stat_r200",TRUE,200,1141,0.403744315120196
"stat_r200",TRUE,200,1142,0.435177082533845
"stat_r200",TRUE,200,1143,0.446379065110592
"stat_r200",TRUE,200,1144,0.559126926621685
"stat_r200",TRUE,200,1145,0.690733066676904
"stat_r200",TRUE,200,1146,0.627633224322975
"stat_r200",TRUE,200,1147,0.521671195304112
"stat_r200",TRUE,200,1148,0.52078281013322
"stat_r200",TRUE,200,1149,0.368356044556691
"stat_r200",TRUE,200,1150,0.366661892384437
"stat_r200",TRUE,200,1151,0
"stat_r200",TRUE,200,1152,0
"stat_r200",TRUE,200,1153,0
"stat_r200",TRUE,200,1154,0
"stat_r200",TRUE,200,1155,0
"stat_r200",TRUE,200,1156,0
"stat_r200",TRUE,200,1157,0
"stat_r200",TRUE,200,1158,0
"stat_r200",TRUE,200,1159,0
"stat_r200",TRUE,200,1160,0
"stat_r200",TRUE,200,1161,0
"stat_r200",TRUE,200,1162,0
"stat_r200",TRUE,200,1163,0
"stat_r200",TRUE,200,1164,0
"stat_r200",TRUE,200,1165,0
"stat_r200",TRUE,200,1166,0
"stat_r200",TRUE,200,1167,0
"stat_r200",TRUE,200,1168,0
"stat_r200",TRUE,200,1169,0
"stat_r200",TRUE,200,1170,0
"stat_r200",TRUE,200,1171,0.459726102907949
"stat_r200",TRUE,200,1172,0.468066255303784
"stat_r200",TRUE,200,1173,0.453308778903647
"stat_r200",TRUE,200,1174,0.463102015560087
"stat_r200",TRUE,200,1175,0.422500829310973
"stat_r200",TRUE,200,1176,0.442103138107213
"stat_r200",TRUE,200,1177,0.727205864463453
"stat_r200",TRUE,200,1178,0.815082280818358
"stat_r200",TRUE,200,1179,0.798731178970575
"stat_r200",TRUE,200,1180,0.889324337049613
"stat_r200",TRUE,200,1181,0.947398839615569
"stat_r200",TRUE,200,1182,0.958667386277756
"stat_r200",TRUE,200,1183,0.922101407934996
"stat_r200",TRUE,200,1184,0.834354528186077
"stat_r200",TRUE,200,1185,0.547001214807131
"stat_r200",TRUE,200,1186,0.287228350698737
"stat_r200",TRUE,200,1187,0.241690799279708
"stat_r200",TRUE,200,1188,0.156155929688836
"stat_r200",TRUE,200,1189,0.241048297952464
"stat_r200",TRUE,200,1190,0.317075150868296
"stat_r200",TRUE,200,1191,0.246595520654951
"stat_r200",TRUE,200,1192,0.253159533877824
"stat_r200",TRUE,200,1193,0.318050415976271
"stat_r200",TRUE,200,1194,0.498182196834968
"stat_r200",TRUE,200,1195,0.609483330696535
"stat_r200",TRUE,200,1196,0.415151889577446
"stat_r200",TRUE,200,1197,0.500282044317546
"stat_r200",TRUE,200,1198,0.620980062527176
"stat_r200",TRUE,200,1199,0.407927942884987
"stat_r200",TRUE,200,1200,0.357130962852954
"stat_r200",TRUE,200,1201,0
"stat_r200",TRUE,200,1202,0
"stat_r200",TRUE,200,1203,0
"stat_r200",TRUE,200,1204,0
"stat_r200",TRUE,200,1205,0
"stat_r200",TRUE,200,1206,0
"stat_r200",TRUE,200,1207,0
"stat_r200",TRUE,200,1208,0
"stat_r200",TRUE,200,1209,0
"stat_r200",TRUE,200,1210,0
"stat_r200",TRUE,200,1211,0
"stat_r200",TRUE,200,1212,0
"stat_r200",TRUE,200,1213,0
"stat_r200",TRUE,200,1214,0
"stat_r200",TRUE,200,1215,0
"stat_r200",TRUE,200,1216,0
"stat_r200",TRUE,200,1217,0
"stat_r200",TRUE,200,1218,0
"stat_r200",TRUE,200,1219,0
"stat_r200",TRUE,200,1220,0
"stat_r200",TRUE,200,1221,0.167858996747099
"stat_r200",TRUE,200,1222,0.0949359168475923
"stat_r200",TRUE,200,1223,0.0864423816607348
"stat_r200",TRUE,200,1224,0.120253596553009
"stat_r200",TRUE,200,1225,0.134122396380215
"stat_r200",TRUE,200,1226,0.287484019689394
"stat_r200",TRUE,200,1227,0.553641252333362
"stat_r200",TRUE,200,1228,0.623322548183749
"stat_r200",TRUE,200,1229,0.712802497726359
"stat_r200",TRUE,200,1230,0.820742804594284
"stat_r200",TRUE,200,1231,0.852278092314265
"stat_r200",TRUE,200,1232,0.903485983242107
"stat_r200",TRUE,200,1233,0.870756637131838
"stat_r200",TRUE,200,1234,0.839434213585933
"stat_r200",TRUE,200,1235,0.696105043510955
"stat_r200",TRUE,200,1236,0.396737912403966
"stat_r200",TRUE,200,1237,0.275900841924382
"stat_r200",TRUE,200,1238,0.0850026482141325
"stat_r200",TRUE,200,1239,0.129773794179376
"stat_r200",TRUE,200,1240,0.24481195845427
"stat_r200",TRUE,200,1241,0.287766024022136
"stat_r200",TRUE,200,1242,0.238257794852032
"stat_r200",TRUE,200,1243,0.275175173841359
"stat_r200",TRUE,200,1244,0.289504371984513
"stat_r200",TRUE,200,1245,0.264127083998197
"stat_r200",TRUE,200,1246,0.250096778178175
"stat_r200",TRUE,200,1247,0.357620538320101
"stat_r200",TRUE,200,1248,0.383662624787585
"stat_r200",TRUE,200,1249,0.247078217705278
"stat_r200",TRUE,200,1250,0.277386161975943
"stat_r200",TRUE,200,1251,0
"stat_r200",TRUE,200,1252,0
"stat_r200",TRUE,200,1253,0
"stat_r200",TRUE,200,1254,0
"stat_r200",TRUE,200,1255,0
"stat_r200",TRUE,200,1256,0
"stat_r200",TRUE,200,1257,0
"stat_r200",TRUE,200,1258,0
"stat_r200",TRUE,200,1259,0
"stat_r200",TRUE,200,1260,0
"stat_r200",TRUE,200,1261,0
"stat_r200",TRUE,200,1262,0
"stat_r200",TRUE,200,1263,0
"stat_r200",TRUE,200,1264,0
"stat_r200",TRUE,200,1265,0
"stat_r200",TRUE,200,1266,0
"stat_r200",TRUE,200,1267,0
"stat_r200",TRUE,200,1268,0
"stat_r200",TRUE,200,1269,0
"stat_r200",TRUE,200,1270,0.0653178833739945
"stat_r200",TRUE,200,1271,0.0250544848697307
"stat_r200",TRUE,200,1272,0.0150346853195268
"stat_r200",TRUE,200,1273,0.0181336700663083
"stat_r200",TRUE,200,1274,0.0543805416696995
"stat_r200",TRUE,200,1275,0.0855170715761407
"stat_r200",TRUE,200,1276,0.153760069410342
"stat_r200",TRUE,200,1277,0.187856117612005
"stat_r200",TRUE,200,1278,0.392285561599555
"stat_r200",TRUE,200,1279,0.497777745977491
"stat_r200",TRUE,200,1280,0.532357816238724
"stat_r200",TRUE,200,1281,0.496962258424167
"stat_r200",TRUE,200,1282,0.677667106633831
"stat_r200",TRUE,200,1283,0.801452704387473
"stat_r200",TRUE,200,1284,0.749968427182
"stat_r200",TRUE,200,1285,0.539893587252121
"stat_r200",TRUE,200,1286,0.31944335939973
"stat_r200",TRUE,200,1287,0.164542966229831
"stat_r200",TRUE,200,1288,0.0511510399137668
"stat_r200",TRUE,200,1289,0.0550061439722848
"stat_r200",TRUE,200,1290,0.160303304122292
"stat_r200",TRUE,200,1291,0.262894920722086
"stat_r200",TRUE,200,1292,0.219374137075418
"stat_r200",TRUE,200,1293,0.156646175061981
"stat_r200",TRUE,200,1294,0.162191895890871
"stat_r200",TRUE,200,1295,0.135474319434506
"stat_r200",TRUE,200,1296,0.133467852072133
"stat_r200",TRUE,200,1297,0.17389047400794
"stat_r200",TRUE,200,1298,0.145802153824602
"stat_r200",TRUE,200,1299,0.0914801980541421
"stat_r200",TRUE,200,1300,0.0984143214367152
"stat_r200",TRUE,200,1301,0
"stat_r200",TRUE,200,1302,0
"stat_r200",TRUE,200,1303,0
"stat_r200",TRUE,200,1304,0
"stat_r200",TRUE,200,1305,0
"stat_r200",TRUE,200,1306,0
"stat_r200",TRUE,200,1307,0
"stat_r200",TRUE,200,1308,0
"stat_r200",TRUE,200,1309,0
"stat_r200",TRUE,200,1310,0
"stat_r200",TRUE,200,1311,0
"stat_r200",TRUE,200,1312,0
"stat_r200",TRUE,200,1313,0
"stat_r200",TRUE,200,1314,0
"stat_r200",TRUE,200,1315,0
"stat_r200",TRUE,200,1316,0
"stat_r200",TRUE,200,1317,0
"stat_r200",TRUE,200,1318,0
"stat_r200",TRUE,200,1319,0
"stat_r200",TRUE,200,1320,0.0559721555693487
"stat_r200",TRUE,200,1321,0.0187562356808511
"stat_r200",TRUE,200,1322,0.0113410475334599
"stat_r200",TRUE,200,1323,0.0195481748056252
"stat_r200",TRUE,200,1324,0.0443801136822125
"stat_r200",TRUE,200,1325,0.0607725354696689
"stat_r200",TRUE,200,1326,0.0486537141972807
"stat_r200",TRUE,200,1327,0.0817334331019927
"stat_r200",TRUE,200,1328,0.207382613218587
"stat_r200",TRUE,200,1329,0.364130526526917
"stat_r200",TRUE,200,1330,0.296893389245866
"stat_r200",TRUE,200,1331,0.259887066971432
"stat_r200",TRUE,200,1332,0.441366034724411
"stat_r200",TRUE,200,1333,0.693419897233318
"stat_r200",TRUE,200,1334,0.555646135450657
"stat_r200",TRUE,200,1335,0.289004101783247
"stat_r200",TRUE,200,1336,0.151564030675933
"stat_r200",TRUE,200,1337,0.0563557643146619
"stat_r200",TRUE,200,1338,0.0291353211875053
"stat_r200",TRUE,200,1339,0.0310135687899295
"stat_r200",TRUE,200,1340,0.0501758229917673
"stat_r200",TRUE,200,1341,0.066468781730655
"stat_r200",TRUE,200,1342,0.0533274772854298
"stat_r200",TRUE,200,1343,0.0628774670573354
"stat_r200",TRUE,200,1344,0.073940065438076
"stat_r200",TRUE,200,1345,0.0783134031625519
"stat_r200",TRUE,200,1346,0.122470495540477
"stat_r200",TRUE,200,1347,0.110181066983841
"stat_r200",TRUE,200,1348,0.0958328068801411
"stat_r200",TRUE,200,1349,0.0493721271284096
"stat_r200",TRUE,200,1350,0.0303463729565947
"stat_r200",TRUE,200,1351,0
"stat_r200",TRUE,200,1352,0
"stat_r200",TRUE,200,1353,0
"stat_r200",TRUE,200,1354,0
"stat_r200",TRUE,200,1355,0
"stat_r200",TRUE,200,1356,0
"stat_r200",TRUE,200,1357,0
"stat_r200",TRUE,200,1358,0
"stat_r200",TRUE,200,1359,0
"stat_r200",TRUE,200,1360,0
"stat_r200",TRUE,200,1361,0
"stat_r200",TRUE,200,1362,0
"stat_r200",TRUE,200,1363,0
"stat_r200",TRUE,200,1364,0
"stat_r200",TRUE,200,1365,0
"stat_r200",TRUE,200,1366,0
"stat_r200",TRUE,200,1367,0
"stat_r200",TRUE,200,1368,0
"stat_r200",TRUE,200,1369,0
"stat_r200",TRUE,200,1370,0
"stat_r200",TRUE,200,1371,0.0548799057798008
"stat_r200",TRUE,200,1372,0.027901523376213
"stat_r200",TRUE,200,1373,0.0462133930912933
"stat_r200",TRUE,200,1374,0.0409661635484115
"stat_r200",TRUE,200,1375,0.0417413237763908
"stat_r200",TRUE,200,1376,0.0385796480074899
"stat_r200",TRUE,200,1377,0.0617553535070937
"stat_r200",TRUE,200,1378,0.111122897438759
"stat_r200",TRUE,200,1379,0.193075116328763
"stat_r200",TRUE,200,1380,0.18668962021715
"stat_r200",TRUE,200,1381,0.227409778205624
"stat_r200",TRUE,200,1382,0.415078060178811
"stat_r200",TRUE,200,1383,0.499987386792327
"stat_r200",TRUE,200,1384,0.336321072829242
"stat_r200",TRUE,200,1385,0.179711056552059
"stat_r200",TRUE,200,1386,0.102079354126262
"stat_r200",TRUE,200,1387,0.0359375706858925
"stat_r200",TRUE,200,1388,0.016091782639447
"stat_r200",TRUE,200,1389,0.0138721698552075
"stat_r200",TRUE,200,1390,0.0146730520784776
"stat_r200",TRUE,200,1391,0.00943416976161
"stat_r200",TRUE,200,1392,0.00754771799816238
"stat_r200",TRUE,200,1393,0.0114872532615283
"stat_r200",TRUE,200,1394,0.0208987525381059
"stat_r200",TRUE,200,1395,0.0678808661332384
"stat_r200",TRUE,200,1396,0.101488277602768
"stat_r200",TRUE,200,1397,0.0923001738611052
"stat_r200",TRUE,200,1398,0.0640759733407745
"stat_r200",TRUE,200,1399,0.0317863160742639
"stat_r200",TRUE,200,1400,0.0265471872743035
"stat_r200",TRUE,200,1401,0
"stat_r200",TRUE,200,1402,0
"stat_r200",TRUE,200,1403,0
"stat_r200",TRUE,200,1404,0
"stat_r200",TRUE,200,1405,0
"stat_r200",TRUE,200,1406,0
"stat_r200",TRUE,200,1407,0
"stat_r200",TRUE,200,1408,0
"stat_r200",TRUE,200,1409,0
"stat_r200",TRUE,200,1410,0
"stat_r200",TRUE,200,1411,0
"stat_r200",TRUE,200,1412,0
"stat_r200",TRUE,200,1413,0
"stat_r200",TRUE,200,1414,0
"stat_r200",TRUE,200,1415,0
"stat_r200",TRUE,200,1416,0
"stat_r200",TRUE,200,1417,0
"stat_r200",TRUE,200,1418,0
"stat_r200",TRUE,200,1419,0
"stat_r200",TRUE,200,1420,0
"stat_r200",TRUE,200,1421,0.080435859254695
"stat_r200",TRUE,200,1422,0.0699045610000171
"stat_r200",TRUE,200,1423,0.070522194845211
"stat_r200",TRUE,200,1424,0.0816884830930454
"stat_r200",TRUE,200,1425,0.0535233267701302
"stat_r200",TRUE,200,1426,0.0474286204182258
"stat_r200",TRUE,200,1427,0.0847851131957525
"stat_r200",TRUE,200,1428,0.123339664291996
"stat_r200",TRUE,200,1429,0.194242281018458
"stat_r200",TRUE,200,1430,0.224637186086397
"stat_r200",TRUE,200,1431,0.189775663853627
"stat_r200",TRUE,200,1432,0.182905619417488
"stat_r200",TRUE,200,1433,0.254472913560952
"stat_r200",TRUE,200,1434,0.24946114683373
"stat_r200",TRUE,200,1435,0.104552274756854
"stat_r200",TRUE,200,1436,0.0260076206408083
"stat_r200",TRUE,200,1437,0.00720144776072573
"stat_r200",TRUE,200,1438,0.00549742057147199
"stat_r200",TRUE,200,1439,0.00530438186475091
"stat_r200",TRUE,200,1440,0.00440167792027501
"stat_r200",TRUE,200,1441,0.00239808990689082
"stat_r200",TRUE,200,1442,0.00179981784128496
"stat_r200",TRUE,200,1443,0.00424742089423468
"stat_r200",TRUE,200,1444,0.0107820704737464
"stat_r200",TRUE,200,1445,0.0317669599697431
"stat_r200",TRUE,200,1446,0.0739359571502981
"stat_r200",TRUE,200,1447,0.0638600824420593
"stat_r200",TRUE,200,1448,0.02346024519047
"stat_r200",TRUE,200,1449,0.0119463947340005
"stat_r200",TRUE,200,1450,0.00841134880454839
"stat_r200",TRUE,200,1451,0
"stat_r200",TRUE,200,1452,0
"stat_r200",TRUE,200,1453,0
"stat_r200",TRUE,200,1454,0
"stat_r200",TRUE,200,1455,0
"stat_r200",TRUE,200,1456,0
"stat_r200",TRUE,200,1457,0
"stat_r200",TRUE,200,1458,0
"stat_r200",TRUE,200,1459,0
"stat_r200",TRUE,200,1460,0
"stat_r200",TRUE,200,1461,0
"stat_r200",TRUE,200,1462,0
"stat_r200",TRUE,200,1463,0
"stat_r200",TRUE,200,1464,0
"stat_r200",TRUE,200,1465,0
"stat_r200",TRUE,200,1466,0
"stat_r200",TRUE,200,1467,0
"stat_r200",TRUE,200,1468,0
"stat_r200",TRUE,200,1469,0
"stat_r200",TRUE,200,1470,0
"stat_r200",TRUE,200,1471,0.108474526174469
"stat_r200",TRUE,200,1472,0.0769990276866482
"stat_r200",TRUE,200,1473,0.0916384787628392
"stat_r200",TRUE,200,1474,0.0976433411511212
"stat_r200",TRUE,200,1475,0.0641833191444819
"stat_r200",TRUE,200,1476,0.073338240000956
"stat_r200",TRUE,200,1477,0.0665068042924749
"stat_r200",TRUE,200,1478,0.0740014549896822
"stat_r200",TRUE,200,1479,0.113590993686281
"stat_r200",TRUE,200,1480,0.23370823278106
"stat_r200",TRUE,200,1481,0.0971465069032108
"stat_r200",TRUE,200,1482,0.0992066302776441
"stat_r200",TRUE,200,1483,0.183819650215664
"stat_r200",TRUE,200,1484,0.133869998269717
"stat_r200",TRUE,200,1485,0.030962764428858
"stat_r200",TRUE,200,1486,0.00392697975130045
"stat_r200",TRUE,200,1487,0.00204213913836218
"stat_r200",TRUE,200,1488,0.0022852507458838
"stat_r200",TRUE,200,1489,0.00174079883972325
"stat_r200",TRUE,200,1490,0.00180474265402072
"stat_r200",TRUE,200,1491,0.00112405539006221
"stat_r200",TRUE,200,1492,0.00159832978066015
"stat_r200",TRUE,200,1493,0.00440476791587452
"stat_r200",TRUE,200,1494,0.0101237587113843
"stat_r200",TRUE,200,1495,0.0285855488525857
"stat_r200",TRUE,200,1496,0.0498311267005003
"stat_r200",TRUE,200,1497,0.0387687623376475
"stat_r200",TRUE,200,1498,0.0212749448706302
"stat_r200",TRUE,200,1499,0.00963585389002311
"stat_r200",TRUE,200,1500,0.00786028547900078
"stat_r200",TRUE,200,1501,0
"stat_r200",TRUE,200,1502,0
"stat_r200",TRUE,200,1503,0
"stat_r200",TRUE,200,1504,0
"stat_r200",TRUE,200,1505,0
"stat_r200",TRUE,200,1506,0
"stat_r200",TRUE,200,1507,0
"stat_r200",TRUE,200,1508,0
"stat_r200",TRUE,200,1509,0
"stat_r200",TRUE,200,1510,0
"stat_r200",TRUE,200,1511,0
"stat_r200",TRUE,200,1512,0
"stat_r200",TRUE,200,1513,0
"stat_r200",TRUE,200,1514,0
"stat_r200",TRUE,200,1515,0
"stat_r200",TRUE,200,1516,0
"stat_r200",TRUE,200,1517,0
"stat_r200",TRUE,200,1518,0
"stat_r200",TRUE,200,1519,0
"stat_r200",TRUE,200,1520,0
"stat_r200",TRUE,200,1521,0.111761844912974
"stat_r200",TRUE,200,1522,0.120375307125186
"stat_r200",TRUE,200,1523,0.0621013034437615
"stat_r200",TRUE,200,1524,0.0355008861886483
"stat_r200",TRUE,200,1525,0.0215139686464587
"stat_r200",TRUE,200,1526,0.0265659239815957
"stat_r200",TRUE,200,1527,0.0226199916602064
"stat_r200",TRUE,200,1528,0.0455198288782301
"stat_r200",TRUE,200,1529,0.110072292247993
"stat_r200",TRUE,200,1530,0.162782641076362
"stat_r200",TRUE,200,1531,0.0981006555353727
"stat_r200",TRUE,200,1532,0.102158193773872
"stat_r200",TRUE,200,1533,0.061490390144518
"stat_r200",TRUE,200,1534,0.0242934151007335
"stat_r200",TRUE,200,1535,0.0109131343326156
"stat_r200",TRUE,200,1536,0.00259163329506519
"stat_r200",TRUE,200,1537,0.00157992195972798
"stat_r200",TRUE,200,1538,0.00128737870471774
"stat_r200",TRUE,200,1539,0.00153142849372132
"stat_r200",TRUE,200,1540,0.00127673654925428
"stat_r200",TRUE,200,1541,0.00062947589733392
"stat_r200",TRUE,200,1542,0.00199505332967883
"stat_r200",TRUE,200,1543,0.0106159116539606
"stat_r200",TRUE,200,1544,0.0186185089472622
"stat_r200",TRUE,200,1545,0.0349038964679495
"stat_r200",TRUE,200,1546,0.0907586425983296
"stat_r200",TRUE,200,1547,0.0534273108263075
"stat_r200",TRUE,200,1548,0.0380980943953688
"stat_r200",TRUE,200,1549,0.0359069902171951
"stat_r200",TRUE,200,1550,0.034647868634232
"stat_r200",TRUE,200,1551,0
"stat_r200",TRUE,200,1552,0
"stat_r200",TRUE,200,1553,0
"stat_r200",TRUE,200,1554,0
"stat_r200",TRUE,200,1555,0
"stat_r200",TRUE,200,1556,0
"stat_r200",TRUE,200,1557,0
"stat_r200",TRUE,200,1558,0
"stat_r200",TRUE,200,1559,0
"stat_r200",TRUE,200,1560,0
"stat_r200",TRUE,200,1561,0
"stat_r200",TRUE,200,1562,0
"stat_r200",TRUE,200,1563,0
"stat_r200",TRUE,200,1564,0
"stat_r200",TRUE,200,1565,0
"stat_r200",TRUE,200,1566,0
"stat_r200",TRUE,200,1567,0
"stat_r200",TRUE,200,1568,0
"stat_r200",TRUE,200,1569,0
"stat_r200",TRUE,200,1570,0.125385625276033
"stat_r200",TRUE,200,1571,0.152419940816401
"stat_r200",TRUE,200,1572,0.130293667511927
"stat_r200",TRUE,200,1573,0.056973643242707
"stat_r200",TRUE,200,1574,0.028337782322663
"stat_r200",TRUE,200,1575,0.0253589895290533
"stat_r200",TRUE,200,1576,0.0227939866917292
"stat_r200",TRUE,200,1577,0.0288412469868896
"stat_r200",TRUE,200,1578,0.0382259741644987
"stat_r200",TRUE,200,1579,0.112746822063143
"stat_r200",TRUE,200,1580,0.314699949634374
"stat_r200",TRUE,200,1581,0.262284392325331
"stat_r200",TRUE,200,1582,0.143933124718466
"stat_r200",TRUE,200,1583,0.0719926651088816
"stat_r200",TRUE,200,1584,0.0332563514218883
"stat_r200",TRUE,200,1585,0.0112863319279722
"stat_r200",TRUE,200,1586,0.00352640935237707
"stat_r200",TRUE,200,1587,0.00170381198081491
"stat_r200",TRUE,200,1588,0.0011425764660418
"stat_r200",TRUE,200,1589,0.000890058090098611
"stat_r200",TRUE,200,1590,0.00123699779396945
"stat_r200",TRUE,200,1591,0.00197188193060242
"stat_r200",TRUE,200,1592,0.00308173156040711
"stat_r200",TRUE,200,1593,0.0109636964659253
"stat_r200",TRUE,200,1594,0.0326619992693745
"stat_r200",TRUE,200,1595,0.0887033870270388
"stat_r200",TRUE,200,1596,0.264241234370395
"stat_r200",TRUE,200,1597,0.195152534298018
"stat_r200",TRUE,200,1598,0.0993662416559111
"stat_r200",TRUE,200,1599,0.118117528004908
"stat_r200",TRUE,200,1600,0.13616026078669
"stat_r200",TRUE,200,1601,0
"stat_r200",TRUE,200,1602,0
"stat_r200",TRUE,200,1603,0
"stat_r200",TRUE,200,1604,0
"stat_r200",TRUE,200,1605,0
"stat_r200",TRUE,200,1606,0
"stat_r200",TRUE,200,1607,0
"stat_r200",TRUE,200,1608,0
"stat_r200",TRUE,200,1609,0
"stat_r200",TRUE,200,1610,0
"stat_r200",TRUE,200,1611,0
"stat_r200",TRUE,200,1612,0
"stat_r200",TRUE,200,1613,0
"stat_r200",TRUE,200,1614,0
"stat_r200",TRUE,200,1615,0
"stat_r200",TRUE,200,1616,0
"stat_r200",TRUE,200,1617,0
"stat_r200",TRUE,200,1618,0
"stat_r200",TRUE,200,1619,0
"stat_r200",TRUE,200,1620,0.102581812974293
"stat_r200",TRUE,200,1621,0.113760492977998
"stat_r200",TRUE,200,1622,0.107990880537497
"stat_r200",TRUE,200,1623,0.131526273141341
"stat_r200",TRUE,200,1624,0.129848819590421
"stat_r200",TRUE,200,1625,0.113400139701794
"stat_r200",TRUE,200,1626,0.0798682691695356
"stat_r200",TRUE,200,1627,0.0783246965770646
"stat_r200",TRUE,200,1628,0.0930034967526173
"stat_r200",TRUE,200,1629,0.245963341918814
"stat_r200",TRUE,200,1630,0.507914017230141
"stat_r200",TRUE,200,1631,0.524322742190261
"stat_r200",TRUE,200,1632,0.350999536157118
"stat_r200",TRUE,200,1633,0.293740846146081
"stat_r200",TRUE,200,1634,0.101715714738092
"stat_r200",TRUE,200,1635,0.0316681507544528
"stat_r200",TRUE,200,1636,0.0117087194614734
"stat_r200",TRUE,200,1637,0.003148147438403
"stat_r200",TRUE,200,1638,0.0014721739619852
"stat_r200",TRUE,200,1639,0.00100258384197797
"stat_r200",TRUE,200,1640,0.00141341691203002
"stat_r200",TRUE,200,1641,0.00282177192424251
"stat_r200",TRUE,200,1642,0.005156697226472
"stat_r200",TRUE,200,1643,0.0205670982978132
"stat_r200",TRUE,200,1644,0.0609361961590589
"stat_r200",TRUE,200,1645,0.187470562671361
"stat_r200",TRUE,200,1646,0.390292353742162
"stat_r200",TRUE,200,1647,0.423538263452039
"stat_r200",TRUE,200,1648,0.373115744045915
"stat_r200",TRUE,200,1649,0.340745447348588
"stat_r200",TRUE,200,1650,0.361464139094996
"stat_r200",TRUE,200,1651,0
"stat_r200",TRUE,200,1652,0
"stat_r200",TRUE,200,1653,0
"stat_r200",TRUE,200,1654,0
"stat_r200",TRUE,200,1655,0
"stat_r200",TRUE,200,1656,0
"stat_r200",TRUE,200,1657,0
"stat_r200",TRUE,200,1658,0
"stat_r200",TRUE,200,1659,0
"stat_r200",TRUE,200,1660,0
"stat_r200",TRUE,200,1661,0
"stat_r200",TRUE,200,1662,0
"stat_r200",TRUE,200,1663,0
"stat_r200",TRUE,200,1664,0
"stat_r200",TRUE,200,1665,0
"stat_r200",TRUE,200,1666,0
"stat_r200",TRUE,200,1667,0
"stat_r200",TRUE,200,1668,0
"stat_r200",TRUE,200,1669,0
"stat_r200",TRUE,200,1670,0.0980743410350302
"stat_r200",TRUE,200,1671,0.135000898502309
"stat_r200",TRUE,200,1672,0.150011165291255
"stat_r200",TRUE,200,1673,0.134949225646537
"stat_r200",TRUE,200,1674,0.156559270766382
"stat_r200",TRUE,200,1675,0.206505134393141
"stat_r200",TRUE,200,1676,0.281545717705154
"stat_r200",TRUE,200,1677,0.287889228504535
"stat_r200",TRUE,200,1678,0.263881480405258
"stat_r200",TRUE,200,1679,0.42356954432542
"stat_r200",TRUE,200,1680,0.665580917927718
"stat_r200",TRUE,200,1681,0.808184835169472
"stat_r200",TRUE,200,1682,0.638447751341037
"stat_r200",TRUE,200,1683,0.523587932531407
"stat_r200",TRUE,200,1684,0.280346968317355
"stat_r200",TRUE,200,1685,0.101300408103649
"stat_r200",TRUE,200,1686,0.037256772893527
"stat_r200",TRUE,200,1687,0.00798275464925973
"stat_r200",TRUE,200,1688,0.00292801737275706
"stat_r200",TRUE,200,1689,0.00155738483585721
"stat_r200",TRUE,200,1690,0.00153102942938494
"stat_r200",TRUE,200,1691,0.00319270775674334
"stat_r200",TRUE,200,1692,0.00777816735671052
"stat_r200",TRUE,200,1693,0.0443852458573125
"stat_r200",TRUE,200,1694,0.126285990530806
"stat_r200",TRUE,200,1695,0.23298559168528
"stat_r200",TRUE,200,1696,0.345782345935843
"stat_r200",TRUE,200,1697,0.525903098769909
"stat_r200",TRUE,200,1698,0.626770746596703
"stat_r200",TRUE,200,1699,0.542281722812759
"stat_r200",TRUE,200,1700,0.469785905189289
"stat_r200",TRUE,200,1701,0
"stat_r200",TRUE,200,1702,0
"stat_r200",TRUE,200,1703,0
"stat_r200",TRUE,200,1704,0
"stat_r200",TRUE,200,1705,0
"stat_r200",TRUE,200,1706,0
"stat_r200",TRUE,200,1707,0
"stat_r200",TRUE,200,1708,0
"stat_r200",TRUE,200,1709,0
"stat_r200",TRUE,200,1710,0
"stat_r200",TRUE,200,1711,0
"stat_r200",TRUE,200,1712,0
"stat_r200",TRUE,200,1713,0
"stat_r200",TRUE,200,1714,0
"stat_r200",TRUE,200,1715,0
"stat_r200",TRUE,200,1716,0
"stat_r200",TRUE,200,1717,0
"stat_r200",TRUE,200,1718,0
"stat_r200",TRUE,200,1719,0.152730135589919
"stat_r200",TRUE,200,1720,0.101284779509148
"stat_r200",TRUE,200,1721,0.0811440401893931
"stat_r200",TRUE,200,1722,0.0708260642753314
"stat_r200",TRUE,200,1723,0.15361274114837
"stat_r200",TRUE,200,1724,0.205926140690972
"stat_r200",TRUE,200,1725,0.213850857292573
"stat_r200",TRUE,200,1726,0.450246857936524
"stat_r200",TRUE,200,1727,0.442149963457843
"stat_r200",TRUE,200,1728,0.416034335383828
"stat_r200",TRUE,200,1729,0.529369618869894
"stat_r200",TRUE,200,1730,0.732239973214419
"stat_r200",TRUE,200,1731,0.830773424221088
"stat_r200",TRUE,200,1732,0.72790056974855
"stat_r200",TRUE,200,1733,0.581885457413924
"stat_r200",TRUE,200,1734,0.354763611073386
"stat_r200",TRUE,200,1735,0.198944998438036
"stat_r200",TRUE,200,1736,0.0892327938555948
"stat_r200",TRUE,200,1737,0.0271562050530469
"stat_r200",TRUE,200,1738,0.00798157505323637
"stat_r200",TRUE,200,1739,0.00295164920186053
"stat_r200",TRUE,200,1740,0.00232987333579128
"stat_r200",TRUE,200,1741,0.00495383090432232
"stat_r200",TRUE,200,1742,0.00625104092429541
"stat_r200",TRUE,200,1743,0.0247055979938639
"stat_r200",TRUE,200,1744,0.0563655152845375
"stat_r200",TRUE,200,1745,0.117437842540963
"stat_r200",TRUE,200,1746,0.152947293306532
"stat_r200",TRUE,200,1747,0.328357407992915
"stat_r200",TRUE,200,1748,0.580409209306825
"stat_r200",TRUE,200,1749,0.483478678483091
"stat_r200",TRUE,200,1750,0.463600948735354
"stat_r200",TRUE,200,1751,0
"stat_r200",TRUE,200,1752,0
"stat_r200",TRUE,200,1753,0
"stat_r200",TRUE,200,1754,0
"stat_r200",TRUE,200,1755,0
"stat_r200",TRUE,200,1756,0
"stat_r200",TRUE,200,1757,0
"stat_r200",TRUE,200,1758,0
"stat_r200",TRUE,200,1759,0
"stat_r200",TRUE,200,1760,0
"stat_r200",TRUE,200,1761,0
"stat_r200",TRUE,200,1762,0
"stat_r200",TRUE,200,1763,0
"stat_r200",TRUE,200,1764,0
"stat_r200",TRUE,200,1765,0
"stat_r200",TRUE,200,1766,0
"stat_r200",TRUE,200,1767,0
"stat_r200",TRUE,200,1768,0.390659684595871
"stat_r200",TRUE,200,1769,0.0859106359452324
"stat_r200",TRUE,200,1770,0.0722221299915702
"stat_r200",TRUE,200,1771,0.0602806045507048
"stat_r200",TRUE,200,1772,0.0749279563651421
"stat_r200",TRUE,200,1773,0.215310323935951
"stat_r200",TRUE,200,1774,0.348108089906535
"stat_r200",TRUE,200,1775,0.235900279839034
"stat_r200",TRUE,200,1776,0.319881343608701
"stat_r200",TRUE,200,1777,0.432097266370578
"stat_r200",TRUE,200,1778,0.530646664385479
"stat_r200",TRUE,200,1779,0.539923645656589
"stat_r200",TRUE,200,1780,0.716132608872536
"stat_r200",TRUE,200,1781,0.823683810278108
"stat_r200",TRUE,200,1782,0.785004970000951
"stat_r200",TRUE,200,1783,0.57502246154033
"stat_r200",TRUE,200,1784,0.382839357663753
"stat_r200",TRUE,200,1785,0.293503475256041
"stat_r200",TRUE,200,1786,0.119179374983541
"stat_r200",TRUE,200,1787,0.0437557253846872
"stat_r200",TRUE,200,1788,0.0141188922070572
"stat_r200",TRUE,200,1789,0.00492226654845552
"stat_r200",TRUE,200,1790,0.00365390122689612
"stat_r200",TRUE,200,1791,0.00576289024137024
"stat_r200",TRUE,200,1792,0.00502037385675473
"stat_r200",TRUE,200,1793,0.0110329156303778
"stat_r200",TRUE,200,1794,0.0204903416929561
"stat_r200",TRUE,200,1795,0.0367696862134069
"stat_r200",TRUE,200,1796,0.0483193079035761
"stat_r200",TRUE,200,1797,0.112963731970759
"stat_r200",TRUE,200,1798,0.261966094380142
"stat_r200",TRUE,200,1799,0.316206381233714
"stat_r200",TRUE,200,1800,0.355594990529473
"stat_r200",TRUE,200,1801,0
"stat_r200",TRUE,200,1802,0
"stat_r200",TRUE,200,1803,0
"stat_r200",TRUE,200,1804,0
"stat_r200",TRUE,200,1805,0
"stat_r200",TRUE,200,1806,0
"stat_r200",TRUE,200,1807,0
"stat_r200",TRUE,200,1808,0
"stat_r200",TRUE,200,1809,0
"stat_r200",TRUE,200,1810,0
"stat_r200",TRUE,200,1811,0
"stat_r200",TRUE,200,1812,0
"stat_r200",TRUE,200,1813,0
"stat_r200",TRUE,200,1814,0
"stat_r200",TRUE,200,1815,0
"stat_r200",TRUE,200,1816,0
"stat_r200",TRUE,200,1817,0.778645318408788
"stat_r200",TRUE,200,1818,0.368285088799045
"stat_r200",TRUE,200,1819,0.145992894818549
"stat_r200",TRUE,200,1820,0.127703350689125
"stat_r200",TRUE,200,1821,0.155898689323272
"stat_r200",TRUE,200,1822,0.23486977341854
"stat_r200",TRUE,200,1823,0.303233289780433
"stat_r200",TRUE,200,1824,0.349131921492172
"stat_r200",TRUE,200,1825,0.295868172854586
"stat_r200",TRUE,200,1826,0.33445700120629
"stat_r200",TRUE,200,1827,0.507207987047537
"stat_r200",TRUE,200,1828,0.6132619223092
"stat_r200",TRUE,200,1829,0.653856097578198
"stat_r200",TRUE,200,1830,0.705585888910018
"stat_r200",TRUE,200,1831,0.70998287623373
"stat_r200",TRUE,200,1832,0.603344636831559
"stat_r200",TRUE,200,1833,0.473331331595768
"stat_r200",TRUE,200,1834,0.383995438102465
"stat_r200",TRUE,200,1835,0.334393215011338
"stat_r200",TRUE,200,1836,0.24611355045273
"stat_r200",TRUE,200,1837,0.126161986376114
"stat_r200",TRUE,200,1838,0.0266170669834502
"stat_r200",TRUE,200,1839,0.00793038415682342
"stat_r200",TRUE,200,1840,0.00530039196468538
"stat_r200",TRUE,200,1841,0.0038850251179797
"stat_r200",TRUE,200,1842,0.0041581048806687
"stat_r200",TRUE,200,1843,0.00663432668365652
"stat_r200",TRUE,200,1844,0.00902321029084795
"stat_r200",TRUE,200,1845,0.00960643054792172
"stat_r200",TRUE,200,1846,0.0121008229519868
"stat_r200",TRUE,200,1847,0.023441608343976
"stat_r200",TRUE,200,1848,0.0607338601341388
"stat_r200",TRUE,200,1849,0.0899682937679023
"stat_r200",TRUE,200,1850,0.157247112670576
"stat_r200",TRUE,200,1851,0.998125745709592
"stat_r200",TRUE,200,1852,0
"stat_r200",TRUE,200,1853,0
"stat_r200",TRUE,200,1854,0
"stat_r200",TRUE,200,1855,0
"stat_r200",TRUE,200,1856,0
"stat_r200",TRUE,200,1857,0
"stat_r200",TRUE,200,1858,0
"stat_r200",TRUE,200,1859,0
"stat_r200",TRUE,200,1860,0
"stat_r200",TRUE,200,1861,0
"stat_r200",TRUE,200,1862,0
"stat_r200",TRUE,200,1863,0
"stat_r200",TRUE,200,1864,0
"stat_r200",TRUE,200,1865,0
"stat_r200",TRUE,200,1866,0.82281788565287
"stat_r200",TRUE,200,1867,0.786426268221976
"stat_r200",TRUE,200,1868,0.646344434044389
"stat_r200",TRUE,200,1869,0.519065244296106
"stat_r200",TRUE,200,1870,0.39497241557105
"stat_r200",TRUE,200,1871,0.393999941447643
"stat_r200",TRUE,200,1872,0.398996716761401
"stat_r200",TRUE,200,1873,0.331780735069923
"stat_r200",TRUE,200,1874,0.274790304793481
"stat_r200",TRUE,200,1875,0.233087434749767
"stat_r200",TRUE,200,1876,0.240674770100941
"stat_r200",TRUE,200,1877,0.311267841016198
"stat_r200",TRUE,200,1878,0.465568255576225
"stat_r200",TRUE,200,1879,0.548192140696458
"stat_r200",TRUE,200,1880,0.464495289920884
"stat_r200",TRUE,200,1881,0.374761094740707
"stat_r200",TRUE,200,1882,0.340568500706086
"stat_r200",TRUE,200,1883,0.276051646189156
"stat_r200",TRUE,200,1884,0.189132795035138
"stat_r200",TRUE,200,1885,0.176063125445753
"stat_r200",TRUE,200,1886,0.171970810637364
"stat_r200",TRUE,200,1887,0.0848835179589851
"stat_r200",TRUE,200,1888,0.0191325514125552
"stat_r200",TRUE,200,1889,0.00994613162851517
"stat_r200",TRUE,200,1890,0.00762866168272336
"stat_r200",TRUE,200,1891,0.00438265206241325
"stat_r200",TRUE,200,1892,0.00645441130560046
"stat_r200",TRUE,200,1893,0.00498826243742132
"stat_r200",TRUE,200,1894,0.00590966944278407
"stat_r200",TRUE,200,1895,0.00315564850796104
"stat_r200",TRUE,200,1896,0.00380760160597062
"stat_r200",TRUE,200,1897,0.00574579802024955
"stat_r200",TRUE,200,1898,0.0163112704392143
"stat_r200",TRUE,200,1899,0.0298132130174645
"stat_r200",TRUE,200,1900,0.0625020275076283
"stat_r200",TRUE,200,1901,0.998679001158217
"stat_r200",TRUE,200,1902,0.998156019977284
"stat_r200",TRUE,200,1903,0
"stat_r200",TRUE,200,1904,0
"stat_r200",TRUE,200,1905,0
"stat_r200",TRUE,200,1906,0
"stat_r200",TRUE,200,1907,0
"stat_r200",TRUE,200,1908,0
"stat_r200",TRUE,200,1909,0
"stat_r200",TRUE,200,1910,0
"stat_r200",TRUE,200,1911,0
"stat_r200",TRUE,200,1912,0
"stat_r200",TRUE,200,1913,0
"stat_r200",TRUE,200,1914,0
"stat_r200",TRUE,200,1915,0
"stat_r200",TRUE,200,1916,0.722607675591707
"stat_r200",TRUE,200,1917,0.771981847717719
"stat_r200",TRUE,200,1918,0.870717528737549
"stat_r200",TRUE,200,1919,0.857366708539897
"stat_r200",TRUE,200,1920,0.72009347930978
"stat_r200",TRUE,200,1921,0.653959670410067
"stat_r200",TRUE,200,1922,0.408776802676178
"stat_r200",TRUE,200,1923,0.190800846877656
"stat_r200",TRUE,200,1924,0.145299440937131
"stat_r200",TRUE,200,1925,0.10476240850794
"stat_r200",TRUE,200,1926,0.119523954930005
"stat_r200",TRUE,200,1927,0.118872564594144
"stat_r200",TRUE,200,1928,0.217016143071261
"stat_r200",TRUE,200,1929,0.420068369114608
"stat_r200",TRUE,200,1930,0.358438179609577
"stat_r200",TRUE,200,1931,0.295121175083374
"stat_r200",TRUE,200,1932,0.300135630222681
"stat_r200",TRUE,200,1933,0.177103496465406
"stat_r200",TRUE,200,1934,0.0698342305871561
"stat_r200",TRUE,200,1935,0.0704191262129476
"stat_r200",TRUE,200,1936,0.0892820154499849
"stat_r200",TRUE,200,1937,0.0650266846822419
"stat_r200",TRUE,200,1938,0.0255683577216887
"stat_r200",TRUE,200,1939,0.00943004181914058
"stat_r200",TRUE,200,1940,0.00774326112432617
"stat_r200",TRUE,200,1941,0.00942031242113976
"stat_r200",TRUE,200,1942,0.00932230887085559
"stat_r200",TRUE,200,1943,0.00833890899036461
"stat_r200",TRUE,200,1944,0.00686371566712403
"stat_r200",TRUE,200,1945,0.00360594425036305
"stat_r200",TRUE,200,1946,0.0067347356190693
"stat_r200",TRUE,200,1947,0.0077522366086785
"stat_r200",TRUE,200,1948,0.0202214936501814
"stat_r200",TRUE,200,1949,0.0404566083712561
"stat_r200",TRUE,200,1950,0.0394872672120744
"stat_r200",TRUE,200,1951,0.998666169357846
"stat_r200",TRUE,200,1952,0.998064376259535
"stat_r200",TRUE,200,1953,0
"stat_r200",TRUE,200,1954,0
"stat_r200",TRUE,200,1955,0
"stat_r200",TRUE,200,1956,0
"stat_r200",TRUE,200,1957,0
"stat_r200",TRUE,200,1958,0
"stat_r200",TRUE,200,1959,0
"stat_r200",TRUE,200,1960,0
"stat_r200",TRUE,200,1961,0
"stat_r200",TRUE,200,1962,0
"stat_r200",TRUE,200,1963,0
"stat_r200",TRUE,200,1964,0
"stat_r200",TRUE,200,1965,0
"stat_r200",TRUE,200,1966,0.763568945692974
"stat_r200",TRUE,200,1967,0.823079892817355
"stat_r200",TRUE,200,1968,0.91002595863544
"stat_r200",TRUE,200,1969,0.949501106562781
"stat_r200",TRUE,200,1970,0.930607926633618
"stat_r200",TRUE,200,1971,0.809753828233416
"stat_r200",TRUE,200,1972,0.492938273793974
"stat_r200",TRUE,200,1973,0.169257402894598
"stat_r200",TRUE,200,1974,0.0961043366900997
"stat_r200",TRUE,200,1975,0.0522008555635673
"stat_r200",TRUE,200,1976,0.0425795531894264
"stat_r200",TRUE,200,1977,0.070267905953098
"stat_r200",TRUE,200,1978,0.119907301652463
"stat_r200",TRUE,200,1979,0.247442141547368
"stat_r200",TRUE,200,1980,0.225363090320851
"stat_r200",TRUE,200,1981,0.283670933116488
"stat_r200",TRUE,200,1982,0.374645793542171
"stat_r200",TRUE,200,1983,0.145637754839673
"stat_r200",TRUE,200,1984,0.0353036370258185
"stat_r200",TRUE,200,1985,0.0296090673420313
"stat_r200",TRUE,200,1986,0.0549162525850122
"stat_r200",TRUE,200,1987,0.0509058697245697
"stat_r200",TRUE,200,1988,0.0252759089867123
"stat_r200",TRUE,200,1989,0.0218040885888607
"stat_r200",TRUE,200,1990,0.0237910762039826
"stat_r200",TRUE,200,1991,0.0125164032348904
"stat_r200",TRUE,200,1992,0.0127180041769937
"stat_r200",TRUE,200,1993,0.0174258685255752
"stat_r200",TRUE,200,1994,0.0118372965929017
"stat_r200",TRUE,200,1995,0.0172709590684882
"stat_r200",TRUE,200,1996,0.0364861423675676
"stat_r200",TRUE,200,1997,0.0440070863832246
"stat_r200",TRUE,200,1998,0.0693312173832123
"stat_r200",TRUE,200,1999,0.100050954045278
"stat_r200",TRUE,200,2000,0.100068040845935
"stat_r200",TRUE,200,2001,0.998821570552534
"stat_r200",TRUE,200,2002,0
"stat_r200",TRUE,200,2003,0
"stat_r200",TRUE,200,2004,0
"stat_r200",TRUE,200,2005,0
"stat_r200",TRUE,200,2006,0
"stat_r200",TRUE,200,2007,0
"stat_r200",TRUE,200,2008,0
"stat_r200",TRUE,200,2009,0
"stat_r200",TRUE,200,2010,0
"stat_r200",TRUE,200,2011,0
"stat_r200",TRUE,200,2012,0
"stat_r200",TRUE,200,2013,0
"stat_r200",TRUE,200,2014,0
"stat_r200",TRUE,200,2015,0.913870092759745
"stat_r200",TRUE,200,2016,0.866675499908475
"stat_r200",TRUE,200,2017,0.85208837751684
"stat_r200",TRUE,200,2018,0.89748566773732
"stat_r200",TRUE,200,2019,0.952721583682905
"stat_r200",TRUE,200,2020,0.950649340093692
"stat_r200",TRUE,200,2021,0.85856965677575
"stat_r200",TRUE,200,2022,0.676702709878817
"stat_r200",TRUE,200,2023,0.314558858794256
"stat_r200",TRUE,200,2024,0.0913289138524689
"stat_r200",TRUE,200,2025,0.0329824457226124
"stat_r200",TRUE,200,2026,0.0201274599925555
"stat_r200",TRUE,200,2027,0.0293131067047444
"stat_r200",TRUE,200,2028,0.0609328119541654
"stat_r200",TRUE,200,2029,0.100368242641839
"stat_r200",TRUE,200,2030,0.0846745016612432
"stat_r200",TRUE,200,2031,0.206239177844649
"stat_r200",TRUE,200,2032,0.243930649328009
"stat_r200",TRUE,200,2033,0.0505250829280058
"stat_r200",TRUE,200,2034,0.0198504068435974
"stat_r200",TRUE,200,2035,0.0226712598290438
"stat_r200",TRUE,200,2036,0.0267919837474197
"stat_r200",TRUE,200,2037,0.0252440565342281
"stat_r200",TRUE,200,2038,0.0311012102559442
"stat_r200",TRUE,200,2039,0.0301156876897713
"stat_r200",TRUE,200,2040,0.0190152763591744
"stat_r200",TRUE,200,2041,0.00839597086351565
"stat_r200",TRUE,200,2042,0.00806745164251881
"stat_r200",TRUE,200,2043,0.00878516366859633
"stat_r200",TRUE,200,2044,0.0120387017552505
"stat_r200",TRUE,200,2045,0.0405441244207011
"stat_r200",TRUE,200,2046,0.0681294517932467
"stat_r200",TRUE,200,2047,0.111248825886243
"stat_r200",TRUE,200,2048,0.184285198726435
"stat_r200",TRUE,200,2049,0.257845456507021
"stat_r200",TRUE,200,2050,0.426820480924746
"stat_r200",TRUE,200,2051,0.996786771795265
"stat_r200",TRUE,200,2052,0.996427127863511
"stat_r200",TRUE,200,2053,0.99644637245631
"stat_r200",TRUE,200,2054,0.996665011769705
"stat_r200",TRUE,200,2055,0.994290327440209
"stat_r200",TRUE,200,2056,0.994062816525067
"stat_r200",TRUE,200,2057,0.991093809274197
"stat_r200",TRUE,200,2058,0.990423680677642
"stat_r200",TRUE,200,2059,0.98846295145339
"stat_r200",TRUE,200,2060,0.992682633524657
"stat_r200",TRUE,200,2061,0.989566815443069
"stat_r200",TRUE,200,2062,0.994212038949809
"stat_r200",TRUE,200,2063,0.995868767424423
"stat_r200",TRUE,200,2064,0.986051528737176
"stat_r200",TRUE,200,2065,0.931323099909338
"stat_r200",TRUE,200,2066,0.782494814815154
"stat_r200",TRUE,200,2067,0.840352604227436
"stat_r200",TRUE,200,2068,0.880939367207686
"stat_r200",TRUE,200,2069,0.913053742722435
"stat_r200",TRUE,200,2070,0.898017889896589
"stat_r200",TRUE,200,2071,0.858198163465525
"stat_r200",TRUE,200,2072,0.820803040808867
"stat_r200",TRUE,200,2073,0.493536958582781
"stat_r200",TRUE,200,2074,0.117664581446831
"stat_r200",TRUE,200,2075,0.0408135001505297
"stat_r200",TRUE,200,2076,0.0238632697895802
"stat_r200",TRUE,200,2077,0.0128770860649531
"stat_r200",TRUE,200,2078,0.0281570491941127
"stat_r200",TRUE,200,2079,0.0709244028757095
"stat_r200",TRUE,200,2080,0.0737158965141835
"stat_r200",TRUE,200,2081,0.188972514288261
"stat_r200",TRUE,200,2082,0.184025821017191
"stat_r200",TRUE,200,2083,0.0381490580863644
"stat_r200",TRUE,200,2084,0.0108963251353084
"stat_r200",TRUE,200,2085,0.00984391005109274
"stat_r200",TRUE,200,2086,0.0135410937909016
"stat_r200",TRUE,200,2087,0.0226179117604388
"stat_r200",TRUE,200,2088,0.0639442498648989
"stat_r200",TRUE,200,2089,0.0443907035367236
"stat_r200",TRUE,200,2090,0.00924807746444399
"stat_r200",TRUE,200,2091,0.00341853474396813
"stat_r200",TRUE,200,2092,0.00236330896619368
"stat_r200",TRUE,200,2093,0.00531189747785465
"stat_r200",TRUE,200,2094,0.0101883946401382
"stat_r200",TRUE,200,2095,0.0373903449273692
"stat_r200",TRUE,200,2096,0.130979689307497
"stat_r200",TRUE,200,2097,0.207772195532596
"stat_r200",TRUE,200,2098,0.352427112686847
"stat_r200",TRUE,200,2099,0.390246960696438
"stat_r200",TRUE,200,2100,0.355920661493869
"stat_r200",TRUE,200,2101,0.991775885151355
"stat_r200",TRUE,200,2102,0.982590749943318
"stat_r200",TRUE,200,2103,0.980361670198213
"stat_r200",TRUE,200,2104,0.994276655413734
"stat_r200",TRUE,200,2105,0.995636447748622
"stat_r200",TRUE,200,2106,0.990997548505901
"stat_r200",TRUE,200,2107,0.984308477211993
"stat_r200",TRUE,200,2108,0.990738978628034
"stat_r200",TRUE,200,2109,0.992333205619058
"stat_r200",TRUE,200,2110,0.996016135870103
"stat_r200",TRUE,200,2111,0.99805835532936
"stat_r200",TRUE,200,2112,0.997466028961744
"stat_r200",TRUE,200,2113,0.996131294561009
"stat_r200",TRUE,200,2114,0.976469423576041
"stat_r200",TRUE,200,2115,0.883842140222751
"stat_r200",TRUE,200,2116,0.702718849245219
"stat_r200",TRUE,200,2117,0.779406145373437
"stat_r200",TRUE,200,2118,0.905509747081286
"stat_r200",TRUE,200,2119,0.922059160528917
"stat_r200",TRUE,200,2120,0.885678229863806
"stat_r200",TRUE,200,2121,0.848222805444606
"stat_r200",TRUE,200,2122,0.803821420053199
"stat_r200",TRUE,200,2123,0.636858554232872
"stat_r200",TRUE,200,2124,0.248002934121303
"stat_r200",TRUE,200,2125,0.0841853097153214
"stat_r200",TRUE,200,2126,0.030423160123557
"stat_r200",TRUE,200,2127,0.0164347278790523
"stat_r200",TRUE,200,2128,0.0200870554502214
"stat_r200",TRUE,200,2129,0.0460347271134105
"stat_r200",TRUE,200,2130,0.0496926167148388
"stat_r200",TRUE,200,2131,0.084790136675054
"stat_r200",TRUE,200,2132,0.131861775786163
"stat_r200",TRUE,200,2133,0.0468983909658838
"stat_r200",TRUE,200,2134,0.00677986756610713
"stat_r200",TRUE,200,2135,0.00430218509951767
"stat_r200",TRUE,200,2136,0.0105370627327187
"stat_r200",TRUE,200,2137,0.0269371738790194
"stat_r200",TRUE,200,2138,0.0604054317747623
"stat_r200",TRUE,200,2139,0.0471625798443984
"stat_r200",TRUE,200,2140,0.0186723663922991
"stat_r200",TRUE,200,2141,0.00626206680406731
"stat_r200",TRUE,200,2142,0.00487757375896322
"stat_r200",TRUE,200,2143,0.00975363867865775
"stat_r200",TRUE,200,2144,0.0159837542364551
"stat_r200",TRUE,200,2145,0.0437746835088418
"stat_r200",TRUE,200,2146,0.165661998931668
"stat_r200",TRUE,200,2147,0.249500391564227
"stat_r200",TRUE,200,2148,0.215691862337995
"stat_r200",TRUE,200,2149,0.165827299263576
"stat_r200",TRUE,200,2150,0.122990545117431
"stat_r200",TRUE,200,2151,0.990119125320012
"stat_r200",TRUE,200,2152,0.965916751825233
"stat_r200",TRUE,200,2153,0.949973821508802
"stat_r200",TRUE,200,2154,0.986753887229137
"stat_r200",TRUE,200,2155,0.989756453146534
"stat_r200",TRUE,200,2156,0.982755651295018
"stat_r200",TRUE,200,2157,0.962481396379087
"stat_r200",TRUE,200,2158,0.968340401981763
"stat_r200",TRUE,200,2159,0.989037198571413
"stat_r200",TRUE,200,2160,0.997104516050414
"stat_r200",TRUE,200,2161,0.998493078650972
"stat_r200",TRUE,200,2162,0.998346639402151
"stat_r200",TRUE,200,2163,0.99575018245715
"stat_r200",TRUE,200,2164,0.978802563915423
"stat_r200",TRUE,200,2165,0.937792545401235
"stat_r200",TRUE,200,2166,0.836269290876545
"stat_r200",TRUE,200,2167,0.841267668352486
"stat_r200",TRUE,200,2168,0.909686958989509
"stat_r200",TRUE,200,2169,0.928541397427936
"stat_r200",TRUE,200,2170,0.90493054735215
"stat_r200",TRUE,200,2171,0.885063392985867
"stat_r200",TRUE,200,2172,0.863702512267088
"stat_r200",TRUE,200,2173,0.756831316805235
"stat_r200",TRUE,200,2174,0.320393695230244
"stat_r200",TRUE,200,2175,0.163345319414766
"stat_r200",TRUE,200,2176,0.0721705489194131
"stat_r200",TRUE,200,2177,0.0479657813722152
"stat_r200",TRUE,200,2178,0.031373661593529
"stat_r200",TRUE,200,2179,0.0298686629032497
"stat_r200",TRUE,200,2180,0.0456070062135341
"stat_r200",TRUE,200,2181,0.0665892262842133
"stat_r200",TRUE,200,2182,0.10976961008641
"stat_r200",TRUE,200,2183,0.0755949495260573
"stat_r200",TRUE,200,2184,0.0275674951796065
"stat_r200",TRUE,200,2185,0.015847751162762
"stat_r200",TRUE,200,2186,0.0306374311141787
"stat_r200",TRUE,200,2187,0.0709417366517922
"stat_r200",TRUE,200,2188,0.13270072765149
"stat_r200",TRUE,200,2189,0.178653612863038
"stat_r200",TRUE,200,2190,0.103229074851201
"stat_r200",TRUE,200,2191,0.0240988875094399
"stat_r200",TRUE,200,2192,0.0102891184102618
"stat_r200",TRUE,200,2193,0.00907003736930447
"stat_r200",TRUE,200,2194,0.0150892825956473
"stat_r200",TRUE,200,2195,0.0364143818963759
"stat_r200",TRUE,200,2196,0.103024432355879
"stat_r200",TRUE,200,2197,0.153352385226903
"stat_r200",TRUE,200,2198,0.0909311953676477
"stat_r200",TRUE,200,2199,0.0885005729340362
"stat_r200",TRUE,200,2200,0.0664009449740939
"stat_r200",TRUE,200,2201,0.978331597004824
"stat_r200",TRUE,200,2202,0.944017345737356
"stat_r200",TRUE,200,2203,0.943828029404742
"stat_r200",TRUE,200,2204,0.965442334763038
"stat_r200",TRUE,200,2205,0.976735148957196
"stat_r200",TRUE,200,2206,0.96873525412059
"stat_r200",TRUE,200,2207,0.950646583020957
"stat_r200",TRUE,200,2208,0.946789403067294
"stat_r200",TRUE,200,2209,0.98430118736736
"stat_r200",TRUE,200,2210,0.995540741792864
"stat_r200",TRUE,200,2211,0.997567040795805
"stat_r200",TRUE,200,2212,0.997060513462705
"stat_r200",TRUE,200,2213,0.993720637627727
"stat_r200",TRUE,200,2214,0.990881162081126
"stat_r200",TRUE,200,2215,0.974079831156389
"stat_r200",TRUE,200,2216,0.911512926007944
"stat_r200",TRUE,200,2217,0.874212685029979
"stat_r200",TRUE,200,2218,0.925585081374295
"stat_r200",TRUE,200,2219,0.933740818675711
"stat_r200",TRUE,200,2220,0.923419840639656
"stat_r200",TRUE,200,2221,0.931358772317858
"stat_r200",TRUE,200,2222,0.885183853104472
"stat_r200",TRUE,200,2223,0.784321865846888
"stat_r200",TRUE,200,2224,0.484640905227119
"stat_r200",TRUE,200,2225,0.27676628126082
"stat_r200",TRUE,200,2226,0.121453073896977
"stat_r200",TRUE,200,2227,0.0886526069655403
"stat_r200",TRUE,200,2228,0.0380992133388755
"stat_r200",TRUE,200,2229,0.0333663516473864
"stat_r200",TRUE,200,2230,0.0648148055025669
"stat_r200",TRUE,200,2231,0.131577403145611
"stat_r200",TRUE,200,2232,0.160420992988044
"stat_r200",TRUE,200,2233,0.11195214668158
"stat_r200",TRUE,200,2234,0.100982224809279
"stat_r200",TRUE,200,2235,0.085647544511081
"stat_r200",TRUE,200,2236,0.144984306733049
"stat_r200",TRUE,200,2237,0.391129403925728
"stat_r200",TRUE,200,2238,0.435848545898978
"stat_r200",TRUE,200,2239,0.443446340667439
"stat_r200",TRUE,200,2240,0.23535847640382
"stat_r200",TRUE,200,2241,0.0664431243132834
"stat_r200",TRUE,200,2242,0.0227607760299941
"stat_r200",TRUE,200,2243,0.019797981844126
"stat_r200",TRUE,200,2244,0.0233808932958217
"stat_r200",TRUE,200,2245,0.031623698953118
"stat_r200",TRUE,200,2246,0.0747842504455334
"stat_r200",TRUE,200,2247,0.0712314741555625
"stat_r200",TRUE,200,2248,0.0622569276547473
"stat_r200",TRUE,200,2249,0.0702024839485078
"stat_r200",TRUE,200,2250,0.0376950303422897
"stat_r200",TRUE,200,2251,0.987545896796664
"stat_r200",TRUE,200,2252,0.980901899418486
"stat_r200",TRUE,200,2253,0.976114401969388
"stat_r200",TRUE,200,2254,0.975667418543573
"stat_r200",TRUE,200,2255,0.963082081981719
"stat_r200",TRUE,200,2256,0.941639822006315
"stat_r200",TRUE,200,2257,0.946472968761043
"stat_r200",TRUE,200,2258,0.930228185240966
"stat_r200",TRUE,200,2259,0.952589177994503
"stat_r200",TRUE,200,2260,0.980155273483651
"stat_r200",TRUE,200,2261,0.994081679475813
"stat_r200",TRUE,200,2262,0.9954224680407
"stat_r200",TRUE,200,2263,0.994699483872141
"stat_r200",TRUE,200,2264,0.995828171304968
"stat_r200",TRUE,200,2265,0.98851805825741
"stat_r200",TRUE,200,2266,0.967996508104723
"stat_r200",TRUE,200,2267,0.939990326564566
"stat_r200",TRUE,200,2268,0.924025163972369
"stat_r200",TRUE,200,2269,0.937171483232424
"stat_r200",TRUE,200,2270,0.951486820074214
"stat_r200",TRUE,200,2271,0.947394258054803
"stat_r200",TRUE,200,2272,0.889519916944412
"stat_r200",TRUE,200,2273,0.798314812964167
"stat_r200",TRUE,200,2274,0.685075942070839
"stat_r200",TRUE,200,2275,0.474832882516502
"stat_r200",TRUE,200,2276,0.262245556421686
"stat_r200",TRUE,200,2277,0.165104523103818
"stat_r200",TRUE,200,2278,0.0734883039598775
"stat_r200",TRUE,200,2279,0.0622546757256374
"stat_r200",TRUE,200,2280,0.0988518381606249
"stat_r200",TRUE,200,2281,0.211218253541621
"stat_r200",TRUE,200,2282,0.358619136257813
"stat_r200",TRUE,200,2283,0.255551160386471
"stat_r200",TRUE,200,2284,0.205037691703631
"stat_r200",TRUE,200,2285,0.152984710225063
"stat_r200",TRUE,200,2286,0.230381818567799
"stat_r200",TRUE,200,2287,0.572364640662871
"stat_r200",TRUE,200,2288,0.610130241545348
"stat_r200",TRUE,200,2289,0.446765946114622
"stat_r200",TRUE,200,2290,0.30212059777687
"stat_r200",TRUE,200,2291,0.160333322797779
"stat_r200",TRUE,200,2292,0.0610688005561756
"stat_r200",TRUE,200,2293,0.0814185591242889
"stat_r200",TRUE,200,2294,0.0467443626305478
"stat_r200",TRUE,200,2295,0.0492790123038699
"stat_r200",TRUE,200,2296,0.0492932524158554
"stat_r200",TRUE,200,2297,0.0529575072776051
"stat_r200",TRUE,200,2298,0.0472895786962207
"stat_r200",TRUE,200,2299,0.0348515654074599
"stat_r200",TRUE,200,2300,0.0403403203993397
"stat_r200",TRUE,200,2301,0.991060093731508
"stat_r200",TRUE,200,2302,0.994191435299651
"stat_r200",TRUE,200,2303,0.996554138912828
"stat_r200",TRUE,200,2304,0.996376046090841
"stat_r200",TRUE,200,2305,0.987238221008589
"stat_r200",TRUE,200,2306,0.948528477471921
"stat_r200",TRUE,200,2307,0.905968750317289
"stat_r200",TRUE,200,2308,0.876413549567187
"stat_r200",TRUE,200,2309,0.890312156044892
"stat_r200",TRUE,200,2310,0.949951053136274
"stat_r200",TRUE,200,2311,0.982314609041905
"stat_r200",TRUE,200,2312,0.992409838441523
"stat_r200",TRUE,200,2313,0.996074275586152
"stat_r200",TRUE,200,2314,0
"stat_r200",TRUE,200,2315,0
"stat_r200",TRUE,200,2316,0.986972440190659
"stat_r200",TRUE,200,2317,0.968272261030387
"stat_r200",TRUE,200,2318,0.907127755951901
"stat_r200",TRUE,200,2319,0.903488372232263
"stat_r200",TRUE,200,2320,0
"stat_r200",TRUE,200,2321,0
"stat_r200",TRUE,200,2322,0.891453975485262
"stat_r200",TRUE,200,2323,0.870299708638399
"stat_r200",TRUE,200,2324,0.811053269105283
"stat_r200",TRUE,200,2325,0.651744559290587
"stat_r200",TRUE,200,2326,0.562631681901234
"stat_r200",TRUE,200,2327,0.421121983223652
"stat_r200",TRUE,200,2328,0.16322346274887
"stat_r200",TRUE,200,2329,0.181903248722446
"stat_r200",TRUE,200,2330,0.288352810454587
"stat_r200",TRUE,200,2331,0.355201834715889
"stat_r200",TRUE,200,2332,0.391736753631925
"stat_r200",TRUE,200,2333,0.462243167579573
"stat_r200",TRUE,200,2334,0.5273900246756
"stat_r200",TRUE,200,2335,0.329407181430678
"stat_r200",TRUE,200,2336,0.217991413042931
"stat_r200",TRUE,200,2337,0.302477984250234
"stat_r200",TRUE,200,2338,0.464698196575787
"stat_r200",TRUE,200,2339,0.474409518570957
"stat_r200",TRUE,200,2340,0.476754722911579
"stat_r200",TRUE,200,2341,0.319526853987751
"stat_r200",TRUE,200,2342,0.24944404821182
"stat_r200",TRUE,200,2343,0.317601180126158
"stat_r200",TRUE,200,2344,0.123634581249356
"stat_r200",TRUE,200,2345,0.0747309104419319
"stat_r200",TRUE,200,2346,0.053430762785823
"stat_r200",TRUE,200,2347,0.066774997260411
"stat_r200",TRUE,200,2348,0.0718769627152279
"stat_r200",TRUE,200,2349,0.0256732995746917
"stat_r200",TRUE,200,2350,0.0520204054469735
"stat_r200",TRUE,200,2351,0.989815190901562
"stat_r200",TRUE,200,2352,0.99717920758963
"stat_r200",TRUE,200,2353,0.999420082827591
"stat_r200",TRUE,200,2354,0.999502275791539
"stat_r200",TRUE,200,2355,0.998200120227061
"stat_r200",TRUE,200,2356,0.982673291989858
"stat_r200",TRUE,200,2357,0.922566885986504
"stat_r200",TRUE,200,2358,0.891750555903121
"stat_r200",TRUE,200,2359,0.926999027745352
"stat_r200",TRUE,200,2360,0.944158714412351
"stat_r200",TRUE,200,2361,0.965970553775229
"stat_r200",TRUE,200,2362,0.983576338860485
"stat_r200",TRUE,200,2363,0
"stat_r200",TRUE,200,2364,0
"stat_r200",TRUE,200,2365,0
"stat_r200",TRUE,200,2366,0
"stat_r200",TRUE,200,2367,0
"stat_r200",TRUE,200,2368,0
"stat_r200",TRUE,200,2369,0
"stat_r200",TRUE,200,2370,0
"stat_r200",TRUE,200,2371,0
"stat_r200",TRUE,200,2372,0
"stat_r200",TRUE,200,2373,0
"stat_r200",TRUE,200,2374,0.898691061438519
"stat_r200",TRUE,200,2375,0.821161225499629
"stat_r200",TRUE,200,2376,0.740882743810091
"stat_r200",TRUE,200,2377,0.675369688816825
"stat_r200",TRUE,200,2378,0.428495055024791
"stat_r200",TRUE,200,2379,0.480567168419186
"stat_r200",TRUE,200,2380,0.429538309447649
"stat_r200",TRUE,200,2381,0.344483936048381
"stat_r200",TRUE,200,2382,0.391505066684932
"stat_r200",TRUE,200,2383,0.580411583744761
"stat_r200",TRUE,200,2384,0.713810468749676
"stat_r200",TRUE,200,2385,0.580260784054768
"stat_r200",TRUE,200,2386,0.259820460835064
"stat_r200",TRUE,200,2387,0.156238671563719
"stat_r200",TRUE,200,2388,0.261365770887545
"stat_r200",TRUE,200,2389,0.459724979674836
"stat_r200",TRUE,200,2390,0.605183042167291
"stat_r200",TRUE,200,2391,0.62760209626576
"stat_r200",TRUE,200,2392,0.661714362331587
"stat_r200",TRUE,200,2393,0.612343200464469
"stat_r200",TRUE,200,2394,0.262154254537039
"stat_r200",TRUE,200,2395,0.110529491413326
"stat_r200",TRUE,200,2396,0.0652227624960591
"stat_r200",TRUE,200,2397,0.0972069426213445
"stat_r200",TRUE,200,2398,0.0878935610623174
"stat_r200",TRUE,200,2399,0.0280572713659328
"stat_r200",TRUE,200,2400,0.030687464172754
"stat_r200",TRUE,200,2401,0.991777054745248
"stat_r200",TRUE,200,2402,0.999133812889449
"stat_r200",TRUE,200,2403,0.999834232800824
"stat_r200",TRUE,200,2404,0.999833487803793
"stat_r200",TRUE,200,2405,0.999568602481689
"stat_r200",TRUE,200,2406,0.998114764588138
"stat_r200",TRUE,200,2407,0.992898708503164
"stat_r200",TRUE,200,2408,0.981071373954462
"stat_r200",TRUE,200,2409,0.970758219866582
"stat_r200",TRUE,200,2410,0.954472154683058
"stat_r200",TRUE,200,2411,0.962191794703017
"stat_r200",TRUE,200,2412,0
"stat_r200",TRUE,200,2413,0
"stat_r200",TRUE,200,2414,0
"stat_r200",TRUE,200,2415,0
"stat_r200",TRUE,200,2416,0
"stat_r200",TRUE,200,2417,0
"stat_r200",TRUE,200,2418,0
"stat_r200",TRUE,200,2419,0
"stat_r200",TRUE,200,2420,0
"stat_r200",TRUE,200,2421,0
"stat_r200",TRUE,200,2422,0
"stat_r200",TRUE,200,2423,0
"stat_r200",TRUE,200,2424,0.953340586537514
"stat_r200",TRUE,200,2425,0.927364543022099
"stat_r200",TRUE,200,2426,0.918717247113109
"stat_r200",TRUE,200,2427,0.839772246241236
"stat_r200",TRUE,200,2428,0.61471977042516
"stat_r200",TRUE,200,2429,0.607664604607003
"stat_r200",TRUE,200,2430,0.447460231800957
"stat_r200",TRUE,200,2431,0.347898662131856
"stat_r200",TRUE,200,2432,0.506934769737425
"stat_r200",TRUE,200,2433,0.614212382031098
"stat_r200",TRUE,200,2434,0.552241831829389
"stat_r200",TRUE,200,2435,0.4943673890679
"stat_r200",TRUE,200,2436,0.284719326734261
"stat_r200",TRUE,200,2437,0.223229713710503
"stat_r200",TRUE,200,2438,0.248077949216298
"stat_r200",TRUE,200,2439,0.467016726999026
"stat_r200",TRUE,200,2440,0.722684263919067
"stat_r200",TRUE,200,2441,0.833313562339069
"stat_r200",TRUE,200,2442,0.80534658352167
"stat_r200",TRUE,200,2443,0.711953311668707
"stat_r200",TRUE,200,2444,0.452968250831138
"stat_r200",TRUE,200,2445,0.232316746364625
"stat_r200",TRUE,200,2446,0.100722382495394
"stat_r200",TRUE,200,2447,0.0750282909945775
"stat_r200",TRUE,200,2448,0.0490101397595437
"stat_r200",TRUE,200,2449,0.0293683093593409
"stat_r200",TRUE,200,2450,0.0211026628490147
"stat_r200",TRUE,200,2451,0.996835154618544
"stat_r200",TRUE,200,2452,0.999326240871549
"stat_r200",TRUE,200,2453,0.99979084710949
"stat_r200",TRUE,200,2454,0.99987244274452
"stat_r200",TRUE,200,2455,0.999829884852135
"stat_r200",TRUE,200,2456,0.999615631925691
"stat_r200",TRUE,200,2457,0.998970435612458
"stat_r200",TRUE,200,2458,0.996118609271419
"stat_r200",TRUE,200,2459,0.989069570970673
"stat_r200",TRUE,200,2460,0.976123950788642
"stat_r200",TRUE,200,2461,0.977463814124646
"stat_r200",TRUE,200,2462,0
"stat_r200",TRUE,200,2463,0
"stat_r200",TRUE,200,2464,0
"stat_r200",TRUE,200,2465,0
"stat_r200",TRUE,200,2466,0
"stat_r200",TRUE,200,2467,0
"stat_r200",TRUE,200,2468,0
"stat_r200",TRUE,200,2469,0
"stat_r200",TRUE,200,2470,0
"stat_r200",TRUE,200,2471,0
"stat_r200",TRUE,200,2472,0
"stat_r200",TRUE,200,2473,0
"stat_r200",TRUE,200,2474,0.982485751510216
"stat_r200",TRUE,200,2475,0.96386404771593
"stat_r200",TRUE,200,2476,0.909168744839395
"stat_r200",TRUE,200,2477,0.829134495361895
"stat_r200",TRUE,200,2478,0.645158524741137
"stat_r200",TRUE,200,2479,0.574311842803264
"stat_r200",TRUE,200,2480,0.373705922433269
"stat_r200",TRUE,200,2481,0.260238769777078
"stat_r200",TRUE,200,2482,0.308889456761418
"stat_r200",TRUE,200,2483,0.35245515185945
"stat_r200",TRUE,200,2484,0.274546927380321
"stat_r200",TRUE,200,2485,0.222561691132031
"stat_r200",TRUE,200,2486,0.182845089230529
"stat_r200",TRUE,200,2487,0.190495423630899
"stat_r200",TRUE,200,2488,0.218135599669776
"stat_r200",TRUE,200,2489,0.363556267042315
"stat_r200",TRUE,200,2490,0.644531702222367
"stat_r200",TRUE,200,2491,0.835832926971545
"stat_r200",TRUE,200,2492,0.82551340981083
"stat_r200",TRUE,200,2493,0.666244694716658
"stat_r200",TRUE,200,2494,0.49643366643269
"stat_r200",TRUE,200,2495,0.243054673749366
"stat_r200",TRUE,200,2496,0.0892319448801205
"stat_r200",TRUE,200,2497,0.0494629872464683
"stat_r200",TRUE,200,2498,0.0322857714876717
"stat_r200",TRUE,200,2499,0.0209981574539762
"stat_r200",TRUE,200,2500,0.0116519843759203
"nonstat_r30",FALSE,30,1,0.934599940143165
"nonstat_r30",FALSE,30,2,0.918877007594717
"nonstat_r30",FALSE,30,3,0.975267447246793
"nonstat_r30",FALSE,30,4,0.996872840224192
"nonstat_r30",FALSE,30,5,0.995625033885509
"nonstat_r30",FALSE,30,6,0.949363391171074
"nonstat_r30",FALSE,30,7,0.643995816853607
"nonstat_r30",FALSE,30,8,0.445578294102454
"nonstat_r30",FALSE,30,9,0.52225784241131
"nonstat_r30",FALSE,30,10,0.841771183464317
"nonstat_r30",FALSE,30,11,0.842141229988145
"nonstat_r30",FALSE,30,12,0.631233515082557
"nonstat_r30",FALSE,30,13,0.681306012518315
"nonstat_r30",FALSE,30,14,0.883412000349152
"nonstat_r30",FALSE,30,15,0.888235027915142
"nonstat_r30",FALSE,30,16,0.744523479765788
"nonstat_r30",FALSE,30,17,0.393954325741016
"nonstat_r30",FALSE,30,18,0.132406228293695
"nonstat_r30",FALSE,30,19,0.00989805578264438
"nonstat_r30",FALSE,30,20,0.00636677153715808
"nonstat_r30",FALSE,30,21,0.00991855030390014
"nonstat_r30",FALSE,30,22,0.00796734245142946
"nonstat_r30",FALSE,30,23,0.00551131716877531
"nonstat_r30",FALSE,30,24,0.0119982215691391
"nonstat_r30",FALSE,30,25,0.00847164224420026
"nonstat_r30",FALSE,30,26,0.0039760449736379
"nonstat_r30",FALSE,30,27,0.0171100546594194
"nonstat_r30",FALSE,30,28,0.0883668941202926
"nonstat_r30",FALSE,30,29,0.117120218126914
"nonstat_r30",FALSE,30,30,0.124208303841069
"nonstat_r30",FALSE,30,31,0.313253827507437
"nonstat_r30",FALSE,30,32,0.358980441972239
"nonstat_r30",FALSE,30,33,0.746678149104554
"nonstat_r30",FALSE,30,34,0.869417053927677
"nonstat_r30",FALSE,30,35,0.79416539317598
"nonstat_r30",FALSE,30,36,0.849304425283662
"nonstat_r30",FALSE,30,37,0.934680645785238
"nonstat_r30",FALSE,30,38,0.992433711024064
"nonstat_r30",FALSE,30,39,0.988360921261986
"nonstat_r30",FALSE,30,40,0.975183376095453
"nonstat_r30",FALSE,30,41,0.974968743696223
"nonstat_r30",FALSE,30,42,0.868358640319187
"nonstat_r30",FALSE,30,43,0.761649158953572
"nonstat_r30",FALSE,30,44,0.751244548859762
"nonstat_r30",FALSE,30,45,0.65804513777786
"nonstat_r30",FALSE,30,46,0.33327058849481
"nonstat_r30",FALSE,30,47,0.231965938179122
"nonstat_r30",FALSE,30,48,0.486397932796899
"nonstat_r30",FALSE,30,49,0.613817038597996
"nonstat_r30",FALSE,30,50,0.46613976876938
"nonstat_r30",FALSE,30,51,0.858400878257511
"nonstat_r30",FALSE,30,52,0.859563755626205
"nonstat_r30",FALSE,30,53,0.868696863898946
"nonstat_r30",FALSE,30,54,0.979642643622008
"nonstat_r30",FALSE,30,55,0.987163092148119
"nonstat_r30",FALSE,30,56,0.966124839181534
"nonstat_r30",FALSE,30,57,0.934466094770318
"nonstat_r30",FALSE,30,58,0.806542708714582
"nonstat_r30",FALSE,30,59,0.880575937103248
"nonstat_r30",FALSE,30,60,0.834813109668801
"nonstat_r30",FALSE,30,61,0.855771330239552
"nonstat_r30",FALSE,30,62,0.853304372269399
"nonstat_r30",FALSE,30,63,0.886160456058819
"nonstat_r30",FALSE,30,64,0.967755065018829
"nonstat_r30",FALSE,30,65,0.930594516039266
"nonstat_r30",FALSE,30,66,0.753993259846538
"nonstat_r30",FALSE,30,67,0.492783801695448
"nonstat_r30",FALSE,30,68,0.21726359547921
"nonstat_r30",FALSE,30,69,0.0473588931662591
"nonstat_r30",FALSE,30,70,0.0373770951955193
"nonstat_r30",FALSE,30,71,0.0281407289094189
"nonstat_r30",FALSE,30,72,0.0334721339168963
"nonstat_r30",FALSE,30,73,0.0177861601570725
"nonstat_r30",FALSE,30,74,0.0402713904418612
"nonstat_r30",FALSE,30,75,0.0111384634809716
"nonstat_r30",FALSE,30,76,0.00320957643362155
"nonstat_r30",FALSE,30,77,0.0110283615378311
"nonstat_r30",FALSE,30,78,0.106553189357533
"nonstat_r30",FALSE,30,79,0.257150688918459
"nonstat_r30",FALSE,30,80,0.509146794802874
"nonstat_r30",FALSE,30,81,0.693397362878214
"nonstat_r30",FALSE,30,82,0.554541972878792
"nonstat_r30",FALSE,30,83,0.716514977705893
"nonstat_r30",FALSE,30,84,0.865235726902025
"nonstat_r30",FALSE,30,85,0.857260139248893
"nonstat_r30",FALSE,30,86,0.94219192291715
"nonstat_r30",FALSE,30,87,0.981744892111806
"nonstat_r30",FALSE,30,88,0.989099055727479
"nonstat_r30",FALSE,30,89,0.973995650690784
"nonstat_r30",FALSE,30,90,0.86950009827314
"nonstat_r30",FALSE,30,91,0.765104146633146
"nonstat_r30",FALSE,30,92,0.577199242288352
"nonstat_r30",FALSE,30,93,0.560077956607814
"nonstat_r30",FALSE,30,94,0.867201938759032
"nonstat_r30",FALSE,30,95,0.889523762927498
"nonstat_r30",FALSE,30,96,0.67714882439666
"nonstat_r30",FALSE,30,97,0.617801562486114
"nonstat_r30",FALSE,30,98,0.528237215818202
"nonstat_r30",FALSE,30,99,0.312363493155598
"nonstat_r30",FALSE,30,100,0.416257632857401
"nonstat_r30",FALSE,30,101,0.878601271775012
"nonstat_r30",FALSE,30,102,0.891056642276382
"nonstat_r30",FALSE,30,103,0.832096799245735
"nonstat_r30",FALSE,30,104,0.956768316487811
"nonstat_r30",FALSE,30,105,0.986525117113729
"nonstat_r30",FALSE,30,106,0.991949934346799
"nonstat_r30",FALSE,30,107,0.997184890748538
"nonstat_r30",FALSE,30,108,0.995190227536039
"nonstat_r30",FALSE,30,109,0.973051035204359
"nonstat_r30",FALSE,30,110,0.924997354626541
"nonstat_r30",FALSE,30,111,0.860469662212811
"nonstat_r30",FALSE,30,112,0.88346377034822
"nonstat_r30",FALSE,30,113,0.929751110354751
"nonstat_r30",FALSE,30,114,0.959500497911161
"nonstat_r30",FALSE,30,115,0.944541042016732
"nonstat_r30",FALSE,30,116,0.872745736513367
"nonstat_r30",FALSE,30,117,0.613066912410533
"nonstat_r30",FALSE,30,118,0.527000674843376
"nonstat_r30",FALSE,30,119,0.568294092194386
"nonstat_r30",FALSE,30,120,0.354264765290328
"nonstat_r30",FALSE,30,121,0.165176863551584
"nonstat_r30",FALSE,30,122,0.161815015888327
"nonstat_r30",FALSE,30,123,0.240659088156541
"nonstat_r30",FALSE,30,124,0.113749227287649
"nonstat_r30",FALSE,30,125,0.0330046828680431
"nonstat_r30",FALSE,30,126,0.0125438950539015
"nonstat_r30",FALSE,30,127,0.0323685289527613
"nonstat_r30",FALSE,30,128,0.363314548625482
"nonstat_r30",FALSE,30,129,0.639558567511885
"nonstat_r30",FALSE,30,130,0.928637408706888
"nonstat_r30",FALSE,30,131,0.971330420549853
"nonstat_r30",FALSE,30,132,0.941795617161423
"nonstat_r30",FALSE,30,133,0.824946429773216
"nonstat_r30",FALSE,30,134,0.910371936818816
"nonstat_r30",FALSE,30,135,0.935099150190031
"nonstat_r30",FALSE,30,136,0.981127573346742
"nonstat_r30",FALSE,30,137,0.998307873769769
"nonstat_r30",FALSE,30,138,0.99455832031394
"nonstat_r30",FALSE,30,139,0.95798109772204
"nonstat_r30",FALSE,30,140,0.750560935620494
"nonstat_r30",FALSE,30,141,0.214289685665984
"nonstat_r30",FALSE,30,142,0.246814826326273
"nonstat_r30",FALSE,30,143,0.332368992458331
"nonstat_r30",FALSE,30,144,0.654624561492346
"nonstat_r30",FALSE,30,145,0.823672977309424
"nonstat_r30",FALSE,30,146,0.44332703257246
"nonstat_r30",FALSE,30,147,0.273317902655583
"nonstat_r30",FALSE,30,148,0.231863428159829
"nonstat_r30",FALSE,30,149,0.306788754543427
"nonstat_r30",FALSE,30,150,0.461408317592656
"nonstat_r30",FALSE,30,151,0.841774527450454
"nonstat_r30",FALSE,30,152,0.934223604251308
"nonstat_r30",FALSE,30,153,0.913469329807579
"nonstat_r30",FALSE,30,154,0.908326128976237
"nonstat_r30",FALSE,30,155,0.979060592302741
"nonstat_r30",FALSE,30,156,0.995251025955897
"nonstat_r30",FALSE,30,157,0.999185676112438
"nonstat_r30",FALSE,30,158,0.998104233273147
"nonstat_r30",FALSE,30,159,0.983378008079774
"nonstat_r30",FALSE,30,160,0.918782820529999
"nonstat_r30",FALSE,30,161,0.863790669003215
"nonstat_r30",FALSE,30,162,0.918806558981372
"nonstat_r30",FALSE,30,163,0.962312514356854
"nonstat_r30",FALSE,30,164,0.968414316307576
"nonstat_r30",FALSE,30,165,0.937339837799138
"nonstat_r30",FALSE,30,166,0.974260623924583
"nonstat_r30",FALSE,30,167,0.930440530416164
"nonstat_r30",FALSE,30,168,0.925167214184392
"nonstat_r30",FALSE,30,169,0.930163635102443
"nonstat_r30",FALSE,30,170,0.884016293367029
"nonstat_r30",FALSE,30,171,0.827492780170177
"nonstat_r30",FALSE,30,172,0.749070490438613
"nonstat_r30",FALSE,30,173,0.544807425305377
"nonstat_r30",FALSE,30,174,0.168784878410971
"nonstat_r30",FALSE,30,175,0.169480004380689
"nonstat_r30",FALSE,30,176,0.348196012811801
"nonstat_r30",FALSE,30,177,0.386982606687612
"nonstat_r30",FALSE,30,178,0.727775130218362
"nonstat_r30",FALSE,30,179,0.84541328811531
"nonstat_r30",FALSE,30,180,0.970374983925382
"nonstat_r30",FALSE,30,181,0.985846588446571
"nonstat_r30",FALSE,30,182,0.945927859564544
"nonstat_r30",FALSE,30,183,0.813688626732947
"nonstat_r30",FALSE,30,184,0.939331678331927
"nonstat_r30",FALSE,30,185,0.976978840265828
"nonstat_r30",FALSE,30,186,0.989727674976317
"nonstat_r30",FALSE,30,187,0.997421205297975
"nonstat_r30",FALSE,30,188,0.993176762427008
"nonstat_r30",FALSE,30,189,0.857670874747571
"nonstat_r30",FALSE,30,190,0.349070389021491
"nonstat_r30",FALSE,30,191,0.0712372570975885
"nonstat_r30",FALSE,30,192,0.0416190266644135
"nonstat_r30",FALSE,30,193,0.234250635473578
"nonstat_r30",FALSE,30,194,0.551681321655881
"nonstat_r30",FALSE,30,195,0.443737063449374
"nonstat_r30",FALSE,30,196,0.283651843654351
"nonstat_r30",FALSE,30,197,0.167036732082149
"nonstat_r30",FALSE,30,198,0.0675335007239443
"nonstat_r30",FALSE,30,199,0.093022710491562
"nonstat_r30",FALSE,30,200,0.262532422002722
"nonstat_r30",FALSE,30,201,0.742355426227323
"nonstat_r30",FALSE,30,202,0.915997181344332
"nonstat_r30",FALSE,30,203,0.946047664291968
"nonstat_r30",FALSE,30,204,0.893207926816955
"nonstat_r30",FALSE,30,205,0.959572159506558
"nonstat_r30",FALSE,30,206,0.989574721807672
"nonstat_r30",FALSE,30,207,0.997044329742397
"nonstat_r30",FALSE,30,208,0.990689930199266
"nonstat_r30",FALSE,30,209,0.952855920622858
"nonstat_r30",FALSE,30,210,0.885219584633889
"nonstat_r30",FALSE,30,211,0.926300359698421
"nonstat_r30",FALSE,30,212,0.946097165147164
"nonstat_r30",FALSE,30,213,0.885836066415918
"nonstat_r30",FALSE,30,214,0.918175498006759
"nonstat_r30",FALSE,30,215,0.959175183627722
"nonstat_r30",FALSE,30,216,0.96639722227466
"nonstat_r30",FALSE,30,217,0.933803627052185
"nonstat_r30",FALSE,30,218,0.926443792738286
"nonstat_r30",FALSE,30,219,0.978526057035588
"nonstat_r30",FALSE,30,220,0.987209411945679
"nonstat_r30",FALSE,30,221,0.974826773662591
"nonstat_r30",FALSE,30,222,0.892243729227712
"nonstat_r30",FALSE,30,223,0.823416656918638
"nonstat_r30",FALSE,30,224,0.850242868217383
"nonstat_r30",FALSE,30,225,0.739634593058329
"nonstat_r30",FALSE,30,226,0.648851049310257
"nonstat_r30",FALSE,30,227,0.74908806283032
"nonstat_r30",FALSE,30,228,0.95965797942381
"nonstat_r30",FALSE,30,229,0.967565532788374
"nonstat_r30",FALSE,30,230,0.978094835844232
"nonstat_r30",FALSE,30,231,0.964831635255217
"nonstat_r30",FALSE,30,232,0.940149177215826
"nonstat_r30",FALSE,30,233,0.899391912513834
"nonstat_r30",FALSE,30,234,0.842730488404405
"nonstat_r30",FALSE,30,235,0.878494166875896
"nonstat_r30",FALSE,30,236,0.929096711289866
"nonstat_r30",FALSE,30,237,0.965625653117854
"nonstat_r30",FALSE,30,238,0.929742727061489
"nonstat_r30",FALSE,30,239,0.458903260495398
"nonstat_r30",FALSE,30,240,0.0546176494178985
"nonstat_r30",FALSE,30,241,0.091138988971356
"nonstat_r30",FALSE,30,242,0.0783938767275068
"nonstat_r30",FALSE,30,243,0.192340055066316
"nonstat_r30",FALSE,30,244,0.488147337430021
"nonstat_r30",FALSE,30,245,0.563670718142164
"nonstat_r30",FALSE,30,246,0.544197290674881
"nonstat_r30",FALSE,30,247,0.190458260848024
"nonstat_r30",FALSE,30,248,0.0449745576366492
"nonstat_r30",FALSE,30,249,0.00769267981402327
"nonstat_r30",FALSE,30,250,0.0128380086285558
"nonstat_r30",FALSE,30,251,0.498780716838731
"nonstat_r30",FALSE,30,252,0.889704012538726
"nonstat_r30",FALSE,30,253,0.956998488620635
"nonstat_r30",FALSE,30,254,0.952464230858908
"nonstat_r30",FALSE,30,255,0.964164035473185
"nonstat_r30",FALSE,30,256,0.982411018524107
"nonstat_r30",FALSE,30,257,0.961675033446714
"nonstat_r30",FALSE,30,258,0.969780538357851
"nonstat_r30",FALSE,30,259,0.945056336237866
"nonstat_r30",FALSE,30,260,0.925747614270769
"nonstat_r30",FALSE,30,261,0.957273577993056
"nonstat_r30",FALSE,30,262,0.976795353110793
"nonstat_r30",FALSE,30,263,0.878730712712181
"nonstat_r30",FALSE,30,264,0.887919848004311
"nonstat_r30",FALSE,30,265,0.968170272041709
"nonstat_r30",FALSE,30,266,0.956314659442431
"nonstat_r30",FALSE,30,267,0.908832864708021
"nonstat_r30",FALSE,30,268,0.937448263380953
"nonstat_r30",FALSE,30,269,0.989548429002047
"nonstat_r30",FALSE,30,270,0.992981436067328
"nonstat_r30",FALSE,30,271,0.984499951669507
"nonstat_r30",FALSE,30,272,0.910099779966282
"nonstat_r30",FALSE,30,273,0.861005486987172
"nonstat_r30",FALSE,30,274,0.9162871525753
"nonstat_r30",FALSE,30,275,0.913916105074131
"nonstat_r30",FALSE,30,276,0.739819055434094
"nonstat_r30",FALSE,30,277,0.885068993945932
"nonstat_r30",FALSE,30,278,0.985866753569808
"nonstat_r30",FALSE,30,279,0.984742129781597
"nonstat_r30",FALSE,30,280,0.9818487243182
"nonstat_r30",FALSE,30,281,0.940747586946919
"nonstat_r30",FALSE,30,282,0.857116952572938
"nonstat_r30",FALSE,30,283,0.772562139164379
"nonstat_r30",FALSE,30,284,0.617729766290104
"nonstat_r30",FALSE,30,285,0.423126207267895
"nonstat_r30",FALSE,30,286,0.393836177220626
"nonstat_r30",FALSE,30,287,0.432627268724336
"nonstat_r30",FALSE,30,288,0.414300170206811
"nonstat_r30",FALSE,30,289,0.193803193468898
"nonstat_r30",FALSE,30,290,0.16559516750703
"nonstat_r30",FALSE,30,291,0.310509457763048
"nonstat_r30",FALSE,30,292,0.334357100829019
"nonstat_r30",FALSE,30,293,0.173620224668486
"nonstat_r30",FALSE,30,294,0.452830791780266
"nonstat_r30",FALSE,30,295,0.709242569028525
"nonstat_r30",FALSE,30,296,0.36121407440795
"nonstat_r30",FALSE,30,297,0.106577981412743
"nonstat_r30",FALSE,30,298,0.0160295220693172
"nonstat_r30",FALSE,30,299,0.00119724781900111
"nonstat_r30",FALSE,30,300,0.000274783639552505
"nonstat_r30",FALSE,30,301,0.403073569823987
"nonstat_r30",FALSE,30,302,0.754736659530072
"nonstat_r30",FALSE,30,303,0.873204963999588
"nonstat_r30",FALSE,30,304,0.870274377462441
"nonstat_r30",FALSE,30,305,0.922922791706319
"nonstat_r30",FALSE,30,306,0.939890120524881
"nonstat_r30",FALSE,30,307,0.838034586967096
"nonstat_r30",FALSE,30,308,0.92109636548659
"nonstat_r30",FALSE,30,309,0.966670578824542
"nonstat_r30",FALSE,30,310,0.961490429579445
"nonstat_r30",FALSE,30,311,0.956392272086347
"nonstat_r30",FALSE,30,312,0.975365385651132
"nonstat_r30",FALSE,30,313,0.966971321442688
"nonstat_r30",FALSE,30,314,0.955541998331034
"nonstat_r30",FALSE,30,315,0.978446515584304
"nonstat_r30",FALSE,30,316,0.970025836974957
"nonstat_r30",FALSE,30,317,0.91438266952385
"nonstat_r30",FALSE,30,318,0.971340994744292
"nonstat_r30",FALSE,30,319,0.990742689826427
"nonstat_r30",FALSE,30,320,0.988477042449171
"nonstat_r30",FALSE,30,321,0.957036640217808
"nonstat_r30",FALSE,30,322,0.882474705565298
"nonstat_r30",FALSE,30,323,0.78620059405033
"nonstat_r30",FALSE,30,324,0.830386380448013
"nonstat_r30",FALSE,30,325,0.932714367878113
"nonstat_r30",FALSE,30,326,0.854521189795417
"nonstat_r30",FALSE,30,327,0.877061686008748
"nonstat_r30",FALSE,30,328,0.982613695308393
"nonstat_r30",FALSE,30,329,0.993841951680106
"nonstat_r30",FALSE,30,330,0.983602694140555
"nonstat_r30",FALSE,30,331,0.922137891382941
"nonstat_r30",FALSE,30,332,0.830662359308058
"nonstat_r30",FALSE,30,333,0.77198404077242
"nonstat_r30",FALSE,30,334,0.470514135198404
"nonstat_r30",FALSE,30,335,0.145035983558549
"nonstat_r30",FALSE,30,336,0.0348212424266952
"nonstat_r30",FALSE,30,337,0.0195754481163809
"nonstat_r30",FALSE,30,338,0.0708479293963326
"nonstat_r30",FALSE,30,339,0.318746235775564
"nonstat_r30",FALSE,30,340,0.487036885649492
"nonstat_r30",FALSE,30,341,0.608085846774712
"nonstat_r30",FALSE,30,342,0.687411831623065
"nonstat_r30",FALSE,30,343,0.35551061233584
"nonstat_r30",FALSE,30,344,0.467593043118624
"nonstat_r30",FALSE,30,345,0.711424615573496
"nonstat_r30",FALSE,30,346,0.42306174319053
"nonstat_r30",FALSE,30,347,0.122637934754059
"nonstat_r30",FALSE,30,348,0.0143291876231513
"nonstat_r30",FALSE,30,349,0.000753502485213608
"nonstat_r30",FALSE,30,350,9.86520159026945e-05
"nonstat_r30",FALSE,30,351,0.382423386499646
"nonstat_r30",FALSE,30,352,0.361383093764234
"nonstat_r30",FALSE,30,353,0.314793541138641
"nonstat_r30",FALSE,30,354,0.230976072128251
"nonstat_r30",FALSE,30,355,0.683988075351711
"nonstat_r30",FALSE,30,356,0.843129526492298
"nonstat_r30",FALSE,30,357,0.823967754631311
"nonstat_r30",FALSE,30,358,0.893525720356755
"nonstat_r30",FALSE,30,359,0.964887983897898
"nonstat_r30",FALSE,30,360,0.965671020179469
"nonstat_r30",FALSE,30,361,0.93533626163698
"nonstat_r30",FALSE,30,362,0.97239284638208
"nonstat_r30",FALSE,30,363,0.965559994231512
"nonstat_r30",FALSE,30,364,0.961620146327899
"nonstat_r30",FALSE,30,365,0.970134590308078
"nonstat_r30",FALSE,30,366,0.930711112888662
"nonstat_r30",FALSE,30,367,0.732084778430522
"nonstat_r30",FALSE,30,368,0.753673201473232
"nonstat_r30",FALSE,30,369,0.941669488530782
"nonstat_r30",FALSE,30,370,0.945157340990701
"nonstat_r30",FALSE,30,371,0.832908171576504
"nonstat_r30",FALSE,30,372,0.768576125086112
"nonstat_r30",FALSE,30,373,0.73416840819897
"nonstat_r30",FALSE,30,374,0.866552103049527
"nonstat_r30",FALSE,30,375,0.961240477505375
"nonstat_r30",FALSE,30,376,0.917783019493217
"nonstat_r30",FALSE,30,377,0.790424107035057
"nonstat_r30",FALSE,30,378,0.959993162994622
"nonstat_r30",FALSE,30,379,0.995189208560457
"nonstat_r30",FALSE,30,380,0.995007499585325
"nonstat_r30",FALSE,30,381,0.968840113081964
"nonstat_r30",FALSE,30,382,0.918440331754683
"nonstat_r30",FALSE,30,383,0.867074777386966
"nonstat_r30",FALSE,30,384,0.342206157809856
"nonstat_r30",FALSE,30,385,0.0327150696284934
"nonstat_r30",FALSE,30,386,0.012437042936897
"nonstat_r30",FALSE,30,387,0.0122545465064152
"nonstat_r30",FALSE,30,388,0.0435537122017006
"nonstat_r30",FALSE,30,389,0.163850747699483
"nonstat_r30",FALSE,30,390,0.428693772739009
"nonstat_r30",FALSE,30,391,0.834486451672666
"nonstat_r30",FALSE,30,392,0.869927298932287
"nonstat_r30",FALSE,30,393,0.654867769857543
"nonstat_r30",FALSE,30,394,0.79897253576126
"nonstat_r30",FALSE,30,395,0.903236530370831
"nonstat_r30",FALSE,30,396,0.789054485103762
"nonstat_r30",FALSE,30,397,0.371373002761838
"nonstat_r30",FALSE,30,398,0.0314615910941124
"nonstat_r30",FALSE,30,399,0.00201729298671787
"nonstat_r30",FALSE,30,400,0.000479475685614382
"nonstat_r30",FALSE,30,401,0.261078195824265
"nonstat_r30",FALSE,30,402,0.0904429660242826
"nonstat_r30",FALSE,30,403,0.122656089927342
"nonstat_r30",FALSE,30,404,0.18414251981378
"nonstat_r30",FALSE,30,405,0.686269171169548
"nonstat_r30",FALSE,30,406,0.860236352672604
"nonstat_r30",FALSE,30,407,0.951682620141118
"nonstat_r30",FALSE,30,408,0.972991028598218
"nonstat_r30",FALSE,30,409,0.962170187732958
"nonstat_r30",FALSE,30,410,0.955180677863209
"nonstat_r30",FALSE,30,411,0.959547183015277
"nonstat_r30",FALSE,30,412,0.984840813761351
"nonstat_r30",FALSE,30,413,0.944997675383496
"nonstat_r30",FALSE,30,414,0.94054230719465
"nonstat_r30",FALSE,30,415,0.923561370901336
"nonstat_r30",FALSE,30,416,0.803454088248589
"nonstat_r30",FALSE,30,417,0.658332415520892
"nonstat_r30",FALSE,30,418,0.370222156811154
"nonstat_r30",FALSE,30,419,0.540103753183126
"nonstat_r30",FALSE,30,420,0.646407291915307
"nonstat_r30",FALSE,30,421,0.75843217375944
"nonstat_r30",FALSE,30,422,0.746125286603155
"nonstat_r30",FALSE,30,423,0.811030807104272
"nonstat_r30",FALSE,30,424,0.873497489652207
"nonstat_r30",FALSE,30,425,0.963142137284211
"nonstat_r30",FALSE,30,426,0.957668521537271
"nonstat_r30",FALSE,30,427,0.84103134354683
"nonstat_r30",FALSE,30,428,0.893633792374
"nonstat_r30",FALSE,30,429,0.97497150910318
"nonstat_r30",FALSE,30,430,0.99053668107503
"nonstat_r30",FALSE,30,431,0.98357600014146
"nonstat_r30",FALSE,30,432,0.910376324657133
"nonstat_r30",FALSE,30,433,0.758671820806095
"nonstat_r30",FALSE,30,434,0.077522319056294
"nonstat_r30",FALSE,30,435,0.00501461434283557
"nonstat_r30",FALSE,30,436,0.00184579676635532
"nonstat_r30",FALSE,30,437,0.00959746867799396
"nonstat_r30",FALSE,30,438,0.0566427179881378
"nonstat_r30",FALSE,30,439,0.134884848075148
"nonstat_r30",FALSE,30,440,0.363128880873692
"nonstat_r30",FALSE,30,441,0.834148927973825
"nonstat_r30",FALSE,30,442,0.770782068091309
"nonstat_r30",FALSE,30,443,0.654652129969978
"nonstat_r30",FALSE,30,444,0.853292036496272
"nonstat_r30",FALSE,30,445,0.883472789527919
"nonstat_r30",FALSE,30,446,0.867554987848346
"nonstat_r30",FALSE,30,447,0.810963165076711
"nonstat_r30",FALSE,30,448,0.13975207679332
"nonstat_r30",FALSE,30,449,0.0170886748169587
"nonstat_r30",FALSE,30,450,0.00342070770025679
"nonstat_r30",FALSE,30,451,0.150794632764656
"nonstat_r30",FALSE,30,452,0.0298160484830639
"nonstat_r30",FALSE,30,453,0.0410324524677367
"nonstat_r30",FALSE,30,454,0.0893863859703087
"nonstat_r30",FALSE,30,455,0.513605422804029
"nonstat_r30",FALSE,30,456,0.844696535973904
"nonstat_r30",FALSE,30,457,0.939498825605726
"nonstat_r30",FALSE,30,458,0.977634644156887
"nonstat_r30",FALSE,30,459,0.957592926734125
"nonstat_r30",FALSE,30,460,0.938782131981194
"nonstat_r30",FALSE,30,461,0.96849351965982
"nonstat_r30",FALSE,30,462,0.992657346913732
"nonstat_r30",FALSE,30,463,0.980501547169528
"nonstat_r30",FALSE,30,464,0.946642535398415
"nonstat_r30",FALSE,30,465,0.817590888132444
"nonstat_r30",FALSE,30,466,0.466881237683356
"nonstat_r30",FALSE,30,467,0.243623730263959
"nonstat_r30",FALSE,30,468,0.146540486382669
"nonstat_r30",FALSE,30,469,0.390742689298386
"nonstat_r30",FALSE,30,470,0.638162177622765
"nonstat_r30",FALSE,30,471,0.862134943119467
"nonstat_r30",FALSE,30,472,0.817357183429857
"nonstat_r30",FALSE,30,473,0.846819047879863
"nonstat_r30",FALSE,30,474,0.956892452398156
"nonstat_r30",FALSE,30,475,0.970304294303316
"nonstat_r30",FALSE,30,476,0.953040425644182
"nonstat_r30",FALSE,30,477,0.784774308191327
"nonstat_r30",FALSE,30,478,0.69322936640388
"nonstat_r30",FALSE,30,479,0.927098400890061
"nonstat_r30",FALSE,30,480,0.982663096343458
"nonstat_r30",FALSE,30,481,0.967711729439267
"nonstat_r30",FALSE,30,482,0.703468312031304
"nonstat_r30",FALSE,30,483,0.185339999207203
"nonstat_r30",FALSE,30,484,0.0115095657673709
"nonstat_r30",FALSE,30,485,0.000509578226296141
"nonstat_r30",FALSE,30,486,0.000219657776835742
"nonstat_r30",FALSE,30,487,0.00107329265688655
"nonstat_r30",FALSE,30,488,0.00312357746653769
"nonstat_r30",FALSE,30,489,0.0140654571816201
"nonstat_r30",FALSE,30,490,0.163111012506251
"nonstat_r30",FALSE,30,491,0.739216118330692
"nonstat_r30",FALSE,30,492,0.776587773653993
"nonstat_r30",FALSE,30,493,0.698586424908321
"nonstat_r30",FALSE,30,494,0.765852421872162
"nonstat_r30",FALSE,30,495,0.828498350515128
"nonstat_r30",FALSE,30,496,0.798265070498977
"nonstat_r30",FALSE,30,497,0.76194846784845
"nonstat_r30",FALSE,30,498,0.66558126834555
"nonstat_r30",FALSE,30,499,0.0972092127491986
"nonstat_r30",FALSE,30,500,0.00495880777341895
"nonstat_r30",FALSE,30,501,0.085794410851745
"nonstat_r30",FALSE,30,502,0.00854938316363619
"nonstat_r30",FALSE,30,503,0.00505256094737936
"nonstat_r30",FALSE,30,504,0.0191701339898269
"nonstat_r30",FALSE,30,505,0.220517602232008
"nonstat_r30",FALSE,30,506,0.805915646770137
"nonstat_r30",FALSE,30,507,0.947179492254875
"nonstat_r30",FALSE,30,508,0.962497960016685
"nonstat_r30",FALSE,30,509,0.94903332164997
"nonstat_r30",FALSE,30,510,0.978717294962978
"nonstat_r30",FALSE,30,511,0.993824047324485
"nonstat_r30",FALSE,30,512,0.996108537320553
"nonstat_r30",FALSE,30,513,0.98433446007938
"nonstat_r30",FALSE,30,514,0.861704466995761
"nonstat_r30",FALSE,30,515,0.572519932627363
"nonstat_r30",FALSE,30,516,0.245258739420854
"nonstat_r30",FALSE,30,517,0.144069937741324
"nonstat_r30",FALSE,30,518,0.217122134467472
"nonstat_r30",FALSE,30,519,0.432617579825692
"nonstat_r30",FALSE,30,520,0.586400944449443
"nonstat_r30",FALSE,30,521,0.88423022443827
"nonstat_r30",FALSE,30,522,0.903230237767364
"nonstat_r30",FALSE,30,523,0.887904056605535
"nonstat_r30",FALSE,30,524,0.951881890528141
"nonstat_r30",FALSE,30,525,0.966339336631008
"nonstat_r30",FALSE,30,526,0.948870663343193
"nonstat_r30",FALSE,30,527,0.860459023474993
"nonstat_r30",FALSE,30,528,0.520609978631825
"nonstat_r30",FALSE,30,529,0.815358186300712
"nonstat_r30",FALSE,30,530,0.947210041898541
"nonstat_r30",FALSE,30,531,0.849166109137561
"nonstat_r30",FALSE,30,532,0.194124960532299
"nonstat_r30",FALSE,30,533,0.0157029364232091
"nonstat_r30",FALSE,30,534,0.0066452820795288
"nonstat_r30",FALSE,30,535,0.000936574049281236
"nonstat_r30",FALSE,30,536,0.000140401336650137
"nonstat_r30",FALSE,30,537,0.000344825874062454
"nonstat_r30",FALSE,30,538,0.000502808191886671
"nonstat_r30",FALSE,30,539,0.00266843728031998
"nonstat_r30",FALSE,30,540,0.0257860543578611
"nonstat_r30",FALSE,30,541,0.204654353296701
"nonstat_r30",FALSE,30,542,0.882046286473355
"nonstat_r30",FALSE,30,543,0.946338122831948
"nonstat_r30",FALSE,30,544,0.970002239993513
"nonstat_r30",FALSE,30,545,0.915701787225652
"nonstat_r30",FALSE,30,546,0.612456478257846
"nonstat_r30",FALSE,30,547,0.704111690856572
"nonstat_r30",FALSE,30,548,0.842525428016198
"nonstat_r30",FALSE,30,549,0.21434016353633
"nonstat_r30",FALSE,30,550,0.0070515843301348
"nonstat_r30",FALSE,30,551,0.0452078514856621
"nonstat_r30",FALSE,30,552,0.00221655930929185
"nonstat_r30",FALSE,30,553,0.000735379526749719
"nonstat_r30",FALSE,30,554,0.00174652949481009
"nonstat_r30",FALSE,30,555,0.0768818092221765
"nonstat_r30",FALSE,30,556,0.593640030476858
"nonstat_r30",FALSE,30,557,0.89490192623343
"nonstat_r30",FALSE,30,558,0.88541190780209
"nonstat_r30",FALSE,30,559,0.943336489434317
"nonstat_r30",FALSE,30,560,0.977162507874316
"nonstat_r30",FALSE,30,561,0.995164570972007
"nonstat_r30",FALSE,30,562,0.990290735359663
"nonstat_r30",FALSE,30,563,0.970986468281256
"nonstat_r30",FALSE,30,564,0.868757245368948
"nonstat_r30",FALSE,30,565,0.78818536932873
"nonstat_r30",FALSE,30,566,0.510984235895063
"nonstat_r30",FALSE,30,567,0.0963656894636388
"nonstat_r30",FALSE,30,568,0.163602917360584
"nonstat_r30",FALSE,30,569,0.562835370737842
"nonstat_r30",FALSE,30,570,0.652388769506867
"nonstat_r30",FALSE,30,571,0.671975130562497
"nonstat_r30",FALSE,30,572,0.722080778476603
"nonstat_r30",FALSE,30,573,0.762721971095954
"nonstat_r30",FALSE,30,574,0.80692507517892
"nonstat_r30",FALSE,30,575,0.88428564482604
"nonstat_r30",FALSE,30,576,0.882891818142046
"nonstat_r30",FALSE,30,577,0.805170373146423
"nonstat_r30",FALSE,30,578,0.478815824560783
"nonstat_r30",FALSE,30,579,0.468723484041898
"nonstat_r30",FALSE,30,580,0.774053695365781
"nonstat_r30",FALSE,30,581,0.655919896053355
"nonstat_r30",FALSE,30,582,0.230408627610924
"nonstat_r30",FALSE,30,583,0.0363787970942365
"nonstat_r30",FALSE,30,584,0.0579161235918955
"nonstat_r30",FALSE,30,585,0.0124274262032175
"nonstat_r30",FALSE,30,586,0.000970908282028121
"nonstat_r30",FALSE,30,587,0.00090154646079783
"nonstat_r30",FALSE,30,588,0.00069018766113102
"nonstat_r30",FALSE,30,589,0.00185276951087917
"nonstat_r30",FALSE,30,590,0.0238820767784278
"nonstat_r30",FALSE,30,591,0.325150578116641
"nonstat_r30",FALSE,30,592,0.98084497247551
"nonstat_r30",FALSE,30,593,0.996614063028092
"nonstat_r30",FALSE,30,594,0.997077998948792
"nonstat_r30",FALSE,30,595,0.970419404154415
"nonstat_r30",FALSE,30,596,0.809009335510135
"nonstat_r30",FALSE,30,597,0.698852742338432
"nonstat_r30",FALSE,30,598,0.654563827990613
"nonstat_r30",FALSE,30,599,0.265111588615628
"nonstat_r30",FALSE,30,600,0.0121348968937862
"nonstat_r30",FALSE,30,601,0.0162877489408231
"nonstat_r30",FALSE,30,602,0.000633111981654878
"nonstat_r30",FALSE,30,603,0.00016784631241954
"nonstat_r30",FALSE,30,604,0.0002956839409735
"nonstat_r30",FALSE,30,605,0.0140535455140672
"nonstat_r30",FALSE,30,606,0.16881598786396
"nonstat_r30",FALSE,30,607,0.52852842644563
"nonstat_r30",FALSE,30,608,0.647224064441583
"nonstat_r30",FALSE,30,609,0.754722514092214
"nonstat_r30",FALSE,30,610,0.883215940764913
"nonstat_r30",FALSE,30,611,0.980783867126983
"nonstat_r30",FALSE,30,612,0.981654428205789
"nonstat_r30",FALSE,30,613,0.975883790540864
"nonstat_r30",FALSE,30,614,0.937927971994451
"nonstat_r30",FALSE,30,615,0.943652122409734
"nonstat_r30",FALSE,30,616,0.86307654649172
"nonstat_r30",FALSE,30,617,0.302184357186751
"nonstat_r30",FALSE,30,618,0.590319616854633
"nonstat_r30",FALSE,30,619,0.813441902037974
"nonstat_r30",FALSE,30,620,0.757674769807054
"nonstat_r30",FALSE,30,621,0.448911207790176
"nonstat_r30",FALSE,30,622,0.302879268012104
"nonstat_r30",FALSE,30,623,0.154193017190614
"nonstat_r30",FALSE,30,624,0.272272120017423
"nonstat_r30",FALSE,30,625,0.590045385630877
"nonstat_r30",FALSE,30,626,0.717209286819556
"nonstat_r30",FALSE,30,627,0.595772602379568
"nonstat_r30",FALSE,30,628,0.219465448748086
"nonstat_r30",FALSE,30,629,0.274991570372477
"nonstat_r30",FALSE,30,630,0.566487465180839
"nonstat_r30",FALSE,30,631,0.656963130208828
"nonstat_r30",FALSE,30,632,0.599302818651016
"nonstat_r30",FALSE,30,633,0.465638162467451
"nonstat_r30",FALSE,30,634,0.412844712861695
"nonstat_r30",FALSE,30,635,0.332438310371994
"nonstat_r30",FALSE,30,636,0.108526100327099
"nonstat_r30",FALSE,30,637,0.0338619606227362
"nonstat_r30",FALSE,30,638,0.00271001163763178
"nonstat_r30",FALSE,30,639,0.00209090622327739
"nonstat_r30",FALSE,30,640,0.0226501811303528
"nonstat_r30",FALSE,30,641,0.359997272124446
"nonstat_r30",FALSE,30,642,0.948121416193963
"nonstat_r30",FALSE,30,643,0.996964777785685
"nonstat_r30",FALSE,30,644,0.998545254126578
"nonstat_r30",FALSE,30,645,0.992455346747186
"nonstat_r30",FALSE,30,646,0.949039225177452
"nonstat_r30",FALSE,30,647,0.900174233266963
"nonstat_r30",FALSE,30,648,0.564350349636933
"nonstat_r30",FALSE,30,649,0.108595810086511
"nonstat_r30",FALSE,30,650,0.0121871073407037
"nonstat_r30",FALSE,30,651,0.0182136929687889
"nonstat_r30",FALSE,30,652,0.000597405978094137
"nonstat_r30",FALSE,30,653,0.000212461108469489
"nonstat_r30",FALSE,30,654,0.000708327837764887
"nonstat_r30",FALSE,30,655,0.017895825345348
"nonstat_r30",FALSE,30,656,0.145655563518293
"nonstat_r30",FALSE,30,657,0.475105909929527
"nonstat_r30",FALSE,30,658,0.606281570705369
"nonstat_r30",FALSE,30,659,0.564683935798342
"nonstat_r30",FALSE,30,660,0.939498088034013
"nonstat_r30",FALSE,30,661,0.976232103771767
"nonstat_r30",FALSE,30,662,0.978413008094041
"nonstat_r30",FALSE,30,663,0.978418401718399
"nonstat_r30",FALSE,30,664,0.970152057531247
"nonstat_r30",FALSE,30,665,0.955354553397969
"nonstat_r30",FALSE,30,666,0.798238822161917
"nonstat_r30",FALSE,30,667,0.664752391472837
"nonstat_r30",FALSE,30,668,0.918057678062954
"nonstat_r30",FALSE,30,669,0.949183105339733
"nonstat_r30",FALSE,30,670,0.847932312985426
"nonstat_r30",FALSE,30,671,0.40404727669009
"nonstat_r30",FALSE,30,672,0.109496179364388
"nonstat_r30",FALSE,30,673,0.0531129034506256
"nonstat_r30",FALSE,30,674,0.126609420107188
"nonstat_r30",FALSE,30,675,0.32746558536422
"nonstat_r30",FALSE,30,676,0.508672657297684
"nonstat_r30",FALSE,30,677,0.21137123232972
"nonstat_r30",FALSE,30,678,0.0932440976406634
"nonstat_r30",FALSE,30,679,0.13920962559733
"nonstat_r30",FALSE,30,680,0.368908778759427
"nonstat_r30",FALSE,30,681,0.878756407114497
"nonstat_r30",FALSE,30,682,0.937015964794209
"nonstat_r30",FALSE,30,683,0.963953659553497
"nonstat_r30",FALSE,30,684,0.934320348319945
"nonstat_r30",FALSE,30,685,0.909942477762052
"nonstat_r30",FALSE,30,686,0.702115474326502
"nonstat_r30",FALSE,30,687,0.195032701000474
"nonstat_r30",FALSE,30,688,0.0151403324140381
"nonstat_r30",FALSE,30,689,0.0316862252112327
"nonstat_r30",FALSE,30,690,0.0885847972895983
"nonstat_r30",FALSE,30,691,0.213704292305088
"nonstat_r30",FALSE,30,692,0.938936227361865
"nonstat_r30",FALSE,30,693,0.996691691484637
"nonstat_r30",FALSE,30,694,0.997454857300785
"nonstat_r30",FALSE,30,695,0.984960061389916
"nonstat_r30",FALSE,30,696,0.896490574359199
"nonstat_r30",FALSE,30,697,0.902645831287793
"nonstat_r30",FALSE,30,698,0.61841387771351
"nonstat_r30",FALSE,30,699,0.13496753871725
"nonstat_r30",FALSE,30,700,0.0523311576668366
"nonstat_r30",FALSE,30,701,0.0357900744875522
"nonstat_r30",FALSE,30,702,0.00314236626007717
"nonstat_r30",FALSE,30,703,0.00110925230858566
"nonstat_r30",FALSE,30,704,0.00615885795802303
"nonstat_r30",FALSE,30,705,0.0894684644472298
"nonstat_r30",FALSE,30,706,0.511869749121418
"nonstat_r30",FALSE,30,707,0.806191854680586
"nonstat_r30",FALSE,30,708,0.898223932163886
"nonstat_r30",FALSE,30,709,0.885473612986549
"nonstat_r30",FALSE,30,710,0.969776560936241
"nonstat_r30",FALSE,30,711,0.97901470782464
"nonstat_r30",FALSE,30,712,0.987214173189689
"nonstat_r30",FALSE,30,713,0.957206320526118
"nonstat_r30",FALSE,30,714,0.978139354793293
"nonstat_r30",FALSE,30,715,0.957333030575562
"nonstat_r30",FALSE,30,716,0.836192386640564
"nonstat_r30",FALSE,30,717,0.850606903853367
"nonstat_r30",FALSE,30,718,0.922775915614829
"nonstat_r30",FALSE,30,719,0.932362078830175
"nonstat_r30",FALSE,30,720,0.552079167473262
"nonstat_r30",FALSE,30,721,0.132429051460508
"nonstat_r30",FALSE,30,722,0.015243490450884
"nonstat_r30",FALSE,30,723,0.0236332263720254
"nonstat_r30",FALSE,30,724,0.0443537224952908
"nonstat_r30",FALSE,30,725,0.0817907730982692
"nonstat_r30",FALSE,30,726,0.100175826892083
"nonstat_r30",FALSE,30,727,0.104402453959552
"nonstat_r30",FALSE,30,728,0.433713145989167
"nonstat_r30",FALSE,30,729,0.588167401140874
"nonstat_r30",FALSE,30,730,0.773519295987399
"nonstat_r30",FALSE,30,731,0.958673411193499
"nonstat_r30",FALSE,30,732,0.986087140503045
"nonstat_r30",FALSE,30,733,0.984544299449942
"nonstat_r30",FALSE,30,734,0.977565589224787
"nonstat_r30",FALSE,30,735,0.846738750447025
"nonstat_r30",FALSE,30,736,0.562141916734915
"nonstat_r30",FALSE,30,737,0.21955437450125
"nonstat_r30",FALSE,30,738,0.0800514829790873
"nonstat_r30",FALSE,30,739,0.114428602740076
"nonstat_r30",FALSE,30,740,0.198521130492547
"nonstat_r30",FALSE,30,741,0.313502170454314
"nonstat_r30",FALSE,30,742,0.928363164171222
"nonstat_r30",FALSE,30,743,0.988566411462676
"nonstat_r30",FALSE,30,744,0.994050982011756
"nonstat_r30",FALSE,30,745,0.972856951451611
"nonstat_r30",FALSE,30,746,0.900389945823041
"nonstat_r30",FALSE,30,747,0.946830821966911
"nonstat_r30",FALSE,30,748,0.870179946119994
"nonstat_r30",FALSE,30,749,0.442473924170994
"nonstat_r30",FALSE,30,750,0.171940203361231
"nonstat_r30",FALSE,30,751,0.0902887218204321
"nonstat_r30",FALSE,30,752,0.0357299658250553
"nonstat_r30",FALSE,30,753,0.0119566503636632
"nonstat_r30",FALSE,30,754,0.0242078299708948
"nonstat_r30",FALSE,30,755,0.17854590847832
"nonstat_r30",FALSE,30,756,0.524705315126864
"nonstat_r30",FALSE,30,757,0.762124103603999
"nonstat_r30",FALSE,30,758,0.936741770708351
"nonstat_r30",FALSE,30,759,0.973882199231746
"nonstat_r30",FALSE,30,760,0.99427710359221
"nonstat_r30",FALSE,30,761,0.992447147044129
"nonstat_r30",FALSE,30,762,0.983259167918575
"nonstat_r30",FALSE,30,763,0.958188815703368
"nonstat_r30",FALSE,30,764,0.934046371504322
"nonstat_r30",FALSE,30,765,0.862343201927812
"nonstat_r30",FALSE,30,766,0.800161038769807
"nonstat_r30",FALSE,30,767,0.845824659272114
"nonstat_r30",FALSE,30,768,0.94865451267028
"nonstat_r30",FALSE,30,769,0.909868941483543
"nonstat_r30",FALSE,30,770,0.28299447674907
"nonstat_r30",FALSE,30,771,0.0170390400172834
"nonstat_r30",FALSE,30,772,0.00439054680594773
"nonstat_r30",FALSE,30,773,0.011623559326596
"nonstat_r30",FALSE,30,774,0.023082616330542
"nonstat_r30",FALSE,30,775,0.0483140209532741
"nonstat_r30",FALSE,30,776,0.213606646169484
"nonstat_r30",FALSE,30,777,0.418614469780928
"nonstat_r30",FALSE,30,778,0.771394600395838
"nonstat_r30",FALSE,30,779,0.869299743398159
"nonstat_r30",FALSE,30,780,0.811736756354932
"nonstat_r30",FALSE,30,781,0.924665026882583
"nonstat_r30",FALSE,30,782,0.970803729061036
"nonstat_r30",FALSE,30,783,0.952039427903911
"nonstat_r30",FALSE,30,784,0.922223741891359
"nonstat_r30",FALSE,30,785,0.741733696354174
"nonstat_r30",FALSE,30,786,0.297006211492071
"nonstat_r30",FALSE,30,787,0.176980658952852
"nonstat_r30",FALSE,30,788,0.336059135046751
"nonstat_r30",FALSE,30,789,0.217124574796585
"nonstat_r30",FALSE,30,790,0.0993081997315287
"nonstat_r30",FALSE,30,791,0.306089426526253
"nonstat_r30",FALSE,30,792,0.849039236522767
"nonstat_r30",FALSE,30,793,0.980590136244432
"nonstat_r30",FALSE,30,794,0.983954946553168
"nonstat_r30",FALSE,30,795,0.92942413325535
"nonstat_r30",FALSE,30,796,0.93598648549359
"nonstat_r30",FALSE,30,797,0.962141267279208
"nonstat_r30",FALSE,30,798,0.963134383580674
"nonstat_r30",FALSE,30,799,0.719818136301902
"nonstat_r30",FALSE,30,800,0.390468094942131
"nonstat_r30",FALSE,30,801,0.107841791202556
"nonstat_r30",FALSE,30,802,0.0849577834775884
"nonstat_r30",FALSE,30,803,0.181180303612143
"nonstat_r30",FALSE,30,804,0.234360500871036
"nonstat_r30",FALSE,30,805,0.511156702202308
"nonstat_r30",FALSE,30,806,0.489032142956767
"nonstat_r30",FALSE,30,807,0.62310656073381
"nonstat_r30",FALSE,30,808,0.870233780116525
"nonstat_r30",FALSE,30,809,0.944633142692202
"nonstat_r30",FALSE,30,810,0.980016700978809
"nonstat_r30",FALSE,30,811,0.985413933378611
"nonstat_r30",FALSE,30,812,0.980690079567237
"nonstat_r30",FALSE,30,813,0.972804644949443
"nonstat_r30",FALSE,30,814,0.849000626516987
"nonstat_r30",FALSE,30,815,0.537142744731672
"nonstat_r30",FALSE,30,816,0.384406081121701
"nonstat_r30",FALSE,30,817,0.621760675377084
"nonstat_r30",FALSE,30,818,0.901228646393906
"nonstat_r30",FALSE,30,819,0.93307591206923
"nonstat_r30",FALSE,30,820,0.573531328894911
"nonstat_r30",FALSE,30,821,0.0342105099113724
"nonstat_r30",FALSE,30,822,0.0103212664633714
"nonstat_r30",FALSE,30,823,0.0187149894715309
"nonstat_r30",FALSE,30,824,0.0324469276005196
"nonstat_r30",FALSE,30,825,0.0849431409985352
"nonstat_r30",FALSE,30,826,0.46279943532798
"nonstat_r30",FALSE,30,827,0.891107506243931
"nonstat_r30",FALSE,30,828,0.973145078778093
"nonstat_r30",FALSE,30,829,0.957822771246444
"nonstat_r30",FALSE,30,830,0.840417565842911
"nonstat_r30",FALSE,30,831,0.790590657577619
"nonstat_r30",FALSE,30,832,0.750228238373173
"nonstat_r30",FALSE,30,833,0.665502026754937
"nonstat_r30",FALSE,30,834,0.614006843621844
"nonstat_r30",FALSE,30,835,0.427776949139216
"nonstat_r30",FALSE,30,836,0.18209369717103
"nonstat_r30",FALSE,30,837,0.264410894105602
"nonstat_r30",FALSE,30,838,0.327763350462945
"nonstat_r30",FALSE,30,839,0.13535036215231
"nonstat_r30",FALSE,30,840,0.0690164668256305
"nonstat_r30",FALSE,30,841,0.195099368753419
"nonstat_r30",FALSE,30,842,0.718386025073342
"nonstat_r30",FALSE,30,843,0.913691448644262
"nonstat_r30",FALSE,30,844,0.958218207461688
"nonstat_r30",FALSE,30,845,0.969258655905424
"nonstat_r30",FALSE,30,846,0.972890620848249
"nonstat_r30",FALSE,30,847,0.970227875903179
"nonstat_r30",FALSE,30,848,0.890857218221738
"nonstat_r30",FALSE,30,849,0.582478948940143
"nonstat_r30",FALSE,30,850,0.400815479523425
"nonstat_r30",FALSE,30,851,0.0313273256895636
"nonstat_r30",FALSE,30,852,0.160795587786219
"nonstat_r30",FALSE,30,853,0.391136476903298
"nonstat_r30",FALSE,30,854,0.700517279594278
"nonstat_r30",FALSE,30,855,0.849835639395063
"nonstat_r30",FALSE,30,856,0.781203343407768
"nonstat_r30",FALSE,30,857,0.672105824547156
"nonstat_r30",FALSE,30,858,0.898910663843941
"nonstat_r30",FALSE,30,859,0.960492419762284
"nonstat_r30",FALSE,30,860,0.953610003373555
"nonstat_r30",FALSE,30,861,0.981872169092751
"nonstat_r30",FALSE,30,862,0.985918343456406
"nonstat_r30",FALSE,30,863,0.969247404758726
"nonstat_r30",FALSE,30,864,0.841257507638301
"nonstat_r30",FALSE,30,865,0.365192538526879
"nonstat_r30",FALSE,30,866,0.107877254147366
"nonstat_r30",FALSE,30,867,0.264177740040233
"nonstat_r30",FALSE,30,868,0.816476988812457
"nonstat_r30",FALSE,30,869,0.924265490667464
"nonstat_r30",FALSE,30,870,0.851082127955504
"nonstat_r30",FALSE,30,871,0.392144209947533
"nonstat_r30",FALSE,30,872,0.0795924442136468
"nonstat_r30",FALSE,30,873,0.0380424278211171
"nonstat_r30",FALSE,30,874,0.0808693891742015
"nonstat_r30",FALSE,30,875,0.204573418140361
"nonstat_r30",FALSE,30,876,0.45546030524751
"nonstat_r30",FALSE,30,877,0.675613213831577
"nonstat_r30",FALSE,30,878,0.921104263858345
"nonstat_r30",FALSE,30,879,0.915876198392735
"nonstat_r30",FALSE,30,880,0.686666951761573
"nonstat_r30",FALSE,30,881,0.657422997604296
"nonstat_r30",FALSE,30,882,0.480187577438549
"nonstat_r30",FALSE,30,883,0.248974065011168
"nonstat_r30",FALSE,30,884,0.229170278806929
"nonstat_r30",FALSE,30,885,0.26716536928282
"nonstat_r30",FALSE,30,886,0.297772670773129
"nonstat_r30",FALSE,30,887,0.337239578499422
"nonstat_r30",FALSE,30,888,0.0688443299453976
"nonstat_r30",FALSE,30,889,0.034237543945441
"nonstat_r30",FALSE,30,890,0.0424704636831753
"nonstat_r30",FALSE,30,891,0.0839124781784979
"nonstat_r30",FALSE,30,892,0.318094452413254
"nonstat_r30",FALSE,30,893,0.571947968604096
"nonstat_r30",FALSE,30,894,0.851928620873432
"nonstat_r30",FALSE,30,895,0.982379004384633
"nonstat_r30",FALSE,30,896,0.990881218024559
"nonstat_r30",FALSE,30,897,0.945226594765146
"nonstat_r30",FALSE,30,898,0.840511022823483
"nonstat_r30",FALSE,30,899,0.785225753742566
"nonstat_r30",FALSE,30,900,0.586317101357236
"nonstat_r30",FALSE,30,901,0.0355946685473447
"nonstat_r30",FALSE,30,902,0.180933239056415
"nonstat_r30",FALSE,30,903,0.494359400724471
"nonstat_r30",FALSE,30,904,0.908368541889356
"nonstat_r30",FALSE,30,905,0.842213201023943
"nonstat_r30",FALSE,30,906,0.609559192428252
"nonstat_r30",FALSE,30,907,0.71982506567837
"nonstat_r30",FALSE,30,908,0.861414056936124
"nonstat_r30",FALSE,30,909,0.885055185480244
"nonstat_r30",FALSE,30,910,0.741944649166119
"nonstat_r30",FALSE,30,911,0.851607836424783
"nonstat_r30",FALSE,30,912,0.959991853744396
"nonstat_r30",FALSE,30,913,0.866428435512296
"nonstat_r30",FALSE,30,914,0.465031581841555
"nonstat_r30",FALSE,30,915,0.0688637886649182
"nonstat_r30",FALSE,30,916,0.0187204032187845
"nonstat_r30",FALSE,30,917,0.0536039322417851
"nonstat_r30",FALSE,30,918,0.290548579707171
"nonstat_r30",FALSE,30,919,0.668184951815332
"nonstat_r30",FALSE,30,920,0.866516904130742
"nonstat_r30",FALSE,30,921,0.738623682105777
"nonstat_r30",FALSE,30,922,0.122267515157751
"nonstat_r30",FALSE,30,923,0.0293362886454904
"nonstat_r30",FALSE,30,924,0.0488470123964992
"nonstat_r30",FALSE,30,925,0.106149045916551
"nonstat_r30",FALSE,30,926,0.0542629496358257
"nonstat_r30",FALSE,30,927,0.0468900983084447
"nonstat_r30",FALSE,30,928,0.227207025896434
"nonstat_r30",FALSE,30,929,0.486861329855496
"nonstat_r30",FALSE,30,930,0.396275031650945
"nonstat_r30",FALSE,30,931,0.279050397087374
"nonstat_r30",FALSE,30,932,0.101085920150115
"nonstat_r30",FALSE,30,933,0.0909628739183547
"nonstat_r30",FALSE,30,934,0.109215429123665
"nonstat_r30",FALSE,30,935,0.20791466087052
"nonstat_r30",FALSE,30,936,0.25483539550255
"nonstat_r30",FALSE,30,937,0.102597701814512
"nonstat_r30",FALSE,30,938,0.0191431560752305
"nonstat_r30",FALSE,30,939,0.0120065611712176
"nonstat_r30",FALSE,30,940,0.0614091898107863
"nonstat_r30",FALSE,30,941,0.110698411600967
"nonstat_r30",FALSE,30,942,0.226652235228726
"nonstat_r30",FALSE,30,943,0.446332165492479
"nonstat_r30",FALSE,30,944,0.62874632711035
"nonstat_r30",FALSE,30,945,0.933338659375754
"nonstat_r30",FALSE,30,946,0.968749404948377
"nonstat_r30",FALSE,30,947,0.753196118287517
"nonstat_r30",FALSE,30,948,0.519883948991725
"nonstat_r30",FALSE,30,949,0.545549430993216
"nonstat_r30",FALSE,30,950,0.550324655921464
"nonstat_r30",FALSE,30,951,0.043983244753754
"nonstat_r30",FALSE,30,952,0.25454931120442
"nonstat_r30",FALSE,30,953,0.78223037189137
"nonstat_r30",FALSE,30,954,0.96915521373645
"nonstat_r30",FALSE,30,955,0.927038368716255
"nonstat_r30",FALSE,30,956,0.660255381457558
"nonstat_r30",FALSE,30,957,0.36281583038441
"nonstat_r30",FALSE,30,958,0.402912727730205
"nonstat_r30",FALSE,30,959,0.264747990735992
"nonstat_r30",FALSE,30,960,0.201842049244226
"nonstat_r30",FALSE,30,961,0.323026779174053
"nonstat_r30",FALSE,30,962,0.669347043065581
"nonstat_r30",FALSE,30,963,0.600744162659524
"nonstat_r30",FALSE,30,964,0.195262809379862
"nonstat_r30",FALSE,30,965,0.0395811307223227
"nonstat_r30",FALSE,30,966,0.0199232457911365
"nonstat_r30",FALSE,30,967,0.0629870024483748
"nonstat_r30",FALSE,30,968,0.212276639092118
"nonstat_r30",FALSE,30,969,0.357663026352982
"nonstat_r30",FALSE,30,970,0.443305355337679
"nonstat_r30",FALSE,30,971,0.406070591837536
"nonstat_r30",FALSE,30,972,0.0957731615379374
"nonstat_r30",FALSE,30,973,0.0143314469673673
"nonstat_r30",FALSE,30,974,0.0102098940272917
"nonstat_r30",FALSE,30,975,0.00702243777314655
"nonstat_r30",FALSE,30,976,0.00596782784896788
"nonstat_r30",FALSE,30,977,0.0043801642112898
"nonstat_r30",FALSE,30,978,0.0156307510991709
"nonstat_r30",FALSE,30,979,0.157684495120376
"nonstat_r30",FALSE,30,980,0.150732761513622
"nonstat_r30",FALSE,30,981,0.0680804601695401
"nonstat_r30",FALSE,30,982,0.025393384584061
"nonstat_r30",FALSE,30,983,0.0554225847345612
"nonstat_r30",FALSE,30,984,0.0807935798482692
"nonstat_r30",FALSE,30,985,0.0751259542612106
"nonstat_r30",FALSE,30,986,0.0641300677639684
"nonstat_r30",FALSE,30,987,0.0200348655481053
"nonstat_r30",FALSE,30,988,0.00480475538481914
"nonstat_r30",FALSE,30,989,0.0108465247453005
"nonstat_r30",FALSE,30,990,0.0408448472959156
"nonstat_r30",FALSE,30,991,0.163092104116982
"nonstat_r30",FALSE,30,992,0.459965993139679
"nonstat_r30",FALSE,30,993,0.467305331924559
"nonstat_r30",FALSE,30,994,0.754446307869491
"nonstat_r30",FALSE,30,995,0.852367879946196
"nonstat_r30",FALSE,30,996,0.87704431623438
"nonstat_r30",FALSE,30,997,0
"nonstat_r30",FALSE,30,998,0
"nonstat_r30",FALSE,30,999,0.546600347818563
"nonstat_r30",FALSE,30,1000,0.659649518621382
"nonstat_r30",FALSE,30,1001,0.0485184303213095
"nonstat_r30",FALSE,30,1002,0.289289039039891
"nonstat_r30",FALSE,30,1003,0.802467180685884
"nonstat_r30",FALSE,30,1004,0.954481327834025
"nonstat_r30",FALSE,30,1005,0.892866764918558
"nonstat_r30",FALSE,30,1006,0.299341654050442
"nonstat_r30",FALSE,30,1007,0.0440968832842393
"nonstat_r30",FALSE,30,1008,0.0189408430569425
"nonstat_r30",FALSE,30,1009,0.00870547212151576
"nonstat_r30",FALSE,30,1010,0.0272349592064321
"nonstat_r30",FALSE,30,1011,0.0685109170547133
"nonstat_r30",FALSE,30,1012,0.11571442155807
"nonstat_r30",FALSE,30,1013,0.102242992192999
"nonstat_r30",FALSE,30,1014,0.071823229746087
"nonstat_r30",FALSE,30,1015,0.0348167353289356
"nonstat_r30",FALSE,30,1016,0.0634733485258643
"nonstat_r30",FALSE,30,1017,0.414333493794753
"nonstat_r30",FALSE,30,1018,0.26030958666157
"nonstat_r30",FALSE,30,1019,0.126777619042219
"nonstat_r30",FALSE,30,1020,0.0923354656531372
"nonstat_r30",FALSE,30,1021,0.315489902015814
"nonstat_r30",FALSE,30,1022,0.242195736938284
"nonstat_r30",FALSE,30,1023,0.0211665703433661
"nonstat_r30",FALSE,30,1024,0.00237428625309091
"nonstat_r30",FALSE,30,1025,0.00128047071084316
"nonstat_r30",FALSE,30,1026,0.00447393490924062
"nonstat_r30",FALSE,30,1027,0.00391639019599063
"nonstat_r30",FALSE,30,1028,0.00203311876286041
"nonstat_r30",FALSE,30,1029,0.0155109959456791
"nonstat_r30",FALSE,30,1030,0.0185652596383373
"nonstat_r30",FALSE,30,1031,0.007711789497627
"nonstat_r30",FALSE,30,1032,0.0105270612615314
"nonstat_r30",FALSE,30,1033,0.0122028984639106
"nonstat_r30",FALSE,30,1034,0.0036591284941325
"nonstat_r30",FALSE,30,1035,0.0105568029388884
"nonstat_r30",FALSE,30,1036,0.0281166359204739
"nonstat_r30",FALSE,30,1037,0.016686196958449
"nonstat_r30",FALSE,30,1038,0.0126589815217017
"nonstat_r30",FALSE,30,1039,0.0280543685929971
"nonstat_r30",FALSE,30,1040,0.0377156846250327
"nonstat_r30",FALSE,30,1041,0.314694214817409
"nonstat_r30",FALSE,30,1042,0.878147912730656
"nonstat_r30",FALSE,30,1043,0.854056885043053
"nonstat_r30",FALSE,30,1044,0.868998775392961
"nonstat_r30",FALSE,30,1045,0
"nonstat_r30",FALSE,30,1046,0
"nonstat_r30",FALSE,30,1047,0
"nonstat_r30",FALSE,30,1048,0
"nonstat_r30",FALSE,30,1049,0
"nonstat_r30",FALSE,30,1050,0
"nonstat_r30",FALSE,30,1051,0.115417402886128
"nonstat_r30",FALSE,30,1052,0.476731025028646
"nonstat_r30",FALSE,30,1053,0.825510879374266
"nonstat_r30",FALSE,30,1054,0.871868478783257
"nonstat_r30",FALSE,30,1055,0.792063959930573
"nonstat_r30",FALSE,30,1056,0.113582986512369
"nonstat_r30",FALSE,30,1057,0.00880012638981194
"nonstat_r30",FALSE,30,1058,0.00265368232332383
"nonstat_r30",FALSE,30,1059,0.00141853667140457
"nonstat_r30",FALSE,30,1060,0.00368413248405557
"nonstat_r30",FALSE,30,1061,0.0216812400271574
"nonstat_r30",FALSE,30,1062,0.0230024686418663
"nonstat_r30",FALSE,30,1063,0.0169279040656454
"nonstat_r30",FALSE,30,1064,0.0130351026737909
"nonstat_r30",FALSE,30,1065,0.0165093699456454
"nonstat_r30",FALSE,30,1066,0.0690736003367382
"nonstat_r30",FALSE,30,1067,0.459540729408097
"nonstat_r30",FALSE,30,1068,0.362906169798417
"nonstat_r30",FALSE,30,1069,0.246841595231857
"nonstat_r30",FALSE,30,1070,0.231839334341804
"nonstat_r30",FALSE,30,1071,0.339361525596566
"nonstat_r30",FALSE,30,1072,0.363066469110811
"nonstat_r30",FALSE,30,1073,0.0223139913709329
"nonstat_r30",FALSE,30,1074,0.00199072989033954
"nonstat_r30",FALSE,30,1075,0.000862098372986475
"nonstat_r30",FALSE,30,1076,0.00529851126673875
"nonstat_r30",FALSE,30,1077,0.0171905950186392
"nonstat_r30",FALSE,30,1078,0.00542415469515306
"nonstat_r30",FALSE,30,1079,0.00821931466873004
"nonstat_r30",FALSE,30,1080,0.00786179532946231
"nonstat_r30",FALSE,30,1081,0.00683709187022817
"nonstat_r30",FALSE,30,1082,0.00728826033074458
"nonstat_r30",FALSE,30,1083,0.00854877889010125
"nonstat_r30",FALSE,30,1084,0.00253142364206988
"nonstat_r30",FALSE,30,1085,0.00939184465822553
"nonstat_r30",FALSE,30,1086,0.0383437418901998
"nonstat_r30",FALSE,30,1087,0.0287443529303984
"nonstat_r30",FALSE,30,1088,0.0258380606581574
"nonstat_r30",FALSE,30,1089,0.0626471524943343
"nonstat_r30",FALSE,30,1090,0.0950929363244439
"nonstat_r30",FALSE,30,1091,0.417145622965516
"nonstat_r30",FALSE,30,1092,0.88267354779689
"nonstat_r30",FALSE,30,1093,0.953011774324085
"nonstat_r30",FALSE,30,1094,0
"nonstat_r30",FALSE,30,1095,0
"nonstat_r30",FALSE,30,1096,0
"nonstat_r30",FALSE,30,1097,0
"nonstat_r30",FALSE,30,1098,0
"nonstat_r30",FALSE,30,1099,0
"nonstat_r30",FALSE,30,1100,0
"nonstat_r30",FALSE,30,1101,0.267957346886768
"nonstat_r30",FALSE,30,1102,0.490981376870526
"nonstat_r30",FALSE,30,1103,0.687373220781175
"nonstat_r30",FALSE,30,1104,0.876244918234342
"nonstat_r30",FALSE,30,1105,0.899289956524727
"nonstat_r30",FALSE,30,1106,0.289580482520586
"nonstat_r30",FALSE,30,1107,0.0218668467308233
"nonstat_r30",FALSE,30,1108,0.0136081176576422
"nonstat_r30",FALSE,30,1109,0.00675552048536087
"nonstat_r30",FALSE,30,1110,0.0119564532944506
"nonstat_r30",FALSE,30,1111,0.0286599214331236
"nonstat_r30",FALSE,30,1112,0.0285225309692064
"nonstat_r30",FALSE,30,1113,0.015241556299308
"nonstat_r30",FALSE,30,1114,0.0245901635894128
"nonstat_r30",FALSE,30,1115,0.0477834610596304
"nonstat_r30",FALSE,30,1116,0.199202184811037
"nonstat_r30",FALSE,30,1117,0.387543645558422
"nonstat_r30",FALSE,30,1118,0.400991871568423
"nonstat_r30",FALSE,30,1119,0.231062706551896
"nonstat_r30",FALSE,30,1120,0.165937402399183
"nonstat_r30",FALSE,30,1121,0.368440997934712
"nonstat_r30",FALSE,30,1122,0.254562188782484
"nonstat_r30",FALSE,30,1123,0.0606575305200881
"nonstat_r30",FALSE,30,1124,0.011601728959145
"nonstat_r30",FALSE,30,1125,0.00165612410753478
"nonstat_r30",FALSE,30,1126,0.0028981307865021
"nonstat_r30",FALSE,30,1127,0.0169548955021047
"nonstat_r30",FALSE,30,1128,0.0112709733575411
"nonstat_r30",FALSE,30,1129,0.0163675910087723
"nonstat_r30",FALSE,30,1130,0.017905055448663
"nonstat_r30",FALSE,30,1131,0.00585785716746149
"nonstat_r30",FALSE,30,1132,0.00527689203278838
"nonstat_r30",FALSE,30,1133,0.00779531418515063
"nonstat_r30",FALSE,30,1134,0.00555475039971349
"nonstat_r30",FALSE,30,1135,0.0248761231419942
"nonstat_r30",FALSE,30,1136,0.0254901717072408
"nonstat_r30",FALSE,30,1137,0.0221402935563565
"nonstat_r30",FALSE,30,1138,0.0483012843237371
"nonstat_r30",FALSE,30,1139,0.10527042739858
"nonstat_r30",FALSE,30,1140,0.17770880790027
"nonstat_r30",FALSE,30,1141,0.679988452197747
"nonstat_r30",FALSE,30,1142,0.921619179590351
"nonstat_r30",FALSE,30,1143,0.942017962883709
"nonstat_r30",FALSE,30,1144,0
"nonstat_r30",FALSE,30,1145,0
"nonstat_r30",FALSE,30,1146,0
"nonstat_r30",FALSE,30,1147,0
"nonstat_r30",FALSE,30,1148,0
"nonstat_r30",FALSE,30,1149,0
"nonstat_r30",FALSE,30,1150,0
"nonstat_r30",FALSE,30,1151,0.173259380423992
"nonstat_r30",FALSE,30,1152,0.400047656047543
"nonstat_r30",FALSE,30,1153,0.587613353608761
"nonstat_r30",FALSE,30,1154,0.855032958532641
"nonstat_r30",FALSE,30,1155,0.879338317567397
"nonstat_r30",FALSE,30,1156,0.583325538885103
"nonstat_r30",FALSE,30,1157,0.395898661938767
"nonstat_r30",FALSE,30,1158,0.296982281511935
"nonstat_r30",FALSE,30,1159,0.183654388222502
"nonstat_r30",FALSE,30,1160,0.106035830096526
"nonstat_r30",FALSE,30,1161,0.225839356367077
"nonstat_r30",FALSE,30,1162,0.143293804856703
"nonstat_r30",FALSE,30,1163,0.0547391751721397
"nonstat_r30",FALSE,30,1164,0.121749150297879
"nonstat_r30",FALSE,30,1165,0.280535453612334
"nonstat_r30",FALSE,30,1166,0.447767778816698
"nonstat_r30",FALSE,30,1167,0.476635539573771
"nonstat_r30",FALSE,30,1168,0.225564645757027
"nonstat_r30",FALSE,30,1169,0.192151141513773
"nonstat_r30",FALSE,30,1170,0.237840358143614
"nonstat_r30",FALSE,30,1171,0.405450237685881
"nonstat_r30",FALSE,30,1172,0.229266826239538
"nonstat_r30",FALSE,30,1173,0.18246795450131
"nonstat_r30",FALSE,30,1174,0.037218720177761
"nonstat_r30",FALSE,30,1175,0.00317768818147285
"nonstat_r30",FALSE,30,1176,0.00275525949227342
"nonstat_r30",FALSE,30,1177,0.0031444930970111
"nonstat_r30",FALSE,30,1178,0.00279357361114468
"nonstat_r30",FALSE,30,1179,0.00709553373137801
"nonstat_r30",FALSE,30,1180,0.00492747564133965
"nonstat_r30",FALSE,30,1181,0.00251491022876062
"nonstat_r30",FALSE,30,1182,0.00473167275676981
"nonstat_r30",FALSE,30,1183,0.00742952865426167
"nonstat_r30",FALSE,30,1184,0.0214769828031847
"nonstat_r30",FALSE,30,1185,0.0264746360945021
"nonstat_r30",FALSE,30,1186,0.0151230156473629
"nonstat_r30",FALSE,30,1187,0.0179331329097493
"nonstat_r30",FALSE,30,1188,0.0610891701603524
"nonstat_r30",FALSE,30,1189,0.211810515780176
"nonstat_r30",FALSE,30,1190,0.514210943300251
"nonstat_r30",FALSE,30,1191,0.892043167678696
"nonstat_r30",FALSE,30,1192,0.955387550855562
"nonstat_r30",FALSE,30,1193,0.972721734120245
"nonstat_r30",FALSE,30,1194,0
"nonstat_r30",FALSE,30,1195,0
"nonstat_r30",FALSE,30,1196,0
"nonstat_r30",FALSE,30,1197,0
"nonstat_r30",FALSE,30,1198,0
"nonstat_r30",FALSE,30,1199,0
"nonstat_r30",FALSE,30,1200,0
"nonstat_r30",FALSE,30,1201,0.117317571693548
"nonstat_r30",FALSE,30,1202,0.23359096861171
"nonstat_r30",FALSE,30,1203,0.719474130188538
"nonstat_r30",FALSE,30,1204,0.939779647854783
"nonstat_r30",FALSE,30,1205,0.930528165767495
"nonstat_r30",FALSE,30,1206,0.82525462540864
"nonstat_r30",FALSE,30,1207,0.864797562811516
"nonstat_r30",FALSE,30,1208,0.658609537965216
"nonstat_r30",FALSE,30,1209,0.520888777670135
"nonstat_r30",FALSE,30,1210,0.319484505937376
"nonstat_r30",FALSE,30,1211,0.467830817785377
"nonstat_r30",FALSE,30,1212,0.389232741527097
"nonstat_r30",FALSE,30,1213,0.300437977213015
"nonstat_r30",FALSE,30,1214,0.371680286406122
"nonstat_r30",FALSE,30,1215,0.483593265406568
"nonstat_r30",FALSE,30,1216,0.807269511053909
"nonstat_r30",FALSE,30,1217,0.873910922856398
"nonstat_r30",FALSE,30,1218,0.633523291703344
"nonstat_r30",FALSE,30,1219,0.75774443820313
"nonstat_r30",FALSE,30,1220,0.727015474536388
"nonstat_r30",FALSE,30,1221,0.678382945022258
"nonstat_r30",FALSE,30,1222,0.538198478250844
"nonstat_r30",FALSE,30,1223,0.334692618423372
"nonstat_r30",FALSE,30,1224,0.042851842986717
"nonstat_r30",FALSE,30,1225,0.00583508365826789
"nonstat_r30",FALSE,30,1226,0.00311082509574155
"nonstat_r30",FALSE,30,1227,0.00183622976972028
"nonstat_r30",FALSE,30,1228,0.00255060772209219
"nonstat_r30",FALSE,30,1229,0.00282215543465218
"nonstat_r30",FALSE,30,1230,0.00229599052893249
"nonstat_r30",FALSE,30,1231,0.000506996924575332
"nonstat_r30",FALSE,30,1232,0
"nonstat_r30",FALSE,30,1233,0
"nonstat_r30",FALSE,30,1234,0
"nonstat_r30",FALSE,30,1235,0
"nonstat_r30",FALSE,30,1236,0
"nonstat_r30",FALSE,30,1237,0.0332816573740423
"nonstat_r30",FALSE,30,1238,0.0413866180616323
"nonstat_r30",FALSE,30,1239,0.10157021258806
"nonstat_r30",FALSE,30,1240,0.414763837995944
"nonstat_r30",FALSE,30,1241,0.942290176515606
"nonstat_r30",FALSE,30,1242,0.955064346685526
"nonstat_r30",FALSE,30,1243,0.951472124856321
"nonstat_r30",FALSE,30,1244,0
"nonstat_r30",FALSE,30,1245,0
"nonstat_r30",FALSE,30,1246,0
"nonstat_r30",FALSE,30,1247,0
"nonstat_r30",FALSE,30,1248,0
"nonstat_r30",FALSE,30,1249,0
"nonstat_r30",FALSE,30,1250,0
"nonstat_r30",FALSE,30,1251,0.453235742997551
"nonstat_r30",FALSE,30,1252,0.468979711460747
"nonstat_r30",FALSE,30,1253,0.806242375126724
"nonstat_r30",FALSE,30,1254,0.902444741336322
"nonstat_r30",FALSE,30,1255,0.878140847917761
"nonstat_r30",FALSE,30,1256,0.808391494361712
"nonstat_r30",FALSE,30,1257,0.650280796583963
"nonstat_r30",FALSE,30,1258,0.610203224981901
"nonstat_r30",FALSE,30,1259,0.268002662411327
"nonstat_r30",FALSE,30,1260,0.274683769713139
"nonstat_r30",FALSE,30,1261,0.742604219360615
"nonstat_r30",FALSE,30,1262,0.70084946128285
"nonstat_r30",FALSE,30,1263,0.672049517709893
"nonstat_r30",FALSE,30,1264,0.447775756076561
"nonstat_r30",FALSE,30,1265,0.690586045800824
"nonstat_r30",FALSE,30,1266,0.945374005946977
"nonstat_r30",FALSE,30,1267,0.973546407044529
"nonstat_r30",FALSE,30,1268,0.959548995413756
"nonstat_r30",FALSE,30,1269,0.964081420919463
"nonstat_r30",FALSE,30,1270,0.882410146841611
"nonstat_r30",FALSE,30,1271,0.723676822500239
"nonstat_r30",FALSE,30,1272,0.770020820168335
"nonstat_r30",FALSE,30,1273,0.58208668240507
"nonstat_r30",FALSE,30,1274,0.0948881916132778
"nonstat_r30",FALSE,30,1275,0.0318802742976116
"nonstat_r30",FALSE,30,1276,0.0127563143102153
"nonstat_r30",FALSE,30,1277,0.00556260630707545
"nonstat_r30",FALSE,30,1278,0.00329688216280848
"nonstat_r30",FALSE,30,1279,0.00380722441247577
"nonstat_r30",FALSE,30,1280,0.00220732718467683
"nonstat_r30",FALSE,30,1281,0.000239547850770433
"nonstat_r30",FALSE,30,1282,0
"nonstat_r30",FALSE,30,1283,0
"nonstat_r30",FALSE,30,1284,0
"nonstat_r30",FALSE,30,1285,0
"nonstat_r30",FALSE,30,1286,0
"nonstat_r30",FALSE,30,1287,0
"nonstat_r30",FALSE,30,1288,0.174215238690752
"nonstat_r30",FALSE,30,1289,0.314656069391287
"nonstat_r30",FALSE,30,1290,0.62760274916234
"nonstat_r30",FALSE,30,1291,0.889302757603056
"nonstat_r30",FALSE,30,1292,0.928189737326527
"nonstat_r30",FALSE,30,1293,0.897348030419435
"nonstat_r30",FALSE,30,1294,0
"nonstat_r30",FALSE,30,1295,0
"nonstat_r30",FALSE,30,1296,0
"nonstat_r30",FALSE,30,1297,0
"nonstat_r30",FALSE,30,1298,0
"nonstat_r30",FALSE,30,1299,0
"nonstat_r30",FALSE,30,1300,0
"nonstat_r30",FALSE,30,1301,0.735726130540965
"nonstat_r30",FALSE,30,1302,0.876672397217946
"nonstat_r30",FALSE,30,1303,0.921622318703686
"nonstat_r30",FALSE,30,1304,0.824751270937116
"nonstat_r30",FALSE,30,1305,0.58531513205199
"nonstat_r30",FALSE,30,1306,0.636572210727645
"nonstat_r30",FALSE,30,1307,0.531179040949602
"nonstat_r30",FALSE,30,1308,0.410223383030897
"nonstat_r30",FALSE,30,1309,0.38445814216606
"nonstat_r30",FALSE,30,1310,0.484687186811904
"nonstat_r30",FALSE,30,1311,0.762415115522791
"nonstat_r30",FALSE,30,1312,0.875544044760942
"nonstat_r30",FALSE,30,1313,0.834937619946507
"nonstat_r30",FALSE,30,1314,0.686639948844224
"nonstat_r30",FALSE,30,1315,0.750769235069012
"nonstat_r30",FALSE,30,1316,0.91606593343707
"nonstat_r30",FALSE,30,1317,0.980951054807293
"nonstat_r30",FALSE,30,1318,0.975626371709474
"nonstat_r30",FALSE,30,1319,0.982889925099773
"nonstat_r30",FALSE,30,1320,0.977868285736783
"nonstat_r30",FALSE,30,1321,0.955859136512386
"nonstat_r30",FALSE,30,1322,0.930502021332352
"nonstat_r30",FALSE,30,1323,0.491738996243828
"nonstat_r30",FALSE,30,1324,0.10900860389135
"nonstat_r30",FALSE,30,1325,0.0709386085478619
"nonstat_r30",FALSE,30,1326,0.0117875765604335
"nonstat_r30",FALSE,30,1327,0.00197951288373868
"nonstat_r30",FALSE,30,1328,0.0047200641501076
"nonstat_r30",FALSE,30,1329,0.00327273530321269
"nonstat_r30",FALSE,30,1330,0.0022072093335856
"nonstat_r30",FALSE,30,1331,0.000539692493224131
"nonstat_r30",FALSE,30,1332,0
"nonstat_r30",FALSE,30,1333,0
"nonstat_r30",FALSE,30,1334,0
"nonstat_r30",FALSE,30,1335,0
"nonstat_r30",FALSE,30,1336,0
"nonstat_r30",FALSE,30,1337,0
"nonstat_r30",FALSE,30,1338,0
"nonstat_r30",FALSE,30,1339,0.445267174238197
"nonstat_r30",FALSE,30,1340,0.765888085686425
"nonstat_r30",FALSE,30,1341,0.761571089920728
"nonstat_r30",FALSE,30,1342,0.646837858877538
"nonstat_r30",FALSE,30,1343,0
"nonstat_r30",FALSE,30,1344,0
"nonstat_r30",FALSE,30,1345,0
"nonstat_r30",FALSE,30,1346,0
"nonstat_r30",FALSE,30,1347,0
"nonstat_r30",FALSE,30,1348,0
"nonstat_r30",FALSE,30,1349,0
"nonstat_r30",FALSE,30,1350,0
"nonstat_r30",FALSE,30,1351,0.625718506524161
"nonstat_r30",FALSE,30,1352,0.657438736846175
"nonstat_r30",FALSE,30,1353,0.699270051789128
"nonstat_r30",FALSE,30,1354,0.613752547520041
"nonstat_r30",FALSE,30,1355,0.448216235725366
"nonstat_r30",FALSE,30,1356,0.494981945916799
"nonstat_r30",FALSE,30,1357,0.542788699244504
"nonstat_r30",FALSE,30,1358,0.362962537100168
"nonstat_r30",FALSE,30,1359,0.374313811747311
"nonstat_r30",FALSE,30,1360,0.357577192846867
"nonstat_r30",FALSE,30,1361,0.680200439605687
"nonstat_r30",FALSE,30,1362,0.890551564202216
"nonstat_r30",FALSE,30,1363,0.816643164317732
"nonstat_r30",FALSE,30,1364,0.71339356590063
"nonstat_r30",FALSE,30,1365,0.75692950370928
"nonstat_r30",FALSE,30,1366,0.800651571098522
"nonstat_r30",FALSE,30,1367,0.940765509602386
"nonstat_r30",FALSE,30,1368,0.980563239083125
"nonstat_r30",FALSE,30,1369,0.98998012487348
"nonstat_r30",FALSE,30,1370,0.990466609390702
"nonstat_r30",FALSE,30,1371,0.976369984046259
"nonstat_r30",FALSE,30,1372,0.834055192566277
"nonstat_r30",FALSE,30,1373,0.38243148440185
"nonstat_r30",FALSE,30,1374,0.134765310484547
"nonstat_r30",FALSE,30,1375,0.0600841188128579
"nonstat_r30",FALSE,30,1376,0.00984900272821735
"nonstat_r30",FALSE,30,1377,0.00182052538231385
"nonstat_r30",FALSE,30,1378,0.0017474376264388
"nonstat_r30",FALSE,30,1379,0.00142492671322412
"nonstat_r30",FALSE,30,1380,0.001276783462178
"nonstat_r30",FALSE,30,1381,0
"nonstat_r30",FALSE,30,1382,0
"nonstat_r30",FALSE,30,1383,0
"nonstat_r30",FALSE,30,1384,0
"nonstat_r30",FALSE,30,1385,0
"nonstat_r30",FALSE,30,1386,0
"nonstat_r30",FALSE,30,1387,0
"nonstat_r30",FALSE,30,1388,0
"nonstat_r30",FALSE,30,1389,0.356303946017266
"nonstat_r30",FALSE,30,1390,0.551434028979047
"nonstat_r30",FALSE,30,1391,0.644641992588611
"nonstat_r30",FALSE,30,1392,0.440874945425101
"nonstat_r30",FALSE,30,1393,0
"nonstat_r30",FALSE,30,1394,0
"nonstat_r30",FALSE,30,1395,0
"nonstat_r30",FALSE,30,1396,0
"nonstat_r30",FALSE,30,1397,0
"nonstat_r30",FALSE,30,1398,0
"nonstat_r30",FALSE,30,1399,0
"nonstat_r30",FALSE,30,1400,0
"nonstat_r30",FALSE,30,1401,0.0896456595848316
"nonstat_r30",FALSE,30,1402,0.049754200679664
"nonstat_r30",FALSE,30,1403,0.116283648988125
"nonstat_r30",FALSE,30,1404,0.138702607673127
"nonstat_r30",FALSE,30,1405,0.272902367961278
"nonstat_r30",FALSE,30,1406,0.406347143562908
"nonstat_r30",FALSE,30,1407,0
"nonstat_r30",FALSE,30,1408,0
"nonstat_r30",FALSE,30,1409,0.184637029433203
"nonstat_r30",FALSE,30,1410,0.159830634348379
"nonstat_r30",FALSE,30,1411,0.361357336261581
"nonstat_r30",FALSE,30,1412,0.405239791356526
"nonstat_r30",FALSE,30,1413,0
"nonstat_r30",FALSE,30,1414,0
"nonstat_r30",FALSE,30,1415,0
"nonstat_r30",FALSE,30,1416,0.861309519939672
"nonstat_r30",FALSE,30,1417,0.941183535241329
"nonstat_r30",FALSE,30,1418,0.980783350187292
"nonstat_r30",FALSE,30,1419,0.983129702795874
"nonstat_r30",FALSE,30,1420,0.975665296899365
"nonstat_r30",FALSE,30,1421,0.876813037959965
"nonstat_r30",FALSE,30,1422,0.489173331596106
"nonstat_r30",FALSE,30,1423,0.0767821168069302
"nonstat_r30",FALSE,30,1424,0.00960932702616353
"nonstat_r30",FALSE,30,1425,0.0133478248452723
"nonstat_r30",FALSE,30,1426,0.0109438473038891
"nonstat_r30",FALSE,30,1427,0.00369210772183875
"nonstat_r30",FALSE,30,1428,0.00122725563636436
"nonstat_r30",FALSE,30,1429,0.000772063968330669
"nonstat_r30",FALSE,30,1430,0.00132583544207031
"nonstat_r30",FALSE,30,1431,0.0224655917996544
"nonstat_r30",FALSE,30,1432,0
"nonstat_r30",FALSE,30,1433,0
"nonstat_r30",FALSE,30,1434,0
"nonstat_r30",FALSE,30,1435,0
"nonstat_r30",FALSE,30,1436,0
"nonstat_r30",FALSE,30,1437,0
"nonstat_r30",FALSE,30,1438,0.219896620856496
"nonstat_r30",FALSE,30,1439,0.209421423347687
"nonstat_r30",FALSE,30,1440,0.376218016859602
"nonstat_r30",FALSE,30,1441,0.383874234456491
"nonstat_r30",FALSE,30,1442,0.233973643080747
"nonstat_r30",FALSE,30,1443,0.261306396172142
"nonstat_r30",FALSE,30,1444,0
"nonstat_r30",FALSE,30,1445,0
"nonstat_r30",FALSE,30,1446,0
"nonstat_r30",FALSE,30,1447,0
"nonstat_r30",FALSE,30,1448,0
"nonstat_r30",FALSE,30,1449,0
"nonstat_r30",FALSE,30,1450,0
"nonstat_r30",FALSE,30,1451,0.029357341967041
"nonstat_r30",FALSE,30,1452,0.0185168734192861
"nonstat_r30",FALSE,30,1453,0.0239031202531061
"nonstat_r30",FALSE,30,1454,0.0566000719813588
"nonstat_r30",FALSE,30,1455,0.156225838926714
"nonstat_r30",FALSE,30,1456,0.441998284926383
"nonstat_r30",FALSE,30,1457,0.338432542397077
"nonstat_r30",FALSE,30,1458,0
"nonstat_r30",FALSE,30,1459,0.0770934928018385
"nonstat_r30",FALSE,30,1460,0.0220343113156642
"nonstat_r30",FALSE,30,1461,0.0407269163735391
"nonstat_r30",FALSE,30,1462,0
"nonstat_r30",FALSE,30,1463,0
"nonstat_r30",FALSE,30,1464,0
"nonstat_r30",FALSE,30,1465,0
"nonstat_r30",FALSE,30,1466,0
"nonstat_r30",FALSE,30,1467,0
"nonstat_r30",FALSE,30,1468,0
"nonstat_r30",FALSE,30,1469,0
"nonstat_r30",FALSE,30,1470,0.919591414878392
"nonstat_r30",FALSE,30,1471,0.76360611378369
"nonstat_r30",FALSE,30,1472,0.409251240837463
"nonstat_r30",FALSE,30,1473,0.038604660074947
"nonstat_r30",FALSE,30,1474,0.00410027597870656
"nonstat_r30",FALSE,30,1475,0.00437992548440356
"nonstat_r30",FALSE,30,1476,0.00665077730035213
"nonstat_r30",FALSE,30,1477,0.00676540240845072
"nonstat_r30",FALSE,30,1478,0.000768016566504614
"nonstat_r30",FALSE,30,1479,0.00027760979128855
"nonstat_r30",FALSE,30,1480,0.00100640697658891
"nonstat_r30",FALSE,30,1481,0
"nonstat_r30",FALSE,30,1482,0
"nonstat_r30",FALSE,30,1483,0
"nonstat_r30",FALSE,30,1484,0
"nonstat_r30",FALSE,30,1485,0
"nonstat_r30",FALSE,30,1486,0
"nonstat_r30",FALSE,30,1487,0
"nonstat_r30",FALSE,30,1488,0.241312296532336
"nonstat_r30",FALSE,30,1489,0.158423948020876
"nonstat_r30",FALSE,30,1490,0.189912588554138
"nonstat_r30",FALSE,30,1491,0.233599424142781
"nonstat_r30",FALSE,30,1492,0.144088478735117
"nonstat_r30",FALSE,30,1493,0.0914767606429211
"nonstat_r30",FALSE,30,1494,0
"nonstat_r30",FALSE,30,1495,0
"nonstat_r30",FALSE,30,1496,0
"nonstat_r30",FALSE,30,1497,0
"nonstat_r30",FALSE,30,1498,0
"nonstat_r30",FALSE,30,1499,0
"nonstat_r30",FALSE,30,1500,0
"nonstat_r30",FALSE,30,1501,0.0773792193609121
"nonstat_r30",FALSE,30,1502,0.0440306495862383
"nonstat_r30",FALSE,30,1503,0.0388845065895377
"nonstat_r30",FALSE,30,1504,0.114838162940897
"nonstat_r30",FALSE,30,1505,0.192411701151143
"nonstat_r30",FALSE,30,1506,0.432278268348986
"nonstat_r30",FALSE,30,1507,0.351124140985289
"nonstat_r30",FALSE,30,1508,0.33608806479401
"nonstat_r30",FALSE,30,1509,0.139975298838677
"nonstat_r30",FALSE,30,1510,0.0525987322010111
"nonstat_r30",FALSE,30,1511,0
"nonstat_r30",FALSE,30,1512,0
"nonstat_r30",FALSE,30,1513,0
"nonstat_r30",FALSE,30,1514,0
"nonstat_r30",FALSE,30,1515,0
"nonstat_r30",FALSE,30,1516,0
"nonstat_r30",FALSE,30,1517,0
"nonstat_r30",FALSE,30,1518,0
"nonstat_r30",FALSE,30,1519,0
"nonstat_r30",FALSE,30,1520,0
"nonstat_r30",FALSE,30,1521,0.540326325647251
"nonstat_r30",FALSE,30,1522,0
"nonstat_r30",FALSE,30,1523,0
"nonstat_r30",FALSE,30,1524,0.0237024041793195
"nonstat_r30",FALSE,30,1525,0.0172711647650906
"nonstat_r30",FALSE,30,1526,0.0179332719115162
"nonstat_r30",FALSE,30,1527,0.0104553813884429
"nonstat_r30",FALSE,30,1528,0.0014716457486777
"nonstat_r30",FALSE,30,1529,0.000274738656131597
"nonstat_r30",FALSE,30,1530,0.00240615111759989
"nonstat_r30",FALSE,30,1531,0
"nonstat_r30",FALSE,30,1532,0
"nonstat_r30",FALSE,30,1533,0
"nonstat_r30",FALSE,30,1534,0
"nonstat_r30",FALSE,30,1535,0
"nonstat_r30",FALSE,30,1536,0
"nonstat_r30",FALSE,30,1537,0.895665284218367
"nonstat_r30",FALSE,30,1538,0.542367996410075
"nonstat_r30",FALSE,30,1539,0.23803201641
"nonstat_r30",FALSE,30,1540,0.135793410407591
"nonstat_r30",FALSE,30,1541,0.0979718156690412
"nonstat_r30",FALSE,30,1542,0.132709817107224
"nonstat_r30",FALSE,30,1543,0.0881432984066831
"nonstat_r30",FALSE,30,1544,0
"nonstat_r30",FALSE,30,1545,0
"nonstat_r30",FALSE,30,1546,0
"nonstat_r30",FALSE,30,1547,0
"nonstat_r30",FALSE,30,1548,0
"nonstat_r30",FALSE,30,1549,0
"nonstat_r30",FALSE,30,1550,0
"nonstat_r30",FALSE,30,1551,0.169139614817087
"nonstat_r30",FALSE,30,1552,0.111546266366419
"nonstat_r30",FALSE,30,1553,0.067286478470507
"nonstat_r30",FALSE,30,1554,0.107199900463453
"nonstat_r30",FALSE,30,1555,0.184721550543678
"nonstat_r30",FALSE,30,1556,0.592745198130363
"nonstat_r30",FALSE,30,1557,0.73326051504197
"nonstat_r30",FALSE,30,1558,0.558426483975166
"nonstat_r30",FALSE,30,1559,0.358396975147272
"nonstat_r30",FALSE,30,1560,0.201762148511883
"nonstat_r30",FALSE,30,1561,0
"nonstat_r30",FALSE,30,1562,0
"nonstat_r30",FALSE,30,1563,0
"nonstat_r30",FALSE,30,1564,0
"nonstat_r30",FALSE,30,1565,0
"nonstat_r30",FALSE,30,1566,0
"nonstat_r30",FALSE,30,1567,0
"nonstat_r30",FALSE,30,1568,0
"nonstat_r30",FALSE,30,1569,0
"nonstat_r30",FALSE,30,1570,0
"nonstat_r30",FALSE,30,1571,0
"nonstat_r30",FALSE,30,1572,0
"nonstat_r30",FALSE,30,1573,0
"nonstat_r30",FALSE,30,1574,0
"nonstat_r30",FALSE,30,1575,0
"nonstat_r30",FALSE,30,1576,0.0747185908783153
"nonstat_r30",FALSE,30,1577,0.0223149757340773
"nonstat_r30",FALSE,30,1578,0.00747107603776443
"nonstat_r30",FALSE,30,1579,0
"nonstat_r30",FALSE,30,1580,0
"nonstat_r30",FALSE,30,1581,0
"nonstat_r30",FALSE,30,1582,0
"nonstat_r30",FALSE,30,1583,0
"nonstat_r30",FALSE,30,1584,0
"nonstat_r30",FALSE,30,1585,0
"nonstat_r30",FALSE,30,1586,0.979166268524663
"nonstat_r30",FALSE,30,1587,0.946724586902613
"nonstat_r30",FALSE,30,1588,0.882727024759246
"nonstat_r30",FALSE,30,1589,0.577087764338189
"nonstat_r30",FALSE,30,1590,0.514101128835773
"nonstat_r30",FALSE,30,1591,0.225265133628056
"nonstat_r30",FALSE,30,1592,0.384672120417534
"nonstat_r30",FALSE,30,1593,0.161791643416707
"nonstat_r30",FALSE,30,1594,0
"nonstat_r30",FALSE,30,1595,0
"nonstat_r30",FALSE,30,1596,0
"nonstat_r30",FALSE,30,1597,0
"nonstat_r30",FALSE,30,1598,0
"nonstat_r30",FALSE,30,1599,0
"nonstat_r30",FALSE,30,1600,0
"nonstat_r30",FALSE,30,1601,0.291171654685898
"nonstat_r30",FALSE,30,1602,0.0868101316642635
"nonstat_r30",FALSE,30,1603,0.0220113882854018
"nonstat_r30",FALSE,30,1604,0.0739722472273155
"nonstat_r30",FALSE,30,1605,0.42324044005437
"nonstat_r30",FALSE,30,1606,0.87021822950681
"nonstat_r30",FALSE,30,1607,0.92124654775149
"nonstat_r30",FALSE,30,1608,0.649248018467117
"nonstat_r30",FALSE,30,1609,0.544064382371947
"nonstat_r30",FALSE,30,1610,0
"nonstat_r30",FALSE,30,1611,0
"nonstat_r30",FALSE,30,1612,0
"nonstat_r30",FALSE,30,1613,0
"nonstat_r30",FALSE,30,1614,0
"nonstat_r30",FALSE,30,1615,0
"nonstat_r30",FALSE,30,1616,0
"nonstat_r30",FALSE,30,1617,0
"nonstat_r30",FALSE,30,1618,0
"nonstat_r30",FALSE,30,1619,0
"nonstat_r30",FALSE,30,1620,0
"nonstat_r30",FALSE,30,1621,0
"nonstat_r30",FALSE,30,1622,0
"nonstat_r30",FALSE,30,1623,0
"nonstat_r30",FALSE,30,1624,0
"nonstat_r30",FALSE,30,1625,0
"nonstat_r30",FALSE,30,1626,0
"nonstat_r30",FALSE,30,1627,0.0917515760947926
"nonstat_r30",FALSE,30,1628,0.0307336150873982
"nonstat_r30",FALSE,30,1629,0
"nonstat_r30",FALSE,30,1630,0
"nonstat_r30",FALSE,30,1631,0
"nonstat_r30",FALSE,30,1632,0
"nonstat_r30",FALSE,30,1633,0
"nonstat_r30",FALSE,30,1634,0.623627720572428
"nonstat_r30",FALSE,30,1635,0.949195115735147
"nonstat_r30",FALSE,30,1636,0.97733467358169
"nonstat_r30",FALSE,30,1637,0.955858176205323
"nonstat_r30",FALSE,30,1638,0.927687429227316
"nonstat_r30",FALSE,30,1639,0.890449515725336
"nonstat_r30",FALSE,30,1640,0.752987804326108
"nonstat_r30",FALSE,30,1641,0.335229285335818
"nonstat_r30",FALSE,30,1642,0.323815474634565
"nonstat_r30",FALSE,30,1643,0.27276704361013
"nonstat_r30",FALSE,30,1644,0
"nonstat_r30",FALSE,30,1645,0
"nonstat_r30",FALSE,30,1646,0
"nonstat_r30",FALSE,30,1647,0
"nonstat_r30",FALSE,30,1648,0
"nonstat_r30",FALSE,30,1649,0
"nonstat_r30",FALSE,30,1650,0
"nonstat_r30",FALSE,30,1651,0.298869429371048
"nonstat_r30",FALSE,30,1652,0.0685198441762159
"nonstat_r30",FALSE,30,1653,0.0143544286746809
"nonstat_r30",FALSE,30,1654,0.0325641109070264
"nonstat_r30",FALSE,30,1655,0.448579748355853
"nonstat_r30",FALSE,30,1656,0.935434124452745
"nonstat_r30",FALSE,30,1657,0.965843552724133
"nonstat_r30",FALSE,30,1658,0.587818044221836
"nonstat_r30",FALSE,30,1659,0.830943927017406
"nonstat_r30",FALSE,30,1660,0
"nonstat_r30",FALSE,30,1661,0
"nonstat_r30",FALSE,30,1662,0
"nonstat_r30",FALSE,30,1663,0
"nonstat_r30",FALSE,30,1664,0
"nonstat_r30",FALSE,30,1665,0
"nonstat_r30",FALSE,30,1666,0
"nonstat_r30",FALSE,30,1667,0
"nonstat_r30",FALSE,30,1668,0
"nonstat_r30",FALSE,30,1669,0
"nonstat_r30",FALSE,30,1670,0
"nonstat_r30",FALSE,30,1671,0
"nonstat_r30",FALSE,30,1672,0
"nonstat_r30",FALSE,30,1673,0
"nonstat_r30",FALSE,30,1674,0
"nonstat_r30",FALSE,30,1675,0
"nonstat_r30",FALSE,30,1676,0
"nonstat_r30",FALSE,30,1677,0.310278179079161
"nonstat_r30",FALSE,30,1678,0.142672257716599
"nonstat_r30",FALSE,30,1679,0
"nonstat_r30",FALSE,30,1680,0
"nonstat_r30",FALSE,30,1681,0
"nonstat_r30",FALSE,30,1682,0.108076650524394
"nonstat_r30",FALSE,30,1683,0.462713498179914
"nonstat_r30",FALSE,30,1684,0.911889034567336
"nonstat_r30",FALSE,30,1685,0.962536248954697
"nonstat_r30",FALSE,30,1686,0.938335144974076
"nonstat_r30",FALSE,30,1687,0.92758138306457
"nonstat_r30",FALSE,30,1688,0.868734724004397
"nonstat_r30",FALSE,30,1689,0.802759240688837
"nonstat_r30",FALSE,30,1690,0.714032989785803
"nonstat_r30",FALSE,30,1691,0.57573620143221
"nonstat_r30",FALSE,30,1692,0.407162639597291
"nonstat_r30",FALSE,30,1693,0
"nonstat_r30",FALSE,30,1694,0
"nonstat_r30",FALSE,30,1695,0
"nonstat_r30",FALSE,30,1696,0
"nonstat_r30",FALSE,30,1697,0
"nonstat_r30",FALSE,30,1698,0
"nonstat_r30",FALSE,30,1699,0
"nonstat_r30",FALSE,30,1700,0
"nonstat_r30",FALSE,30,1701,0.238947705567472
"nonstat_r30",FALSE,30,1702,0.0532843441598927
"nonstat_r30",FALSE,30,1703,0.0156381466907209
"nonstat_r30",FALSE,30,1704,0.063358258584003
"nonstat_r30",FALSE,30,1705,0.784438291580075
"nonstat_r30",FALSE,30,1706,0.963528172938112
"nonstat_r30",FALSE,30,1707,0.9475504963212
"nonstat_r30",FALSE,30,1708,0.751560234023429
"nonstat_r30",FALSE,30,1709,0.919854474094572
"nonstat_r30",FALSE,30,1710,0
"nonstat_r30",FALSE,30,1711,0
"nonstat_r30",FALSE,30,1712,0
"nonstat_r30",FALSE,30,1713,0
"nonstat_r30",FALSE,30,1714,0
"nonstat_r30",FALSE,30,1715,0
"nonstat_r30",FALSE,30,1716,0
"nonstat_r30",FALSE,30,1717,0
"nonstat_r30",FALSE,30,1718,0
"nonstat_r30",FALSE,30,1719,0
"nonstat_r30",FALSE,30,1720,0
"nonstat_r30",FALSE,30,1721,0
"nonstat_r30",FALSE,30,1722,0
"nonstat_r30",FALSE,30,1723,0
"nonstat_r30",FALSE,30,1724,0
"nonstat_r30",FALSE,30,1725,0
"nonstat_r30",FALSE,30,1726,0
"nonstat_r30",FALSE,30,1727,0.596420049039473
"nonstat_r30",FALSE,30,1728,0.568191873149877
"nonstat_r30",FALSE,30,1729,0
"nonstat_r30",FALSE,30,1730,0.181196642065598
"nonstat_r30",FALSE,30,1731,0.279440364034484
"nonstat_r30",FALSE,30,1732,0.462676177607324
"nonstat_r30",FALSE,30,1733,0.773773884815526
"nonstat_r30",FALSE,30,1734,0.956916485237501
"nonstat_r30",FALSE,30,1735,0.966860759927033
"nonstat_r30",FALSE,30,1736,0.864211144012547
"nonstat_r30",FALSE,30,1737,0.81972507330452
"nonstat_r30",FALSE,30,1738,0.753873578707545
"nonstat_r30",FALSE,30,1739,0.639770352063771
"nonstat_r30",FALSE,30,1740,0.546732208604667
"nonstat_r30",FALSE,30,1741,0.699035511236894
"nonstat_r30",FALSE,30,1742,0.591078192048353
"nonstat_r30",FALSE,30,1743,0
"nonstat_r30",FALSE,30,1744,0
"nonstat_r30",FALSE,30,1745,0
"nonstat_r30",FALSE,30,1746,0
"nonstat_r30",FALSE,30,1747,0
"nonstat_r30",FALSE,30,1748,0
"nonstat_r30",FALSE,30,1749,0
"nonstat_r30",FALSE,30,1750,0
"nonstat_r30",FALSE,30,1751,0.115915152942149
"nonstat_r30",FALSE,30,1752,0.0496423546335163
"nonstat_r30",FALSE,30,1753,0.0381529312949753
"nonstat_r30",FALSE,30,1754,0.142725399702712
"nonstat_r30",FALSE,30,1755,0.795875028557303
"nonstat_r30",FALSE,30,1756,0.918278098387945
"nonstat_r30",FALSE,30,1757,0.712038933033217
"nonstat_r30",FALSE,30,1758,0.832546028087043
"nonstat_r30",FALSE,30,1759,0.892236122183941
"nonstat_r30",FALSE,30,1760,0
"nonstat_r30",FALSE,30,1761,0
"nonstat_r30",FALSE,30,1762,0
"nonstat_r30",FALSE,30,1763,0
"nonstat_r30",FALSE,30,1764,0
"nonstat_r30",FALSE,30,1765,0
"nonstat_r30",FALSE,30,1766,0
"nonstat_r30",FALSE,30,1767,0
"nonstat_r30",FALSE,30,1768,0
"nonstat_r30",FALSE,30,1769,0
"nonstat_r30",FALSE,30,1770,0
"nonstat_r30",FALSE,30,1771,0
"nonstat_r30",FALSE,30,1772,0
"nonstat_r30",FALSE,30,1773,0
"nonstat_r30",FALSE,30,1774,0
"nonstat_r30",FALSE,30,1775,0
"nonstat_r30",FALSE,30,1776,0.940000732932669
"nonstat_r30",FALSE,30,1777,0.91959826906822
"nonstat_r30",FALSE,30,1778,0.857291038433879
"nonstat_r30",FALSE,30,1779,0
"nonstat_r30",FALSE,30,1780,0.817544303227074
"nonstat_r30",FALSE,30,1781,0.911726262394022
"nonstat_r30",FALSE,30,1782,0.795744301643496
"nonstat_r30",FALSE,30,1783,0.813404348907587
"nonstat_r30",FALSE,30,1784,0.829290829442831
"nonstat_r30",FALSE,30,1785,0.741048506021375
"nonstat_r30",FALSE,30,1786,0.655029321146339
"nonstat_r30",FALSE,30,1787,0.776199890651235
"nonstat_r30",FALSE,30,1788,0.898192282545269
"nonstat_r30",FALSE,30,1789,0.740786669472229
"nonstat_r30",FALSE,30,1790,0.350534961090995
"nonstat_r30",FALSE,30,1791,0.525871034253285
"nonstat_r30",FALSE,30,1792,0.257336184959371
"nonstat_r30",FALSE,30,1793,0
"nonstat_r30",FALSE,30,1794,0
"nonstat_r30",FALSE,30,1795,0
"nonstat_r30",FALSE,30,1796,0
"nonstat_r30",FALSE,30,1797,0
"nonstat_r30",FALSE,30,1798,0
"nonstat_r30",FALSE,30,1799,0
"nonstat_r30",FALSE,30,1800,0
"nonstat_r30",FALSE,30,1801,0.0237484176285929
"nonstat_r30",FALSE,30,1802,0.0219812529062758
"nonstat_r30",FALSE,30,1803,0.142127359799982
"nonstat_r30",FALSE,30,1804,0.181074181001232
"nonstat_r30",FALSE,30,1805,0.312054854761699
"nonstat_r30",FALSE,30,1806,0.248976053767593
"nonstat_r30",FALSE,30,1807,0.102301049441955
"nonstat_r30",FALSE,30,1808,0.286666309961394
"nonstat_r30",FALSE,30,1809,0.60912254997267
"nonstat_r30",FALSE,30,1810,0
"nonstat_r30",FALSE,30,1811,0
"nonstat_r30",FALSE,30,1812,0
"nonstat_r30",FALSE,30,1813,0
"nonstat_r30",FALSE,30,1814,0
"nonstat_r30",FALSE,30,1815,0
"nonstat_r30",FALSE,30,1816,0
"nonstat_r30",FALSE,30,1817,0
"nonstat_r30",FALSE,30,1818,0
"nonstat_r30",FALSE,30,1819,0
"nonstat_r30",FALSE,30,1820,0
"nonstat_r30",FALSE,30,1821,0
"nonstat_r30",FALSE,30,1822,0
"nonstat_r30",FALSE,30,1823,0
"nonstat_r30",FALSE,30,1824,0
"nonstat_r30",FALSE,30,1825,0
"nonstat_r30",FALSE,30,1826,0
"nonstat_r30",FALSE,30,1827,0
"nonstat_r30",FALSE,30,1828,0
"nonstat_r30",FALSE,30,1829,0
"nonstat_r30",FALSE,30,1830,0.890368793483095
"nonstat_r30",FALSE,30,1831,0.909436538496319
"nonstat_r30",FALSE,30,1832,0.768116326435967
"nonstat_r30",FALSE,30,1833,0.781975832728796
"nonstat_r30",FALSE,30,1834,0.515974816992401
"nonstat_r30",FALSE,30,1835,0.245889717274784
"nonstat_r30",FALSE,30,1836,0.312236844829448
"nonstat_r30",FALSE,30,1837,0.731230889632119
"nonstat_r30",FALSE,30,1838,0.949607370844546
"nonstat_r30",FALSE,30,1839,0.83317032933003
"nonstat_r30",FALSE,30,1840,0.414138092822469
"nonstat_r30",FALSE,30,1841,0.465478553432056
"nonstat_r30",FALSE,30,1842,0.311634243436175
"nonstat_r30",FALSE,30,1843,0
"nonstat_r30",FALSE,30,1844,0
"nonstat_r30",FALSE,30,1845,0
"nonstat_r30",FALSE,30,1846,0
"nonstat_r30",FALSE,30,1847,0
"nonstat_r30",FALSE,30,1848,0
"nonstat_r30",FALSE,30,1849,0
"nonstat_r30",FALSE,30,1850,0
"nonstat_r30",FALSE,30,1851,0.00859843613037491
"nonstat_r30",FALSE,30,1852,0.0178917197662379
"nonstat_r30",FALSE,30,1853,0.0888658154701707
"nonstat_r30",FALSE,30,1854,0.0939334487047592
"nonstat_r30",FALSE,30,1855,0.0583268041989418
"nonstat_r30",FALSE,30,1856,0.0206363777475034
"nonstat_r30",FALSE,30,1857,0.0173250849897004
"nonstat_r30",FALSE,30,1858,0.190345938575424
"nonstat_r30",FALSE,30,1859,0
"nonstat_r30",FALSE,30,1860,0
"nonstat_r30",FALSE,30,1861,0
"nonstat_r30",FALSE,30,1862,0
"nonstat_r30",FALSE,30,1863,0
"nonstat_r30",FALSE,30,1864,0
"nonstat_r30",FALSE,30,1865,0
"nonstat_r30",FALSE,30,1866,0
"nonstat_r30",FALSE,30,1867,0
"nonstat_r30",FALSE,30,1868,0
"nonstat_r30",FALSE,30,1869,0
"nonstat_r30",FALSE,30,1870,0
"nonstat_r30",FALSE,30,1871,0
"nonstat_r30",FALSE,30,1872,0
"nonstat_r30",FALSE,30,1873,0
"nonstat_r30",FALSE,30,1874,0
"nonstat_r30",FALSE,30,1875,0
"nonstat_r30",FALSE,30,1876,0
"nonstat_r30",FALSE,30,1877,0
"nonstat_r30",FALSE,30,1878,0
"nonstat_r30",FALSE,30,1879,0
"nonstat_r30",FALSE,30,1880,0.970505815917309
"nonstat_r30",FALSE,30,1881,0.859169699594619
"nonstat_r30",FALSE,30,1882,0.38806859296167
"nonstat_r30",FALSE,30,1883,0.537826999001705
"nonstat_r30",FALSE,30,1884,0.457089890293109
"nonstat_r30",FALSE,30,1885,0.121161285489564
"nonstat_r30",FALSE,30,1886,0.089801530945367
"nonstat_r30",FALSE,30,1887,0.127901054972638
"nonstat_r30",FALSE,30,1888,0.340225514316782
"nonstat_r30",FALSE,30,1889,0.438030369912978
"nonstat_r30",FALSE,30,1890,0.419462869293626
"nonstat_r30",FALSE,30,1891,0.51994905989711
"nonstat_r30",FALSE,30,1892,0.447427082365429
"nonstat_r30",FALSE,30,1893,0
"nonstat_r30",FALSE,30,1894,0
"nonstat_r30",FALSE,30,1895,0
"nonstat_r30",FALSE,30,1896,0
"nonstat_r30",FALSE,30,1897,0
"nonstat_r30",FALSE,30,1898,0
"nonstat_r30",FALSE,30,1899,0
"nonstat_r30",FALSE,30,1900,0
"nonstat_r30",FALSE,30,1901,0.0193703926277313
"nonstat_r30",FALSE,30,1902,0.0173697342918583
"nonstat_r30",FALSE,30,1903,0.0379091607144741
"nonstat_r30",FALSE,30,1904,0.0712729031994617
"nonstat_r30",FALSE,30,1905,0.101037522322127
"nonstat_r30",FALSE,30,1906,0.0537238185138597
"nonstat_r30",FALSE,30,1907,0.0454611446329946
"nonstat_r30",FALSE,30,1908,0
"nonstat_r30",FALSE,30,1909,0
"nonstat_r30",FALSE,30,1910,0
"nonstat_r30",FALSE,30,1911,0
"nonstat_r30",FALSE,30,1912,0
"nonstat_r30",FALSE,30,1913,0
"nonstat_r30",FALSE,30,1914,0
"nonstat_r30",FALSE,30,1915,0
"nonstat_r30",FALSE,30,1916,0
"nonstat_r30",FALSE,30,1917,0
"nonstat_r30",FALSE,30,1918,0
"nonstat_r30",FALSE,30,1919,0
"nonstat_r30",FALSE,30,1920,0
"nonstat_r30",FALSE,30,1921,0
"nonstat_r30",FALSE,30,1922,0
"nonstat_r30",FALSE,30,1923,0
"nonstat_r30",FALSE,30,1924,0
"nonstat_r30",FALSE,30,1925,0
"nonstat_r30",FALSE,30,1926,0
"nonstat_r30",FALSE,30,1927,0
"nonstat_r30",FALSE,30,1928,0
"nonstat_r30",FALSE,30,1929,0
"nonstat_r30",FALSE,30,1930,0.877469816588287
"nonstat_r30",FALSE,30,1931,0.475424972348405
"nonstat_r30",FALSE,30,1932,0.11109329037944
"nonstat_r30",FALSE,30,1933,0.107596679881708
"nonstat_r30",FALSE,30,1934,0.0980684724591177
"nonstat_r30",FALSE,30,1935,0.044622687643617
"nonstat_r30",FALSE,30,1936,0.013210878666792
"nonstat_r30",FALSE,30,1937,0.0150121346113575
"nonstat_r30",FALSE,30,1938,0.0560373658439582
"nonstat_r30",FALSE,30,1939,0.0871004772940331
"nonstat_r30",FALSE,30,1940,0.163440221001739
"nonstat_r30",FALSE,30,1941,0.156045483565438
"nonstat_r30",FALSE,30,1942,0.159389009705224
"nonstat_r30",FALSE,30,1943,0.306845734882317
"nonstat_r30",FALSE,30,1944,0
"nonstat_r30",FALSE,30,1945,0
"nonstat_r30",FALSE,30,1946,0
"nonstat_r30",FALSE,30,1947,0
"nonstat_r30",FALSE,30,1948,0
"nonstat_r30",FALSE,30,1949,0
"nonstat_r30",FALSE,30,1950,0
"nonstat_r30",FALSE,30,1951,0
"nonstat_r30",FALSE,30,1952,0
"nonstat_r30",FALSE,30,1953,0
"nonstat_r30",FALSE,30,1954,0.133865584489236
"nonstat_r30",FALSE,30,1955,0.194911120480665
"nonstat_r30",FALSE,30,1956,0
"nonstat_r30",FALSE,30,1957,0
"nonstat_r30",FALSE,30,1958,0
"nonstat_r30",FALSE,30,1959,0
"nonstat_r30",FALSE,30,1960,0
"nonstat_r30",FALSE,30,1961,0
"nonstat_r30",FALSE,30,1962,0
"nonstat_r30",FALSE,30,1963,0
"nonstat_r30",FALSE,30,1964,0
"nonstat_r30",FALSE,30,1965,0
"nonstat_r30",FALSE,30,1966,0
"nonstat_r30",FALSE,30,1967,0
"nonstat_r30",FALSE,30,1968,0
"nonstat_r30",FALSE,30,1969,0
"nonstat_r30",FALSE,30,1970,0
"nonstat_r30",FALSE,30,1971,0
"nonstat_r30",FALSE,30,1972,0
"nonstat_r30",FALSE,30,1973,0
"nonstat_r30",FALSE,30,1974,0
"nonstat_r30",FALSE,30,1975,0
"nonstat_r30",FALSE,30,1976,0
"nonstat_r30",FALSE,30,1977,0
"nonstat_r30",FALSE,30,1978,0
"nonstat_r30",FALSE,30,1979,0
"nonstat_r30",FALSE,30,1980,0
"nonstat_r30",FALSE,30,1981,0.433747407860478
"nonstat_r30",FALSE,30,1982,0.107641511195724
"nonstat_r30",FALSE,30,1983,0.104820254437886
"nonstat_r30",FALSE,30,1984,0.0989821557687313
"nonstat_r30",FALSE,30,1985,0.025777422263799
"nonstat_r30",FALSE,30,1986,0.00464934278197427
"nonstat_r30",FALSE,30,1987,0.0068088834211088
"nonstat_r30",FALSE,30,1988,0.0260519643196343
"nonstat_r30",FALSE,30,1989,0.0370070779944012
"nonstat_r30",FALSE,30,1990,0.0314966043634776
"nonstat_r30",FALSE,30,1991,0.0381639241623263
"nonstat_r30",FALSE,30,1992,0.0525072424108303
"nonstat_r30",FALSE,30,1993,0.188860926643615
"nonstat_r30",FALSE,30,1994,0.633921903946065
"nonstat_r30",FALSE,30,1995,0
"nonstat_r30",FALSE,30,1996,0
"nonstat_r30",FALSE,30,1997,0
"nonstat_r30",FALSE,30,1998,0
"nonstat_r30",FALSE,30,1999,0
"nonstat_r30",FALSE,30,2000,0
"nonstat_r30",FALSE,30,2001,0
"nonstat_r30",FALSE,30,2002,0
"nonstat_r30",FALSE,30,2003,0
"nonstat_r30",FALSE,30,2004,0
"nonstat_r30",FALSE,30,2005,0
"nonstat_r30",FALSE,30,2006,0
"nonstat_r30",FALSE,30,2007,0
"nonstat_r30",FALSE,30,2008,0
"nonstat_r30",FALSE,30,2009,0
"nonstat_r30",FALSE,30,2010,0
"nonstat_r30",FALSE,30,2011,0
"nonstat_r30",FALSE,30,2012,0
"nonstat_r30",FALSE,30,2013,0
"nonstat_r30",FALSE,30,2014,0
"nonstat_r30",FALSE,30,2015,0
"nonstat_r30",FALSE,30,2016,0
"nonstat_r30",FALSE,30,2017,0
"nonstat_r30",FALSE,30,2018,0
"nonstat_r30",FALSE,30,2019,0
"nonstat_r30",FALSE,30,2020,0
"nonstat_r30",FALSE,30,2021,0
"nonstat_r30",FALSE,30,2022,0
"nonstat_r30",FALSE,30,2023,0
"nonstat_r30",FALSE,30,2024,0
"nonstat_r30",FALSE,30,2025,0
"nonstat_r30",FALSE,30,2026,0
"nonstat_r30",FALSE,30,2027,0
"nonstat_r30",FALSE,30,2028,0
"nonstat_r30",FALSE,30,2029,0
"nonstat_r30",FALSE,30,2030,0
"nonstat_r30",FALSE,30,2031,0.495378634148849
"nonstat_r30",FALSE,30,2032,0.455848649677903
"nonstat_r30",FALSE,30,2033,0.246022468974875
"nonstat_r30",FALSE,30,2034,0.0724255373628139
"nonstat_r30",FALSE,30,2035,0.00893162433262308
"nonstat_r30",FALSE,30,2036,0.00165747546695359
"nonstat_r30",FALSE,30,2037,0.00339640769471594
"nonstat_r30",FALSE,30,2038,0.0173498727093385
"nonstat_r30",FALSE,30,2039,0.0312573526409927
"nonstat_r30",FALSE,30,2040,0.0252964903948402
"nonstat_r30",FALSE,30,2041,0.0316321075311964
"nonstat_r30",FALSE,30,2042,0.0767968283025078
"nonstat_r30",FALSE,30,2043,0.0999140847570135
"nonstat_r30",FALSE,30,2044,0.566207728559414
"nonstat_r30",FALSE,30,2045,0.914295630581952
"nonstat_r30",FALSE,30,2046,0.843147429051998
"nonstat_r30",FALSE,30,2047,0.746295044651858
"nonstat_r30",FALSE,30,2048,0
"nonstat_r30",FALSE,30,2049,0
"nonstat_r30",FALSE,30,2050,0
"nonstat_r30",FALSE,30,2051,0
"nonstat_r30",FALSE,30,2052,0
"nonstat_r30",FALSE,30,2053,0
"nonstat_r30",FALSE,30,2054,0
"nonstat_r30",FALSE,30,2055,0
"nonstat_r30",FALSE,30,2056,0
"nonstat_r30",FALSE,30,2057,0
"nonstat_r30",FALSE,30,2058,0
"nonstat_r30",FALSE,30,2059,0
"nonstat_r30",FALSE,30,2060,0
"nonstat_r30",FALSE,30,2061,0
"nonstat_r30",FALSE,30,2062,0
"nonstat_r30",FALSE,30,2063,0
"nonstat_r30",FALSE,30,2064,0
"nonstat_r30",FALSE,30,2065,0
"nonstat_r30",FALSE,30,2066,0
"nonstat_r30",FALSE,30,2067,0
"nonstat_r30",FALSE,30,2068,0
"nonstat_r30",FALSE,30,2069,0
"nonstat_r30",FALSE,30,2070,0
"nonstat_r30",FALSE,30,2071,0
"nonstat_r30",FALSE,30,2072,0
"nonstat_r30",FALSE,30,2073,0
"nonstat_r30",FALSE,30,2074,0
"nonstat_r30",FALSE,30,2075,0
"nonstat_r30",FALSE,30,2076,0
"nonstat_r30",FALSE,30,2077,0
"nonstat_r30",FALSE,30,2078,0
"nonstat_r30",FALSE,30,2079,0
"nonstat_r30",FALSE,30,2080,0
"nonstat_r30",FALSE,30,2081,0.842980617154387
"nonstat_r30",FALSE,30,2082,0.93564701667023
"nonstat_r30",FALSE,30,2083,0.657824749326979
"nonstat_r30",FALSE,30,2084,0.0350006005447052
"nonstat_r30",FALSE,30,2085,0.000903567154221247
"nonstat_r30",FALSE,30,2086,0.000493888781143198
"nonstat_r30",FALSE,30,2087,0.00313196067432906
"nonstat_r30",FALSE,30,2088,0.0353470469390749
"nonstat_r30",FALSE,30,2089,0.229654454181555
"nonstat_r30",FALSE,30,2090,0.263964437085335
"nonstat_r30",FALSE,30,2091,0.138547559810676
"nonstat_r30",FALSE,30,2092,0.183520880943952
"nonstat_r30",FALSE,30,2093,0.252211741772349
"nonstat_r30",FALSE,30,2094,0.607583668607988
"nonstat_r30",FALSE,30,2095,0.753357316372176
"nonstat_r30",FALSE,30,2096,0.581249716250482
"nonstat_r30",FALSE,30,2097,0.270294648344316
"nonstat_r30",FALSE,30,2098,0.144688927245375
"nonstat_r30",FALSE,30,2099,0.177629219655058
"nonstat_r30",FALSE,30,2100,0
"nonstat_r30",FALSE,30,2101,0.466589569522197
"nonstat_r30",FALSE,30,2102,0
"nonstat_r30",FALSE,30,2103,0
"nonstat_r30",FALSE,30,2104,0
"nonstat_r30",FALSE,30,2105,0
"nonstat_r30",FALSE,30,2106,0
"nonstat_r30",FALSE,30,2107,0
"nonstat_r30",FALSE,30,2108,0
"nonstat_r30",FALSE,30,2109,0
"nonstat_r30",FALSE,30,2110,0
"nonstat_r30",FALSE,30,2111,0
"nonstat_r30",FALSE,30,2112,0
"nonstat_r30",FALSE,30,2113,0
"nonstat_r30",FALSE,30,2114,0
"nonstat_r30",FALSE,30,2115,0
"nonstat_r30",FALSE,30,2116,0
"nonstat_r30",FALSE,30,2117,0
"nonstat_r30",FALSE,30,2118,0
"nonstat_r30",FALSE,30,2119,0
"nonstat_r30",FALSE,30,2120,0
"nonstat_r30",FALSE,30,2121,0
"nonstat_r30",FALSE,30,2122,0
"nonstat_r30",FALSE,30,2123,0
"nonstat_r30",FALSE,30,2124,0
"nonstat_r30",FALSE,30,2125,0
"nonstat_r30",FALSE,30,2126,0
"nonstat_r30",FALSE,30,2127,0
"nonstat_r30",FALSE,30,2128,0
"nonstat_r30",FALSE,30,2129,0
"nonstat_r30",FALSE,30,2130,0
"nonstat_r30",FALSE,30,2131,0.982853980953175
"nonstat_r30",FALSE,30,2132,0.986495904233216
"nonstat_r30",FALSE,30,2133,0.844749443760102
"nonstat_r30",FALSE,30,2134,0.0218186366352533
"nonstat_r30",FALSE,30,2135,0.00101459127710552
"nonstat_r30",FALSE,30,2136,0.000317993095712985
"nonstat_r30",FALSE,30,2137,0.00127580957829215
"nonstat_r30",FALSE,30,2138,0.0200564360587323
"nonstat_r30",FALSE,30,2139,0.321497095465978
"nonstat_r30",FALSE,30,2140,0.438493582182943
"nonstat_r30",FALSE,30,2141,0.319664801231347
"nonstat_r30",FALSE,30,2142,0.336634314587386
"nonstat_r30",FALSE,30,2143,0.427795310407818
"nonstat_r30",FALSE,30,2144,0.56851326616703
"nonstat_r30",FALSE,30,2145,0.574803003409882
"nonstat_r30",FALSE,30,2146,0.288540674661628
"nonstat_r30",FALSE,30,2147,0.0678747183082459
"nonstat_r30",FALSE,30,2148,0.0650583769724952
"nonstat_r30",FALSE,30,2149,0.223847018692293
"nonstat_r30",FALSE,30,2150,0.720630278454552
"nonstat_r30",FALSE,30,2151,0.78399130021174
"nonstat_r30",FALSE,30,2152,0
"nonstat_r30",FALSE,30,2153,0
"nonstat_r30",FALSE,30,2154,0
"nonstat_r30",FALSE,30,2155,0.843913394200562
"nonstat_r30",FALSE,30,2156,0.85578718611524
"nonstat_r30",FALSE,30,2157,0
"nonstat_r30",FALSE,30,2158,0
"nonstat_r30",FALSE,30,2159,0
"nonstat_r30",FALSE,30,2160,0
"nonstat_r30",FALSE,30,2161,0
"nonstat_r30",FALSE,30,2162,0
"nonstat_r30",FALSE,30,2163,0
"nonstat_r30",FALSE,30,2164,0
"nonstat_r30",FALSE,30,2165,0
"nonstat_r30",FALSE,30,2166,0.670410719943165
"nonstat_r30",FALSE,30,2167,0.485522423713052
"nonstat_r30",FALSE,30,2168,0.208355549686215
"nonstat_r30",FALSE,30,2169,0
"nonstat_r30",FALSE,30,2170,0
"nonstat_r30",FALSE,30,2171,0
"nonstat_r30",FALSE,30,2172,0
"nonstat_r30",FALSE,30,2173,0
"nonstat_r30",FALSE,30,2174,0
"nonstat_r30",FALSE,30,2175,0
"nonstat_r30",FALSE,30,2176,0
"nonstat_r30",FALSE,30,2177,0
"nonstat_r30",FALSE,30,2178,0
"nonstat_r30",FALSE,30,2179,0
"nonstat_r30",FALSE,30,2180,0
"nonstat_r30",FALSE,30,2181,0
"nonstat_r30",FALSE,30,2182,0.976021245210473
"nonstat_r30",FALSE,30,2183,0.895777549297139
"nonstat_r30",FALSE,30,2184,0.424720606959473
"nonstat_r30",FALSE,30,2185,0.0118617267757121
"nonstat_r30",FALSE,30,2186,0.00136578005593831
"nonstat_r30",FALSE,30,2187,0.00372499043217649
"nonstat_r30",FALSE,30,2188,0.0726201832879919
"nonstat_r30",FALSE,30,2189,0.615306022279022
"nonstat_r30",FALSE,30,2190,0.52636863327304
"nonstat_r30",FALSE,30,2191,0.40739723009962
"nonstat_r30",FALSE,30,2192,0.481687433842457
"nonstat_r30",FALSE,30,2193,0.476673466231203
"nonstat_r30",FALSE,30,2194,0.570475627609119
"nonstat_r30",FALSE,30,2195,0.493086212532979
"nonstat_r30",FALSE,30,2196,0.262729043572637
"nonstat_r30",FALSE,30,2197,0.122337168543739
"nonstat_r30",FALSE,30,2198,0.0792359070870552
"nonstat_r30",FALSE,30,2199,0.531730763142491
"nonstat_r30",FALSE,30,2200,0.931921254270442
"nonstat_r30",FALSE,30,2201,0.778152118640879
"nonstat_r30",FALSE,30,2202,0.508539626775445
"nonstat_r30",FALSE,30,2203,0.499115037575647
"nonstat_r30",FALSE,30,2204,0.673614178390964
"nonstat_r30",FALSE,30,2205,0.919717181180278
"nonstat_r30",FALSE,30,2206,0.933527895818277
"nonstat_r30",FALSE,30,2207,0.816641581566852
"nonstat_r30",FALSE,30,2208,0
"nonstat_r30",FALSE,30,2209,0
"nonstat_r30",FALSE,30,2210,0
"nonstat_r30",FALSE,30,2211,0
"nonstat_r30",FALSE,30,2212,0
"nonstat_r30",FALSE,30,2213,0
"nonstat_r30",FALSE,30,2214,0
"nonstat_r30",FALSE,30,2215,0
"nonstat_r30",FALSE,30,2216,0.206321094200798
"nonstat_r30",FALSE,30,2217,0.396060175194967
"nonstat_r30",FALSE,30,2218,0.42239877523485
"nonstat_r30",FALSE,30,2219,0.441042154804898
"nonstat_r30",FALSE,30,2220,0
"nonstat_r30",FALSE,30,2221,0
"nonstat_r30",FALSE,30,2222,0
"nonstat_r30",FALSE,30,2223,0
"nonstat_r30",FALSE,30,2224,0
"nonstat_r30",FALSE,30,2225,0
"nonstat_r30",FALSE,30,2226,0
"nonstat_r30",FALSE,30,2227,0
"nonstat_r30",FALSE,30,2228,0
"nonstat_r30",FALSE,30,2229,0
"nonstat_r30",FALSE,30,2230,0
"nonstat_r30",FALSE,30,2231,0
"nonstat_r30",FALSE,30,2232,0.914014172488373
"nonstat_r30",FALSE,30,2233,0.8931461756578
"nonstat_r30",FALSE,30,2234,0.604528044468097
"nonstat_r30",FALSE,30,2235,0.197815413515539
"nonstat_r30",FALSE,30,2236,0.0846693430845705
"nonstat_r30",FALSE,30,2237,0.0983932454942091
"nonstat_r30",FALSE,30,2238,0.306606406097756
"nonstat_r30",FALSE,30,2239,0.87358072168481
"nonstat_r30",FALSE,30,2240,0.872704607833656
"nonstat_r30",FALSE,30,2241,0.545606514411134
"nonstat_r30",FALSE,30,2242,0.347667891290424
"nonstat_r30",FALSE,30,2243,0.566548595440167
"nonstat_r30",FALSE,30,2244,0.472591185753979
"nonstat_r30",FALSE,30,2245,0.637383244679444
"nonstat_r30",FALSE,30,2246,0.504842106478553
"nonstat_r30",FALSE,30,2247,0.197223685246018
"nonstat_r30",FALSE,30,2248,0.0710688601932163
"nonstat_r30",FALSE,30,2249,0.423546481940887
"nonstat_r30",FALSE,30,2250,0.905669949433002
"nonstat_r30",FALSE,30,2251,0.637828761538918
"nonstat_r30",FALSE,30,2252,0.528494873317778
"nonstat_r30",FALSE,30,2253,0.604685788822514
"nonstat_r30",FALSE,30,2254,0.784817783539923
"nonstat_r30",FALSE,30,2255,0.884002296972915
"nonstat_r30",FALSE,30,2256,0.954025315225774
"nonstat_r30",FALSE,30,2257,0.949480658940855
"nonstat_r30",FALSE,30,2258,0.869789399102219
"nonstat_r30",FALSE,30,2259,0
"nonstat_r30",FALSE,30,2260,0
"nonstat_r30",FALSE,30,2261,0
"nonstat_r30",FALSE,30,2262,0
"nonstat_r30",FALSE,30,2263,0
"nonstat_r30",FALSE,30,2264,0
"nonstat_r30",FALSE,30,2265,0.0443541800074186
"nonstat_r30",FALSE,30,2266,0.0736266017014323
"nonstat_r30",FALSE,30,2267,0.181440303233737
"nonstat_r30",FALSE,30,2268,0.236178446835825
"nonstat_r30",FALSE,30,2269,0.585507101330459
"nonstat_r30",FALSE,30,2270,0
"nonstat_r30",FALSE,30,2271,0
"nonstat_r30",FALSE,30,2272,0
"nonstat_r30",FALSE,30,2273,0
"nonstat_r30",FALSE,30,2274,0
"nonstat_r30",FALSE,30,2275,0
"nonstat_r30",FALSE,30,2276,0
"nonstat_r30",FALSE,30,2277,0
"nonstat_r30",FALSE,30,2278,0
"nonstat_r30",FALSE,30,2279,0
"nonstat_r30",FALSE,30,2280,0
"nonstat_r30",FALSE,30,2281,0
"nonstat_r30",FALSE,30,2282,0.8421552309943
"nonstat_r30",FALSE,30,2283,0.825947919420679
"nonstat_r30",FALSE,30,2284,0.555566000043281
"nonstat_r30",FALSE,30,2285,0.790757027222551
"nonstat_r30",FALSE,30,2286,0.835075381264714
"nonstat_r30",FALSE,30,2287,0.90979769748536
"nonstat_r30",FALSE,30,2288,0.95339665848991
"nonstat_r30",FALSE,30,2289,0.97798538723174
"nonstat_r30",FALSE,30,2290,0.958425766071193
"nonstat_r30",FALSE,30,2291,0.619888109858547
"nonstat_r30",FALSE,30,2292,0.239865872629047
"nonstat_r30",FALSE,30,2293,0.4575824702499
"nonstat_r30",FALSE,30,2294,0.581149270354182
"nonstat_r30",FALSE,30,2295,0.819054039179885
"nonstat_r30",FALSE,30,2296,0.755193215723741
"nonstat_r30",FALSE,30,2297,0.620393351897444
"nonstat_r30",FALSE,30,2298,0.539045583789779
"nonstat_r30",FALSE,30,2299,0.460120384411269
"nonstat_r30",FALSE,30,2300,0.711688332577543
"nonstat_r30",FALSE,30,2301,0.316029267648623
"nonstat_r30",FALSE,30,2302,0.406386038218008
"nonstat_r30",FALSE,30,2303,0.502352095646405
"nonstat_r30",FALSE,30,2304,0.60764595272017
"nonstat_r30",FALSE,30,2305,0.648950039063734
"nonstat_r30",FALSE,30,2306,0.854328185174079
"nonstat_r30",FALSE,30,2307,0.831588093039138
"nonstat_r30",FALSE,30,2308,0.761255915609927
"nonstat_r30",FALSE,30,2309,0
"nonstat_r30",FALSE,30,2310,0
"nonstat_r30",FALSE,30,2311,0
"nonstat_r30",FALSE,30,2312,0
"nonstat_r30",FALSE,30,2313,0
"nonstat_r30",FALSE,30,2314,0
"nonstat_r30",FALSE,30,2315,0
"nonstat_r30",FALSE,30,2316,0.0754703936121945
"nonstat_r30",FALSE,30,2317,0.266055955428429
"nonstat_r30",FALSE,30,2318,0.429165083583202
"nonstat_r30",FALSE,30,2319,0.830722409999126
"nonstat_r30",FALSE,30,2320,0.843628867357373
"nonstat_r30",FALSE,30,2321,0
"nonstat_r30",FALSE,30,2322,0
"nonstat_r30",FALSE,30,2323,0
"nonstat_r30",FALSE,30,2324,0
"nonstat_r30",FALSE,30,2325,0
"nonstat_r30",FALSE,30,2326,0
"nonstat_r30",FALSE,30,2327,0
"nonstat_r30",FALSE,30,2328,0
"nonstat_r30",FALSE,30,2329,0
"nonstat_r30",FALSE,30,2330,0
"nonstat_r30",FALSE,30,2331,0
"nonstat_r30",FALSE,30,2332,0.745941219247644
"nonstat_r30",FALSE,30,2333,0.821255285317672
"nonstat_r30",FALSE,30,2334,0.850003543555998
"nonstat_r30",FALSE,30,2335,0.938377573696394
"nonstat_r30",FALSE,30,2336,0.984456391403463
"nonstat_r30",FALSE,30,2337,0.996566278222713
"nonstat_r30",FALSE,30,2338,0.997904374151342
"nonstat_r30",FALSE,30,2339,0.996703691826911
"nonstat_r30",FALSE,30,2340,0.991729958663334
"nonstat_r30",FALSE,30,2341,0.927507112833286
"nonstat_r30",FALSE,30,2342,0.705977641858671
"nonstat_r30",FALSE,30,2343,0.8530804393728
"nonstat_r30",FALSE,30,2344,0.853643123978439
"nonstat_r30",FALSE,30,2345,0.817883824541091
"nonstat_r30",FALSE,30,2346,0.81635667516514
"nonstat_r30",FALSE,30,2347,0.82765951259364
"nonstat_r30",FALSE,30,2348,0.822371077953256
"nonstat_r30",FALSE,30,2349,0.60087720171324
"nonstat_r30",FALSE,30,2350,0.751772333952359
"nonstat_r30",FALSE,30,2351,0.398863855216878
"nonstat_r30",FALSE,30,2352,0.215038293942815
"nonstat_r30",FALSE,30,2353,0.333915296237459
"nonstat_r30",FALSE,30,2354,0.379031680941282
"nonstat_r30",FALSE,30,2355,0.24864241109252
"nonstat_r30",FALSE,30,2356,0.49971395718843
"nonstat_r30",FALSE,30,2357,0.618710508966186
"nonstat_r30",FALSE,30,2358,0.591355267583717
"nonstat_r30",FALSE,30,2359,0
"nonstat_r30",FALSE,30,2360,0
"nonstat_r30",FALSE,30,2361,0
"nonstat_r30",FALSE,30,2362,0
"nonstat_r30",FALSE,30,2363,0
"nonstat_r30",FALSE,30,2364,0
"nonstat_r30",FALSE,30,2365,0
"nonstat_r30",FALSE,30,2366,0.124573252862637
"nonstat_r30",FALSE,30,2367,0.566407949949925
"nonstat_r30",FALSE,30,2368,0.794487547615061
"nonstat_r30",FALSE,30,2369,0.866889748282698
"nonstat_r30",FALSE,30,2370,0.869398078011799
"nonstat_r30",FALSE,30,2371,0.637410934271479
"nonstat_r30",FALSE,30,2372,0
"nonstat_r30",FALSE,30,2373,0
"nonstat_r30",FALSE,30,2374,0
"nonstat_r30",FALSE,30,2375,0
"nonstat_r30",FALSE,30,2376,0
"nonstat_r30",FALSE,30,2377,0
"nonstat_r30",FALSE,30,2378,0
"nonstat_r30",FALSE,30,2379,0
"nonstat_r30",FALSE,30,2380,0
"nonstat_r30",FALSE,30,2381,0.614958091238493
"nonstat_r30",FALSE,30,2382,0.801587729488755
"nonstat_r30",FALSE,30,2383,0.89860089950617
"nonstat_r30",FALSE,30,2384,0.902425557802464
"nonstat_r30",FALSE,30,2385,0.975926200560046
"nonstat_r30",FALSE,30,2386,0.995060839357053
"nonstat_r30",FALSE,30,2387,0.997625258826144
"nonstat_r30",FALSE,30,2388,0.999166100267607
"nonstat_r30",FALSE,30,2389,0.99938255393133
"nonstat_r30",FALSE,30,2390,0.999177039409665
"nonstat_r30",FALSE,30,2391,0.994548215116165
"nonstat_r30",FALSE,30,2392,0.960486684193868
"nonstat_r30",FALSE,30,2393,0.884816918947116
"nonstat_r30",FALSE,30,2394,0.826583489445555
"nonstat_r30",FALSE,30,2395,0.841971595499454
"nonstat_r30",FALSE,30,2396,0.870946389721143
"nonstat_r30",FALSE,30,2397,0.885186756530197
"nonstat_r30",FALSE,30,2398,0.890003837491302
"nonstat_r30",FALSE,30,2399,0.877342652769549
"nonstat_r30",FALSE,30,2400,0.778248469740218
"nonstat_r30",FALSE,30,2401,0.393156445392524
"nonstat_r30",FALSE,30,2402,0.179697932149051
"nonstat_r30",FALSE,30,2403,0.329337289508335
"nonstat_r30",FALSE,30,2404,0.433655750813949
"nonstat_r30",FALSE,30,2405,0.305719497569649
"nonstat_r30",FALSE,30,2406,0
"nonstat_r30",FALSE,30,2407,0
"nonstat_r30",FALSE,30,2408,0
"nonstat_r30",FALSE,30,2409,0
"nonstat_r30",FALSE,30,2410,0
"nonstat_r30",FALSE,30,2411,0
"nonstat_r30",FALSE,30,2412,0
"nonstat_r30",FALSE,30,2413,0
"nonstat_r30",FALSE,30,2414,0
"nonstat_r30",FALSE,30,2415,0.0181006733568174
"nonstat_r30",FALSE,30,2416,0.138083634646916
"nonstat_r30",FALSE,30,2417,0.554532918562474
"nonstat_r30",FALSE,30,2418,0.804380225259145
"nonstat_r30",FALSE,30,2419,0.905741210739349
"nonstat_r30",FALSE,30,2420,0.896942799890409
"nonstat_r30",FALSE,30,2421,0.824634012852319
"nonstat_r30",FALSE,30,2422,0.797108899544307
"nonstat_r30",FALSE,30,2423,0
"nonstat_r30",FALSE,30,2424,0
"nonstat_r30",FALSE,30,2425,0
"nonstat_r30",FALSE,30,2426,0
"nonstat_r30",FALSE,30,2427,0
"nonstat_r30",FALSE,30,2428,0
"nonstat_r30",FALSE,30,2429,0
"nonstat_r30",FALSE,30,2430,0.506911127481449
"nonstat_r30",FALSE,30,2431,0.738649493440037
"nonstat_r30",FALSE,30,2432,0.864326279381917
"nonstat_r30",FALSE,30,2433,0.900741424661628
"nonstat_r30",FALSE,30,2434,0.938907348831104
"nonstat_r30",FALSE,30,2435,0.985089116084141
"nonstat_r30",FALSE,30,2436,0.996818648971521
"nonstat_r30",FALSE,30,2437,0.998846386841221
"nonstat_r30",FALSE,30,2438,0.999684995332591
"nonstat_r30",FALSE,30,2439,0.999742926949201
"nonstat_r30",FALSE,30,2440,0.999587507746882
"nonstat_r30",FALSE,30,2441,0.995846382451801
"nonstat_r30",FALSE,30,2442,0.971522901456504
"nonstat_r30",FALSE,30,2443,0.880505687327618
"nonstat_r30",FALSE,30,2444,0.882709931092471
"nonstat_r30",FALSE,30,2445,0.915196860326821
"nonstat_r30",FALSE,30,2446,0.83680817591704
"nonstat_r30",FALSE,30,2447,0.844513147337687
"nonstat_r30",FALSE,30,2448,0.818181628468327
"nonstat_r30",FALSE,30,2449,0.886067447116983
"nonstat_r30",FALSE,30,2450,0.805607296068097
"nonstat_r30",FALSE,30,2451,0.421285065983837
"nonstat_r30",FALSE,30,2452,0.543724533489598
"nonstat_r30",FALSE,30,2453,0.468439507048773
"nonstat_r30",FALSE,30,2454,0.490966346768651
"nonstat_r30",FALSE,30,2455,0.230322271283192
"nonstat_r30",FALSE,30,2456,0
"nonstat_r30",FALSE,30,2457,0
"nonstat_r30",FALSE,30,2458,0
"nonstat_r30",FALSE,30,2459,0
"nonstat_r30",FALSE,30,2460,0
"nonstat_r30",FALSE,30,2461,0
"nonstat_r30",FALSE,30,2462,0
"nonstat_r30",FALSE,30,2463,0
"nonstat_r30",FALSE,30,2464,0.0429131061308608
"nonstat_r30",FALSE,30,2465,0.0763261193748817
"nonstat_r30",FALSE,30,2466,0.219455882237864
"nonstat_r30",FALSE,30,2467,0.729200215643971
"nonstat_r30",FALSE,30,2468,0.959133872800595
"nonstat_r30",FALSE,30,2469,0.976576385532769
"nonstat_r30",FALSE,30,2470,0.936686342941383
"nonstat_r30",FALSE,30,2471,0.894150414800188
"nonstat_r30",FALSE,30,2472,0.81011208680813
"nonstat_r30",FALSE,30,2473,0.730261228963354
"nonstat_r30",FALSE,30,2474,0.525500774419362
"nonstat_r30",FALSE,30,2475,0
"nonstat_r30",FALSE,30,2476,0
"nonstat_r30",FALSE,30,2477,0
"nonstat_r30",FALSE,30,2478,0.321737702823018
"nonstat_r30",FALSE,30,2479,0.207526462367643
"nonstat_r30",FALSE,30,2480,0.177608100377982
"nonstat_r30",FALSE,30,2481,0.581479338003767
"nonstat_r30",FALSE,30,2482,0.820088921295688
"nonstat_r30",FALSE,30,2483,0.940864695369205
"nonstat_r30",FALSE,30,2484,0.992024086118661
"nonstat_r30",FALSE,30,2485,0.995487243695936
"nonstat_r30",FALSE,30,2486,0.996931222339107
"nonstat_r30",FALSE,30,2487,0.998447128449322
"nonstat_r30",FALSE,30,2488,0.999546118560045
"nonstat_r30",FALSE,30,2489,0.998766650232863
"nonstat_r30",FALSE,30,2490,0.996492790720149
"nonstat_r30",FALSE,30,2491,0.977231876189826
"nonstat_r30",FALSE,30,2492,0.865282330065212
"nonstat_r30",FALSE,30,2493,0.815555490614903
"nonstat_r30",FALSE,30,2494,0.899080514086677
"nonstat_r30",FALSE,30,2495,0.88635492749924
"nonstat_r30",FALSE,30,2496,0.83736612134178
"nonstat_r30",FALSE,30,2497,0.793225871891592
"nonstat_r30",FALSE,30,2498,0.750015763654932
"nonstat_r30",FALSE,30,2499,0.799575111767762
"nonstat_r30",FALSE,30,2500,0.733515004474697
"nonstat_r80",FALSE,80,1,0.746828272895132
"nonstat_r80",FALSE,80,2,0.34513511226767
"nonstat_r80",FALSE,80,3,0.114683966556353
"nonstat_r80",FALSE,80,4,0.0545858927509157
"nonstat_r80",FALSE,80,5,0.048505744706003
"nonstat_r80",FALSE,80,6,0.0472458987982675
"nonstat_r80",FALSE,80,7,0.164913915914758
"nonstat_r80",FALSE,80,8,0.539235802437002
"nonstat_r80",FALSE,80,9,0.776116442913495
"nonstat_r80",FALSE,80,10,0.777189816965362
"nonstat_r80",FALSE,80,11,0.803812807765084
"nonstat_r80",FALSE,80,12,0.829831313026373
"nonstat_r80",FALSE,80,13,0.837766910525846
"nonstat_r80",FALSE,80,14,0.8693677388569
"nonstat_r80",FALSE,80,15,0.898799700075703
"nonstat_r80",FALSE,80,16,0.932379583832957
"nonstat_r80",FALSE,80,17,0.950516045317233
"nonstat_r80",FALSE,80,18,0.943804037458283
"nonstat_r80",FALSE,80,19,0.884499852771364
"nonstat_r80",FALSE,80,20,0.462524472728316
"nonstat_r80",FALSE,80,21,0.0775808091516419
"nonstat_r80",FALSE,80,22,0.0775077027803235
"nonstat_r80",FALSE,80,23,0.04561251007459
"nonstat_r80",FALSE,80,24,0.0163112838272411
"nonstat_r80",FALSE,80,25,0.0136251313642224
"nonstat_r80",FALSE,80,26,0.00666676011577228
"nonstat_r80",FALSE,80,27,0.0150217686212503
"nonstat_r80",FALSE,80,28,0.0493221835744985
"nonstat_r80",FALSE,80,29,0.0457625045010272
"nonstat_r80",FALSE,80,30,0.0479237248457542
"nonstat_r80",FALSE,80,31,0.044419735199362
"nonstat_r80",FALSE,80,32,0.053162823851425
"nonstat_r80",FALSE,80,33,0.141404139979547
"nonstat_r80",FALSE,80,34,0.321216677616526
"nonstat_r80",FALSE,80,35,0.350794903888236
"nonstat_r80",FALSE,80,36,0.317820479905053
"nonstat_r80",FALSE,80,37,0.331948378359879
"nonstat_r80",FALSE,80,38,0.261308689137881
"nonstat_r80",FALSE,80,39,0.196351806892332
"nonstat_r80",FALSE,80,40,0.230019721205686
"nonstat_r80",FALSE,80,41,0.465209531972907
"nonstat_r80",FALSE,80,42,0.634377602516441
"nonstat_r80",FALSE,80,43,0.705731442207416
"nonstat_r80",FALSE,80,44,0.843282049262263
"nonstat_r80",FALSE,80,45,0.928052480994242
"nonstat_r80",FALSE,80,46,0.921886814685252
"nonstat_r80",FALSE,80,47,0.933362603656289
"nonstat_r80",FALSE,80,48,0.937618102387638
"nonstat_r80",FALSE,80,49,0.71436526107719
"nonstat_r80",FALSE,80,50,0.269794876405291
"nonstat_r80",FALSE,80,51,0.817711529905595
"nonstat_r80",FALSE,80,52,0.371134126690874
"nonstat_r80",FALSE,80,53,0.151931561440625
"nonstat_r80",FALSE,80,54,0.0995058743414088
"nonstat_r80",FALSE,80,55,0.0764404559261763
"nonstat_r80",FALSE,80,56,0.0578058551774292
"nonstat_r80",FALSE,80,57,0.112340852653695
"nonstat_r80",FALSE,80,58,0.410011578027068
"nonstat_r80",FALSE,80,59,0.608891658743965
"nonstat_r80",FALSE,80,60,0.56983216924046
"nonstat_r80",FALSE,80,61,0.61807690715051
"nonstat_r80",FALSE,80,62,0.687989773769361
"nonstat_r80",FALSE,80,63,0.696417635103858
"nonstat_r80",FALSE,80,64,0.861235563991158
"nonstat_r80",FALSE,80,65,0.89493677642262
"nonstat_r80",FALSE,80,66,0.901904157994401
"nonstat_r80",FALSE,80,67,0.897903677809783
"nonstat_r80",FALSE,80,68,0.857191977952141
"nonstat_r80",FALSE,80,69,0.815787555155891
"nonstat_r80",FALSE,80,70,0.555091588939115
"nonstat_r80",FALSE,80,71,0.111681681568601
"nonstat_r80",FALSE,80,72,0.0466684213035358
"nonstat_r80",FALSE,80,73,0.0194109663060648
"nonstat_r80",FALSE,80,74,0.00816806970493291
"nonstat_r80",FALSE,80,75,0.0063978855792467
"nonstat_r80",FALSE,80,76,0.00906844474119261
"nonstat_r80",FALSE,80,77,0.0289380926340024
"nonstat_r80",FALSE,80,78,0.174593637166495
"nonstat_r80",FALSE,80,79,0.176306425217062
"nonstat_r80",FALSE,80,80,0.101659785267115
"nonstat_r80",FALSE,80,81,0.0469589396582924
"nonstat_r80",FALSE,80,82,0.0532380149701525
"nonstat_r80",FALSE,80,83,0.0923699735085274
"nonstat_r80",FALSE,80,84,0.190818958002508
"nonstat_r80",FALSE,80,85,0.338514813830684
"nonstat_r80",FALSE,80,86,0.418734868761396
"nonstat_r80",FALSE,80,87,0.422958919826051
"nonstat_r80",FALSE,80,88,0.372028229753945
"nonstat_r80",FALSE,80,89,0.204075164470881
"nonstat_r80",FALSE,80,90,0.229972276319484
"nonstat_r80",FALSE,80,91,0.440350163016526
"nonstat_r80",FALSE,80,92,0.611789625626436
"nonstat_r80",FALSE,80,93,0.722966738818144
"nonstat_r80",FALSE,80,94,0.804743452334341
"nonstat_r80",FALSE,80,95,0.838608138813956
"nonstat_r80",FALSE,80,96,0.849883879789494
"nonstat_r80",FALSE,80,97,0.920468879518757
"nonstat_r80",FALSE,80,98,0.918780871656021
"nonstat_r80",FALSE,80,99,0.649227375209612
"nonstat_r80",FALSE,80,100,0.382259197928138
"nonstat_r80",FALSE,80,101,0.934312407571187
"nonstat_r80",FALSE,80,102,0.714002336996985
"nonstat_r80",FALSE,80,103,0.58379744489784
"nonstat_r80",FALSE,80,104,0.397242374753503
"nonstat_r80",FALSE,80,105,0.182108762524271
"nonstat_r80",FALSE,80,106,0.129732775686792
"nonstat_r80",FALSE,80,107,0.227779602229856
"nonstat_r80",FALSE,80,108,0.415786888971678
"nonstat_r80",FALSE,80,109,0.50646657708613
"nonstat_r80",FALSE,80,110,0.359018458434917
"nonstat_r80",FALSE,80,111,0.303780619205724
"nonstat_r80",FALSE,80,112,0.295075528935762
"nonstat_r80",FALSE,80,113,0.413075174191219
"nonstat_r80",FALSE,80,114,0.652222244967652
"nonstat_r80",FALSE,80,115,0.8167583037721
"nonstat_r80",FALSE,80,116,0.888732443715523
"nonstat_r80",FALSE,80,117,0.795515684052253
"nonstat_r80",FALSE,80,118,0.708059207208217
"nonstat_r80",FALSE,80,119,0.584383102246493
"nonstat_r80",FALSE,80,120,0.388453168168663
"nonstat_r80",FALSE,80,121,0.13026348531827
"nonstat_r80",FALSE,80,122,0.0352122679271725
"nonstat_r80",FALSE,80,123,0.0123819930364114
"nonstat_r80",FALSE,80,124,0.0081146812113897
"nonstat_r80",FALSE,80,125,0.00596561995564112
"nonstat_r80",FALSE,80,126,0.0103060219135192
"nonstat_r80",FALSE,80,127,0.0487308701004675
"nonstat_r80",FALSE,80,128,0.198225310710326
"nonstat_r80",FALSE,80,129,0.228701122958794
"nonstat_r80",FALSE,80,130,0.153705529168583
"nonstat_r80",FALSE,80,131,0
"nonstat_r80",FALSE,80,132,0
"nonstat_r80",FALSE,80,133,0.155248495882048
"nonstat_r80",FALSE,80,134,0.29177121032702
"nonstat_r80",FALSE,80,135,0.48603601994694
"nonstat_r80",FALSE,80,136,0.498442039369782
"nonstat_r80",FALSE,80,137,0.461946997942275
"nonstat_r80",FALSE,80,138,0.361256229656321
"nonstat_r80",FALSE,80,139,0.24077792278736
"nonstat_r80",FALSE,80,140,0.375580397540848
"nonstat_r80",FALSE,80,141,0.492633207928735
"nonstat_r80",FALSE,80,142,0.634878725068864
"nonstat_r80",FALSE,80,143,0.826048646091598
"nonstat_r80",FALSE,80,144,0.822624315070877
"nonstat_r80",FALSE,80,145,0.824775758156486
"nonstat_r80",FALSE,80,146,0.909040219902864
"nonstat_r80",FALSE,80,147,0.941234421868164
"nonstat_r80",FALSE,80,148,0.919032871832517
"nonstat_r80",FALSE,80,149,0.70735481984877
"nonstat_r80",FALSE,80,150,0.512034541911783
"nonstat_r80",FALSE,80,151,0.969346312329956
"nonstat_r80",FALSE,80,152,0.915856249279223
"nonstat_r80",FALSE,80,153,0.912343774700428
"nonstat_r80",FALSE,80,154,0.751920102986631
"nonstat_r80",FALSE,80,155,0.388511904881453
"nonstat_r80",FALSE,80,156,0.262963555520767
"nonstat_r80",FALSE,80,157,0.46740550299241
"nonstat_r80",FALSE,80,158,0.591542244314398
"nonstat_r80",FALSE,80,159,0.411411783160385
"nonstat_r80",FALSE,80,160,0.346889951946646
"nonstat_r80",FALSE,80,161,0.233992293655353
"nonstat_r80",FALSE,80,162,0.108608882229078
"nonstat_r80",FALSE,80,163,0.152370275959343
"nonstat_r80",FALSE,80,164,0.381688603042276
"nonstat_r80",FALSE,80,165,0.58289715808384
"nonstat_r80",FALSE,80,166,0.642938745088668
"nonstat_r80",FALSE,80,167,0.509697039311178
"nonstat_r80",FALSE,80,168,0.455022482205863
"nonstat_r80",FALSE,80,169,0.202440366439103
"nonstat_r80",FALSE,80,170,0.0645436227263524
"nonstat_r80",FALSE,80,171,0.0418885839468022
"nonstat_r80",FALSE,80,172,0.0132928257646039
"nonstat_r80",FALSE,80,173,0.00551417130466013
"nonstat_r80",FALSE,80,174,0.00989342275266773
"nonstat_r80",FALSE,80,175,0.0171433953437561
"nonstat_r80",FALSE,80,176,0.0276205370561266
"nonstat_r80",FALSE,80,177,0.0866498663434604
"nonstat_r80",FALSE,80,178,0.194398356803091
"nonstat_r80",FALSE,80,179,0.264623147319457
"nonstat_r80",FALSE,80,180,0.152398733914273
"nonstat_r80",FALSE,80,181,0
"nonstat_r80",FALSE,80,182,0
"nonstat_r80",FALSE,80,183,0.0650305119379351
"nonstat_r80",FALSE,80,184,0.256019513893916
"nonstat_r80",FALSE,80,185,0.560472656640559
"nonstat_r80",FALSE,80,186,0.661306858290058
"nonstat_r80",FALSE,80,187,0.564348626384306
"nonstat_r80",FALSE,80,188,0.490385583355637
"nonstat_r80",FALSE,80,189,0.353298735797249
"nonstat_r80",FALSE,80,190,0.435018815452384
"nonstat_r80",FALSE,80,191,0.556961088664413
"nonstat_r80",FALSE,80,192,0.747803248036819
"nonstat_r80",FALSE,80,193,0.903391133144577
"nonstat_r80",FALSE,80,194,0.894426999153524
"nonstat_r80",FALSE,80,195,0.914530728965124
"nonstat_r80",FALSE,80,196,0.951139117725784
"nonstat_r80",FALSE,80,197,0.958782288342834
"nonstat_r80",FALSE,80,198,0.911295811524128
"nonstat_r80",FALSE,80,199,0.851070490061272
"nonstat_r80",FALSE,80,200,0.740281987165335
"nonstat_r80",FALSE,80,201,0.963483469639132
"nonstat_r80",FALSE,80,202,0.928207899951101
"nonstat_r80",FALSE,80,203,0.898370671093953
"nonstat_r80",FALSE,80,204,0.836770120731874
"nonstat_r80",FALSE,80,205,0.568158724336654
"nonstat_r80",FALSE,80,206,0.474951762536636
"nonstat_r80",FALSE,80,207,0.658469950973331
"nonstat_r80",FALSE,80,208,0.679694517644508
"nonstat_r80",FALSE,80,209,0.355716046740135
"nonstat_r80",FALSE,80,210,0.194849241619233
"nonstat_r80",FALSE,80,211,0.104081530698852
"nonstat_r80",FALSE,80,212,0.063751455961353
"nonstat_r80",FALSE,80,213,0.106625598081565
"nonstat_r80",FALSE,80,214,0.246534046450815
"nonstat_r80",FALSE,80,215,0.484557310423682
"nonstat_r80",FALSE,80,216,0.430165824169266
"nonstat_r80",FALSE,80,217,0.37465423696855
"nonstat_r80",FALSE,80,218,0.291658057833661
"nonstat_r80",FALSE,80,219,0.147145147579592
"nonstat_r80",FALSE,80,220,0.0423529276962946
"nonstat_r80",FALSE,80,221,0.0160812898420701
"nonstat_r80",FALSE,80,222,0.00570394421393133
"nonstat_r80",FALSE,80,223,0.00449657870854424
"nonstat_r80",FALSE,80,224,0.00870496458859745
"nonstat_r80",FALSE,80,225,0.0342289540962416
"nonstat_r80",FALSE,80,226,0.0609291443481485
"nonstat_r80",FALSE,80,227,0.108506143873726
"nonstat_r80",FALSE,80,228,0.0907721920046516
"nonstat_r80",FALSE,80,229,0.0886154254227552
"nonstat_r80",FALSE,80,230,0.125670017057437
"nonstat_r80",FALSE,80,231,0.0484977411797794
"nonstat_r80",FALSE,80,232,0
"nonstat_r80",FALSE,80,233,0
"nonstat_r80",FALSE,80,234,0.187092371832884
"nonstat_r80",FALSE,80,235,0.443832045451241
"nonstat_r80",FALSE,80,236,0.717579841870392
"nonstat_r80",FALSE,80,237,0.760130306314602
"nonstat_r80",FALSE,80,238,0.805141687959482
"nonstat_r80",FALSE,80,239,0.732910964122248
"nonstat_r80",FALSE,80,240,0.711197039948231
"nonstat_r80",FALSE,80,241,0.806472228998303
"nonstat_r80",FALSE,80,242,0.905043509104038
"nonstat_r80",FALSE,80,243,0.958755456866307
"nonstat_r80",FALSE,80,244,0.962268029693789
"nonstat_r80",FALSE,80,245,0.972323117992566
"nonstat_r80",FALSE,80,246,0.966652956967653
"nonstat_r80",FALSE,80,247,0.971276742441426
"nonstat_r80",FALSE,80,248,0.926375616074434
"nonstat_r80",FALSE,80,249,0.924269848389178
"nonstat_r80",FALSE,80,250,0.896043341304179
"nonstat_r80",FALSE,80,251,0.969691140646153
"nonstat_r80",FALSE,80,252,0.935450548845903
"nonstat_r80",FALSE,80,253,0.87942449001512
"nonstat_r80",FALSE,80,254,0.844407480560622
"nonstat_r80",FALSE,80,255,0.782981404266021
"nonstat_r80",FALSE,80,256,0.808157826624484
"nonstat_r80",FALSE,80,257,0.874324378014212
"nonstat_r80",FALSE,80,258,0.820537675716675
"nonstat_r80",FALSE,80,259,0.442539569005061
"nonstat_r80",FALSE,80,260,0.16523345378218
"nonstat_r80",FALSE,80,261,0.0830984750696957
"nonstat_r80",FALSE,80,262,0.0530922389423603
"nonstat_r80",FALSE,80,263,0.0783893761504461
"nonstat_r80",FALSE,80,264,0.126207304798281
"nonstat_r80",FALSE,80,265,0.35043757835766
"nonstat_r80",FALSE,80,266,0.42446886661747
"nonstat_r80",FALSE,80,267,0.475220740397829
"nonstat_r80",FALSE,80,268,0.360144963728099
"nonstat_r80",FALSE,80,269,0.164567621667332
"nonstat_r80",FALSE,80,270,0.0571128002737557
"nonstat_r80",FALSE,80,271,0.014924366513385
"nonstat_r80",FALSE,80,272,0.0101727639070641
"nonstat_r80",FALSE,80,273,0.0127951047935014
"nonstat_r80",FALSE,80,274,0.0124525573313332
"nonstat_r80",FALSE,80,275,0.0318209636562484
"nonstat_r80",FALSE,80,276,0.0432098875753029
"nonstat_r80",FALSE,80,277,0.0425745345643505
"nonstat_r80",FALSE,80,278,0.0345056242974963
"nonstat_r80",FALSE,80,279,0.0646494692039443
"nonstat_r80",FALSE,80,280,0.11991277231097
"nonstat_r80",FALSE,80,281,0.0726179214825287
"nonstat_r80",FALSE,80,282,0.0280193340139724
"nonstat_r80",FALSE,80,283,0.0435891883480191
"nonstat_r80",FALSE,80,284,0.106826592666493
"nonstat_r80",FALSE,80,285,0.345598771415861
"nonstat_r80",FALSE,80,286,0.813921331663952
"nonstat_r80",FALSE,80,287,0.914077089671471
"nonstat_r80",FALSE,80,288,0.922138278952607
"nonstat_r80",FALSE,80,289,0.857708294383636
"nonstat_r80",FALSE,80,290,0.796522955542053
"nonstat_r80",FALSE,80,291,0.868595811008441
"nonstat_r80",FALSE,80,292,0.895424672011496
"nonstat_r80",FALSE,80,293,0.937326083628682
"nonstat_r80",FALSE,80,294,0.945384731215126
"nonstat_r80",FALSE,80,295,0.951861061177636
"nonstat_r80",FALSE,80,296,0.958861700442279
"nonstat_r80",FALSE,80,297,0.954289737284664
"nonstat_r80",FALSE,80,298,0.931599338093871
"nonstat_r80",FALSE,80,299,0.909587933652679
"nonstat_r80",FALSE,80,300,0.917968488391859
"nonstat_r80",FALSE,80,301,0.943880358063119
"nonstat_r80",FALSE,80,302,0.873492803625718
"nonstat_r80",FALSE,80,303,0.808951830576375
"nonstat_r80",FALSE,80,304,0.804318303249285
"nonstat_r80",FALSE,80,305,0.886388294746867
"nonstat_r80",FALSE,80,306,0.923206814350705
"nonstat_r80",FALSE,80,307,0.932394469565648
"nonstat_r80",FALSE,80,308,0.804004993290722
"nonstat_r80",FALSE,80,309,0.45999944058352
"nonstat_r80",FALSE,80,310,0.224149413334607
"nonstat_r80",FALSE,80,311,0.15049845669414
"nonstat_r80",FALSE,80,312,0.103819431246319
"nonstat_r80",FALSE,80,313,0.132553506567928
"nonstat_r80",FALSE,80,314,0.222772316055165
"nonstat_r80",FALSE,80,315,0.379559034909066
"nonstat_r80",FALSE,80,316,0.577229936508482
"nonstat_r80",FALSE,80,317,0.613009330368665
"nonstat_r80",FALSE,80,318,0.307409194261479
"nonstat_r80",FALSE,80,319,0.183071625787803
"nonstat_r80",FALSE,80,320,0.080920108948752
"nonstat_r80",FALSE,80,321,0.0450816811854848
"nonstat_r80",FALSE,80,322,0.0452042560866651
"nonstat_r80",FALSE,80,323,0.0514777438500529
"nonstat_r80",FALSE,80,324,0.0444510403905046
"nonstat_r80",FALSE,80,325,0.0415989284253879
"nonstat_r80",FALSE,80,326,0.0333857493240866
"nonstat_r80",FALSE,80,327,0.0282579074648551
"nonstat_r80",FALSE,80,328,0.0494828340647927
"nonstat_r80",FALSE,80,329,0.110476205551227
"nonstat_r80",FALSE,80,330,0.255787924185246
"nonstat_r80",FALSE,80,331,0.172711544557393
"nonstat_r80",FALSE,80,332,0.0755597159100903
"nonstat_r80",FALSE,80,333,0.0833050486411091
"nonstat_r80",FALSE,80,334,0.142603006332937
"nonstat_r80",FALSE,80,335,0.490467340222087
"nonstat_r80",FALSE,80,336,0.874842706733432
"nonstat_r80",FALSE,80,337,0.944843212933403
"nonstat_r80",FALSE,80,338,0.963050384840651
"nonstat_r80",FALSE,80,339,0.931588840601661
"nonstat_r80",FALSE,80,340,0.888025901413385
"nonstat_r80",FALSE,80,341,0.844359597435361
"nonstat_r80",FALSE,80,342,0.874327299318502
"nonstat_r80",FALSE,80,343,0.863332211044121
"nonstat_r80",FALSE,80,344,0.886890316652266
"nonstat_r80",FALSE,80,345,0.922860238262825
"nonstat_r80",FALSE,80,346,0.931393221737757
"nonstat_r80",FALSE,80,347,0.944033158517621
"nonstat_r80",FALSE,80,348,0.882715233256276
"nonstat_r80",FALSE,80,349,0
"nonstat_r80",FALSE,80,350,0
"nonstat_r80",FALSE,80,351,0.798728123183376
"nonstat_r80",FALSE,80,352,0.684199984023039
"nonstat_r80",FALSE,80,353,0.702783242974257
"nonstat_r80",FALSE,80,354,0.647069895179966
"nonstat_r80",FALSE,80,355,0.817501362200495
"nonstat_r80",FALSE,80,356,0.899598517318227
"nonstat_r80",FALSE,80,357,0.880659081252636
"nonstat_r80",FALSE,80,358,0.697837384344347
"nonstat_r80",FALSE,80,359,0.399090363081575
"nonstat_r80",FALSE,80,360,0.226403287710584
"nonstat_r80",FALSE,80,361,0.231559358052517
"nonstat_r80",FALSE,80,362,0.239677888366013
"nonstat_r80",FALSE,80,363,0.308845874231562
"nonstat_r80",FALSE,80,364,0.500608573785917
"nonstat_r80",FALSE,80,365,0.588772846051225
"nonstat_r80",FALSE,80,366,0.607896237464354
"nonstat_r80",FALSE,80,367,0.515380265512691
"nonstat_r80",FALSE,80,368,0.241905376935858
"nonstat_r80",FALSE,80,369,0.158762163397646
"nonstat_r80",FALSE,80,370,0.14406626946317
"nonstat_r80",FALSE,80,371,0.19536982073314
"nonstat_r80",FALSE,80,372,0.258807894435227
"nonstat_r80",FALSE,80,373,0.389434538346526
"nonstat_r80",FALSE,80,374,0.190260934841758
"nonstat_r80",FALSE,80,375,0.0688168593390168
"nonstat_r80",FALSE,80,376,0.0389483397501941
"nonstat_r80",FALSE,80,377,0.0502484248982745
"nonstat_r80",FALSE,80,378,0.120450596817878
"nonstat_r80",FALSE,80,379,0.219657731285249
"nonstat_r80",FALSE,80,380,0.381533236591695
"nonstat_r80",FALSE,80,381,0.370769003662937
"nonstat_r80",FALSE,80,382,0.219737005580893
"nonstat_r80",FALSE,80,383,0.189763471148967
"nonstat_r80",FALSE,80,384,0.327279383594446
"nonstat_r80",FALSE,80,385,0.636607423479783
"nonstat_r80",FALSE,80,386,0.892605443156577
"nonstat_r80",FALSE,80,387,0.953962338573572
"nonstat_r80",FALSE,80,388,0.975364536596596
"nonstat_r80",FALSE,80,389,0.964989870056162
"nonstat_r80",FALSE,80,390,0.856496399896341
"nonstat_r80",FALSE,80,391,0.692496129894991
"nonstat_r80",FALSE,80,392,0.716767281488656
"nonstat_r80",FALSE,80,393,0.710658929552543
"nonstat_r80",FALSE,80,394,0.85144712854477
"nonstat_r80",FALSE,80,395,0.947610347855603
"nonstat_r80",FALSE,80,396,0.941677728975044
"nonstat_r80",FALSE,80,397,0.953305224318518
"nonstat_r80",FALSE,80,398,0
"nonstat_r80",FALSE,80,399,0
"nonstat_r80",FALSE,80,400,0
"nonstat_r80",FALSE,80,401,0.636700064142713
"nonstat_r80",FALSE,80,402,0.530207123324435
"nonstat_r80",FALSE,80,403,0.466547787212853
"nonstat_r80",FALSE,80,404,0.506557269858092
"nonstat_r80",FALSE,80,405,0.600150305748115
"nonstat_r80",FALSE,80,406,0.684046270705851
"nonstat_r80",FALSE,80,407,0.73755315237312
"nonstat_r80",FALSE,80,408,0.523838810317736
"nonstat_r80",FALSE,80,409,0.416848816154077
"nonstat_r80",FALSE,80,410,0.377041211012007
"nonstat_r80",FALSE,80,411,0.370487066085739
"nonstat_r80",FALSE,80,412,0.579516192123453
"nonstat_r80",FALSE,80,413,0.663874453278682
"nonstat_r80",FALSE,80,414,0.707210101759375
"nonstat_r80",FALSE,80,415,0.749208102686516
"nonstat_r80",FALSE,80,416,0.686378101358449
"nonstat_r80",FALSE,80,417,0
"nonstat_r80",FALSE,80,418,0.386810809737209
"nonstat_r80",FALSE,80,419,0.263996329943704
"nonstat_r80",FALSE,80,420,0.3336837968689
"nonstat_r80",FALSE,80,421,0.638468644471058
"nonstat_r80",FALSE,80,422,0.808278633766316
"nonstat_r80",FALSE,80,423,0.831544245637846
"nonstat_r80",FALSE,80,424,0.523451222073337
"nonstat_r80",FALSE,80,425,0.16627352586884
"nonstat_r80",FALSE,80,426,0.101917146896672
"nonstat_r80",FALSE,80,427,0.109049501884965
"nonstat_r80",FALSE,80,428,0.158393350790531
"nonstat_r80",FALSE,80,429,0.426635992430941
"nonstat_r80",FALSE,80,430,0.496473054326917
"nonstat_r80",FALSE,80,431,0.420922270419472
"nonstat_r80",FALSE,80,432,0.490476274248635
"nonstat_r80",FALSE,80,433,0.617825333147628
"nonstat_r80",FALSE,80,434,0.726723530143563
"nonstat_r80",FALSE,80,435,0
"nonstat_r80",FALSE,80,436,0
"nonstat_r80",FALSE,80,437,0.935463404699447
"nonstat_r80",FALSE,80,438,0.982866060705393
"nonstat_r80",FALSE,80,439,0.982219434178042
"nonstat_r80",FALSE,80,440,0.906290809332042
"nonstat_r80",FALSE,80,441,0.642631740689303
"nonstat_r80",FALSE,80,442,0.434475752958932
"nonstat_r80",FALSE,80,443,0.588102623227517
"nonstat_r80",FALSE,80,444,0.907795517412838
"nonstat_r80",FALSE,80,445,0.968639845178714
"nonstat_r80",FALSE,80,446,0.936153375894271
"nonstat_r80",FALSE,80,447,0
"nonstat_r80",FALSE,80,448,0
"nonstat_r80",FALSE,80,449,0
"nonstat_r80",FALSE,80,450,0
"nonstat_r80",FALSE,80,451,0.482513303784348
"nonstat_r80",FALSE,80,452,0.283229766816763
"nonstat_r80",FALSE,80,453,0.217170386214353
"nonstat_r80",FALSE,80,454,0.363554150268746
"nonstat_r80",FALSE,80,455,0.512163544742234
"nonstat_r80",FALSE,80,456,0.612978618159724
"nonstat_r80",FALSE,80,457,0.604848023361602
"nonstat_r80",FALSE,80,458,0.425832040411456
"nonstat_r80",FALSE,80,459,0.343673466206711
"nonstat_r80",FALSE,80,460,0.405671640837347
"nonstat_r80",FALSE,80,461,0.57463958413654
"nonstat_r80",FALSE,80,462,0.720796960363856
"nonstat_r80",FALSE,80,463,0.802977316060523
"nonstat_r80",FALSE,80,464,0.858869146464798
"nonstat_r80",FALSE,80,465,0.866096716886168
"nonstat_r80",FALSE,80,466,0
"nonstat_r80",FALSE,80,467,0
"nonstat_r80",FALSE,80,468,0
"nonstat_r80",FALSE,80,469,0
"nonstat_r80",FALSE,80,470,0.830719577414965
"nonstat_r80",FALSE,80,471,0.915043197885518
"nonstat_r80",FALSE,80,472,0.933438688360503
"nonstat_r80",FALSE,80,473,0.933840694829649
"nonstat_r80",FALSE,80,474,0.821158023055323
"nonstat_r80",FALSE,80,475,0.572606163594133
"nonstat_r80",FALSE,80,476,0.364252096980336
"nonstat_r80",FALSE,80,477,0.357065986094519
"nonstat_r80",FALSE,80,478,0.398231488594979
"nonstat_r80",FALSE,80,479,0.432598459599349
"nonstat_r80",FALSE,80,480,0.463188023612994
"nonstat_r80",FALSE,80,481,0.504560643134595
"nonstat_r80",FALSE,80,482,0.743736130602183
"nonstat_r80",FALSE,80,483,0.929099021373821
"nonstat_r80",FALSE,80,484,0
"nonstat_r80",FALSE,80,485,0
"nonstat_r80",FALSE,80,486,0
"nonstat_r80",FALSE,80,487,0.963580600634181
"nonstat_r80",FALSE,80,488,0.993185846828983
"nonstat_r80",FALSE,80,489,0.988651110690697
"nonstat_r80",FALSE,80,490,0.95063136003179
"nonstat_r80",FALSE,80,491,0.658838626259829
"nonstat_r80",FALSE,80,492,0.436852325528689
"nonstat_r80",FALSE,80,493,0.727011745354983
"nonstat_r80",FALSE,80,494,0.941384627605386
"nonstat_r80",FALSE,80,495,0.977651975912189
"nonstat_r80",FALSE,80,496,0.969162892119648
"nonstat_r80",FALSE,80,497,0
"nonstat_r80",FALSE,80,498,0
"nonstat_r80",FALSE,80,499,0
"nonstat_r80",FALSE,80,500,0
"nonstat_r80",FALSE,80,501,0.316926524505842
"nonstat_r80",FALSE,80,502,0.102103395449465
"nonstat_r80",FALSE,80,503,0.16116417202462
"nonstat_r80",FALSE,80,504,0.300774859487799
"nonstat_r80",FALSE,80,505,0.469370692044134
"nonstat_r80",FALSE,80,506,0.697848665771255
"nonstat_r80",FALSE,80,507,0.476270970537364
"nonstat_r80",FALSE,80,508,0.258999382797486
"nonstat_r80",FALSE,80,509,0.188570044048248
"nonstat_r80",FALSE,80,510,0.231671154583155
"nonstat_r80",FALSE,80,511,0.342227704484495
"nonstat_r80",FALSE,80,512,0.535475996518322
"nonstat_r80",FALSE,80,513,0.810667082615979
"nonstat_r80",FALSE,80,514,0.89084140439132
"nonstat_r80",FALSE,80,515,0
"nonstat_r80",FALSE,80,516,0
"nonstat_r80",FALSE,80,517,0
"nonstat_r80",FALSE,80,518,0
"nonstat_r80",FALSE,80,519,0
"nonstat_r80",FALSE,80,520,0.970314590319209
"nonstat_r80",FALSE,80,521,0.962017917110058
"nonstat_r80",FALSE,80,522,0.9664462996981
"nonstat_r80",FALSE,80,523,0.978674584277117
"nonstat_r80",FALSE,80,524,0.975788407261041
"nonstat_r80",FALSE,80,525,0.957195817538001
"nonstat_r80",FALSE,80,526,0.91959172168729
"nonstat_r80",FALSE,80,527,0.812097026801614
"nonstat_r80",FALSE,80,528,0.638409207191513
"nonstat_r80",FALSE,80,529,0.58564225885239
"nonstat_r80",FALSE,80,530,0.578146370374866
"nonstat_r80",FALSE,80,531,0.51175185814977
"nonstat_r80",FALSE,80,532,0.726640718784121
"nonstat_r80",FALSE,80,533,0.930090416465639
"nonstat_r80",FALSE,80,534,0
"nonstat_r80",FALSE,80,535,0
"nonstat_r80",FALSE,80,536,0
"nonstat_r80",FALSE,80,537,0.978673240330353
"nonstat_r80",FALSE,80,538,0.990588318379802
"nonstat_r80",FALSE,80,539,0.98321286838684
"nonstat_r80",FALSE,80,540,0.946258955225058
"nonstat_r80",FALSE,80,541,0.787928259323469
"nonstat_r80",FALSE,80,542,0.671545471915769
"nonstat_r80",FALSE,80,543,0.845892532423389
"nonstat_r80",FALSE,80,544,0.954305988194378
"nonstat_r80",FALSE,80,545,0.966552989632395
"nonstat_r80",FALSE,80,546,0.96082841514429
"nonstat_r80",FALSE,80,547,0.97024449512636
"nonstat_r80",FALSE,80,548,0
"nonstat_r80",FALSE,80,549,0
"nonstat_r80",FALSE,80,550,0
"nonstat_r80",FALSE,80,551,0.230211533402625
"nonstat_r80",FALSE,80,552,0.101172435246619
"nonstat_r80",FALSE,80,553,0.196146813274054
"nonstat_r80",FALSE,80,554,0.395051521906474
"nonstat_r80",FALSE,80,555,0.526114869715547
"nonstat_r80",FALSE,80,556,0.579218291746851
"nonstat_r80",FALSE,80,557,0.422724138024885
"nonstat_r80",FALSE,80,558,0.247507350627252
"nonstat_r80",FALSE,80,559,0.142037197785489
"nonstat_r80",FALSE,80,560,0.0966662620485195
"nonstat_r80",FALSE,80,561,0.138455384321214
"nonstat_r80",FALSE,80,562,0.287366263681669
"nonstat_r80",FALSE,80,563,0.557356203374994
"nonstat_r80",FALSE,80,564,0.732541436614464
"nonstat_r80",FALSE,80,565,0
"nonstat_r80",FALSE,80,566,0
"nonstat_r80",FALSE,80,567,0
"nonstat_r80",FALSE,80,568,0
"nonstat_r80",FALSE,80,569,0
"nonstat_r80",FALSE,80,570,0.982146393007159
"nonstat_r80",FALSE,80,571,0.987088731537585
"nonstat_r80",FALSE,80,572,0.992869681027656
"nonstat_r80",FALSE,80,573,0.996065615865727
"nonstat_r80",FALSE,80,574,0.99636563536495
"nonstat_r80",FALSE,80,575,0.997422878141421
"nonstat_r80",FALSE,80,576,0.994313937373695
"nonstat_r80",FALSE,80,577,0.96247257139278
"nonstat_r80",FALSE,80,578,0.893362665999743
"nonstat_r80",FALSE,80,579,0.829695259622251
"nonstat_r80",FALSE,80,580,0.812476457233117
"nonstat_r80",FALSE,80,581,0.852869480282798
"nonstat_r80",FALSE,80,582,0.862482511116142
"nonstat_r80",FALSE,80,583,0.934260812806937
"nonstat_r80",FALSE,80,584,0
"nonstat_r80",FALSE,80,585,0
"nonstat_r80",FALSE,80,586,0
"nonstat_r80",FALSE,80,587,0.983121902772191
"nonstat_r80",FALSE,80,588,0.98268813309761
"nonstat_r80",FALSE,80,589,0.986842150903686
"nonstat_r80",FALSE,80,590,0.970652700754369
"nonstat_r80",FALSE,80,591,0.922821517593868
"nonstat_r80",FALSE,80,592,0.865648384860623
"nonstat_r80",FALSE,80,593,0.914808950139857
"nonstat_r80",FALSE,80,594,0.936421376676693
"nonstat_r80",FALSE,80,595,0.933572569542745
"nonstat_r80",FALSE,80,596,0.971032515010465
"nonstat_r80",FALSE,80,597,0.982299963421149
"nonstat_r80",FALSE,80,598,0
"nonstat_r80",FALSE,80,599,0
"nonstat_r80",FALSE,80,600,0
"nonstat_r80",FALSE,80,601,0.3221284996996
"nonstat_r80",FALSE,80,602,0.143965338443614
"nonstat_r80",FALSE,80,603,0.273336448990571
"nonstat_r80",FALSE,80,604,0.634004105493201
"nonstat_r80",FALSE,80,605,0.611512242278418
"nonstat_r80",FALSE,80,606,0.60577477196407
"nonstat_r80",FALSE,80,607,0.362303073589102
"nonstat_r80",FALSE,80,608,0.195957240848889
"nonstat_r80",FALSE,80,609,0.112148461099519
"nonstat_r80",FALSE,80,610,0.0861946350152165
"nonstat_r80",FALSE,80,611,0.0778782334761739
"nonstat_r80",FALSE,80,612,0.131320403525091
"nonstat_r80",FALSE,80,613,0.342262193160818
"nonstat_r80",FALSE,80,614,0.504531613606952
"nonstat_r80",FALSE,80,615,0
"nonstat_r80",FALSE,80,616,0
"nonstat_r80",FALSE,80,617,0
"nonstat_r80",FALSE,80,618,0.91066578589686
"nonstat_r80",FALSE,80,619,0.943741471030883
"nonstat_r80",FALSE,80,620,0.979696044700027
"nonstat_r80",FALSE,80,621,0.989347826256284
"nonstat_r80",FALSE,80,622,0.995608197764115
"nonstat_r80",FALSE,80,623,0.998428206365672
"nonstat_r80",FALSE,80,624,0.998855061553552
"nonstat_r80",FALSE,80,625,0.999373623653147
"nonstat_r80",FALSE,80,626,0.998814168245664
"nonstat_r80",FALSE,80,627,0.99248041255999
"nonstat_r80",FALSE,80,628,0.952659316429255
"nonstat_r80",FALSE,80,629,0.914527103952039
"nonstat_r80",FALSE,80,630,0.930596042799863
"nonstat_r80",FALSE,80,631,0.964374498899739
"nonstat_r80",FALSE,80,632,0.968149520036014
"nonstat_r80",FALSE,80,633,0.953177174357368
"nonstat_r80",FALSE,80,634,0
"nonstat_r80",FALSE,80,635,0
"nonstat_r80",FALSE,80,636,0
"nonstat_r80",FALSE,80,637,0.956070316056725
"nonstat_r80",FALSE,80,638,0.953585729655201
"nonstat_r80",FALSE,80,639,0.973072323538349
"nonstat_r80",FALSE,80,640,0.977304811387088
"nonstat_r80",FALSE,80,641,0.946781627196089
"nonstat_r80",FALSE,80,642,0.931650471664935
"nonstat_r80",FALSE,80,643,0.952445280214973
"nonstat_r80",FALSE,80,644,0.96684119848791
"nonstat_r80",FALSE,80,645,0.982522875101403
"nonstat_r80",FALSE,80,646,0.989954181689381
"nonstat_r80",FALSE,80,647,0.992253896252474
"nonstat_r80",FALSE,80,648,0
"nonstat_r80",FALSE,80,649,0
"nonstat_r80",FALSE,80,650,0
"nonstat_r80",FALSE,80,651,0.601632613779784
"nonstat_r80",FALSE,80,652,0.55230937539015
"nonstat_r80",FALSE,80,653,0.695171947218527
"nonstat_r80",FALSE,80,654,0.743952785450379
"nonstat_r80",FALSE,80,655,0.617949230875136
"nonstat_r80",FALSE,80,656,0.568946714230556
"nonstat_r80",FALSE,80,657,0.294974357447176
"nonstat_r80",FALSE,80,658,0.138420067051334
"nonstat_r80",FALSE,80,659,0.0977546287701675
"nonstat_r80",FALSE,80,660,0.0750027110378752
"nonstat_r80",FALSE,80,661,0.050694313357895
"nonstat_r80",FALSE,80,662,0.0611059537942948
"nonstat_r80",FALSE,80,663,0.165624872010047
"nonstat_r80",FALSE,80,664,0
"nonstat_r80",FALSE,80,665,0
"nonstat_r80",FALSE,80,666,0
"nonstat_r80",FALSE,80,667,0
"nonstat_r80",FALSE,80,668,0.933993557488843
"nonstat_r80",FALSE,80,669,0.955577473509196
"nonstat_r80",FALSE,80,670,0.966757069433489
"nonstat_r80",FALSE,80,671,0.984471441522099
"nonstat_r80",FALSE,80,672,0.995699346516036
"nonstat_r80",FALSE,80,673,0.998933391879133
"nonstat_r80",FALSE,80,674,0.999365106559718
"nonstat_r80",FALSE,80,675,0.999482921274463
"nonstat_r80",FALSE,80,676,0.999554162568122
"nonstat_r80",FALSE,80,677,0.998509833542824
"nonstat_r80",FALSE,80,678,0.98873405759362
"nonstat_r80",FALSE,80,679,0.973400201905146
"nonstat_r80",FALSE,80,680,0.974494752225448
"nonstat_r80",FALSE,80,681,0.977691240740111
"nonstat_r80",FALSE,80,682,0.984678029849641
"nonstat_r80",FALSE,80,683,0
"nonstat_r80",FALSE,80,684,0
"nonstat_r80",FALSE,80,685,0
"nonstat_r80",FALSE,80,686,0
"nonstat_r80",FALSE,80,687,0.883302822007237
"nonstat_r80",FALSE,80,688,0.873583661988919
"nonstat_r80",FALSE,80,689,0.943340188873766
"nonstat_r80",FALSE,80,690,0.956073414743157
"nonstat_r80",FALSE,80,691,0.916873654004483
"nonstat_r80",FALSE,80,692,0.943818399127817
"nonstat_r80",FALSE,80,693,0.959706342213203
"nonstat_r80",FALSE,80,694,0.988434213503369
"nonstat_r80",FALSE,80,695,0.997437371036544
"nonstat_r80",FALSE,80,696,0.996932650199726
"nonstat_r80",FALSE,80,697,0.995635008055361
"nonstat_r80",FALSE,80,698,0
"nonstat_r80",FALSE,80,699,0
"nonstat_r80",FALSE,80,700,0
"nonstat_r80",FALSE,80,701,0.805128388529448
"nonstat_r80",FALSE,80,702,0.80154696529492
"nonstat_r80",FALSE,80,703,0.826369716708616
"nonstat_r80",FALSE,80,704,0.764969949997287
"nonstat_r80",FALSE,80,705,0.540695012099413
"nonstat_r80",FALSE,80,706,0.540512040343157
"nonstat_r80",FALSE,80,707,0.32410213882129
"nonstat_r80",FALSE,80,708,0.111383481254479
"nonstat_r80",FALSE,80,709,0.0816494446953803
"nonstat_r80",FALSE,80,710,0.0432570577546818
"nonstat_r80",FALSE,80,711,0.0273654511406842
"nonstat_r80",FALSE,80,712,0.0383374884805808
"nonstat_r80",FALSE,80,713,0.0842624996557392
"nonstat_r80",FALSE,80,714,0
"nonstat_r80",FALSE,80,715,0
"nonstat_r80",FALSE,80,716,0
"nonstat_r80",FALSE,80,717,0
"nonstat_r80",FALSE,80,718,0.897992436305378
"nonstat_r80",FALSE,80,719,0.92470943853905
"nonstat_r80",FALSE,80,720,0.920459006521133
"nonstat_r80",FALSE,80,721,0.978338356002805
"nonstat_r80",FALSE,80,722,0.997080915458651
"nonstat_r80",FALSE,80,723,0.998972731755373
"nonstat_r80",FALSE,80,724,0.999066094639222
"nonstat_r80",FALSE,80,725,0.998620391587797
"nonstat_r80",FALSE,80,726,0.999133823318973
"nonstat_r80",FALSE,80,727,0.99915441598341
"nonstat_r80",FALSE,80,728,0.996457278926772
"nonstat_r80",FALSE,80,729,0.992414659893699
"nonstat_r80",FALSE,80,730,0
"nonstat_r80",FALSE,80,731,0
"nonstat_r80",FALSE,80,732,0
"nonstat_r80",FALSE,80,733,0
"nonstat_r80",FALSE,80,734,0
"nonstat_r80",FALSE,80,735,0
"nonstat_r80",FALSE,80,736,0
"nonstat_r80",FALSE,80,737,0.773957628920498
"nonstat_r80",FALSE,80,738,0.744610687575817
"nonstat_r80",FALSE,80,739,0.848472400916276
"nonstat_r80",FALSE,80,740,0.867700374466473
"nonstat_r80",FALSE,80,741,0.855348850181845
"nonstat_r80",FALSE,80,742,0.896390420368528
"nonstat_r80",FALSE,80,743,0.957293778672176
"nonstat_r80",FALSE,80,744,0.990352646425966
"nonstat_r80",FALSE,80,745,0.997218117853543
"nonstat_r80",FALSE,80,746,0.997396649613577
"nonstat_r80",FALSE,80,747,0.995957558472758
"nonstat_r80",FALSE,80,748,0
"nonstat_r80",FALSE,80,749,0
"nonstat_r80",FALSE,80,750,0
"nonstat_r80",FALSE,80,751,0.848908458770874
"nonstat_r80",FALSE,80,752,0.850527958971976
"nonstat_r80",FALSE,80,753,0.864987609245813
"nonstat_r80",FALSE,80,754,0.798299339972076
"nonstat_r80",FALSE,80,755,0.603528997606887
"nonstat_r80",FALSE,80,756,0.597683129092509
"nonstat_r80",FALSE,80,757,0.651153229050366
"nonstat_r80",FALSE,80,758,0.353978010116045
"nonstat_r80",FALSE,80,759,0.21299867596398
"nonstat_r80",FALSE,80,760,0.0492649471194153
"nonstat_r80",FALSE,80,761,0.0275813445122575
"nonstat_r80",FALSE,80,762,0.0521366022343713
"nonstat_r80",FALSE,80,763,0
"nonstat_r80",FALSE,80,764,0
"nonstat_r80",FALSE,80,765,0
"nonstat_r80",FALSE,80,766,0
"nonstat_r80",FALSE,80,767,0
"nonstat_r80",FALSE,80,768,0
"nonstat_r80",FALSE,80,769,0.821814002742983
"nonstat_r80",FALSE,80,770,0.874550855842136
"nonstat_r80",FALSE,80,771,0.981567693520218
"nonstat_r80",FALSE,80,772,0.996666359323002
"nonstat_r80",FALSE,80,773,0.998569456675974
"nonstat_r80",FALSE,80,774,0.998016694604931
"nonstat_r80",FALSE,80,775,0.996461023567322
"nonstat_r80",FALSE,80,776,0.998423657839647
"nonstat_r80",FALSE,80,777,0.99883118309047
"nonstat_r80",FALSE,80,778,0
"nonstat_r80",FALSE,80,779,0
"nonstat_r80",FALSE,80,780,0
"nonstat_r80",FALSE,80,781,0
"nonstat_r80",FALSE,80,782,0
"nonstat_r80",FALSE,80,783,0
"nonstat_r80",FALSE,80,784,0
"nonstat_r80",FALSE,80,785,0
"nonstat_r80",FALSE,80,786,0
"nonstat_r80",FALSE,80,787,0.878605680498626
"nonstat_r80",FALSE,80,788,0.800112157055142
"nonstat_r80",FALSE,80,789,0.769189826814279
"nonstat_r80",FALSE,80,790,0.749160836461046
"nonstat_r80",FALSE,80,791,0.834127439243292
"nonstat_r80",FALSE,80,792,0.80705908581646
"nonstat_r80",FALSE,80,793,0.855443468761034
"nonstat_r80",FALSE,80,794,0.956317932909433
"nonstat_r80",FALSE,80,795,0.990850604728123
"nonstat_r80",FALSE,80,796,0
"nonstat_r80",FALSE,80,797,0
"nonstat_r80",FALSE,80,798,0
"nonstat_r80",FALSE,80,799,0
"nonstat_r80",FALSE,80,800,0
"nonstat_r80",FALSE,80,801,0.810769116033958
"nonstat_r80",FALSE,80,802,0.820632147371908
"nonstat_r80",FALSE,80,803,0.902092349646891
"nonstat_r80",FALSE,80,804,0.79937105932084
"nonstat_r80",FALSE,80,805,0.629761437147923
"nonstat_r80",FALSE,80,806,0.711946602882557
"nonstat_r80",FALSE,80,807,0.831712915428742
"nonstat_r80",FALSE,80,808,0.709251803772449
"nonstat_r80",FALSE,80,809,0.394579097609055
"nonstat_r80",FALSE,80,810,0.198245355923401
"nonstat_r80",FALSE,80,811,0.129362493151679
"nonstat_r80",FALSE,80,812,0
"nonstat_r80",FALSE,80,813,0
"nonstat_r80",FALSE,80,814,0
"nonstat_r80",FALSE,80,815,0
"nonstat_r80",FALSE,80,816,0
"nonstat_r80",FALSE,80,817,0
"nonstat_r80",FALSE,80,818,0
"nonstat_r80",FALSE,80,819,0.76307367757049
"nonstat_r80",FALSE,80,820,0.860044053262656
"nonstat_r80",FALSE,80,821,0.981536673450922
"nonstat_r80",FALSE,80,822,0.995849680022017
"nonstat_r80",FALSE,80,823,0.997180508921928
"nonstat_r80",FALSE,80,824,0.997417895425746
"nonstat_r80",FALSE,80,825,0.996513531837612
"nonstat_r80",FALSE,80,826,0.997547437857148
"nonstat_r80",FALSE,80,827,0
"nonstat_r80",FALSE,80,828,0
"nonstat_r80",FALSE,80,829,0
"nonstat_r80",FALSE,80,830,0
"nonstat_r80",FALSE,80,831,0
"nonstat_r80",FALSE,80,832,0
"nonstat_r80",FALSE,80,833,0
"nonstat_r80",FALSE,80,834,0
"nonstat_r80",FALSE,80,835,0
"nonstat_r80",FALSE,80,836,0
"nonstat_r80",FALSE,80,837,0
"nonstat_r80",FALSE,80,838,0.793483208455821
"nonstat_r80",FALSE,80,839,0.56675742505731
"nonstat_r80",FALSE,80,840,0.606844638867449
"nonstat_r80",FALSE,80,841,0.645767568166494
"nonstat_r80",FALSE,80,842,0.639297135104358
"nonstat_r80",FALSE,80,843,0.622631229728608
"nonstat_r80",FALSE,80,844,0.830287692130734
"nonstat_r80",FALSE,80,845,0
"nonstat_r80",FALSE,80,846,0
"nonstat_r80",FALSE,80,847,0
"nonstat_r80",FALSE,80,848,0
"nonstat_r80",FALSE,80,849,0
"nonstat_r80",FALSE,80,850,0
"nonstat_r80",FALSE,80,851,0.81111962609781
"nonstat_r80",FALSE,80,852,0.780687193654912
"nonstat_r80",FALSE,80,853,0.874642992553289
"nonstat_r80",FALSE,80,854,0.85601404308377
"nonstat_r80",FALSE,80,855,0.767612127581622
"nonstat_r80",FALSE,80,856,0.785357773179344
"nonstat_r80",FALSE,80,857,0.837360741785397
"nonstat_r80",FALSE,80,858,0.790415637488756
"nonstat_r80",FALSE,80,859,0.501863873740356
"nonstat_r80",FALSE,80,860,0.390852840123947
"nonstat_r80",FALSE,80,861,0.342903374244693
"nonstat_r80",FALSE,80,862,0
"nonstat_r80",FALSE,80,863,0
"nonstat_r80",FALSE,80,864,0
"nonstat_r80",FALSE,80,865,0
"nonstat_r80",FALSE,80,866,0
"nonstat_r80",FALSE,80,867,0
"nonstat_r80",FALSE,80,868,0
"nonstat_r80",FALSE,80,869,0.625585232792351
"nonstat_r80",FALSE,80,870,0.862412085191484
"nonstat_r80",FALSE,80,871,0.982278784835185
"nonstat_r80",FALSE,80,872,0.996264561983508
"nonstat_r80",FALSE,80,873,0.998129156247629
"nonstat_r80",FALSE,80,874,0.998452431531968
"nonstat_r80",FALSE,80,875,0.997641755628935
"nonstat_r80",FALSE,80,876,0
"nonstat_r80",FALSE,80,877,0
"nonstat_r80",FALSE,80,878,0
"nonstat_r80",FALSE,80,879,0
"nonstat_r80",FALSE,80,880,0
"nonstat_r80",FALSE,80,881,0
"nonstat_r80",FALSE,80,882,0
"nonstat_r80",FALSE,80,883,0
"nonstat_r80",FALSE,80,884,0
"nonstat_r80",FALSE,80,885,0
"nonstat_r80",FALSE,80,886,0
"nonstat_r80",FALSE,80,887,0
"nonstat_r80",FALSE,80,888,0
"nonstat_r80",FALSE,80,889,0.362231187770028
"nonstat_r80",FALSE,80,890,0.29578462021438
"nonstat_r80",FALSE,80,891,0.405856398468907
"nonstat_r80",FALSE,80,892,0.487748086740062
"nonstat_r80",FALSE,80,893,0.481677728633825
"nonstat_r80",FALSE,80,894,0.721437025210499
"nonstat_r80",FALSE,80,895,0
"nonstat_r80",FALSE,80,896,0
"nonstat_r80",FALSE,80,897,0
"nonstat_r80",FALSE,80,898,0
"nonstat_r80",FALSE,80,899,0
"nonstat_r80",FALSE,80,900,0
"nonstat_r80",FALSE,80,901,0.82067196720843
"nonstat_r80",FALSE,80,902,0.669752234020793
"nonstat_r80",FALSE,80,903,0.682785444167458
"nonstat_r80",FALSE,80,904,0.708805285066829
"nonstat_r80",FALSE,80,905,0.723871527173862
"nonstat_r80",FALSE,80,906,0.739930866091152
"nonstat_r80",FALSE,80,907,0.714720940648559
"nonstat_r80",FALSE,80,908,0.669678595112018
"nonstat_r80",FALSE,80,909,0.412321331249027
"nonstat_r80",FALSE,80,910,0.392892058394257
"nonstat_r80",FALSE,80,911,0.446336692906067
"nonstat_r80",FALSE,80,912,0
"nonstat_r80",FALSE,80,913,0
"nonstat_r80",FALSE,80,914,0
"nonstat_r80",FALSE,80,915,0
"nonstat_r80",FALSE,80,916,0
"nonstat_r80",FALSE,80,917,0
"nonstat_r80",FALSE,80,918,0
"nonstat_r80",FALSE,80,919,0.356660062454042
"nonstat_r80",FALSE,80,920,0.753074694278347
"nonstat_r80",FALSE,80,921,0
"nonstat_r80",FALSE,80,922,0
"nonstat_r80",FALSE,80,923,0.998222119577641
"nonstat_r80",FALSE,80,924,0
"nonstat_r80",FALSE,80,925,0
"nonstat_r80",FALSE,80,926,0
"nonstat_r80",FALSE,80,927,0
"nonstat_r80",FALSE,80,928,0
"nonstat_r80",FALSE,80,929,0
"nonstat_r80",FALSE,80,930,0
"nonstat_r80",FALSE,80,931,0
"nonstat_r80",FALSE,80,932,0
"nonstat_r80",FALSE,80,933,0
"nonstat_r80",FALSE,80,934,0
"nonstat_r80",FALSE,80,935,0
"nonstat_r80",FALSE,80,936,0
"nonstat_r80",FALSE,80,937,0
"nonstat_r80",FALSE,80,938,0
"nonstat_r80",FALSE,80,939,0
"nonstat_r80",FALSE,80,940,0.275281402431513
"nonstat_r80",FALSE,80,941,0.290079108310025
"nonstat_r80",FALSE,80,942,0.336725702299354
"nonstat_r80",FALSE,80,943,0.370862799007099
"nonstat_r80",FALSE,80,944,0.510116693797779
"nonstat_r80",FALSE,80,945,0
"nonstat_r80",FALSE,80,946,0
"nonstat_r80",FALSE,80,947,0
"nonstat_r80",FALSE,80,948,0
"nonstat_r80",FALSE,80,949,0
"nonstat_r80",FALSE,80,950,0
"nonstat_r80",FALSE,80,951,0.508135108904548
"nonstat_r80",FALSE,80,952,0.301680354008615
"nonstat_r80",FALSE,80,953,0.307466464552994
"nonstat_r80",FALSE,80,954,0.347720892921897
"nonstat_r80",FALSE,80,955,0.348601513541224
"nonstat_r80",FALSE,80,956,0.338389121109505
"nonstat_r80",FALSE,80,957,0.369433915611501
"nonstat_r80",FALSE,80,958,0.272668238879312
"nonstat_r80",FALSE,80,959,0.192530840190157
"nonstat_r80",FALSE,80,960,0.221201481443736
"nonstat_r80",FALSE,80,961,0.384420744494447
"nonstat_r80",FALSE,80,962,0
"nonstat_r80",FALSE,80,963,0
"nonstat_r80",FALSE,80,964,0
"nonstat_r80",FALSE,80,965,0
"nonstat_r80",FALSE,80,966,0
"nonstat_r80",FALSE,80,967,0
"nonstat_r80",FALSE,80,968,0
"nonstat_r80",FALSE,80,969,0
"nonstat_r80",FALSE,80,970,0
"nonstat_r80",FALSE,80,971,0
"nonstat_r80",FALSE,80,972,0
"nonstat_r80",FALSE,80,973,0
"nonstat_r80",FALSE,80,974,0
"nonstat_r80",FALSE,80,975,0
"nonstat_r80",FALSE,80,976,0
"nonstat_r80",FALSE,80,977,0
"nonstat_r80",FALSE,80,978,0
"nonstat_r80",FALSE,80,979,0
"nonstat_r80",FALSE,80,980,0
"nonstat_r80",FALSE,80,981,0
"nonstat_r80",FALSE,80,982,0
"nonstat_r80",FALSE,80,983,0
"nonstat_r80",FALSE,80,984,0
"nonstat_r80",FALSE,80,985,0
"nonstat_r80",FALSE,80,986,0
"nonstat_r80",FALSE,80,987,0
"nonstat_r80",FALSE,80,988,0
"nonstat_r80",FALSE,80,989,0
"nonstat_r80",FALSE,80,990,0.433175995596457
"nonstat_r80",FALSE,80,991,0.23347976877414
"nonstat_r80",FALSE,80,992,0.183103006908651
"nonstat_r80",FALSE,80,993,0.199397595279644
"nonstat_r80",FALSE,80,994,0.360892059328869
"nonstat_r80",FALSE,80,995,0
"nonstat_r80",FALSE,80,996,0
"nonstat_r80",FALSE,80,997,0
"nonstat_r80",FALSE,80,998,0
"nonstat_r80",FALSE,80,999,0
"nonstat_r80",FALSE,80,1000,0
"nonstat_r80",FALSE,80,1001,0.198290503594307
"nonstat_r80",FALSE,80,1002,0.158086885424421
"nonstat_r80",FALSE,80,1003,0.135544803543719
"nonstat_r80",FALSE,80,1004,0.130455112279198
"nonstat_r80",FALSE,80,1005,0.0972827244572537
"nonstat_r80",FALSE,80,1006,0.0745968953935794
"nonstat_r80",FALSE,80,1007,0.0853920952698832
"nonstat_r80",FALSE,80,1008,0.135342915440399
"nonstat_r80",FALSE,80,1009,0.155297311793578
"nonstat_r80",FALSE,80,1010,0.141661974730789
"nonstat_r80",FALSE,80,1011,0.219665180998978
"nonstat_r80",FALSE,80,1012,0.272542293558631
"nonstat_r80",FALSE,80,1013,0
"nonstat_r80",FALSE,80,1014,0
"nonstat_r80",FALSE,80,1015,0
"nonstat_r80",FALSE,80,1016,0
"nonstat_r80",FALSE,80,1017,0
"nonstat_r80",FALSE,80,1018,0
"nonstat_r80",FALSE,80,1019,0
"nonstat_r80",FALSE,80,1020,0
"nonstat_r80",FALSE,80,1021,0
"nonstat_r80",FALSE,80,1022,0
"nonstat_r80",FALSE,80,1023,0
"nonstat_r80",FALSE,80,1024,0
"nonstat_r80",FALSE,80,1025,0
"nonstat_r80",FALSE,80,1026,0
"nonstat_r80",FALSE,80,1027,0
"nonstat_r80",FALSE,80,1028,0
"nonstat_r80",FALSE,80,1029,0
"nonstat_r80",FALSE,80,1030,0
"nonstat_r80",FALSE,80,1031,0
"nonstat_r80",FALSE,80,1032,0
"nonstat_r80",FALSE,80,1033,0
"nonstat_r80",FALSE,80,1034,0
"nonstat_r80",FALSE,80,1035,0
"nonstat_r80",FALSE,80,1036,0
"nonstat_r80",FALSE,80,1037,0
"nonstat_r80",FALSE,80,1038,0
"nonstat_r80",FALSE,80,1039,0.44252535530629
"nonstat_r80",FALSE,80,1040,0.387633058006444
"nonstat_r80",FALSE,80,1041,0
"nonstat_r80",FALSE,80,1042,0.16157252141078
"nonstat_r80",FALSE,80,1043,0.193108363403407
"nonstat_r80",FALSE,80,1044,0.232177333288138
"nonstat_r80",FALSE,80,1045,0.361431745712039
"nonstat_r80",FALSE,80,1046,0
"nonstat_r80",FALSE,80,1047,0
"nonstat_r80",FALSE,80,1048,0
"nonstat_r80",FALSE,80,1049,0
"nonstat_r80",FALSE,80,1050,0
"nonstat_r80",FALSE,80,1051,0.0370093431222533
"nonstat_r80",FALSE,80,1052,0.0465174712748905
"nonstat_r80",FALSE,80,1053,0.0912007526393505
"nonstat_r80",FALSE,80,1054,0.085907709746283
"nonstat_r80",FALSE,80,1055,0.0436067727464443
"nonstat_r80",FALSE,80,1056,0.0205858191308008
"nonstat_r80",FALSE,80,1057,0.0169456116421183
"nonstat_r80",FALSE,80,1058,0.0701505920766999
"nonstat_r80",FALSE,80,1059,0.169221467197208
"nonstat_r80",FALSE,80,1060,0.158936012198704
"nonstat_r80",FALSE,80,1061,0.160258139799269
"nonstat_r80",FALSE,80,1062,0.143767387771177
"nonstat_r80",FALSE,80,1063,0.173111753880051
"nonstat_r80",FALSE,80,1064,0.276415829712957
"nonstat_r80",FALSE,80,1065,0.314376323875138
"nonstat_r80",FALSE,80,1066,0.224061945039246
"nonstat_r80",FALSE,80,1067,0.0752512544649843
"nonstat_r80",FALSE,80,1068,0
"nonstat_r80",FALSE,80,1069,0
"nonstat_r80",FALSE,80,1070,0
"nonstat_r80",FALSE,80,1071,0
"nonstat_r80",FALSE,80,1072,0
"nonstat_r80",FALSE,80,1073,0
"nonstat_r80",FALSE,80,1074,0
"nonstat_r80",FALSE,80,1075,0
"nonstat_r80",FALSE,80,1076,0
"nonstat_r80",FALSE,80,1077,0
"nonstat_r80",FALSE,80,1078,0
"nonstat_r80",FALSE,80,1079,0
"nonstat_r80",FALSE,80,1080,0
"nonstat_r80",FALSE,80,1081,0
"nonstat_r80",FALSE,80,1082,0
"nonstat_r80",FALSE,80,1083,0
"nonstat_r80",FALSE,80,1084,0
"nonstat_r80",FALSE,80,1085,0
"nonstat_r80",FALSE,80,1086,0
"nonstat_r80",FALSE,80,1087,0.660683830574679
"nonstat_r80",FALSE,80,1088,0.469531648032137
"nonstat_r80",FALSE,80,1089,0.271497785180389
"nonstat_r80",FALSE,80,1090,0.281516725908058
"nonstat_r80",FALSE,80,1091,0.289603267143822
"nonstat_r80",FALSE,80,1092,0.224772519412439
"nonstat_r80",FALSE,80,1093,0.184775827623181
"nonstat_r80",FALSE,80,1094,0.13529482747055
"nonstat_r80",FALSE,80,1095,0.208524559203093
"nonstat_r80",FALSE,80,1096,0
"nonstat_r80",FALSE,80,1097,0
"nonstat_r80",FALSE,80,1098,0
"nonstat_r80",FALSE,80,1099,0
"nonstat_r80",FALSE,80,1100,0
"nonstat_r80",FALSE,80,1101,0.034812705054956
"nonstat_r80",FALSE,80,1102,0.0543500709293154
"nonstat_r80",FALSE,80,1103,0.102387798859402
"nonstat_r80",FALSE,80,1104,0.107694790460279
"nonstat_r80",FALSE,80,1105,0.0422312497621958
"nonstat_r80",FALSE,80,1106,0.0181164959228556
"nonstat_r80",FALSE,80,1107,0.0131126457986826
"nonstat_r80",FALSE,80,1108,0.0526276310653891
"nonstat_r80",FALSE,80,1109,0.114842701331909
"nonstat_r80",FALSE,80,1110,0.130707012789028
"nonstat_r80",FALSE,80,1111,0.123110863667645
"nonstat_r80",FALSE,80,1112,0.07463994802977
"nonstat_r80",FALSE,80,1113,0.171241371250778
"nonstat_r80",FALSE,80,1114,0.340823384437416
"nonstat_r80",FALSE,80,1115,0.298392866972108
"nonstat_r80",FALSE,80,1116,0.209101540319158
"nonstat_r80",FALSE,80,1117,0.134966750443577
"nonstat_r80",FALSE,80,1118,0
"nonstat_r80",FALSE,80,1119,0
"nonstat_r80",FALSE,80,1120,0
"nonstat_r80",FALSE,80,1121,0
"nonstat_r80",FALSE,80,1122,0
"nonstat_r80",FALSE,80,1123,0
"nonstat_r80",FALSE,80,1124,0
"nonstat_r80",FALSE,80,1125,0
"nonstat_r80",FALSE,80,1126,0
"nonstat_r80",FALSE,80,1127,0
"nonstat_r80",FALSE,80,1128,0
"nonstat_r80",FALSE,80,1129,0
"nonstat_r80",FALSE,80,1130,0
"nonstat_r80",FALSE,80,1131,0
"nonstat_r80",FALSE,80,1132,0
"nonstat_r80",FALSE,80,1133,0
"nonstat_r80",FALSE,80,1134,0
"nonstat_r80",FALSE,80,1135,0.778998785918526
"nonstat_r80",FALSE,80,1136,0.633100962172558
"nonstat_r80",FALSE,80,1137,0.536229120897958
"nonstat_r80",FALSE,80,1138,0.306381215545442
"nonstat_r80",FALSE,80,1139,0.230628527166785
"nonstat_r80",FALSE,80,1140,0.329170335989637
"nonstat_r80",FALSE,80,1141,0
"nonstat_r80",FALSE,80,1142,0
"nonstat_r80",FALSE,80,1143,0.250177245229673
"nonstat_r80",FALSE,80,1144,0.193497510752356
"nonstat_r80",FALSE,80,1145,0.15908104439773
"nonstat_r80",FALSE,80,1146,0.174073599772907
"nonstat_r80",FALSE,80,1147,0
"nonstat_r80",FALSE,80,1148,0
"nonstat_r80",FALSE,80,1149,0
"nonstat_r80",FALSE,80,1150,0
"nonstat_r80",FALSE,80,1151,0.172685794934804
"nonstat_r80",FALSE,80,1152,0.206281920127406
"nonstat_r80",FALSE,80,1153,0.107379782031937
"nonstat_r80",FALSE,80,1154,0.137837704667732
"nonstat_r80",FALSE,80,1155,0.101178102297516
"nonstat_r80",FALSE,80,1156,0.0401379219464062
"nonstat_r80",FALSE,80,1157,0.0332301511342418
"nonstat_r80",FALSE,80,1158,0.0404001300410993
"nonstat_r80",FALSE,80,1159,0.0427355932679636
"nonstat_r80",FALSE,80,1160,0.063814599162038
"nonstat_r80",FALSE,80,1161,0.111399679320715
"nonstat_r80",FALSE,80,1162,0.139775521238988
"nonstat_r80",FALSE,80,1163,0.286928117541869
"nonstat_r80",FALSE,80,1164,0.399556554621311
"nonstat_r80",FALSE,80,1165,0.28296525981746
"nonstat_r80",FALSE,80,1166,0.195466260235159
"nonstat_r80",FALSE,80,1167,0.225704944961986
"nonstat_r80",FALSE,80,1168,0.401880952460134
"nonstat_r80",FALSE,80,1169,0
"nonstat_r80",FALSE,80,1170,0
"nonstat_r80",FALSE,80,1171,0
"nonstat_r80",FALSE,80,1172,0
"nonstat_r80",FALSE,80,1173,0
"nonstat_r80",FALSE,80,1174,0
"nonstat_r80",FALSE,80,1175,0
"nonstat_r80",FALSE,80,1176,0
"nonstat_r80",FALSE,80,1177,0
"nonstat_r80",FALSE,80,1178,0
"nonstat_r80",FALSE,80,1179,0
"nonstat_r80",FALSE,80,1180,0
"nonstat_r80",FALSE,80,1181,0
"nonstat_r80",FALSE,80,1182,0
"nonstat_r80",FALSE,80,1183,0
"nonstat_r80",FALSE,80,1184,0.824807047339759
"nonstat_r80",FALSE,80,1185,0.6857597508543
"nonstat_r80",FALSE,80,1186,0.495061307778342
"nonstat_r80",FALSE,80,1187,0.434571175131779
"nonstat_r80",FALSE,80,1188,0.300285248739809
"nonstat_r80",FALSE,80,1189,0.374029352116968
"nonstat_r80",FALSE,80,1190,0.4094639855859
"nonstat_r80",FALSE,80,1191,0
"nonstat_r80",FALSE,80,1192,0
"nonstat_r80",FALSE,80,1193,0.354874378552008
"nonstat_r80",FALSE,80,1194,0.255486986390766
"nonstat_r80",FALSE,80,1195,0.155705411123884
"nonstat_r80",FALSE,80,1196,0.112324631054224
"nonstat_r80",FALSE,80,1197,0.159169992053471
"nonstat_r80",FALSE,80,1198,0.400330853040132
"nonstat_r80",FALSE,80,1199,0.502031351019855
"nonstat_r80",FALSE,80,1200,0
"nonstat_r80",FALSE,80,1201,0.645966632159664
"nonstat_r80",FALSE,80,1202,0.480117497492564
"nonstat_r80",FALSE,80,1203,0.240543881818755
"nonstat_r80",FALSE,80,1204,0.219783203460625
"nonstat_r80",FALSE,80,1205,0.177352111960887
"nonstat_r80",FALSE,80,1206,0.0667079656494769
"nonstat_r80",FALSE,80,1207,0.0323108907201416
"nonstat_r80",FALSE,80,1208,0.0427263289413543
"nonstat_r80",FALSE,80,1209,0.0530573368845154
"nonstat_r80",FALSE,80,1210,0.112535151624434
"nonstat_r80",FALSE,80,1211,0.234162925735258
"nonstat_r80",FALSE,80,1212,0.270251270737462
"nonstat_r80",FALSE,80,1213,0.339824066988244
"nonstat_r80",FALSE,80,1214,0.260202798632724
"nonstat_r80",FALSE,80,1215,0.183389129601479
"nonstat_r80",FALSE,80,1216,0.266677153559063
"nonstat_r80",FALSE,80,1217,0.400754661577091
"nonstat_r80",FALSE,80,1218,0.604266242274488
"nonstat_r80",FALSE,80,1219,0.796262168206877
"nonstat_r80",FALSE,80,1220,0
"nonstat_r80",FALSE,80,1221,0
"nonstat_r80",FALSE,80,1222,0
"nonstat_r80",FALSE,80,1223,0
"nonstat_r80",FALSE,80,1224,0
"nonstat_r80",FALSE,80,1225,0
"nonstat_r80",FALSE,80,1226,0
"nonstat_r80",FALSE,80,1227,0
"nonstat_r80",FALSE,80,1228,0
"nonstat_r80",FALSE,80,1229,0
"nonstat_r80",FALSE,80,1230,0
"nonstat_r80",FALSE,80,1231,0
"nonstat_r80",FALSE,80,1232,0
"nonstat_r80",FALSE,80,1233,0.867874886131143
"nonstat_r80",FALSE,80,1234,0.77306373367514
"nonstat_r80",FALSE,80,1235,0.656391825256835
"nonstat_r80",FALSE,80,1236,0.667102660646612
"nonstat_r80",FALSE,80,1237,0.57627255814178
"nonstat_r80",FALSE,80,1238,0.469928052538246
"nonstat_r80",FALSE,80,1239,0.532194132147585
"nonstat_r80",FALSE,80,1240,0.458022775318037
"nonstat_r80",FALSE,80,1241,0.305819149483405
"nonstat_r80",FALSE,80,1242,0.346789841842549
"nonstat_r80",FALSE,80,1243,0.4568807164938
"nonstat_r80",FALSE,80,1244,0.351609405666271
"nonstat_r80",FALSE,80,1245,0.167921314779841
"nonstat_r80",FALSE,80,1246,0.119416357091295
"nonstat_r80",FALSE,80,1247,0.133791602869487
"nonstat_r80",FALSE,80,1248,0.274596359600541
"nonstat_r80",FALSE,80,1249,0.360997609264774
"nonstat_r80",FALSE,80,1250,0.423637529652729
"nonstat_r80",FALSE,80,1251,0.758838821754032
"nonstat_r80",FALSE,80,1252,0.690229471589339
"nonstat_r80",FALSE,80,1253,0.638409225026226
"nonstat_r80",FALSE,80,1254,0.547133920137814
"nonstat_r80",FALSE,80,1255,0.386905935499774
"nonstat_r80",FALSE,80,1256,0.227716289045154
"nonstat_r80",FALSE,80,1257,0.102804140838169
"nonstat_r80",FALSE,80,1258,0.137442868541542
"nonstat_r80",FALSE,80,1259,0.16785042445967
"nonstat_r80",FALSE,80,1260,0.25738159439399
"nonstat_r80",FALSE,80,1261,0.372222251923043
"nonstat_r80",FALSE,80,1262,0.302539407849525
"nonstat_r80",FALSE,80,1263,0.208397892853657
"nonstat_r80",FALSE,80,1264,0.242285338921585
"nonstat_r80",FALSE,80,1265,0.255377586645581
"nonstat_r80",FALSE,80,1266,0.384118835391
"nonstat_r80",FALSE,80,1267,0.570908072238115
"nonstat_r80",FALSE,80,1268,0.656369554749787
"nonstat_r80",FALSE,80,1269,0.759181155558681
"nonstat_r80",FALSE,80,1270,0
"nonstat_r80",FALSE,80,1271,0
"nonstat_r80",FALSE,80,1272,0
"nonstat_r80",FALSE,80,1273,0
"nonstat_r80",FALSE,80,1274,0
"nonstat_r80",FALSE,80,1275,0
"nonstat_r80",FALSE,80,1276,0
"nonstat_r80",FALSE,80,1277,0
"nonstat_r80",FALSE,80,1278,0
"nonstat_r80",FALSE,80,1279,0
"nonstat_r80",FALSE,80,1280,0
"nonstat_r80",FALSE,80,1281,0
"nonstat_r80",FALSE,80,1282,0
"nonstat_r80",FALSE,80,1283,0
"nonstat_r80",FALSE,80,1284,0
"nonstat_r80",FALSE,80,1285,0.641017519339054
"nonstat_r80",FALSE,80,1286,0.714821199404005
"nonstat_r80",FALSE,80,1287,0
"nonstat_r80",FALSE,80,1288,0.542909549798457
"nonstat_r80",FALSE,80,1289,0.462719270624678
"nonstat_r80",FALSE,80,1290,0.380094729917673
"nonstat_r80",FALSE,80,1291,0.184258109278635
"nonstat_r80",FALSE,80,1292,0.253485005622689
"nonstat_r80",FALSE,80,1293,0.539826513521836
"nonstat_r80",FALSE,80,1294,0.63400704111865
"nonstat_r80",FALSE,80,1295,0.32982742651358
"nonstat_r80",FALSE,80,1296,0.200337447702784
"nonstat_r80",FALSE,80,1297,0.152889074942682
"nonstat_r80",FALSE,80,1298,0.130648157241797
"nonstat_r80",FALSE,80,1299,0.182464332161799
"nonstat_r80",FALSE,80,1300,0.268437156866963
"nonstat_r80",FALSE,80,1301,0.841579289277645
"nonstat_r80",FALSE,80,1302,0.887876657106807
"nonstat_r80",FALSE,80,1303,0.852046748789135
"nonstat_r80",FALSE,80,1304,0.82982075480873
"nonstat_r80",FALSE,80,1305,0.686198305114712
"nonstat_r80",FALSE,80,1306,0.493805929239009
"nonstat_r80",FALSE,80,1307,0.37463146389193
"nonstat_r80",FALSE,80,1308,0.464002544258991
"nonstat_r80",FALSE,80,1309,0.56634140706824
"nonstat_r80",FALSE,80,1310,0.568776978836497
"nonstat_r80",FALSE,80,1311,0.618170721328701
"nonstat_r80",FALSE,80,1312,0.403909077880955
"nonstat_r80",FALSE,80,1313,0.238008660294446
"nonstat_r80",FALSE,80,1314,0.307868703725271
"nonstat_r80",FALSE,80,1315,0.414211559102261
"nonstat_r80",FALSE,80,1316,0.557947306135135
"nonstat_r80",FALSE,80,1317,0.749654530613931
"nonstat_r80",FALSE,80,1318,0.674595522123101
"nonstat_r80",FALSE,80,1319,0
"nonstat_r80",FALSE,80,1320,0
"nonstat_r80",FALSE,80,1321,0
"nonstat_r80",FALSE,80,1322,0
"nonstat_r80",FALSE,80,1323,0
"nonstat_r80",FALSE,80,1324,0
"nonstat_r80",FALSE,80,1325,0
"nonstat_r80",FALSE,80,1326,0
"nonstat_r80",FALSE,80,1327,0
"nonstat_r80",FALSE,80,1328,0
"nonstat_r80",FALSE,80,1329,0
"nonstat_r80",FALSE,80,1330,0
"nonstat_r80",FALSE,80,1331,0
"nonstat_r80",FALSE,80,1332,0
"nonstat_r80",FALSE,80,1333,0
"nonstat_r80",FALSE,80,1334,0
"nonstat_r80",FALSE,80,1335,0
"nonstat_r80",FALSE,80,1336,0
"nonstat_r80",FALSE,80,1337,0.419597914486655
"nonstat_r80",FALSE,80,1338,0.393768526068004
"nonstat_r80",FALSE,80,1339,0.232364653835212
"nonstat_r80",FALSE,80,1340,0.168910381462728
"nonstat_r80",FALSE,80,1341,0.117351647501859
"nonstat_r80",FALSE,80,1342,0.192082463070688
"nonstat_r80",FALSE,80,1343,0.465741744202046
"nonstat_r80",FALSE,80,1344,0.70743238754602
"nonstat_r80",FALSE,80,1345,0.417177957661434
"nonstat_r80",FALSE,80,1346,0.246043211116089
"nonstat_r80",FALSE,80,1347,0.111366894888192
"nonstat_r80",FALSE,80,1348,0.0737859961565186
"nonstat_r80",FALSE,80,1349,0.124744196588736
"nonstat_r80",FALSE,80,1350,0.157022975652965
"nonstat_r80",FALSE,80,1351,0.917164388474106
"nonstat_r80",FALSE,80,1352,0.955920686298277
"nonstat_r80",FALSE,80,1353,0.928265412476819
"nonstat_r80",FALSE,80,1354,0.894998946113512
"nonstat_r80",FALSE,80,1355,0.80646937202094
"nonstat_r80",FALSE,80,1356,0.443016832916286
"nonstat_r80",FALSE,80,1357,0.472040067408385
"nonstat_r80",FALSE,80,1358,0.677745611846299
"nonstat_r80",FALSE,80,1359,0.849387751521967
"nonstat_r80",FALSE,80,1360,0.837267333774005
"nonstat_r80",FALSE,80,1361,0.620617833794515
"nonstat_r80",FALSE,80,1362,0.198738828536906
"nonstat_r80",FALSE,80,1363,0.217866897208349
"nonstat_r80",FALSE,80,1364,0.451495539690126
"nonstat_r80",FALSE,80,1365,0.643383525773708
"nonstat_r80",FALSE,80,1366,0.733353807155625
"nonstat_r80",FALSE,80,1367,0.808414763611149
"nonstat_r80",FALSE,80,1368,0.65329515961681
"nonstat_r80",FALSE,80,1369,0
"nonstat_r80",FALSE,80,1370,0
"nonstat_r80",FALSE,80,1371,0
"nonstat_r80",FALSE,80,1372,0
"nonstat_r80",FALSE,80,1373,0
"nonstat_r80",FALSE,80,1374,0
"nonstat_r80",FALSE,80,1375,0
"nonstat_r80",FALSE,80,1376,0
"nonstat_r80",FALSE,80,1377,0
"nonstat_r80",FALSE,80,1378,0
"nonstat_r80",FALSE,80,1379,0
"nonstat_r80",FALSE,80,1380,0
"nonstat_r80",FALSE,80,1381,0
"nonstat_r80",FALSE,80,1382,0
"nonstat_r80",FALSE,80,1383,0
"nonstat_r80",FALSE,80,1384,0
"nonstat_r80",FALSE,80,1385,0
"nonstat_r80",FALSE,80,1386,0.233641795801577
"nonstat_r80",FALSE,80,1387,0.109072254627222
"nonstat_r80",FALSE,80,1388,0.0644637781353991
"nonstat_r80",FALSE,80,1389,0.0382424480014065
"nonstat_r80",FALSE,80,1390,0.0462497628173994
"nonstat_r80",FALSE,80,1391,0.0534625525700564
"nonstat_r80",FALSE,80,1392,0.109381778580754
"nonstat_r80",FALSE,80,1393,0.349522740393369
"nonstat_r80",FALSE,80,1394,0.524479200229516
"nonstat_r80",FALSE,80,1395,0.397145154520666
"nonstat_r80",FALSE,80,1396,0.236772383277994
"nonstat_r80",FALSE,80,1397,0.104014986705967
"nonstat_r80",FALSE,80,1398,0.136635256543371
"nonstat_r80",FALSE,80,1399,0.134972078842556
"nonstat_r80",FALSE,80,1400,0.115816981998596
"nonstat_r80",FALSE,80,1401,0.956057579961906
"nonstat_r80",FALSE,80,1402,0.965928965348386
"nonstat_r80",FALSE,80,1403,0.941461516249941
"nonstat_r80",FALSE,80,1404,0.875219659954089
"nonstat_r80",FALSE,80,1405,0.802214653671978
"nonstat_r80",FALSE,80,1406,0.558785896656732
"nonstat_r80",FALSE,80,1407,0.442852569938358
"nonstat_r80",FALSE,80,1408,0.76362742736262
"nonstat_r80",FALSE,80,1409,0.916461203652362
"nonstat_r80",FALSE,80,1410,0.817668620414132
"nonstat_r80",FALSE,80,1411,0.411545387407983
"nonstat_r80",FALSE,80,1412,0.0848432552252512
"nonstat_r80",FALSE,80,1413,0.125463893171842
"nonstat_r80",FALSE,80,1414,0.403646978141703
"nonstat_r80",FALSE,80,1415,0.664222342562046
"nonstat_r80",FALSE,80,1416,0.749701943793459
"nonstat_r80",FALSE,80,1417,0.80153831616516
"nonstat_r80",FALSE,80,1418,0
"nonstat_r80",FALSE,80,1419,0
"nonstat_r80",FALSE,80,1420,0
"nonstat_r80",FALSE,80,1421,0
"nonstat_r80",FALSE,80,1422,0
"nonstat_r80",FALSE,80,1423,0
"nonstat_r80",FALSE,80,1424,0
"nonstat_r80",FALSE,80,1425,0
"nonstat_r80",FALSE,80,1426,0
"nonstat_r80",FALSE,80,1427,0
"nonstat_r80",FALSE,80,1428,0
"nonstat_r80",FALSE,80,1429,0
"nonstat_r80",FALSE,80,1430,0
"nonstat_r80",FALSE,80,1431,0
"nonstat_r80",FALSE,80,1432,0
"nonstat_r80",FALSE,80,1433,0
"nonstat_r80",FALSE,80,1434,0
"nonstat_r80",FALSE,80,1435,0
"nonstat_r80",FALSE,80,1436,0.141754657954355
"nonstat_r80",FALSE,80,1437,0.0547575329079728
"nonstat_r80",FALSE,80,1438,0.0216316152343267
"nonstat_r80",FALSE,80,1439,0.0312069000104226
"nonstat_r80",FALSE,80,1440,0.0307111959404931
"nonstat_r80",FALSE,80,1441,0.0148752547638496
"nonstat_r80",FALSE,80,1442,0.0417929247137431
"nonstat_r80",FALSE,80,1443,0.219275850958587
"nonstat_r80",FALSE,80,1444,0.237758810829429
"nonstat_r80",FALSE,80,1445,0.163074561361511
"nonstat_r80",FALSE,80,1446,0.177193347213999
"nonstat_r80",FALSE,80,1447,0.223330897432469
"nonstat_r80",FALSE,80,1448,0.247771406728257
"nonstat_r80",FALSE,80,1449,0.253434011939457
"nonstat_r80",FALSE,80,1450,0.146806578308886
"nonstat_r80",FALSE,80,1451,0.968778613539325
"nonstat_r80",FALSE,80,1452,0.940477551581729
"nonstat_r80",FALSE,80,1453,0.901972519465336
"nonstat_r80",FALSE,80,1454,0.851151980001794
"nonstat_r80",FALSE,80,1455,0.729083212190891
"nonstat_r80",FALSE,80,1456,0.653968353015964
"nonstat_r80",FALSE,80,1457,0.535888019292226
"nonstat_r80",FALSE,80,1458,0.758913317600007
"nonstat_r80",FALSE,80,1459,0.870952790427833
"nonstat_r80",FALSE,80,1460,0.793454364782073
"nonstat_r80",FALSE,80,1461,0.477298139834957
"nonstat_r80",FALSE,80,1462,0.162557648453491
"nonstat_r80",FALSE,80,1463,0.216804249243155
"nonstat_r80",FALSE,80,1464,0.443749573674569
"nonstat_r80",FALSE,80,1465,0.653528360784266
"nonstat_r80",FALSE,80,1466,0.655848805392754
"nonstat_r80",FALSE,80,1467,0
"nonstat_r80",FALSE,80,1468,0
"nonstat_r80",FALSE,80,1469,0
"nonstat_r80",FALSE,80,1470,0
"nonstat_r80",FALSE,80,1471,0
"nonstat_r80",FALSE,80,1472,0
"nonstat_r80",FALSE,80,1473,0
"nonstat_r80",FALSE,80,1474,0
"nonstat_r80",FALSE,80,1475,0
"nonstat_r80",FALSE,80,1476,0
"nonstat_r80",FALSE,80,1477,0
"nonstat_r80",FALSE,80,1478,0
"nonstat_r80",FALSE,80,1479,0
"nonstat_r80",FALSE,80,1480,0
"nonstat_r80",FALSE,80,1481,0
"nonstat_r80",FALSE,80,1482,0
"nonstat_r80",FALSE,80,1483,0
"nonstat_r80",FALSE,80,1484,0
"nonstat_r80",FALSE,80,1485,0
"nonstat_r80",FALSE,80,1486,0.0838868922485254
"nonstat_r80",FALSE,80,1487,0.0605961519016286
"nonstat_r80",FALSE,80,1488,0.0459516632213013
"nonstat_r80",FALSE,80,1489,0.038708889388671
"nonstat_r80",FALSE,80,1490,0.023328259368537
"nonstat_r80",FALSE,80,1491,0.0223115475312364
"nonstat_r80",FALSE,80,1492,0.0387897594178335
"nonstat_r80",FALSE,80,1493,0.133118668965231
"nonstat_r80",FALSE,80,1494,0.137253747592712
"nonstat_r80",FALSE,80,1495,0.0800892493218561
"nonstat_r80",FALSE,80,1496,0.167651585451663
"nonstat_r80",FALSE,80,1497,0.361718041350001
"nonstat_r80",FALSE,80,1498,0.350361658056264
"nonstat_r80",FALSE,80,1499,0.390239220311954
"nonstat_r80",FALSE,80,1500,0.219106178995616
"nonstat_r80",FALSE,80,1501,0.978549870648152
"nonstat_r80",FALSE,80,1502,0.923763698004618
"nonstat_r80",FALSE,80,1503,0.891532683766955
"nonstat_r80",FALSE,80,1504,0.824261801967355
"nonstat_r80",FALSE,80,1505,0.713944372683909
"nonstat_r80",FALSE,80,1506,0.753358389231998
"nonstat_r80",FALSE,80,1507,0.710627622201853
"nonstat_r80",FALSE,80,1508,0.81519598432626
"nonstat_r80",FALSE,80,1509,0.801085160931372
"nonstat_r80",FALSE,80,1510,0.734972514426151
"nonstat_r80",FALSE,80,1511,0.588530888816439
"nonstat_r80",FALSE,80,1512,0.43071243812301
"nonstat_r80",FALSE,80,1513,0.529469281529754
"nonstat_r80",FALSE,80,1514,0.644352749725361
"nonstat_r80",FALSE,80,1515,0.728169516036752
"nonstat_r80",FALSE,80,1516,0.797748531748654
"nonstat_r80",FALSE,80,1517,0
"nonstat_r80",FALSE,80,1518,0
"nonstat_r80",FALSE,80,1519,0
"nonstat_r80",FALSE,80,1520,0
"nonstat_r80",FALSE,80,1521,0
"nonstat_r80",FALSE,80,1522,0
"nonstat_r80",FALSE,80,1523,0
"nonstat_r80",FALSE,80,1524,0
"nonstat_r80",FALSE,80,1525,0
"nonstat_r80",FALSE,80,1526,0
"nonstat_r80",FALSE,80,1527,0
"nonstat_r80",FALSE,80,1528,0
"nonstat_r80",FALSE,80,1529,0
"nonstat_r80",FALSE,80,1530,0
"nonstat_r80",FALSE,80,1531,0
"nonstat_r80",FALSE,80,1532,0
"nonstat_r80",FALSE,80,1533,0
"nonstat_r80",FALSE,80,1534,0
"nonstat_r80",FALSE,80,1535,0.0244633042511854
"nonstat_r80",FALSE,80,1536,0.053000653551187
"nonstat_r80",FALSE,80,1537,0.0556777280241441
"nonstat_r80",FALSE,80,1538,0.0806784484164283
"nonstat_r80",FALSE,80,1539,0.0688850269817469
"nonstat_r80",FALSE,80,1540,0.0478757365193866
"nonstat_r80",FALSE,80,1541,0.037606667235902
"nonstat_r80",FALSE,80,1542,0.0627207715605021
"nonstat_r80",FALSE,80,1543,0.193333578576076
"nonstat_r80",FALSE,80,1544,0.200341855818323
"nonstat_r80",FALSE,80,1545,0.145749269018846
"nonstat_r80",FALSE,80,1546,0.24131603260742
"nonstat_r80",FALSE,80,1547,0.412362486767771
"nonstat_r80",FALSE,80,1548,0.44029717720851
"nonstat_r80",FALSE,80,1549,0.330109053513704
"nonstat_r80",FALSE,80,1550,0.201189874490421
"nonstat_r80",FALSE,80,1551,0.978746322812507
"nonstat_r80",FALSE,80,1552,0.959917496325951
"nonstat_r80",FALSE,80,1553,0.931375111889803
"nonstat_r80",FALSE,80,1554,0.862629658933204
"nonstat_r80",FALSE,80,1555,0.843653449609023
"nonstat_r80",FALSE,80,1556,0.881479673425401
"nonstat_r80",FALSE,80,1557,0.895573523782888
"nonstat_r80",FALSE,80,1558,0.888864150567627
"nonstat_r80",FALSE,80,1559,0.832794615866407
"nonstat_r80",FALSE,80,1560,0.714405893820945
"nonstat_r80",FALSE,80,1561,0.727786126955835
"nonstat_r80",FALSE,80,1562,0.829307019174844
"nonstat_r80",FALSE,80,1563,0.839660681832605
"nonstat_r80",FALSE,80,1564,0.788733626591591
"nonstat_r80",FALSE,80,1565,0.829862293992245
"nonstat_r80",FALSE,80,1566,0.921880677847076
"nonstat_r80",FALSE,80,1567,0
"nonstat_r80",FALSE,80,1568,0
"nonstat_r80",FALSE,80,1569,0
"nonstat_r80",FALSE,80,1570,0
"nonstat_r80",FALSE,80,1571,0
"nonstat_r80",FALSE,80,1572,0
"nonstat_r80",FALSE,80,1573,0
"nonstat_r80",FALSE,80,1574,0
"nonstat_r80",FALSE,80,1575,0
"nonstat_r80",FALSE,80,1576,0
"nonstat_r80",FALSE,80,1577,0
"nonstat_r80",FALSE,80,1578,0
"nonstat_r80",FALSE,80,1579,0
"nonstat_r80",FALSE,80,1580,0
"nonstat_r80",FALSE,80,1581,0
"nonstat_r80",FALSE,80,1582,0
"nonstat_r80",FALSE,80,1583,0
"nonstat_r80",FALSE,80,1584,0.0150104746853325
"nonstat_r80",FALSE,80,1585,0.0134114424799992
"nonstat_r80",FALSE,80,1586,0.0216314915197826
"nonstat_r80",FALSE,80,1587,0.0440074940963599
"nonstat_r80",FALSE,80,1588,0.0922488472086574
"nonstat_r80",FALSE,80,1589,0.209295304530865
"nonstat_r80",FALSE,80,1590,0.297371335847077
"nonstat_r80",FALSE,80,1591,0.197845945646829
"nonstat_r80",FALSE,80,1592,0.182559467896729
"nonstat_r80",FALSE,80,1593,0.210034203425737
"nonstat_r80",FALSE,80,1594,0.212299687937493
"nonstat_r80",FALSE,80,1595,0.188955682734251
"nonstat_r80",FALSE,80,1596,0.301476989871437
"nonstat_r80",FALSE,80,1597,0.457594564292563
"nonstat_r80",FALSE,80,1598,0.466946807408669
"nonstat_r80",FALSE,80,1599,0.306331166015502
"nonstat_r80",FALSE,80,1600,0.237515012744491
"nonstat_r80",FALSE,80,1601,0.980307109978526
"nonstat_r80",FALSE,80,1602,0.974871450793022
"nonstat_r80",FALSE,80,1603,0.966119354819063
"nonstat_r80",FALSE,80,1604,0.917909677439729
"nonstat_r80",FALSE,80,1605,0.920403239034226
"nonstat_r80",FALSE,80,1606,0.952159261989803
"nonstat_r80",FALSE,80,1607,0.941552908168586
"nonstat_r80",FALSE,80,1608,0.91434050600871
"nonstat_r80",FALSE,80,1609,0.829621280929469
"nonstat_r80",FALSE,80,1610,0.77731381554075
"nonstat_r80",FALSE,80,1611,0.845577934840581
"nonstat_r80",FALSE,80,1612,0.95702277166315
"nonstat_r80",FALSE,80,1613,0.940604788051442
"nonstat_r80",FALSE,80,1614,0.8567478513984
"nonstat_r80",FALSE,80,1615,0.916616767984081
"nonstat_r80",FALSE,80,1616,0.967660186193039
"nonstat_r80",FALSE,80,1617,0.942292408201648
"nonstat_r80",FALSE,80,1618,0
"nonstat_r80",FALSE,80,1619,0
"nonstat_r80",FALSE,80,1620,0
"nonstat_r80",FALSE,80,1621,0
"nonstat_r80",FALSE,80,1622,0
"nonstat_r80",FALSE,80,1623,0
"nonstat_r80",FALSE,80,1624,0
"nonstat_r80",FALSE,80,1625,0
"nonstat_r80",FALSE,80,1626,0
"nonstat_r80",FALSE,80,1627,0
"nonstat_r80",FALSE,80,1628,0
"nonstat_r80",FALSE,80,1629,0
"nonstat_r80",FALSE,80,1630,0
"nonstat_r80",FALSE,80,1631,0
"nonstat_r80",FALSE,80,1632,0
"nonstat_r80",FALSE,80,1633,0.00638119168957476
"nonstat_r80",FALSE,80,1634,0.00631081080694841
"nonstat_r80",FALSE,80,1635,0.0105555636588234
"nonstat_r80",FALSE,80,1636,0.0188425614231204
"nonstat_r80",FALSE,80,1637,0.0355485901160626
"nonstat_r80",FALSE,80,1638,0.111600214513666
"nonstat_r80",FALSE,80,1639,0.246190398920962
"nonstat_r80",FALSE,80,1640,0.362327002664116
"nonstat_r80",FALSE,80,1641,0.317417220648346
"nonstat_r80",FALSE,80,1642,0.412886847609956
"nonstat_r80",FALSE,80,1643,0.373067278677499
"nonstat_r80",FALSE,80,1644,0.349190385418451
"nonstat_r80",FALSE,80,1645,0.280285819011871
"nonstat_r80",FALSE,80,1646,0.279752851877894
"nonstat_r80",FALSE,80,1647,0.310043805541353
"nonstat_r80",FALSE,80,1648,0.335688641890603
"nonstat_r80",FALSE,80,1649,0.250601490363667
"nonstat_r80",FALSE,80,1650,0.187273781552029
"nonstat_r80",FALSE,80,1651,0.978180598579261
"nonstat_r80",FALSE,80,1652,0.984165331673184
"nonstat_r80",FALSE,80,1653,0.967040186475067
"nonstat_r80",FALSE,80,1654,0.933136509684211
"nonstat_r80",FALSE,80,1655,0.929163860912587
"nonstat_r80",FALSE,80,1656,0.963863602864041
"nonstat_r80",FALSE,80,1657,0.951778082422989
"nonstat_r80",FALSE,80,1658,0.936612958378205
"nonstat_r80",FALSE,80,1659,0.81208664865082
"nonstat_r80",FALSE,80,1660,0.767684754036772
"nonstat_r80",FALSE,80,1661,0.793171264468797
"nonstat_r80",FALSE,80,1662,0.823702125534106
"nonstat_r80",FALSE,80,1663,0.867550346367891
"nonstat_r80",FALSE,80,1664,0.851566510915789
"nonstat_r80",FALSE,80,1665,0.950206536712434
"nonstat_r80",FALSE,80,1666,0.966713496172491
"nonstat_r80",FALSE,80,1667,0.878729845785598
"nonstat_r80",FALSE,80,1668,0
"nonstat_r80",FALSE,80,1669,0
"nonstat_r80",FALSE,80,1670,0
"nonstat_r80",FALSE,80,1671,0
"nonstat_r80",FALSE,80,1672,0
"nonstat_r80",FALSE,80,1673,0
"nonstat_r80",FALSE,80,1674,0
"nonstat_r80",FALSE,80,1675,0
"nonstat_r80",FALSE,80,1676,0
"nonstat_r80",FALSE,80,1677,0
"nonstat_r80",FALSE,80,1678,0
"nonstat_r80",FALSE,80,1679,0
"nonstat_r80",FALSE,80,1680,0
"nonstat_r80",FALSE,80,1681,0
"nonstat_r80",FALSE,80,1682,0
"nonstat_r80",FALSE,80,1683,0.00437251314516649
"nonstat_r80",FALSE,80,1684,0.00543313140284072
"nonstat_r80",FALSE,80,1685,0.00796758934366259
"nonstat_r80",FALSE,80,1686,0.00777316053929227
"nonstat_r80",FALSE,80,1687,0.0126713792528147
"nonstat_r80",FALSE,80,1688,0.0861455691626997
"nonstat_r80",FALSE,80,1689,0.154464788797736
"nonstat_r80",FALSE,80,1690,0.259162016085087
"nonstat_r80",FALSE,80,1691,0.35414046027874
"nonstat_r80",FALSE,80,1692,0.421711742436083
"nonstat_r80",FALSE,80,1693,0.474163349480561
"nonstat_r80",FALSE,80,1694,0.478393232673407
"nonstat_r80",FALSE,80,1695,0.317794551873686
"nonstat_r80",FALSE,80,1696,0.231594319440697
"nonstat_r80",FALSE,80,1697,0.252240091502459
"nonstat_r80",FALSE,80,1698,0.238043584346642
"nonstat_r80",FALSE,80,1699,0.191138063582326
"nonstat_r80",FALSE,80,1700,0
"nonstat_r80",FALSE,80,1701,0.987619959698298
"nonstat_r80",FALSE,80,1702,0.988808948361162
"nonstat_r80",FALSE,80,1703,0.970181310382595
"nonstat_r80",FALSE,80,1704,0.937602341616656
"nonstat_r80",FALSE,80,1705,0.918972315065076
"nonstat_r80",FALSE,80,1706,0.931462756343886
"nonstat_r80",FALSE,80,1707,0.914049662929968
"nonstat_r80",FALSE,80,1708,0.908707130155486
"nonstat_r80",FALSE,80,1709,0.803897887762878
"nonstat_r80",FALSE,80,1710,0.762995509586156
"nonstat_r80",FALSE,80,1711,0.598113679457347
"nonstat_r80",FALSE,80,1712,0.530200493690232
"nonstat_r80",FALSE,80,1713,0.580459623900039
"nonstat_r80",FALSE,80,1714,0.653262808619762
"nonstat_r80",FALSE,80,1715,0.890087939459203
"nonstat_r80",FALSE,80,1716,0.899053243330044
"nonstat_r80",FALSE,80,1717,0.713144043476651
"nonstat_r80",FALSE,80,1718,0.600131301659626
"nonstat_r80",FALSE,80,1719,0
"nonstat_r80",FALSE,80,1720,0
"nonstat_r80",FALSE,80,1721,0
"nonstat_r80",FALSE,80,1722,0
"nonstat_r80",FALSE,80,1723,0
"nonstat_r80",FALSE,80,1724,0
"nonstat_r80",FALSE,80,1725,0
"nonstat_r80",FALSE,80,1726,0
"nonstat_r80",FALSE,80,1727,0
"nonstat_r80",FALSE,80,1728,0
"nonstat_r80",FALSE,80,1729,0
"nonstat_r80",FALSE,80,1730,0
"nonstat_r80",FALSE,80,1731,0
"nonstat_r80",FALSE,80,1732,0
"nonstat_r80",FALSE,80,1733,0.00374914884652701
"nonstat_r80",FALSE,80,1734,0
"nonstat_r80",FALSE,80,1735,0.00185630735279612
"nonstat_r80",FALSE,80,1736,0.00231783637740872
"nonstat_r80",FALSE,80,1737,0.00719619028315314
"nonstat_r80",FALSE,80,1738,0.0341665898316652
"nonstat_r80",FALSE,80,1739,0.075348284913955
"nonstat_r80",FALSE,80,1740,0.186286239463999
"nonstat_r80",FALSE,80,1741,0.21948609258492
"nonstat_r80",FALSE,80,1742,0.172324225171576
"nonstat_r80",FALSE,80,1743,0.271516074779538
"nonstat_r80",FALSE,80,1744,0.256660216322513
"nonstat_r80",FALSE,80,1745,0.233658709874111
"nonstat_r80",FALSE,80,1746,0.115112377400928
"nonstat_r80",FALSE,80,1747,0.0698606098554659
"nonstat_r80",FALSE,80,1748,0
"nonstat_r80",FALSE,80,1749,0
"nonstat_r80",FALSE,80,1750,0
"nonstat_r80",FALSE,80,1751,0.984385974942913
"nonstat_r80",FALSE,80,1752,0.986537636597076
"nonstat_r80",FALSE,80,1753,0.939805599008152
"nonstat_r80",FALSE,80,1754,0.845933990295633
"nonstat_r80",FALSE,80,1755,0.776485288103904
"nonstat_r80",FALSE,80,1756,0.783901215370112
"nonstat_r80",FALSE,80,1757,0.771646352872465
"nonstat_r80",FALSE,80,1758,0.767405966336387
"nonstat_r80",FALSE,80,1759,0.727381308092652
"nonstat_r80",FALSE,80,1760,0.773607014323641
"nonstat_r80",FALSE,80,1761,0.482395347680653
"nonstat_r80",FALSE,80,1762,0.305932215683869
"nonstat_r80",FALSE,80,1763,0.348925790651716
"nonstat_r80",FALSE,80,1764,0.427489942563571
"nonstat_r80",FALSE,80,1765,0.637592611452208
"nonstat_r80",FALSE,80,1766,0.672559499685762
"nonstat_r80",FALSE,80,1767,0.490843611933295
"nonstat_r80",FALSE,80,1768,0.488913115472685
"nonstat_r80",FALSE,80,1769,0.686285689452635
"nonstat_r80",FALSE,80,1770,0
"nonstat_r80",FALSE,80,1771,0
"nonstat_r80",FALSE,80,1772,0
"nonstat_r80",FALSE,80,1773,0
"nonstat_r80",FALSE,80,1774,0
"nonstat_r80",FALSE,80,1775,0
"nonstat_r80",FALSE,80,1776,0
"nonstat_r80",FALSE,80,1777,0
"nonstat_r80",FALSE,80,1778,0
"nonstat_r80",FALSE,80,1779,0
"nonstat_r80",FALSE,80,1780,0
"nonstat_r80",FALSE,80,1781,0
"nonstat_r80",FALSE,80,1782,0
"nonstat_r80",FALSE,80,1783,0.004545534316344
"nonstat_r80",FALSE,80,1784,0.00177815250145086
"nonstat_r80",FALSE,80,1785,0.0011114540154293
"nonstat_r80",FALSE,80,1786,0.000939822113513524
"nonstat_r80",FALSE,80,1787,0.00211999432180969
"nonstat_r80",FALSE,80,1788,0.00618942650660744
"nonstat_r80",FALSE,80,1789,0.0191195876344474
"nonstat_r80",FALSE,80,1790,0.0564657234352647
"nonstat_r80",FALSE,80,1791,0.0716253369046104
"nonstat_r80",FALSE,80,1792,0.0583710106089859
"nonstat_r80",FALSE,80,1793,0.0761464051805674
"nonstat_r80",FALSE,80,1794,0.09099437908395
"nonstat_r80",FALSE,80,1795,0.0789172519959769
"nonstat_r80",FALSE,80,1796,0.055603775195077
"nonstat_r80",FALSE,80,1797,0.0306440573674109
"nonstat_r80",FALSE,80,1798,0
"nonstat_r80",FALSE,80,1799,0
"nonstat_r80",FALSE,80,1800,0.0271797126937465
"nonstat_r80",FALSE,80,1801,0.969110795765643
"nonstat_r80",FALSE,80,1802,0.943632685835071
"nonstat_r80",FALSE,80,1803,0.885200681970758
"nonstat_r80",FALSE,80,1804,0.677345448740096
"nonstat_r80",FALSE,80,1805,0.514848633790953
"nonstat_r80",FALSE,80,1806,0.404231766224097
"nonstat_r80",FALSE,80,1807,0.442840787895048
"nonstat_r80",FALSE,80,1808,0.489869751324077
"nonstat_r80",FALSE,80,1809,0.52691408665884
"nonstat_r80",FALSE,80,1810,0.584308244881227
"nonstat_r80",FALSE,80,1811,0.44141506092987
"nonstat_r80",FALSE,80,1812,0.36254069075628
"nonstat_r80",FALSE,80,1813,0.509882314549186
"nonstat_r80",FALSE,80,1814,0.500431307130358
"nonstat_r80",FALSE,80,1815,0.528802766381099
"nonstat_r80",FALSE,80,1816,0.450507574924638
"nonstat_r80",FALSE,80,1817,0.313732356834222
"nonstat_r80",FALSE,80,1818,0.561555880115015
"nonstat_r80",FALSE,80,1819,0.735756730401097
"nonstat_r80",FALSE,80,1820,0
"nonstat_r80",FALSE,80,1821,0
"nonstat_r80",FALSE,80,1822,0
"nonstat_r80",FALSE,80,1823,0
"nonstat_r80",FALSE,80,1824,0
"nonstat_r80",FALSE,80,1825,0
"nonstat_r80",FALSE,80,1826,0
"nonstat_r80",FALSE,80,1827,0
"nonstat_r80",FALSE,80,1828,0
"nonstat_r80",FALSE,80,1829,0
"nonstat_r80",FALSE,80,1830,0
"nonstat_r80",FALSE,80,1831,0
"nonstat_r80",FALSE,80,1832,0
"nonstat_r80",FALSE,80,1833,0.00350811824174716
"nonstat_r80",FALSE,80,1834,0.00242812671212664
"nonstat_r80",FALSE,80,1835,0.000467843299693057
"nonstat_r80",FALSE,80,1836,0.00054815874142082
"nonstat_r80",FALSE,80,1837,0.00114968263830184
"nonstat_r80",FALSE,80,1838,0.00208824662530056
"nonstat_r80",FALSE,80,1839,0.00642204040679613
"nonstat_r80",FALSE,80,1840,0.0305938937915506
"nonstat_r80",FALSE,80,1841,0.0501411448861051
"nonstat_r80",FALSE,80,1842,0.0731118908866197
"nonstat_r80",FALSE,80,1843,0.0679133377509496
"nonstat_r80",FALSE,80,1844,0.0440945168177278
"nonstat_r80",FALSE,80,1845,0.0241071838338969
"nonstat_r80",FALSE,80,1846,0.0190015961917301
"nonstat_r80",FALSE,80,1847,0.0283183821555348
"nonstat_r80",FALSE,80,1848,0.0495695386736302
"nonstat_r80",FALSE,80,1849,0.0718754205434273
"nonstat_r80",FALSE,80,1850,0.044836989192383
"nonstat_r80",FALSE,80,1851,0.97229614672431
"nonstat_r80",FALSE,80,1852,0.951474159412686
"nonstat_r80",FALSE,80,1853,0.894549093636983
"nonstat_r80",FALSE,80,1854,0.748075267207941
"nonstat_r80",FALSE,80,1855,0.614877869036271
"nonstat_r80",FALSE,80,1856,0.327298872176819
"nonstat_r80",FALSE,80,1857,0.292920334646681
"nonstat_r80",FALSE,80,1858,0.378259210185573
"nonstat_r80",FALSE,80,1859,0.432145131652985
"nonstat_r80",FALSE,80,1860,0.504721002633528
"nonstat_r80",FALSE,80,1861,0.458623726985759
"nonstat_r80",FALSE,80,1862,0.512502325973259
"nonstat_r80",FALSE,80,1863,0.688408033975231
"nonstat_r80",FALSE,80,1864,0.742340450965721
"nonstat_r80",FALSE,80,1865,0.65789472912302
"nonstat_r80",FALSE,80,1866,0.445249434013657
"nonstat_r80",FALSE,80,1867,0.400465624531878
"nonstat_r80",FALSE,80,1868,0.665982788789136
"nonstat_r80",FALSE,80,1869,0.851028354654923
"nonstat_r80",FALSE,80,1870,0
"nonstat_r80",FALSE,80,1871,0
"nonstat_r80",FALSE,80,1872,0
"nonstat_r80",FALSE,80,1873,0
"nonstat_r80",FALSE,80,1874,0
"nonstat_r80",FALSE,80,1875,0
"nonstat_r80",FALSE,80,1876,0
"nonstat_r80",FALSE,80,1877,0
"nonstat_r80",FALSE,80,1878,0
"nonstat_r80",FALSE,80,1879,0
"nonstat_r80",FALSE,80,1880,0
"nonstat_r80",FALSE,80,1881,0
"nonstat_r80",FALSE,80,1882,0.00184622966873291
"nonstat_r80",FALSE,80,1883,0.00238305171743702
"nonstat_r80",FALSE,80,1884,0.0022352114030671
"nonstat_r80",FALSE,80,1885,0.0007094955688259
"nonstat_r80",FALSE,80,1886,0.00059586605196628
"nonstat_r80",FALSE,80,1887,0.00102127451334899
"nonstat_r80",FALSE,80,1888,0.00095024899641252
"nonstat_r80",FALSE,80,1889,0.0023898905616033
"nonstat_r80",FALSE,80,1890,0.0161531706652774
"nonstat_r80",FALSE,80,1891,0.0301647844418646
"nonstat_r80",FALSE,80,1892,0.0424691425741166
"nonstat_r80",FALSE,80,1893,0.0356927282578952
"nonstat_r80",FALSE,80,1894,0.0235741799564794
"nonstat_r80",FALSE,80,1895,0.0170652865074286
"nonstat_r80",FALSE,80,1896,0.0146211296474756
"nonstat_r80",FALSE,80,1897,0.0469923745015249
"nonstat_r80",FALSE,80,1898,0.124879620595624
"nonstat_r80",FALSE,80,1899,0.129194912505635
"nonstat_r80",FALSE,80,1900,0.135436261138631
"nonstat_r80",FALSE,80,1901,0.958098854732464
"nonstat_r80",FALSE,80,1902,0.94614936172466
"nonstat_r80",FALSE,80,1903,0.920399491813377
"nonstat_r80",FALSE,80,1904,0.851020303698821
"nonstat_r80",FALSE,80,1905,0.735248050052705
"nonstat_r80",FALSE,80,1906,0.502664840689568
"nonstat_r80",FALSE,80,1907,0.368351093749221
"nonstat_r80",FALSE,80,1908,0.348590367305265
"nonstat_r80",FALSE,80,1909,0.502711059874391
"nonstat_r80",FALSE,80,1910,0.662661078949802
"nonstat_r80",FALSE,80,1911,0.712256002576076
"nonstat_r80",FALSE,80,1912,0.643597720309401
"nonstat_r80",FALSE,80,1913,0.753909143382192
"nonstat_r80",FALSE,80,1914,0.762207303450791
"nonstat_r80",FALSE,80,1915,0.735643217437187
"nonstat_r80",FALSE,80,1916,0.585803736640106
"nonstat_r80",FALSE,80,1917,0.56949600087905
"nonstat_r80",FALSE,80,1918,0.75347621315186
"nonstat_r80",FALSE,80,1919,0.853674578018993
"nonstat_r80",FALSE,80,1920,0.791623257803664
"nonstat_r80",FALSE,80,1921,0
"nonstat_r80",FALSE,80,1922,0
"nonstat_r80",FALSE,80,1923,0
"nonstat_r80",FALSE,80,1924,0
"nonstat_r80",FALSE,80,1925,0
"nonstat_r80",FALSE,80,1926,0
"nonstat_r80",FALSE,80,1927,0
"nonstat_r80",FALSE,80,1928,0
"nonstat_r80",FALSE,80,1929,0
"nonstat_r80",FALSE,80,1930,0.0862876473060061
"nonstat_r80",FALSE,80,1931,0.0130879904884393
"nonstat_r80",FALSE,80,1932,0.00157532233222454
"nonstat_r80",FALSE,80,1933,0.00146053683517204
"nonstat_r80",FALSE,80,1934,0.00178139743891161
"nonstat_r80",FALSE,80,1935,0.000987254437478341
"nonstat_r80",FALSE,80,1936,0.000621112313999179
"nonstat_r80",FALSE,80,1937,0.000543425604056207
"nonstat_r80",FALSE,80,1938,0.000501089565796418
"nonstat_r80",FALSE,80,1939,0.00114589189967168
"nonstat_r80",FALSE,80,1940,0.006165982232107
"nonstat_r80",FALSE,80,1941,0.00900616771092979
"nonstat_r80",FALSE,80,1942,0.0152246380285534
"nonstat_r80",FALSE,80,1943,0.0145914063901286
"nonstat_r80",FALSE,80,1944,0.0143369817175537
"nonstat_r80",FALSE,80,1945,0.0279643501371696
"nonstat_r80",FALSE,80,1946,0.0566302931048191
"nonstat_r80",FALSE,80,1947,0.149117181123724
"nonstat_r80",FALSE,80,1948,0.220292002430892
"nonstat_r80",FALSE,80,1949,0.231871593049148
"nonstat_r80",FALSE,80,1950,0.360115646649687
"nonstat_r80",FALSE,80,1951,0.925601316976997
"nonstat_r80",FALSE,80,1952,0.930052491081154
"nonstat_r80",FALSE,80,1953,0.835100105117505
"nonstat_r80",FALSE,80,1954,0.752786633883823
"nonstat_r80",FALSE,80,1955,0.789382251479355
"nonstat_r80",FALSE,80,1956,0.745668681798841
"nonstat_r80",FALSE,80,1957,0.544315569688731
"nonstat_r80",FALSE,80,1958,0.41815897725833
"nonstat_r80",FALSE,80,1959,0.550951457376365
"nonstat_r80",FALSE,80,1960,0.823076393239024
"nonstat_r80",FALSE,80,1961,0.899987292177017
"nonstat_r80",FALSE,80,1962,0.780170622969318
"nonstat_r80",FALSE,80,1963,0.844312223144433
"nonstat_r80",FALSE,80,1964,0.820552409682952
"nonstat_r80",FALSE,80,1965,0.790559686787533
"nonstat_r80",FALSE,80,1966,0.784290605885511
"nonstat_r80",FALSE,80,1967,0.790381971246738
"nonstat_r80",FALSE,80,1968,0.846793464454041
"nonstat_r80",FALSE,80,1969,0.88055134688038
"nonstat_r80",FALSE,80,1970,0.784628624375795
"nonstat_r80",FALSE,80,1971,0
"nonstat_r80",FALSE,80,1972,0
"nonstat_r80",FALSE,80,1973,0
"nonstat_r80",FALSE,80,1974,0
"nonstat_r80",FALSE,80,1975,0
"nonstat_r80",FALSE,80,1976,0
"nonstat_r80",FALSE,80,1977,0
"nonstat_r80",FALSE,80,1978,0
"nonstat_r80",FALSE,80,1979,0.284298999765517
"nonstat_r80",FALSE,80,1980,0.0493167042630127
"nonstat_r80",FALSE,80,1981,0.0185441014391784
"nonstat_r80",FALSE,80,1982,0.00241042463403344
"nonstat_r80",FALSE,80,1983,0.000932194317532926
"nonstat_r80",FALSE,80,1984,0.00100457299144003
"nonstat_r80",FALSE,80,1985,0.000851480941621005
"nonstat_r80",FALSE,80,1986,0.000254695627172749
"nonstat_r80",FALSE,80,1987,0.000133000491334542
"nonstat_r80",FALSE,80,1988,0.000131692254720481
"nonstat_r80",FALSE,80,1989,0.00050475803172098
"nonstat_r80",FALSE,80,1990,0.00166445063924924
"nonstat_r80",FALSE,80,1991,0.00327709308381633
"nonstat_r80",FALSE,80,1992,0.00716612965539742
"nonstat_r80",FALSE,80,1993,0.0101365713615335
"nonstat_r80",FALSE,80,1994,0.0156480742233676
"nonstat_r80",FALSE,80,1995,0.0343729553712655
"nonstat_r80",FALSE,80,1996,0.07635589819304
"nonstat_r80",FALSE,80,1997,0.170942317943929
"nonstat_r80",FALSE,80,1998,0.247942135348864
"nonstat_r80",FALSE,80,1999,0.33177210824384
"nonstat_r80",FALSE,80,2000,0.48665761875742
"nonstat_r80",FALSE,80,2001,0.903320537793515
"nonstat_r80",FALSE,80,2002,0.928660331250417
"nonstat_r80",FALSE,80,2003,0.833983748244901
"nonstat_r80",FALSE,80,2004,0.837973189816343
"nonstat_r80",FALSE,80,2005,0.839421929442502
"nonstat_r80",FALSE,80,2006,0.836045080673057
"nonstat_r80",FALSE,80,2007,0.765892018427132
"nonstat_r80",FALSE,80,2008,0.604166827600712
"nonstat_r80",FALSE,80,2009,0.670511051015275
"nonstat_r80",FALSE,80,2010,0.852671576841808
"nonstat_r80",FALSE,80,2011,0.901717196447936
"nonstat_r80",FALSE,80,2012,0.871100700101322
"nonstat_r80",FALSE,80,2013,0.865206181229062
"nonstat_r80",FALSE,80,2014,0.911114461085606
"nonstat_r80",FALSE,80,2015,0.921622921707359
"nonstat_r80",FALSE,80,2016,0.882909972818865
"nonstat_r80",FALSE,80,2017,0.861227719418897
"nonstat_r80",FALSE,80,2018,0.932739568463306
"nonstat_r80",FALSE,80,2019,0.921165114027416
"nonstat_r80",FALSE,80,2020,0.861095314897903
"nonstat_r80",FALSE,80,2021,0
"nonstat_r80",FALSE,80,2022,0
"nonstat_r80",FALSE,80,2023,0
"nonstat_r80",FALSE,80,2024,0
"nonstat_r80",FALSE,80,2025,0
"nonstat_r80",FALSE,80,2026,0
"nonstat_r80",FALSE,80,2027,0
"nonstat_r80",FALSE,80,2028,0
"nonstat_r80",FALSE,80,2029,0.145163672864501
"nonstat_r80",FALSE,80,2030,0.0435496803675393
"nonstat_r80",FALSE,80,2031,0.0111745486859634
"nonstat_r80",FALSE,80,2032,0.0014543189872273
"nonstat_r80",FALSE,80,2033,0.000479409821447492
"nonstat_r80",FALSE,80,2034,0.000499494309520525
"nonstat_r80",FALSE,80,2035,0.000277600730961595
"nonstat_r80",FALSE,80,2036,7.12465212014979e-05
"nonstat_r80",FALSE,80,2037,2.99450613492167e-05
"nonstat_r80",FALSE,80,2038,0.000100367061168255
"nonstat_r80",FALSE,80,2039,0.000262001064505679
"nonstat_r80",FALSE,80,2040,0.000736825125532282
"nonstat_r80",FALSE,80,2041,0.00293115936701642
"nonstat_r80",FALSE,80,2042,0.00664209109850938
"nonstat_r80",FALSE,80,2043,0.0153659496452317
"nonstat_r80",FALSE,80,2044,0.0414736655121007
"nonstat_r80",FALSE,80,2045,0.0366225634571432
"nonstat_r80",FALSE,80,2046,0.0441056975756623
"nonstat_r80",FALSE,80,2047,0.0996423269815027
"nonstat_r80",FALSE,80,2048,0.205804549595507
"nonstat_r80",FALSE,80,2049,0.268793390077055
"nonstat_r80",FALSE,80,2050,0.273442643890282
"nonstat_r80",FALSE,80,2051,0.851385335638922
"nonstat_r80",FALSE,80,2052,0.879042649634551
"nonstat_r80",FALSE,80,2053,0.902513668428055
"nonstat_r80",FALSE,80,2054,0.888109397674249
"nonstat_r80",FALSE,80,2055,0.88848298992558
"nonstat_r80",FALSE,80,2056,0.866814147810049
"nonstat_r80",FALSE,80,2057,0.815883414811075
"nonstat_r80",FALSE,80,2058,0.743709398386099
"nonstat_r80",FALSE,80,2059,0.704515570370634
"nonstat_r80",FALSE,80,2060,0.821412327664658
"nonstat_r80",FALSE,80,2061,0.881802192398344
"nonstat_r80",FALSE,80,2062,0.890921215095919
"nonstat_r80",FALSE,80,2063,0.878129192908169
"nonstat_r80",FALSE,80,2064,0.938258154217077
"nonstat_r80",FALSE,80,2065,0.951505469957706
"nonstat_r80",FALSE,80,2066,0.953002682764805
"nonstat_r80",FALSE,80,2067,0.941184381164017
"nonstat_r80",FALSE,80,2068,0.951439957283832
"nonstat_r80",FALSE,80,2069,0.946099503969912
"nonstat_r80",FALSE,80,2070,0.883804355376093
"nonstat_r80",FALSE,80,2071,0.780879680564639
"nonstat_r80",FALSE,80,2072,0
"nonstat_r80",FALSE,80,2073,0
"nonstat_r80",FALSE,80,2074,0
"nonstat_r80",FALSE,80,2075,0
"nonstat_r80",FALSE,80,2076,0
"nonstat_r80",FALSE,80,2077,0
"nonstat_r80",FALSE,80,2078,0
"nonstat_r80",FALSE,80,2079,0.113491704232655
"nonstat_r80",FALSE,80,2080,0.031454993353038
"nonstat_r80",FALSE,80,2081,0.00690714330309758
"nonstat_r80",FALSE,80,2082,0.00127879144925976
"nonstat_r80",FALSE,80,2083,0.000639925305435203
"nonstat_r80",FALSE,80,2084,0.00041567273474729
"nonstat_r80",FALSE,80,2085,0.000122646776400772
"nonstat_r80",FALSE,80,2086,3.76854831117124e-05
"nonstat_r80",FALSE,80,2087,2.68256154870132e-05
"nonstat_r80",FALSE,80,2088,6.07990638889174e-05
"nonstat_r80",FALSE,80,2089,0.000144919613169895
"nonstat_r80",FALSE,80,2090,0.000749838012861986
"nonstat_r80",FALSE,80,2091,0.00483402837594996
"nonstat_r80",FALSE,80,2092,0.0183706932132549
"nonstat_r80",FALSE,80,2093,0.069146934760256
"nonstat_r80",FALSE,80,2094,0.112447072420701
"nonstat_r80",FALSE,80,2095,0.0648335522574188
"nonstat_r80",FALSE,80,2096,0.0747242573740103
"nonstat_r80",FALSE,80,2097,0.0718617786119998
"nonstat_r80",FALSE,80,2098,0.142125653627765
"nonstat_r80",FALSE,80,2099,0.160891197281537
"nonstat_r80",FALSE,80,2100,0.119112051327488
"nonstat_r80",FALSE,80,2101,0.716030131759733
"nonstat_r80",FALSE,80,2102,0.805688311358672
"nonstat_r80",FALSE,80,2103,0.894025029385135
"nonstat_r80",FALSE,80,2104,0.895777149790631
"nonstat_r80",FALSE,80,2105,0.837160134055098
"nonstat_r80",FALSE,80,2106,0.84868777802767
"nonstat_r80",FALSE,80,2107,0.830000687833832
"nonstat_r80",FALSE,80,2108,0.697892341465804
"nonstat_r80",FALSE,80,2109,0.617036362312132
"nonstat_r80",FALSE,80,2110,0.801138430171552
"nonstat_r80",FALSE,80,2111,0.941354956713357
"nonstat_r80",FALSE,80,2112,0.941209444927677
"nonstat_r80",FALSE,80,2113,0.936561149232615
"nonstat_r80",FALSE,80,2114,0.944138290809123
"nonstat_r80",FALSE,80,2115,0.945892505655945
"nonstat_r80",FALSE,80,2116,0.9447453297911
"nonstat_r80",FALSE,80,2117,0.912440799440416
"nonstat_r80",FALSE,80,2118,0.925228938555713
"nonstat_r80",FALSE,80,2119,0.937887384856548
"nonstat_r80",FALSE,80,2120,0.94615539757731
"nonstat_r80",FALSE,80,2121,0.905429840618513
"nonstat_r80",FALSE,80,2122,0.777794990999366
"nonstat_r80",FALSE,80,2123,0
"nonstat_r80",FALSE,80,2124,0
"nonstat_r80",FALSE,80,2125,0
"nonstat_r80",FALSE,80,2126,0
"nonstat_r80",FALSE,80,2127,0
"nonstat_r80",FALSE,80,2128,0
"nonstat_r80",FALSE,80,2129,0.156603529408437
"nonstat_r80",FALSE,80,2130,0.0364699950466698
"nonstat_r80",FALSE,80,2131,0.0100106936076376
"nonstat_r80",FALSE,80,2132,0.00303747838509696
"nonstat_r80",FALSE,80,2133,0.000693503263479365
"nonstat_r80",FALSE,80,2134,0.000302304035056028
"nonstat_r80",FALSE,80,2135,0.000229076464658975
"nonstat_r80",FALSE,80,2136,9.3196185143092e-05
"nonstat_r80",FALSE,80,2137,5.93674850699694e-05
"nonstat_r80",FALSE,80,2138,8.73178983159981e-05
"nonstat_r80",FALSE,80,2139,0.000226782109989065
"nonstat_r80",FALSE,80,2140,0.00100493246758411
"nonstat_r80",FALSE,80,2141,0.00480001863259859
"nonstat_r80",FALSE,80,2142,0.0174135279859777
"nonstat_r80",FALSE,80,2143,0.0924658616006539
"nonstat_r80",FALSE,80,2144,0.152065685547214
"nonstat_r80",FALSE,80,2145,0.103390030849801
"nonstat_r80",FALSE,80,2146,0.11084957085614
"nonstat_r80",FALSE,80,2147,0.0553386944610683
"nonstat_r80",FALSE,80,2148,0.0472238964380796
"nonstat_r80",FALSE,80,2149,0.0631534648201399
"nonstat_r80",FALSE,80,2150,0.0530352784148734
"nonstat_r80",FALSE,80,2151,0.551143615716341
"nonstat_r80",FALSE,80,2152,0.632189740623994
"nonstat_r80",FALSE,80,2153,0.794121740022526
"nonstat_r80",FALSE,80,2154,0.767830990328734
"nonstat_r80",FALSE,80,2155,0.724332816500177
"nonstat_r80",FALSE,80,2156,0.745218085325606
"nonstat_r80",FALSE,80,2157,0.746947030141647
"nonstat_r80",FALSE,80,2158,0.654659561457138
"nonstat_r80",FALSE,80,2159,0.536570400020188
"nonstat_r80",FALSE,80,2160,0.791322184398161
"nonstat_r80",FALSE,80,2161,0.932551802058021
"nonstat_r80",FALSE,80,2162,0.929280027716105
"nonstat_r80",FALSE,80,2163,0.964478466667502
"nonstat_r80",FALSE,80,2164,0.960923292264453
"nonstat_r80",FALSE,80,2165,0.895967974372924
"nonstat_r80",FALSE,80,2166,0.858707878042341
"nonstat_r80",FALSE,80,2167,0.847420472864885
"nonstat_r80",FALSE,80,2168,0.839320707206899
"nonstat_r80",FALSE,80,2169,0.916704944421595
"nonstat_r80",FALSE,80,2170,0.933394560025688
"nonstat_r80",FALSE,80,2171,0.946827045105533
"nonstat_r80",FALSE,80,2172,0.942518266977108
"nonstat_r80",FALSE,80,2173,0.949650518002841
"nonstat_r80",FALSE,80,2174,0
"nonstat_r80",FALSE,80,2175,0
"nonstat_r80",FALSE,80,2176,0
"nonstat_r80",FALSE,80,2177,0
"nonstat_r80",FALSE,80,2178,0
"nonstat_r80",FALSE,80,2179,0.101420690179105
"nonstat_r80",FALSE,80,2180,0.0502547983359283
"nonstat_r80",FALSE,80,2181,0.0106025496804852
"nonstat_r80",FALSE,80,2182,0.00244789344759413
"nonstat_r80",FALSE,80,2183,0.000732924786210163
"nonstat_r80",FALSE,80,2184,0.000326483293464812
"nonstat_r80",FALSE,80,2185,0.000364509822056286
"nonstat_r80",FALSE,80,2186,0.000240408933674708
"nonstat_r80",FALSE,80,2187,0.000142968832070644
"nonstat_r80",FALSE,80,2188,0.000257351578504318
"nonstat_r80",FALSE,80,2189,0.000996644497326765
"nonstat_r80",FALSE,80,2190,0.00204203781223746
"nonstat_r80",FALSE,80,2191,0.0041168420121503
"nonstat_r80",FALSE,80,2192,0.0147625864559153
"nonstat_r80",FALSE,80,2193,0.0540444906284875
"nonstat_r80",FALSE,80,2194,0.0833864558931018
"nonstat_r80",FALSE,80,2195,0.073282512315888
"nonstat_r80",FALSE,80,2196,0.0600158595718062
"nonstat_r80",FALSE,80,2197,0.045191552587766
"nonstat_r80",FALSE,80,2198,0.0347593491715113
"nonstat_r80",FALSE,80,2199,0.0261312394868964
"nonstat_r80",FALSE,80,2200,0.0139196659331384
"nonstat_r80",FALSE,80,2201,0.517419689185451
"nonstat_r80",FALSE,80,2202,0.587987319720094
"nonstat_r80",FALSE,80,2203,0.611616663870841
"nonstat_r80",FALSE,80,2204,0.522503178118527
"nonstat_r80",FALSE,80,2205,0.536572583635709
"nonstat_r80",FALSE,80,2206,0.611895269556922
"nonstat_r80",FALSE,80,2207,0.699835499618904
"nonstat_r80",FALSE,80,2208,0.616402182988263
"nonstat_r80",FALSE,80,2209,0.50146988645577
"nonstat_r80",FALSE,80,2210,0.712976985643159
"nonstat_r80",FALSE,80,2211,0.827179874672152
"nonstat_r80",FALSE,80,2212,0.830807802542052
"nonstat_r80",FALSE,80,2213,0.93991500504219
"nonstat_r80",FALSE,80,2214,0.937525870726769
"nonstat_r80",FALSE,80,2215,0.819123741034323
"nonstat_r80",FALSE,80,2216,0.740714812573117
"nonstat_r80",FALSE,80,2217,0.680101878066081
"nonstat_r80",FALSE,80,2218,0.804189778709036
"nonstat_r80",FALSE,80,2219,0.868817790004092
"nonstat_r80",FALSE,80,2220,0.92897439413294
"nonstat_r80",FALSE,80,2221,0.953051410270972
"nonstat_r80",FALSE,80,2222,0.971842603022769
"nonstat_r80",FALSE,80,2223,0.962756057939915
"nonstat_r80",FALSE,80,2224,0
"nonstat_r80",FALSE,80,2225,0
"nonstat_r80",FALSE,80,2226,0
"nonstat_r80",FALSE,80,2227,0
"nonstat_r80",FALSE,80,2228,0
"nonstat_r80",FALSE,80,2229,0
"nonstat_r80",FALSE,80,2230,0
"nonstat_r80",FALSE,80,2231,0.00920004487561955
"nonstat_r80",FALSE,80,2232,0.00224511788419841
"nonstat_r80",FALSE,80,2233,0.000694394873739949
"nonstat_r80",FALSE,80,2234,0.000511787978881787
"nonstat_r80",FALSE,80,2235,0.000552438332215287
"nonstat_r80",FALSE,80,2236,0.000611562170013372
"nonstat_r80",FALSE,80,2237,0.000883222165670232
"nonstat_r80",FALSE,80,2238,0.00148547789941956
"nonstat_r80",FALSE,80,2239,0.00208541521641969
"nonstat_r80",FALSE,80,2240,0.00410765809675604
"nonstat_r80",FALSE,80,2241,0.00440713553235574
"nonstat_r80",FALSE,80,2242,0.0124695798083785
"nonstat_r80",FALSE,80,2243,0.0239592107353941
"nonstat_r80",FALSE,80,2244,0.0305849872823303
"nonstat_r80",FALSE,80,2245,0.0381408811300646
"nonstat_r80",FALSE,80,2246,0.0310018951371075
"nonstat_r80",FALSE,80,2247,0.0272483931096216
"nonstat_r80",FALSE,80,2248,0.0272914872215413
"nonstat_r80",FALSE,80,2249,0.0195305985458443
"nonstat_r80",FALSE,80,2250,0.00894524646047213
"nonstat_r80",FALSE,80,2251,0.455442427359734
"nonstat_r80",FALSE,80,2252,0.396997915244168
"nonstat_r80",FALSE,80,2253,0.344870905715368
"nonstat_r80",FALSE,80,2254,0.46762056856184
"nonstat_r80",FALSE,80,2255,0.47377180214404
"nonstat_r80",FALSE,80,2256,0.569516677970981
"nonstat_r80",FALSE,80,2257,0.535239562792272
"nonstat_r80",FALSE,80,2258,0.466965465739771
"nonstat_r80",FALSE,80,2259,0.336988360465225
"nonstat_r80",FALSE,80,2260,0.464642019434789
"nonstat_r80",FALSE,80,2261,0.510441550871938
"nonstat_r80",FALSE,80,2262,0.576733485456951
"nonstat_r80",FALSE,80,2263,0.821204452564067
"nonstat_r80",FALSE,80,2264,0.917788681896264
"nonstat_r80",FALSE,80,2265,0.765134072106008
"nonstat_r80",FALSE,80,2266,0.618157538561062
"nonstat_r80",FALSE,80,2267,0.614831141636005
"nonstat_r80",FALSE,80,2268,0.73294611634835
"nonstat_r80",FALSE,80,2269,0.860236797038223
"nonstat_r80",FALSE,80,2270,0.945990837135603
"nonstat_r80",FALSE,80,2271,0.944655357662223
"nonstat_r80",FALSE,80,2272,0.955331341132309
"nonstat_r80",FALSE,80,2273,0.943739152136749
"nonstat_r80",FALSE,80,2274,0
"nonstat_r80",FALSE,80,2275,0
"nonstat_r80",FALSE,80,2276,0
"nonstat_r80",FALSE,80,2277,0
"nonstat_r80",FALSE,80,2278,0
"nonstat_r80",FALSE,80,2279,0
"nonstat_r80",FALSE,80,2280,0
"nonstat_r80",FALSE,80,2281,0.00541180746064709
"nonstat_r80",FALSE,80,2282,0.0025507707837309
"nonstat_r80",FALSE,80,2283,0.00126739248501843
"nonstat_r80",FALSE,80,2284,0.000618847367683852
"nonstat_r80",FALSE,80,2285,0.00101409724165444
"nonstat_r80",FALSE,80,2286,0.00173346918101969
"nonstat_r80",FALSE,80,2287,0.00304498280244726
"nonstat_r80",FALSE,80,2288,0.00376126731445374
"nonstat_r80",FALSE,80,2289,0.00197906721871484
"nonstat_r80",FALSE,80,2290,0.00366315735453609
"nonstat_r80",FALSE,80,2291,0.00663258972981604
"nonstat_r80",FALSE,80,2292,0.0064590815809111
"nonstat_r80",FALSE,80,2293,0.00456758799706143
"nonstat_r80",FALSE,80,2294,0.010525379736347
"nonstat_r80",FALSE,80,2295,0.0197319385841908
"nonstat_r80",FALSE,80,2296,0.014060122496007
"nonstat_r80",FALSE,80,2297,0.0118345909383078
"nonstat_r80",FALSE,80,2298,0.0220533026258002
"nonstat_r80",FALSE,80,2299,0.019505814083045
"nonstat_r80",FALSE,80,2300,0.0111061663594597
"nonstat_r80",FALSE,80,2301,0.326166939349153
"nonstat_r80",FALSE,80,2302,0.216005901656589
"nonstat_r80",FALSE,80,2303,0.204460073191379
"nonstat_r80",FALSE,80,2304,0.327284476440786
"nonstat_r80",FALSE,80,2305,0.299783280556122
"nonstat_r80",FALSE,80,2306,0.484239406977883
"nonstat_r80",FALSE,80,2307,0.432888213693612
"nonstat_r80",FALSE,80,2308,0.367830780578994
"nonstat_r80",FALSE,80,2309,0.223738593581184
"nonstat_r80",FALSE,80,2310,0.234811923404635
"nonstat_r80",FALSE,80,2311,0.252279332094027
"nonstat_r80",FALSE,80,2312,0.309155505105239
"nonstat_r80",FALSE,80,2313,0.540481666294071
"nonstat_r80",FALSE,80,2314,0.765627372592543
"nonstat_r80",FALSE,80,2315,0.64841555282317
"nonstat_r80",FALSE,80,2316,0.5766705541735
"nonstat_r80",FALSE,80,2317,0.587043236488121
"nonstat_r80",FALSE,80,2318,0.722142672851638
"nonstat_r80",FALSE,80,2319,0.861365978820689
"nonstat_r80",FALSE,80,2320,0.953370504511684
"nonstat_r80",FALSE,80,2321,0.961715691494292
"nonstat_r80",FALSE,80,2322,0.958214511815192
"nonstat_r80",FALSE,80,2323,0.872669652905766
"nonstat_r80",FALSE,80,2324,0
"nonstat_r80",FALSE,80,2325,0
"nonstat_r80",FALSE,80,2326,0
"nonstat_r80",FALSE,80,2327,0
"nonstat_r80",FALSE,80,2328,0
"nonstat_r80",FALSE,80,2329,0
"nonstat_r80",FALSE,80,2330,0
"nonstat_r80",FALSE,80,2331,0
"nonstat_r80",FALSE,80,2332,0.00453879628531575
"nonstat_r80",FALSE,80,2333,0.00147979140078937
"nonstat_r80",FALSE,80,2334,0.000894130085605683
"nonstat_r80",FALSE,80,2335,0.0014554922139517
"nonstat_r80",FALSE,80,2336,0.00291757900938158
"nonstat_r80",FALSE,80,2337,0.00339991492687479
"nonstat_r80",FALSE,80,2338,0.00236279365357356
"nonstat_r80",FALSE,80,2339,0.00235121579793483
"nonstat_r80",FALSE,80,2340,0.00264001933143227
"nonstat_r80",FALSE,80,2341,0.00366631867488897
"nonstat_r80",FALSE,80,2342,0.00485609118265424
"nonstat_r80",FALSE,80,2343,0.00473281468450565
"nonstat_r80",FALSE,80,2344,0.0096984489468794
"nonstat_r80",FALSE,80,2345,0.0212231864163297
"nonstat_r80",FALSE,80,2346,0.0211743954706393
"nonstat_r80",FALSE,80,2347,0.0109515800457585
"nonstat_r80",FALSE,80,2348,0.0134782103420305
"nonstat_r80",FALSE,80,2349,0.0077279772629634
"nonstat_r80",FALSE,80,2350,0.00672354385422683
"nonstat_r80",FALSE,80,2351,0.253578426424756
"nonstat_r80",FALSE,80,2352,0.140739908252378
"nonstat_r80",FALSE,80,2353,0.109846082615816
"nonstat_r80",FALSE,80,2354,0.171728588691916
"nonstat_r80",FALSE,80,2355,0.174881770270434
"nonstat_r80",FALSE,80,2356,0.260061910607233
"nonstat_r80",FALSE,80,2357,0.341889405059039
"nonstat_r80",FALSE,80,2358,0.272538217421217
"nonstat_r80",FALSE,80,2359,0.165574644921343
"nonstat_r80",FALSE,80,2360,0.13037525943725
"nonstat_r80",FALSE,80,2361,0.122454279497761
"nonstat_r80",FALSE,80,2362,0.167203220753987
"nonstat_r80",FALSE,80,2363,0.309186416459528
"nonstat_r80",FALSE,80,2364,0.466574948133875
"nonstat_r80",FALSE,80,2365,0.45105753508308
"nonstat_r80",FALSE,80,2366,0.507896852705975
"nonstat_r80",FALSE,80,2367,0.681754388493651
"nonstat_r80",FALSE,80,2368,0.830169881345475
"nonstat_r80",FALSE,80,2369,0.896810719400102
"nonstat_r80",FALSE,80,2370,0.954640129063549
"nonstat_r80",FALSE,80,2371,0.963085834131494
"nonstat_r80",FALSE,80,2372,0.960331929073265
"nonstat_r80",FALSE,80,2373,0.845571773964376
"nonstat_r80",FALSE,80,2374,0.401504926580495
"nonstat_r80",FALSE,80,2375,0.215098849456469
"nonstat_r80",FALSE,80,2376,0
"nonstat_r80",FALSE,80,2377,0
"nonstat_r80",FALSE,80,2378,0
"nonstat_r80",FALSE,80,2379,0
"nonstat_r80",FALSE,80,2380,0
"nonstat_r80",FALSE,80,2381,0
"nonstat_r80",FALSE,80,2382,0.00782242951158815
"nonstat_r80",FALSE,80,2383,0.00525480213434487
"nonstat_r80",FALSE,80,2384,0.00210311036084744
"nonstat_r80",FALSE,80,2385,0.00264983442586541
"nonstat_r80",FALSE,80,2386,0.00487807212399135
"nonstat_r80",FALSE,80,2387,0.00289573842104434
"nonstat_r80",FALSE,80,2388,0.00286891320333436
"nonstat_r80",FALSE,80,2389,0.00263558593898249
"nonstat_r80",FALSE,80,2390,0.00224120373705469
"nonstat_r80",FALSE,80,2391,0.00237250664748169
"nonstat_r80",FALSE,80,2392,0.00336853997622891
"nonstat_r80",FALSE,80,2393,0.0064448259480963
"nonstat_r80",FALSE,80,2394,0.0128412811053054
"nonstat_r80",FALSE,80,2395,0.0366237377026217
"nonstat_r80",FALSE,80,2396,0.036866544883584
"nonstat_r80",FALSE,80,2397,0.01226371038872
"nonstat_r80",FALSE,80,2398,0.00551030199118568
"nonstat_r80",FALSE,80,2399,0.00373832216796897
"nonstat_r80",FALSE,80,2400,0.00334065173200437
"nonstat_r80",FALSE,80,2401,0.275723621542778
"nonstat_r80",FALSE,80,2402,0.134856516025377
"nonstat_r80",FALSE,80,2403,0.138276341013344
"nonstat_r80",FALSE,80,2404,0.151297997230287
"nonstat_r80",FALSE,80,2405,0.169019363318352
"nonstat_r80",FALSE,80,2406,0.28679686606312
"nonstat_r80",FALSE,80,2407,0.324197812319102
"nonstat_r80",FALSE,80,2408,0.205684641261936
"nonstat_r80",FALSE,80,2409,0.0745449404326087
"nonstat_r80",FALSE,80,2410,0.0500383042748794
"nonstat_r80",FALSE,80,2411,0.0656578360726949
"nonstat_r80",FALSE,80,2412,0.150864692465511
"nonstat_r80",FALSE,80,2413,0.214390203201534
"nonstat_r80",FALSE,80,2414,0.225202978278288
"nonstat_r80",FALSE,80,2415,0.274959925149676
"nonstat_r80",FALSE,80,2416,0.418195074367172
"nonstat_r80",FALSE,80,2417,0.773839754116066
"nonstat_r80",FALSE,80,2418,0.900891525902875
"nonstat_r80",FALSE,80,2419,0.932109147753613
"nonstat_r80",FALSE,80,2420,0.96568780584321
"nonstat_r80",FALSE,80,2421,0.968960451558654
"nonstat_r80",FALSE,80,2422,0.942279190938758
"nonstat_r80",FALSE,80,2423,0.779930669714857
"nonstat_r80",FALSE,80,2424,0.424413641717422
"nonstat_r80",FALSE,80,2425,0.10817510743235
"nonstat_r80",FALSE,80,2426,0
"nonstat_r80",FALSE,80,2427,0
"nonstat_r80",FALSE,80,2428,0
"nonstat_r80",FALSE,80,2429,0
"nonstat_r80",FALSE,80,2430,0
"nonstat_r80",FALSE,80,2431,0
"nonstat_r80",FALSE,80,2432,0.00574786929965774
"nonstat_r80",FALSE,80,2433,0.00983572588241094
"nonstat_r80",FALSE,80,2434,0.00673697037917744
"nonstat_r80",FALSE,80,2435,0.00795543448427535
"nonstat_r80",FALSE,80,2436,0.010632616965378
"nonstat_r80",FALSE,80,2437,0.00404005351197316
"nonstat_r80",FALSE,80,2438,0.00296941731427758
"nonstat_r80",FALSE,80,2439,0.00262527280145136
"nonstat_r80",FALSE,80,2440,0.00409969559241996
"nonstat_r80",FALSE,80,2441,0.00349071035313198
"nonstat_r80",FALSE,80,2442,0.0036773610506103
"nonstat_r80",FALSE,80,2443,0.00600521360998263
"nonstat_r80",FALSE,80,2444,0.0156593226594627
"nonstat_r80",FALSE,80,2445,0.0507926552762448
"nonstat_r80",FALSE,80,2446,0.0641056007636235
"nonstat_r80",FALSE,80,2447,0.0124023877450277
"nonstat_r80",FALSE,80,2448,0.0035502965071564
"nonstat_r80",FALSE,80,2449,0.00153591171638347
"nonstat_r80",FALSE,80,2450,0.0015989097340102
"nonstat_r80",FALSE,80,2451,0.224361664596031
"nonstat_r80",FALSE,80,2452,0.0981464135941126
"nonstat_r80",FALSE,80,2453,0.0779536753043667
"nonstat_r80",FALSE,80,2454,0.0689107825605539
"nonstat_r80",FALSE,80,2455,0.122447930221129
"nonstat_r80",FALSE,80,2456,0.364496077374384
"nonstat_r80",FALSE,80,2457,0.459797811917561
"nonstat_r80",FALSE,80,2458,0.241931738681516
"nonstat_r80",FALSE,80,2459,0.0794300744641182
"nonstat_r80",FALSE,80,2460,0.0399872745782705
"nonstat_r80",FALSE,80,2461,0.0577344000362559
"nonstat_r80",FALSE,80,2462,0.10756393624237
"nonstat_r80",FALSE,80,2463,0.100986237506447
"nonstat_r80",FALSE,80,2464,0.115255866640558
"nonstat_r80",FALSE,80,2465,0.23151965368876
"nonstat_r80",FALSE,80,2466,0.362934529435837
"nonstat_r80",FALSE,80,2467,0.684517023445429
"nonstat_r80",FALSE,80,2468,0.884560012020544
"nonstat_r80",FALSE,80,2469,0.920380537936808
"nonstat_r80",FALSE,80,2470,0.95497586403014
"nonstat_r80",FALSE,80,2471,0.954574290713256
"nonstat_r80",FALSE,80,2472,0.882506756527846
"nonstat_r80",FALSE,80,2473,0.706486776655252
"nonstat_r80",FALSE,80,2474,0.474209676876216
"nonstat_r80",FALSE,80,2475,0.116612154300195
"nonstat_r80",FALSE,80,2476,0.0189225367623405
"nonstat_r80",FALSE,80,2477,0
"nonstat_r80",FALSE,80,2478,0
"nonstat_r80",FALSE,80,2479,0
"nonstat_r80",FALSE,80,2480,0
"nonstat_r80",FALSE,80,2481,0
"nonstat_r80",FALSE,80,2482,0
"nonstat_r80",FALSE,80,2483,0.0100788313612736
"nonstat_r80",FALSE,80,2484,0.00844747476111309
"nonstat_r80",FALSE,80,2485,0.00429341361769105
"nonstat_r80",FALSE,80,2486,0.00581421222263072
"nonstat_r80",FALSE,80,2487,0.00483530148298502
"nonstat_r80",FALSE,80,2488,0.00214814213630667
"nonstat_r80",FALSE,80,2489,0.00168717779980392
"nonstat_r80",FALSE,80,2490,0.00234100602858267
"nonstat_r80",FALSE,80,2491,0.00273651918069961
"nonstat_r80",FALSE,80,2492,0.00384933033673728
"nonstat_r80",FALSE,80,2493,0.0059089519408767
"nonstat_r80",FALSE,80,2494,0.0115136669904428
"nonstat_r80",FALSE,80,2495,0.0267965583847466
"nonstat_r80",FALSE,80,2496,0.0299684304423617
"nonstat_r80",FALSE,80,2497,0.00754956054805911
"nonstat_r80",FALSE,80,2498,0.00161441907959075
"nonstat_r80",FALSE,80,2499,0.00109573269203131
"nonstat_r80",FALSE,80,2500,0.00227746974780904
"nonstat_r200",FALSE,200,1,0
"nonstat_r200",FALSE,200,2,0
"nonstat_r200",FALSE,200,3,0
"nonstat_r200",FALSE,200,4,0
"nonstat_r200",FALSE,200,5,0
"nonstat_r200",FALSE,200,6,0
"nonstat_r200",FALSE,200,7,0
"nonstat_r200",FALSE,200,8,0
"nonstat_r200",FALSE,200,9,0
"nonstat_r200",FALSE,200,10,0
"nonstat_r200",FALSE,200,11,0
"nonstat_r200",FALSE,200,12,0
"nonstat_r200",FALSE,200,13,0
"nonstat_r200",FALSE,200,14,0
"nonstat_r200",FALSE,200,15,0
"nonstat_r200",FALSE,200,16,0
"nonstat_r200",FALSE,200,17,0
"nonstat_r200",FALSE,200,18,0
"nonstat_r200",FALSE,200,19,0
"nonstat_r200",FALSE,200,20,0.314134273703477
"nonstat_r200",FALSE,200,21,0.162250933302913
"nonstat_r200",FALSE,200,22,0.0520284578727502
"nonstat_r200",FALSE,200,23,0.026552616804392
"nonstat_r200",FALSE,200,24,0.0255005306137851
"nonstat_r200",FALSE,200,25,0.0544044606880639
"nonstat_r200",FALSE,200,26,0.137742596901306
"nonstat_r200",FALSE,200,27,0.301952903458741
"nonstat_r200",FALSE,200,28,0.419223640431626
"nonstat_r200",FALSE,200,29,0.389505775182605
"nonstat_r200",FALSE,200,30,0.293295037085248
"nonstat_r200",FALSE,200,31,0.241850834116447
"nonstat_r200",FALSE,200,32,0.151466713530638
"nonstat_r200",FALSE,200,33,0.128605624069197
"nonstat_r200",FALSE,200,34,0.096222009060524
"nonstat_r200",FALSE,200,35,0.0959346727157859
"nonstat_r200",FALSE,200,36,0.0662406747551859
"nonstat_r200",FALSE,200,37,0.0513835235874945
"nonstat_r200",FALSE,200,38,0.0484658181576422
"nonstat_r200",FALSE,200,39,0.0345603039185328
"nonstat_r200",FALSE,200,40,0.0299841301321536
"nonstat_r200",FALSE,200,41,0.0121385086045574
"nonstat_r200",FALSE,200,42,0.00621148154535963
"nonstat_r200",FALSE,200,43,0.00340218288661878
"nonstat_r200",FALSE,200,44,0.00310779697812023
"nonstat_r200",FALSE,200,45,0.00420984081501456
"nonstat_r200",FALSE,200,46,0.013394477431844
"nonstat_r200",FALSE,200,47,0.021553693998714
"nonstat_r200",FALSE,200,48,0.015003733699938
"nonstat_r200",FALSE,200,49,0.00781218006574682
"nonstat_r200",FALSE,200,50,0.00292559618903766
"nonstat_r200",FALSE,200,51,0
"nonstat_r200",FALSE,200,52,0
"nonstat_r200",FALSE,200,53,0
"nonstat_r200",FALSE,200,54,0
"nonstat_r200",FALSE,200,55,0
"nonstat_r200",FALSE,200,56,0
"nonstat_r200",FALSE,200,57,0
"nonstat_r200",FALSE,200,58,0
"nonstat_r200",FALSE,200,59,0
"nonstat_r200",FALSE,200,60,0
"nonstat_r200",FALSE,200,61,0
"nonstat_r200",FALSE,200,62,0
"nonstat_r200",FALSE,200,63,0
"nonstat_r200",FALSE,200,64,0
"nonstat_r200",FALSE,200,65,0
"nonstat_r200",FALSE,200,66,0
"nonstat_r200",FALSE,200,67,0
"nonstat_r200",FALSE,200,68,0
"nonstat_r200",FALSE,200,69,0
"nonstat_r200",FALSE,200,70,0
"nonstat_r200",FALSE,200,71,0.189529496661107
"nonstat_r200",FALSE,200,72,0.0517009883727734
"nonstat_r200",FALSE,200,73,0.0170403481667172
"nonstat_r200",FALSE,200,74,0.0294230748150556
"nonstat_r200",FALSE,200,75,0.0633563236298934
"nonstat_r200",FALSE,200,76,0.203551097932439
"nonstat_r200",FALSE,200,77,0.438719034735982
"nonstat_r200",FALSE,200,78,0.618477343196486
"nonstat_r200",FALSE,200,79,0.696631081852991
"nonstat_r200",FALSE,200,80,0.654862561632497
"nonstat_r200",FALSE,200,81,0.573407090741867
"nonstat_r200",FALSE,200,82,0.372057278046717
"nonstat_r200",FALSE,200,83,0.245208600570855
"nonstat_r200",FALSE,200,84,0.156329407142042
"nonstat_r200",FALSE,200,85,0.22572402641293
"nonstat_r200",FALSE,200,86,0.247328149150117
"nonstat_r200",FALSE,200,87,0.188414591270171
"nonstat_r200",FALSE,200,88,0.180770072862811
"nonstat_r200",FALSE,200,89,0.0771497744813094
"nonstat_r200",FALSE,200,90,0.0312979906481271
"nonstat_r200",FALSE,200,91,0.00795464828261187
"nonstat_r200",FALSE,200,92,0.00379379950582436
"nonstat_r200",FALSE,200,93,0.00194082381970282
"nonstat_r200",FALSE,200,94,0.00246969640701296
"nonstat_r200",FALSE,200,95,0.00403209319303749
"nonstat_r200",FALSE,200,96,0.014467432618137
"nonstat_r200",FALSE,200,97,0.0199835022256444
"nonstat_r200",FALSE,200,98,0.0144701611327772
"nonstat_r200",FALSE,200,99,0.00677248412014799
"nonstat_r200",FALSE,200,100,0.0013460324232946
"nonstat_r200",FALSE,200,101,0
"nonstat_r200",FALSE,200,102,0
"nonstat_r200",FALSE,200,103,0
"nonstat_r200",FALSE,200,104,0
"nonstat_r200",FALSE,200,105,0
"nonstat_r200",FALSE,200,106,0
"nonstat_r200",FALSE,200,107,0
"nonstat_r200",FALSE,200,108,0
"nonstat_r200",FALSE,200,109,0
"nonstat_r200",FALSE,200,110,0
"nonstat_r200",FALSE,200,111,0
"nonstat_r200",FALSE,200,112,0
"nonstat_r200",FALSE,200,113,0
"nonstat_r200",FALSE,200,114,0
"nonstat_r200",FALSE,200,115,0
"nonstat_r200",FALSE,200,116,0
"nonstat_r200",FALSE,200,117,0
"nonstat_r200",FALSE,200,118,0
"nonstat_r200",FALSE,200,119,0
"nonstat_r200",FALSE,200,120,0
"nonstat_r200",FALSE,200,121,0.206665322086999
"nonstat_r200",FALSE,200,122,0.0712097140265689
"nonstat_r200",FALSE,200,123,0.0474062156345748
"nonstat_r200",FALSE,200,124,0.0420156123400575
"nonstat_r200",FALSE,200,125,0.114510744536336
"nonstat_r200",FALSE,200,126,0.328212094526332
"nonstat_r200",FALSE,200,127,0.516050693493352
"nonstat_r200",FALSE,200,128,0.60513064174983
"nonstat_r200",FALSE,200,129,0.765219300637187
"nonstat_r200",FALSE,200,130,0.784944794830064
"nonstat_r200",FALSE,200,131,0.763076438713243
"nonstat_r200",FALSE,200,132,0.563835345451702
"nonstat_r200",FALSE,200,133,0.2164956481951
"nonstat_r200",FALSE,200,134,0.153595620906952
"nonstat_r200",FALSE,200,135,0.253876019826303
"nonstat_r200",FALSE,200,136,0.280601910805954
"nonstat_r200",FALSE,200,137,0.193222021905772
"nonstat_r200",FALSE,200,138,0.165665726733287
"nonstat_r200",FALSE,200,139,0.0990904144982576
"nonstat_r200",FALSE,200,140,0.0312330037078645
"nonstat_r200",FALSE,200,141,0.0134584723326136
"nonstat_r200",FALSE,200,142,0.00320642227735935
"nonstat_r200",FALSE,200,143,0.0029466752212708
"nonstat_r200",FALSE,200,144,0.00582607837849698
"nonstat_r200",FALSE,200,145,0.00926420031497982
"nonstat_r200",FALSE,200,146,0.0191214587879755
"nonstat_r200",FALSE,200,147,0.0146635485190966
"nonstat_r200",FALSE,200,148,0.0102960037027046
"nonstat_r200",FALSE,200,149,0.0046182795468314
"nonstat_r200",FALSE,200,150,0.00135804615556583
"nonstat_r200",FALSE,200,151,0
"nonstat_r200",FALSE,200,152,0
"nonstat_r200",FALSE,200,153,0
"nonstat_r200",FALSE,200,154,0
"nonstat_r200",FALSE,200,155,0
"nonstat_r200",FALSE,200,156,0
"nonstat_r200",FALSE,200,157,0
"nonstat_r200",FALSE,200,158,0
"nonstat_r200",FALSE,200,159,0
"nonstat_r200",FALSE,200,160,0
"nonstat_r200",FALSE,200,161,0
"nonstat_r200",FALSE,200,162,0
"nonstat_r200",FALSE,200,163,0
"nonstat_r200",FALSE,200,164,0
"nonstat_r200",FALSE,200,165,0
"nonstat_r200",FALSE,200,166,0
"nonstat_r200",FALSE,200,167,0
"nonstat_r200",FALSE,200,168,0
"nonstat_r200",FALSE,200,169,0
"nonstat_r200",FALSE,200,170,0.508575259957452
"nonstat_r200",FALSE,200,171,0.320139863641744
"nonstat_r200",FALSE,200,172,0.124021334828052
"nonstat_r200",FALSE,200,173,0.157978965859098
"nonstat_r200",FALSE,200,174,0.169056789601984
"nonstat_r200",FALSE,200,175,0.235984684253563
"nonstat_r200",FALSE,200,176,0.334983402433593
"nonstat_r200",FALSE,200,177,0.517455621358416
"nonstat_r200",FALSE,200,178,0.627274637840215
"nonstat_r200",FALSE,200,179,0.773558363195727
"nonstat_r200",FALSE,200,180,0.888941036169291
"nonstat_r200",FALSE,200,181,0.833626420922655
"nonstat_r200",FALSE,200,182,0.539330080377072
"nonstat_r200",FALSE,200,183,0.279628973868051
"nonstat_r200",FALSE,200,184,0.243510876974107
"nonstat_r200",FALSE,200,185,0.253583294438217
"nonstat_r200",FALSE,200,186,0.179816940244194
"nonstat_r200",FALSE,200,187,0.121743314668002
"nonstat_r200",FALSE,200,188,0.104544662087672
"nonstat_r200",FALSE,200,189,0.0925006674905227
"nonstat_r200",FALSE,200,190,0.0468834443942728
"nonstat_r200",FALSE,200,191,0.0239400048686756
"nonstat_r200",FALSE,200,192,0.00793147721694015
"nonstat_r200",FALSE,200,193,0.00519987600908902
"nonstat_r200",FALSE,200,194,0.00603433155094572
"nonstat_r200",FALSE,200,195,0.0138197244250941
"nonstat_r200",FALSE,200,196,0.0180116557321462
"nonstat_r200",FALSE,200,197,0.0203203100984179
"nonstat_r200",FALSE,200,198,0.0163570606983389
"nonstat_r200",FALSE,200,199,0.0110439418026913
"nonstat_r200",FALSE,200,200,0.00926667393522636
"nonstat_r200",FALSE,200,201,0
"nonstat_r200",FALSE,200,202,0
"nonstat_r200",FALSE,200,203,0
"nonstat_r200",FALSE,200,204,0
"nonstat_r200",FALSE,200,205,0
"nonstat_r200",FALSE,200,206,0
"nonstat_r200",FALSE,200,207,0
"nonstat_r200",FALSE,200,208,0
"nonstat_r200",FALSE,200,209,0
"nonstat_r200",FALSE,200,210,0
"nonstat_r200",FALSE,200,211,0
"nonstat_r200",FALSE,200,212,0
"nonstat_r200",FALSE,200,213,0
"nonstat_r200",FALSE,200,214,0
"nonstat_r200",FALSE,200,215,0
"nonstat_r200",FALSE,200,216,0
"nonstat_r200",FALSE,200,217,0
"nonstat_r200",FALSE,200,218,0
"nonstat_r200",FALSE,200,219,0
"nonstat_r200",FALSE,200,220,0.663550178559099
"nonstat_r200",FALSE,200,221,0.440182812354219
"nonstat_r200",FALSE,200,222,0.223528377725874
"nonstat_r200",FALSE,200,223,0.337919601002191
"nonstat_r200",FALSE,200,224,0.459344405224691
"nonstat_r200",FALSE,200,225,0.500892841026389
"nonstat_r200",FALSE,200,226,0.425479170856693
"nonstat_r200",FALSE,200,227,0.432514303324158
"nonstat_r200",FALSE,200,228,0.537171685094266
"nonstat_r200",FALSE,200,229,0.698010106989819
"nonstat_r200",FALSE,200,230,0.836284087627527
"nonstat_r200",FALSE,200,231,0.785201367218027
"nonstat_r200",FALSE,200,232,0.507734658734577
"nonstat_r200",FALSE,200,233,0.354896217186554
"nonstat_r200",FALSE,200,234,0.223460002396948
"nonstat_r200",FALSE,200,235,0.107925788633543
"nonstat_r200",FALSE,200,236,0.076250388380017
"nonstat_r200",FALSE,200,237,0.0796983661569668
"nonstat_r200",FALSE,200,238,0.115516860840118
"nonstat_r200",FALSE,200,239,0.160642876207559
"nonstat_r200",FALSE,200,240,0.133717464232871
"nonstat_r200",FALSE,200,241,0.0745199700733525
"nonstat_r200",FALSE,200,242,0.0298084583175716
"nonstat_r200",FALSE,200,243,0.0100893493659306
"nonstat_r200",FALSE,200,244,0.00497074528533512
"nonstat_r200",FALSE,200,245,0.00649921073010224
"nonstat_r200",FALSE,200,246,0.0125769002957583
"nonstat_r200",FALSE,200,247,0.0291456692886057
"nonstat_r200",FALSE,200,248,0.082881409315644
"nonstat_r200",FALSE,200,249,0.0967441979702163
"nonstat_r200",FALSE,200,250,0.0530620082508037
"nonstat_r200",FALSE,200,251,0
"nonstat_r200",FALSE,200,252,0
"nonstat_r200",FALSE,200,253,0
"nonstat_r200",FALSE,200,254,0
"nonstat_r200",FALSE,200,255,0
"nonstat_r200",FALSE,200,256,0
"nonstat_r200",FALSE,200,257,0
"nonstat_r200",FALSE,200,258,0
"nonstat_r200",FALSE,200,259,0
"nonstat_r200",FALSE,200,260,0
"nonstat_r200",FALSE,200,261,0
"nonstat_r200",FALSE,200,262,0
"nonstat_r200",FALSE,200,263,0
"nonstat_r200",FALSE,200,264,0
"nonstat_r200",FALSE,200,265,0
"nonstat_r200",FALSE,200,266,0
"nonstat_r200",FALSE,200,267,0
"nonstat_r200",FALSE,200,268,0
"nonstat_r200",FALSE,200,269,0
"nonstat_r200",FALSE,200,270,0.677430780825782
"nonstat_r200",FALSE,200,271,0.533135748320443
"nonstat_r200",FALSE,200,272,0.267456586781591
"nonstat_r200",FALSE,200,273,0.398696284971768
"nonstat_r200",FALSE,200,274,0.570668522833639
"nonstat_r200",FALSE,200,275,0.660143812638881
"nonstat_r200",FALSE,200,276,0.517223654398076
"nonstat_r200",FALSE,200,277,0.365154782453444
"nonstat_r200",FALSE,200,278,0.471787256461579
"nonstat_r200",FALSE,200,279,0.615144247881532
"nonstat_r200",FALSE,200,280,0.702892194400793
"nonstat_r200",FALSE,200,281,0.666796604948539
"nonstat_r200",FALSE,200,282,0.470911364715778
"nonstat_r200",FALSE,200,283,0.340671655529343
"nonstat_r200",FALSE,200,284,0.144209920879304
"nonstat_r200",FALSE,200,285,0.0630068385269064
"nonstat_r200",FALSE,200,286,0.0489399694761452
"nonstat_r200",FALSE,200,287,0.0723798605663035
"nonstat_r200",FALSE,200,288,0.141680927427136
"nonstat_r200",FALSE,200,289,0.15722408449841
"nonstat_r200",FALSE,200,290,0.220445676256134
"nonstat_r200",FALSE,200,291,0.232048356290864
"nonstat_r200",FALSE,200,292,0.0870706242652998
"nonstat_r200",FALSE,200,293,0.0281854547890409
"nonstat_r200",FALSE,200,294,0.00932821560471765
"nonstat_r200",FALSE,200,295,0.00520752333004615
"nonstat_r200",FALSE,200,296,0.0112575026514487
"nonstat_r200",FALSE,200,297,0.0566297667130913
"nonstat_r200",FALSE,200,298,0.127002457811659
"nonstat_r200",FALSE,200,299,0.205183501101294
"nonstat_r200",FALSE,200,300,0.153729726461503
"nonstat_r200",FALSE,200,301,0
"nonstat_r200",FALSE,200,302,0
"nonstat_r200",FALSE,200,303,0
"nonstat_r200",FALSE,200,304,0
"nonstat_r200",FALSE,200,305,0
"nonstat_r200",FALSE,200,306,0
"nonstat_r200",FALSE,200,307,0
"nonstat_r200",FALSE,200,308,0
"nonstat_r200",FALSE,200,309,0
"nonstat_r200",FALSE,200,310,0
"nonstat_r200",FALSE,200,311,0
"nonstat_r200",FALSE,200,312,0
"nonstat_r200",FALSE,200,313,0
"nonstat_r200",FALSE,200,314,0
"nonstat_r200",FALSE,200,315,0
"nonstat_r200",FALSE,200,316,0
"nonstat_r200",FALSE,200,317,0
"nonstat_r200",FALSE,200,318,0
"nonstat_r200",FALSE,200,319,0
"nonstat_r200",FALSE,200,320,0.533078297040587
"nonstat_r200",FALSE,200,321,0.350722803500456
"nonstat_r200",FALSE,200,322,0.297906671482304
"nonstat_r200",FALSE,200,323,0.465880138668373
"nonstat_r200",FALSE,200,324,0.588472588061416
"nonstat_r200",FALSE,200,325,0.753849270337603
"nonstat_r200",FALSE,200,326,0.71837266514952
"nonstat_r200",FALSE,200,327,0.511870211185068
"nonstat_r200",FALSE,200,328,0.598159776288407
"nonstat_r200",FALSE,200,329,0.547804674316386
"nonstat_r200",FALSE,200,330,0.469092497139177
"nonstat_r200",FALSE,200,331,0.434873243332893
"nonstat_r200",FALSE,200,332,0.334907279970034
"nonstat_r200",FALSE,200,333,0.265033770668444
"nonstat_r200",FALSE,200,334,0.172767742029778
"nonstat_r200",FALSE,200,335,0.0811445528925394
"nonstat_r200",FALSE,200,336,0.0708895432530226
"nonstat_r200",FALSE,200,337,0.067613853861558
"nonstat_r200",FALSE,200,338,0.102568542668913
"nonstat_r200",FALSE,200,339,0.0938548075741436
"nonstat_r200",FALSE,200,340,0.120623199402522
"nonstat_r200",FALSE,200,341,0.143209016038291
"nonstat_r200",FALSE,200,342,0.100344661675013
"nonstat_r200",FALSE,200,343,0.0506435701358987
"nonstat_r200",FALSE,200,344,0.0248524090177564
"nonstat_r200",FALSE,200,345,0.0092274151792315
"nonstat_r200",FALSE,200,346,0.0156343157287988
"nonstat_r200",FALSE,200,347,0.0717555268511971
"nonstat_r200",FALSE,200,348,0.124890402537895
"nonstat_r200",FALSE,200,349,0.236997411359996
"nonstat_r200",FALSE,200,350,0.385811334933411
"nonstat_r200",FALSE,200,351,0
"nonstat_r200",FALSE,200,352,0
"nonstat_r200",FALSE,200,353,0
"nonstat_r200",FALSE,200,354,0
"nonstat_r200",FALSE,200,355,0
"nonstat_r200",FALSE,200,356,0
"nonstat_r200",FALSE,200,357,0
"nonstat_r200",FALSE,200,358,0
"nonstat_r200",FALSE,200,359,0
"nonstat_r200",FALSE,200,360,0
"nonstat_r200",FALSE,200,361,0
"nonstat_r200",FALSE,200,362,0
"nonstat_r200",FALSE,200,363,0
"nonstat_r200",FALSE,200,364,0
"nonstat_r200",FALSE,200,365,0
"nonstat_r200",FALSE,200,366,0
"nonstat_r200",FALSE,200,367,0
"nonstat_r200",FALSE,200,368,0
"nonstat_r200",FALSE,200,369,0
"nonstat_r200",FALSE,200,370,0
"nonstat_r200",FALSE,200,371,0.509345496970698
"nonstat_r200",FALSE,200,372,0.509632041812926
"nonstat_r200",FALSE,200,373,0.631678689176768
"nonstat_r200",FALSE,200,374,0.650621064855757
"nonstat_r200",FALSE,200,375,0.800255416714101
"nonstat_r200",FALSE,200,376,0.766753899834348
"nonstat_r200",FALSE,200,377,0.597757548010843
"nonstat_r200",FALSE,200,378,0.549420082988158
"nonstat_r200",FALSE,200,379,0.375773274087995
"nonstat_r200",FALSE,200,380,0.231544920002126
"nonstat_r200",FALSE,200,381,0.246347382584337
"nonstat_r200",FALSE,200,382,0.369618470770757
"nonstat_r200",FALSE,200,383,0.415243155178453
"nonstat_r200",FALSE,200,384,0.340799630138125
"nonstat_r200",FALSE,200,385,0.19295504461954
"nonstat_r200",FALSE,200,386,0.104907325465652
"nonstat_r200",FALSE,200,387,0.0906193524174588
"nonstat_r200",FALSE,200,388,0.134756649367381
"nonstat_r200",FALSE,200,389,0.0896374053243122
"nonstat_r200",FALSE,200,390,0.0639551337730109
"nonstat_r200",FALSE,200,391,0.0859667502338931
"nonstat_r200",FALSE,200,392,0.101068690687113
"nonstat_r200",FALSE,200,393,0.0434506892333974
"nonstat_r200",FALSE,200,394,0.0341075330544158
"nonstat_r200",FALSE,200,395,0.0331519824617313
"nonstat_r200",FALSE,200,396,0.0331536860368867
"nonstat_r200",FALSE,200,397,0.0623971341808271
"nonstat_r200",FALSE,200,398,0.121861840446763
"nonstat_r200",FALSE,200,399,0.29573150023111
"nonstat_r200",FALSE,200,400,0.587943079654491
"nonstat_r200",FALSE,200,401,0
"nonstat_r200",FALSE,200,402,0
"nonstat_r200",FALSE,200,403,0
"nonstat_r200",FALSE,200,404,0
"nonstat_r200",FALSE,200,405,0
"nonstat_r200",FALSE,200,406,0
"nonstat_r200",FALSE,200,407,0
"nonstat_r200",FALSE,200,408,0
"nonstat_r200",FALSE,200,409,0
"nonstat_r200",FALSE,200,410,0
"nonstat_r200",FALSE,200,411,0
"nonstat_r200",FALSE,200,412,0
"nonstat_r200",FALSE,200,413,0
"nonstat_r200",FALSE,200,414,0
"nonstat_r200",FALSE,200,415,0
"nonstat_r200",FALSE,200,416,0
"nonstat_r200",FALSE,200,417,0
"nonstat_r200",FALSE,200,418,0
"nonstat_r200",FALSE,200,419,0
"nonstat_r200",FALSE,200,420,0
"nonstat_r200",FALSE,200,421,0.77451758932113
"nonstat_r200",FALSE,200,422,0.782295985124262
"nonstat_r200",FALSE,200,423,0.840806577126664
"nonstat_r200",FALSE,200,424,0.760398532667607
"nonstat_r200",FALSE,200,425,0.844750929497132
"nonstat_r200",FALSE,200,426,0.761735832363974
"nonstat_r200",FALSE,200,427,0.627414224931556
"nonstat_r200",FALSE,200,428,0.442421191426383
"nonstat_r200",FALSE,200,429,0.324189435119862
"nonstat_r200",FALSE,200,430,0.393318946979289
"nonstat_r200",FALSE,200,431,0.493665626716607
"nonstat_r200",FALSE,200,432,0.623603148920426
"nonstat_r200",FALSE,200,433,0.683411603221896
"nonstat_r200",FALSE,200,434,0.587929647800366
"nonstat_r200",FALSE,200,435,0.419401487620391
"nonstat_r200",FALSE,200,436,0.307573681468076
"nonstat_r200",FALSE,200,437,0.204370408157298
"nonstat_r200",FALSE,200,438,0.174141706407114
"nonstat_r200",FALSE,200,439,0.115471783278971
"nonstat_r200",FALSE,200,440,0.0819600950584219
"nonstat_r200",FALSE,200,441,0.191992967331194
"nonstat_r200",FALSE,200,442,0.117290381397696
"nonstat_r200",FALSE,200,443,0.0458541090841805
"nonstat_r200",FALSE,200,444,0.0465359903706632
"nonstat_r200",FALSE,200,445,0.105223573913251
"nonstat_r200",FALSE,200,446,0.167707109228814
"nonstat_r200",FALSE,200,447,0.297355665935221
"nonstat_r200",FALSE,200,448,0.602310446213332
"nonstat_r200",FALSE,200,449,0.762990306498315
"nonstat_r200",FALSE,200,450,0.826722740118751
"nonstat_r200",FALSE,200,451,0
"nonstat_r200",FALSE,200,452,0
"nonstat_r200",FALSE,200,453,0
"nonstat_r200",FALSE,200,454,0
"nonstat_r200",FALSE,200,455,0
"nonstat_r200",FALSE,200,456,0
"nonstat_r200",FALSE,200,457,0
"nonstat_r200",FALSE,200,458,0
"nonstat_r200",FALSE,200,459,0
"nonstat_r200",FALSE,200,460,0
"nonstat_r200",FALSE,200,461,0
"nonstat_r200",FALSE,200,462,0
"nonstat_r200",FALSE,200,463,0
"nonstat_r200",FALSE,200,464,0
"nonstat_r200",FALSE,200,465,0
"nonstat_r200",FALSE,200,466,0
"nonstat_r200",FALSE,200,467,0
"nonstat_r200",FALSE,200,468,0
"nonstat_r200",FALSE,200,469,0
"nonstat_r200",FALSE,200,470,0
"nonstat_r200",FALSE,200,471,0
"nonstat_r200",FALSE,200,472,0.92881296042348
"nonstat_r200",FALSE,200,473,0.941927994319552
"nonstat_r200",FALSE,200,474,0.913750106200158
"nonstat_r200",FALSE,200,475,0.947787190974979
"nonstat_r200",FALSE,200,476,0.909217130890927
"nonstat_r200",FALSE,200,477,0.824548062417446
"nonstat_r200",FALSE,200,478,0.744085318382332
"nonstat_r200",FALSE,200,479,0.525358033937487
"nonstat_r200",FALSE,200,480,0.499160986324515
"nonstat_r200",FALSE,200,481,0.698616025319224
"nonstat_r200",FALSE,200,482,0.748929441793502
"nonstat_r200",FALSE,200,483,0.809611087514369
"nonstat_r200",FALSE,200,484,0.745321236393076
"nonstat_r200",FALSE,200,485,0.645427638780389
"nonstat_r200",FALSE,200,486,0.678048167047153
"nonstat_r200",FALSE,200,487,0.561086767968638
"nonstat_r200",FALSE,200,488,0.310606572293213
"nonstat_r200",FALSE,200,489,0.182001359840303
"nonstat_r200",FALSE,200,490,0.158969216902763
"nonstat_r200",FALSE,200,491,0.21852512609995
"nonstat_r200",FALSE,200,492,0.123006692180347
"nonstat_r200",FALSE,200,493,0.0643093909362772
"nonstat_r200",FALSE,200,494,0.0809885627257266
"nonstat_r200",FALSE,200,495,0.20252405024914
"nonstat_r200",FALSE,200,496,0.356249312171624
"nonstat_r200",FALSE,200,497,0.669164702504502
"nonstat_r200",FALSE,200,498,0.932118304646464
"nonstat_r200",FALSE,200,499,0.940851165070768
"nonstat_r200",FALSE,200,500,0.898780898588929
"nonstat_r200",FALSE,200,501,0
"nonstat_r200",FALSE,200,502,0
"nonstat_r200",FALSE,200,503,0
"nonstat_r200",FALSE,200,504,0
"nonstat_r200",FALSE,200,505,0
"nonstat_r200",FALSE,200,506,0
"nonstat_r200",FALSE,200,507,0
"nonstat_r200",FALSE,200,508,0
"nonstat_r200",FALSE,200,509,0
"nonstat_r200",FALSE,200,510,0
"nonstat_r200",FALSE,200,511,0
"nonstat_r200",FALSE,200,512,0
"nonstat_r200",FALSE,200,513,0
"nonstat_r200",FALSE,200,514,0
"nonstat_r200",FALSE,200,515,0
"nonstat_r200",FALSE,200,516,0
"nonstat_r200",FALSE,200,517,0
"nonstat_r200",FALSE,200,518,0
"nonstat_r200",FALSE,200,519,0
"nonstat_r200",FALSE,200,520,0
"nonstat_r200",FALSE,200,521,0
"nonstat_r200",FALSE,200,522,0.9729317079664
"nonstat_r200",FALSE,200,523,0.969628940474948
"nonstat_r200",FALSE,200,524,0.978133832350342
"nonstat_r200",FALSE,200,525,0.970018684589603
"nonstat_r200",FALSE,200,526,0.956114835638418
"nonstat_r200",FALSE,200,527,0.904701228060347
"nonstat_r200",FALSE,200,528,0.764097417777213
"nonstat_r200",FALSE,200,529,0.482208190632125
"nonstat_r200",FALSE,200,530,0.511314468756955
"nonstat_r200",FALSE,200,531,0.675736841892699
"nonstat_r200",FALSE,200,532,0.80929985711895
"nonstat_r200",FALSE,200,533,0.846975097922626
"nonstat_r200",FALSE,200,534,0.811469439358138
"nonstat_r200",FALSE,200,535,0.762238214028574
"nonstat_r200",FALSE,200,536,0.765373686835965
"nonstat_r200",FALSE,200,537,0.661091110359605
"nonstat_r200",FALSE,200,538,0.464658829276818
"nonstat_r200",FALSE,200,539,0.243386207224816
"nonstat_r200",FALSE,200,540,0.164044676673458
"nonstat_r200",FALSE,200,541,0.246271459872866
"nonstat_r200",FALSE,200,542,0.143700555197495
"nonstat_r200",FALSE,200,543,0.0792372209867884
"nonstat_r200",FALSE,200,544,0.131611696817834
"nonstat_r200",FALSE,200,545,0.374916299650801
"nonstat_r200",FALSE,200,546,0.596872020134386
"nonstat_r200",FALSE,200,547,0.839318364622173
"nonstat_r200",FALSE,200,548,0.964133522975733
"nonstat_r200",FALSE,200,549,0.963444854588414
"nonstat_r200",FALSE,200,550,0.892254287694327
"nonstat_r200",FALSE,200,551,0
"nonstat_r200",FALSE,200,552,0
"nonstat_r200",FALSE,200,553,0
"nonstat_r200",FALSE,200,554,0
"nonstat_r200",FALSE,200,555,0
"nonstat_r200",FALSE,200,556,0
"nonstat_r200",FALSE,200,557,0
"nonstat_r200",FALSE,200,558,0
"nonstat_r200",FALSE,200,559,0
"nonstat_r200",FALSE,200,560,0
"nonstat_r200",FALSE,200,561,0
"nonstat_r200",FALSE,200,562,0
"nonstat_r200",FALSE,200,563,0
"nonstat_r200",FALSE,200,564,0
"nonstat_r200",FALSE,200,565,0
"nonstat_r200",FALSE,200,566,0
"nonstat_r200",FALSE,200,567,0
"nonstat_r200",FALSE,200,568,0
"nonstat_r200",FALSE,200,569,0
"nonstat_r200",FALSE,200,570,0
"nonstat_r200",FALSE,200,571,0
"nonstat_r200",FALSE,200,572,0.912877665085573
"nonstat_r200",FALSE,200,573,0.956589372644865
"nonstat_r200",FALSE,200,574,0.982845701511939
"nonstat_r200",FALSE,200,575,0.986600459311413
"nonstat_r200",FALSE,200,576,0.975603053659651
"nonstat_r200",FALSE,200,577,0.909977696436135
"nonstat_r200",FALSE,200,578,0.694034078794657
"nonstat_r200",FALSE,200,579,0.521532391936096
"nonstat_r200",FALSE,200,580,0.420408366018139
"nonstat_r200",FALSE,200,581,0.547105481248381
"nonstat_r200",FALSE,200,582,0.744490031351505
"nonstat_r200",FALSE,200,583,0.775184738332267
"nonstat_r200",FALSE,200,584,0.732871254303413
"nonstat_r200",FALSE,200,585,0.720448864362364
"nonstat_r200",FALSE,200,586,0.789815277010043
"nonstat_r200",FALSE,200,587,0.734276749203035
"nonstat_r200",FALSE,200,588,0.403461674174032
"nonstat_r200",FALSE,200,589,0.170400654554729
"nonstat_r200",FALSE,200,590,0.0876232888079848
"nonstat_r200",FALSE,200,591,0.0910989984370838
"nonstat_r200",FALSE,200,592,0.0995285811224624
"nonstat_r200",FALSE,200,593,0.0803506004087518
"nonstat_r200",FALSE,200,594,0.183407239107691
"nonstat_r200",FALSE,200,595,0.427291616056584
"nonstat_r200",FALSE,200,596,0.670968104350346
"nonstat_r200",FALSE,200,597,0.742455986090846
"nonstat_r200",FALSE,200,598,0.83873437332655
"nonstat_r200",FALSE,200,599,0.902705180694966
"nonstat_r200",FALSE,200,600,0.843031313863192
"nonstat_r200",FALSE,200,601,0
"nonstat_r200",FALSE,200,602,0
"nonstat_r200",FALSE,200,603,0
"nonstat_r200",FALSE,200,604,0
"nonstat_r200",FALSE,200,605,0
"nonstat_r200",FALSE,200,606,0
"nonstat_r200",FALSE,200,607,0
"nonstat_r200",FALSE,200,608,0
"nonstat_r200",FALSE,200,609,0
"nonstat_r200",FALSE,200,610,0
"nonstat_r200",FALSE,200,611,0
"nonstat_r200",FALSE,200,612,0
"nonstat_r200",FALSE,200,613,0
"nonstat_r200",FALSE,200,614,0
"nonstat_r200",FALSE,200,615,0
"nonstat_r200",FALSE,200,616,0
"nonstat_r200",FALSE,200,617,0
"nonstat_r200",FALSE,200,618,0
"nonstat_r200",FALSE,200,619,0
"nonstat_r200",FALSE,200,620,0
"nonstat_r200",FALSE,200,621,0
"nonstat_r200",FALSE,200,622,0.660088676553548
"nonstat_r200",FALSE,200,623,0.927328479019983
"nonstat_r200",FALSE,200,624,0.984610335506958
"nonstat_r200",FALSE,200,625,0.989633316872216
"nonstat_r200",FALSE,200,626,0.976621809793467
"nonstat_r200",FALSE,200,627,0.907685341804419
"nonstat_r200",FALSE,200,628,0.763428668299607
"nonstat_r200",FALSE,200,629,0.639299849749186
"nonstat_r200",FALSE,200,630,0.517391123886279
"nonstat_r200",FALSE,200,631,0.499770853162763
"nonstat_r200",FALSE,200,632,0.500955879035944
"nonstat_r200",FALSE,200,633,0.502572923663158
"nonstat_r200",FALSE,200,634,0.602299405296983
"nonstat_r200",FALSE,200,635,0.691430623524752
"nonstat_r200",FALSE,200,636,0.82355094896096
"nonstat_r200",FALSE,200,637,0.793198283379736
"nonstat_r200",FALSE,200,638,0.419217163982908
"nonstat_r200",FALSE,200,639,0.14087959493098
"nonstat_r200",FALSE,200,640,0.0540268948507055
"nonstat_r200",FALSE,200,641,0.0425023530054191
"nonstat_r200",FALSE,200,642,0.0426086921416285
"nonstat_r200",FALSE,200,643,0.0608654624883381
"nonstat_r200",FALSE,200,644,0.109406758927736
"nonstat_r200",FALSE,200,645,0.145211213455197
"nonstat_r200",FALSE,200,646,0.315149986534268
"nonstat_r200",FALSE,200,647,0.475422737492686
"nonstat_r200",FALSE,200,648,0.583718687593619
"nonstat_r200",FALSE,200,649,0.672021880087301
"nonstat_r200",FALSE,200,650,0.575476899276203
"nonstat_r200",FALSE,200,651,0
"nonstat_r200",FALSE,200,652,0
"nonstat_r200",FALSE,200,653,0
"nonstat_r200",FALSE,200,654,0
"nonstat_r200",FALSE,200,655,0
"nonstat_r200",FALSE,200,656,0
"nonstat_r200",FALSE,200,657,0
"nonstat_r200",FALSE,200,658,0
"nonstat_r200",FALSE,200,659,0
"nonstat_r200",FALSE,200,660,0
"nonstat_r200",FALSE,200,661,0
"nonstat_r200",FALSE,200,662,0
"nonstat_r200",FALSE,200,663,0
"nonstat_r200",FALSE,200,664,0
"nonstat_r200",FALSE,200,665,0
"nonstat_r200",FALSE,200,666,0
"nonstat_r200",FALSE,200,667,0
"nonstat_r200",FALSE,200,668,0
"nonstat_r200",FALSE,200,669,0
"nonstat_r200",FALSE,200,670,0
"nonstat_r200",FALSE,200,671,0.262972596250001
"nonstat_r200",FALSE,200,672,0.466825763899863
"nonstat_r200",FALSE,200,673,0.889449941905976
"nonstat_r200",FALSE,200,674,0.983840951702424
"nonstat_r200",FALSE,200,675,0.981422734095642
"nonstat_r200",FALSE,200,676,0.959001114049684
"nonstat_r200",FALSE,200,677,0.887315485566973
"nonstat_r200",FALSE,200,678,0.726444458582202
"nonstat_r200",FALSE,200,679,0.517231861931102
"nonstat_r200",FALSE,200,680,0.500272212019966
"nonstat_r200",FALSE,200,681,0.39096566455996
"nonstat_r200",FALSE,200,682,0.284329363551751
"nonstat_r200",FALSE,200,683,0.32303358507167
"nonstat_r200",FALSE,200,684,0.510458927909471
"nonstat_r200",FALSE,200,685,0.67257039347567
"nonstat_r200",FALSE,200,686,0.723058250228819
"nonstat_r200",FALSE,200,687,0.723596746883165
"nonstat_r200",FALSE,200,688,0.558866574989137
"nonstat_r200",FALSE,200,689,0.159861517086397
"nonstat_r200",FALSE,200,690,0.0490277723304741
"nonstat_r200",FALSE,200,691,0.0356844702533343
"nonstat_r200",FALSE,200,692,0.0451542903897273
"nonstat_r200",FALSE,200,693,0.0583867959072397
"nonstat_r200",FALSE,200,694,0.0620227200442363
"nonstat_r200",FALSE,200,695,0.0757832128306735
"nonstat_r200",FALSE,200,696,0.142333041569969
"nonstat_r200",FALSE,200,697,0.302917526280856
"nonstat_r200",FALSE,200,698,0.431082660924537
"nonstat_r200",FALSE,200,699,0.402649756036855
"nonstat_r200",FALSE,200,700,0
"nonstat_r200",FALSE,200,701,0
"nonstat_r200",FALSE,200,702,0
"nonstat_r200",FALSE,200,703,0
"nonstat_r200",FALSE,200,704,0
"nonstat_r200",FALSE,200,705,0
"nonstat_r200",FALSE,200,706,0
"nonstat_r200",FALSE,200,707,0
"nonstat_r200",FALSE,200,708,0
"nonstat_r200",FALSE,200,709,0
"nonstat_r200",FALSE,200,710,0
"nonstat_r200",FALSE,200,711,0
"nonstat_r200",FALSE,200,712,0
"nonstat_r200",FALSE,200,713,0
"nonstat_r200",FALSE,200,714,0
"nonstat_r200",FALSE,200,715,0
"nonstat_r200",FALSE,200,716,0
"nonstat_r200",FALSE,200,717,0
"nonstat_r200",FALSE,200,718,0
"nonstat_r200",FALSE,200,719,0
"nonstat_r200",FALSE,200,720,0
"nonstat_r200",FALSE,200,721,0.41685835514785
"nonstat_r200",FALSE,200,722,0.533118466437891
"nonstat_r200",FALSE,200,723,0.773438720956438
"nonstat_r200",FALSE,200,724,0.928065506355588
"nonstat_r200",FALSE,200,725,0.901970559991297
"nonstat_r200",FALSE,200,726,0.831975514675504
"nonstat_r200",FALSE,200,727,0.779147535183839
"nonstat_r200",FALSE,200,728,0.681902882326225
"nonstat_r200",FALSE,200,729,0.556549144260486
"nonstat_r200",FALSE,200,730,0.396566559069957
"nonstat_r200",FALSE,200,731,0.375155822907083
"nonstat_r200",FALSE,200,732,0.284116923778384
"nonstat_r200",FALSE,200,733,0.195760256998421
"nonstat_r200",FALSE,200,734,0.320274672551829
"nonstat_r200",FALSE,200,735,0.50243874365452
"nonstat_r200",FALSE,200,736,0.636335448926443
"nonstat_r200",FALSE,200,737,0.743760432595008
"nonstat_r200",FALSE,200,738,0.59921244498317
"nonstat_r200",FALSE,200,739,0.27738492667091
"nonstat_r200",FALSE,200,740,0.104258439078004
"nonstat_r200",FALSE,200,741,0.0617389228437742
"nonstat_r200",FALSE,200,742,0.0530286116104688
"nonstat_r200",FALSE,200,743,0.0478537812234812
"nonstat_r200",FALSE,200,744,0.0553316910752604
"nonstat_r200",FALSE,200,745,0.0555836269700845
"nonstat_r200",FALSE,200,746,0.0715051083911262
"nonstat_r200",FALSE,200,747,0.130643130706356
"nonstat_r200",FALSE,200,748,0
"nonstat_r200",FALSE,200,749,0
"nonstat_r200",FALSE,200,750,0
"nonstat_r200",FALSE,200,751,0
"nonstat_r200",FALSE,200,752,0
"nonstat_r200",FALSE,200,753,0
"nonstat_r200",FALSE,200,754,0
"nonstat_r200",FALSE,200,755,0
"nonstat_r200",FALSE,200,756,0
"nonstat_r200",FALSE,200,757,0
"nonstat_r200",FALSE,200,758,0
"nonstat_r200",FALSE,200,759,0
"nonstat_r200",FALSE,200,760,0
"nonstat_r200",FALSE,200,761,0
"nonstat_r200",FALSE,200,762,0
"nonstat_r200",FALSE,200,763,0
"nonstat_r200",FALSE,200,764,0
"nonstat_r200",FALSE,200,765,0
"nonstat_r200",FALSE,200,766,0
"nonstat_r200",FALSE,200,767,0
"nonstat_r200",FALSE,200,768,0
"nonstat_r200",FALSE,200,769,0.196811590223299
"nonstat_r200",FALSE,200,770,0.279906597088683
"nonstat_r200",FALSE,200,771,0.428939005733807
"nonstat_r200",FALSE,200,772,0.56676441548322
"nonstat_r200",FALSE,200,773,0.755166114099387
"nonstat_r200",FALSE,200,774,0.807705252791302
"nonstat_r200",FALSE,200,775,0.753097208575662
"nonstat_r200",FALSE,200,776,0.555163941210927
"nonstat_r200",FALSE,200,777,0.415745199896125
"nonstat_r200",FALSE,200,778,0.478163479845373
"nonstat_r200",FALSE,200,779,0.41300823483903
"nonstat_r200",FALSE,200,780,0.253999199628281
"nonstat_r200",FALSE,200,781,0.262015251250709
"nonstat_r200",FALSE,200,782,0.164584913260444
"nonstat_r200",FALSE,200,783,0.103711624061551
"nonstat_r200",FALSE,200,784,0.224116959990701
"nonstat_r200",FALSE,200,785,0.350964204847194
"nonstat_r200",FALSE,200,786,0.426251116473989
"nonstat_r200",FALSE,200,787,0.412782932707411
"nonstat_r200",FALSE,200,788,0.343349334912676
"nonstat_r200",FALSE,200,789,0.239031632279803
"nonstat_r200",FALSE,200,790,0.150919034075986
"nonstat_r200",FALSE,200,791,0.0713682984542403
"nonstat_r200",FALSE,200,792,0.0309894908604982
"nonstat_r200",FALSE,200,793,0.0314026414414952
"nonstat_r200",FALSE,200,794,0.0346426807060633
"nonstat_r200",FALSE,200,795,0.0253261990706486
"nonstat_r200",FALSE,200,796,0.0456065477400044
"nonstat_r200",FALSE,200,797,0
"nonstat_r200",FALSE,200,798,0
"nonstat_r200",FALSE,200,799,0
"nonstat_r200",FALSE,200,800,0
"nonstat_r200",FALSE,200,801,0
"nonstat_r200",FALSE,200,802,0
"nonstat_r200",FALSE,200,803,0
"nonstat_r200",FALSE,200,804,0
"nonstat_r200",FALSE,200,805,0
"nonstat_r200",FALSE,200,806,0
"nonstat_r200",FALSE,200,807,0
"nonstat_r200",FALSE,200,808,0
"nonstat_r200",FALSE,200,809,0
"nonstat_r200",FALSE,200,810,0
"nonstat_r200",FALSE,200,811,0
"nonstat_r200",FALSE,200,812,0
"nonstat_r200",FALSE,200,813,0
"nonstat_r200",FALSE,200,814,0
"nonstat_r200",FALSE,200,815,0
"nonstat_r200",FALSE,200,816,0
"nonstat_r200",FALSE,200,817,0
"nonstat_r200",FALSE,200,818,0.1125996051434
"nonstat_r200",FALSE,200,819,0.120616017565028
"nonstat_r200",FALSE,200,820,0.152429809665096
"nonstat_r200",FALSE,200,821,0.270048550751928
"nonstat_r200",FALSE,200,822,0.517984824031072
"nonstat_r200",FALSE,200,823,0.749363997138616
"nonstat_r200",FALSE,200,824,0.680149796764122
"nonstat_r200",FALSE,200,825,0.6440103145986
"nonstat_r200",FALSE,200,826,0.489723763548102
"nonstat_r200",FALSE,200,827,0.251310517351133
"nonstat_r200",FALSE,200,828,0.180962243453246
"nonstat_r200",FALSE,200,829,0.149449969272376
"nonstat_r200",FALSE,200,830,0.113291982486522
"nonstat_r200",FALSE,200,831,0.0953376773377994
"nonstat_r200",FALSE,200,832,0.104721229144222
"nonstat_r200",FALSE,200,833,0.164845943950034
"nonstat_r200",FALSE,200,834,0.280061993735165
"nonstat_r200",FALSE,200,835,0.430378577007797
"nonstat_r200",FALSE,200,836,0.275766117322272
"nonstat_r200",FALSE,200,837,0.244911540462054
"nonstat_r200",FALSE,200,838,0.198583243850241
"nonstat_r200",FALSE,200,839,0.159556026340853
"nonstat_r200",FALSE,200,840,0.151012010674111
"nonstat_r200",FALSE,200,841,0.0650252207288427
"nonstat_r200",FALSE,200,842,0.0162338890166077
"nonstat_r200",FALSE,200,843,0.0174305268132448
"nonstat_r200",FALSE,200,844,0.0291732625611363
"nonstat_r200",FALSE,200,845,0.0226465231467306
"nonstat_r200",FALSE,200,846,0
"nonstat_r200",FALSE,200,847,0
"nonstat_r200",FALSE,200,848,0
"nonstat_r200",FALSE,200,849,0
"nonstat_r200",FALSE,200,850,0
"nonstat_r200",FALSE,200,851,0
"nonstat_r200",FALSE,200,852,0
"nonstat_r200",FALSE,200,853,0
"nonstat_r200",FALSE,200,854,0
"nonstat_r200",FALSE,200,855,0
"nonstat_r200",FALSE,200,856,0
"nonstat_r200",FALSE,200,857,0
"nonstat_r200",FALSE,200,858,0
"nonstat_r200",FALSE,200,859,0
"nonstat_r200",FALSE,200,860,0
"nonstat_r200",FALSE,200,861,0
"nonstat_r200",FALSE,200,862,0
"nonstat_r200",FALSE,200,863,0
"nonstat_r200",FALSE,200,864,0
"nonstat_r200",FALSE,200,865,0
"nonstat_r200",FALSE,200,866,0
"nonstat_r200",FALSE,200,867,0
"nonstat_r200",FALSE,200,868,0.0513464091442151
"nonstat_r200",FALSE,200,869,0.0440058607864542
"nonstat_r200",FALSE,200,870,0.0503342083987658
"nonstat_r200",FALSE,200,871,0.130107333487514
"nonstat_r200",FALSE,200,872,0.401209434569879
"nonstat_r200",FALSE,200,873,0.591623261844246
"nonstat_r200",FALSE,200,874,0.647542869532735
"nonstat_r200",FALSE,200,875,0.6387269583628
"nonstat_r200",FALSE,200,876,0.419064743061902
"nonstat_r200",FALSE,200,877,0.0901484978562858
"nonstat_r200",FALSE,200,878,0.0494528315689313
"nonstat_r200",FALSE,200,879,0.0375650463064657
"nonstat_r200",FALSE,200,880,0.0384779411894432
"nonstat_r200",FALSE,200,881,0.0667354474164581
"nonstat_r200",FALSE,200,882,0.127465645498816
"nonstat_r200",FALSE,200,883,0.25978801316129
"nonstat_r200",FALSE,200,884,0.374261029931993
"nonstat_r200",FALSE,200,885,0.458442151952886
"nonstat_r200",FALSE,200,886,0.344903411300688
"nonstat_r200",FALSE,200,887,0.247057756336606
"nonstat_r200",FALSE,200,888,0.140889402605585
"nonstat_r200",FALSE,200,889,0.080176647499753
"nonstat_r200",FALSE,200,890,0.0711353100921027
"nonstat_r200",FALSE,200,891,0.0494793787631
"nonstat_r200",FALSE,200,892,0.0250663338196778
"nonstat_r200",FALSE,200,893,0.0292480142594958
"nonstat_r200",FALSE,200,894,0.0445752292862917
"nonstat_r200",FALSE,200,895,0.0421672705450568
"nonstat_r200",FALSE,200,896,0
"nonstat_r200",FALSE,200,897,0
"nonstat_r200",FALSE,200,898,0
"nonstat_r200",FALSE,200,899,0
"nonstat_r200",FALSE,200,900,0
"nonstat_r200",FALSE,200,901,0
"nonstat_r200",FALSE,200,902,0
"nonstat_r200",FALSE,200,903,0
"nonstat_r200",FALSE,200,904,0
"nonstat_r200",FALSE,200,905,0
"nonstat_r200",FALSE,200,906,0
"nonstat_r200",FALSE,200,907,0
"nonstat_r200",FALSE,200,908,0
"nonstat_r200",FALSE,200,909,0
"nonstat_r200",FALSE,200,910,0
"nonstat_r200",FALSE,200,911,0
"nonstat_r200",FALSE,200,912,0
"nonstat_r200",FALSE,200,913,0
"nonstat_r200",FALSE,200,914,0
"nonstat_r200",FALSE,200,915,0
"nonstat_r200",FALSE,200,916,0
"nonstat_r200",FALSE,200,917,0
"nonstat_r200",FALSE,200,918,0.0200504244007836
"nonstat_r200",FALSE,200,919,0.0175371274188245
"nonstat_r200",FALSE,200,920,0.0183376119832662
"nonstat_r200",FALSE,200,921,0.0438631287645109
"nonstat_r200",FALSE,200,922,0.114169049280693
"nonstat_r200",FALSE,200,923,0.258252730456986
"nonstat_r200",FALSE,200,924,0.395244244465526
"nonstat_r200",FALSE,200,925,0.375109227065115
"nonstat_r200",FALSE,200,926,0.213051560568289
"nonstat_r200",FALSE,200,927,0.0356482424079186
"nonstat_r200",FALSE,200,928,0.0287876485639561
"nonstat_r200",FALSE,200,929,0.0516564771659888
"nonstat_r200",FALSE,200,930,0.0402833986526996
"nonstat_r200",FALSE,200,931,0.0916118426991906
"nonstat_r200",FALSE,200,932,0.196105804714186
"nonstat_r200",FALSE,200,933,0.302952634759891
"nonstat_r200",FALSE,200,934,0.369588545445059
"nonstat_r200",FALSE,200,935,0.463563572608932
"nonstat_r200",FALSE,200,936,0.413958448487368
"nonstat_r200",FALSE,200,937,0.236509866683764
"nonstat_r200",FALSE,200,938,0.0662587773405394
"nonstat_r200",FALSE,200,939,0.0271276418106438
"nonstat_r200",FALSE,200,940,0.0199214617476791
"nonstat_r200",FALSE,200,941,0.0270086107793689
"nonstat_r200",FALSE,200,942,0.0442278485828275
"nonstat_r200",FALSE,200,943,0.101286646271829
"nonstat_r200",FALSE,200,944,0.113632155020505
"nonstat_r200",FALSE,200,945,0
"nonstat_r200",FALSE,200,946,0
"nonstat_r200",FALSE,200,947,0
"nonstat_r200",FALSE,200,948,0
"nonstat_r200",FALSE,200,949,0
"nonstat_r200",FALSE,200,950,0
"nonstat_r200",FALSE,200,951,0
"nonstat_r200",FALSE,200,952,0
"nonstat_r200",FALSE,200,953,0
"nonstat_r200",FALSE,200,954,0
"nonstat_r200",FALSE,200,955,0
"nonstat_r200",FALSE,200,956,0
"nonstat_r200",FALSE,200,957,0
"nonstat_r200",FALSE,200,958,0
"nonstat_r200",FALSE,200,959,0
"nonstat_r200",FALSE,200,960,0
"nonstat_r200",FALSE,200,961,0
"nonstat_r200",FALSE,200,962,0
"nonstat_r200",FALSE,200,963,0
"nonstat_r200",FALSE,200,964,0
"nonstat_r200",FALSE,200,965,0
"nonstat_r200",FALSE,200,966,0
"nonstat_r200",FALSE,200,967,0
"nonstat_r200",FALSE,200,968,0.0164871709173517
"nonstat_r200",FALSE,200,969,0.0102546922524053
"nonstat_r200",FALSE,200,970,0.0104123375296139
"nonstat_r200",FALSE,200,971,0.0217880413635172
"nonstat_r200",FALSE,200,972,0.0449696043895251
"nonstat_r200",FALSE,200,973,0.121638194074877
"nonstat_r200",FALSE,200,974,0.160378766512835
"nonstat_r200",FALSE,200,975,0.181807469856087
"nonstat_r200",FALSE,200,976,0.107152945841104
"nonstat_r200",FALSE,200,977,0.0554384448117766
"nonstat_r200",FALSE,200,978,0.0428948274663755
"nonstat_r200",FALSE,200,979,0.0853484646757016
"nonstat_r200",FALSE,200,980,0.0942132923520003
"nonstat_r200",FALSE,200,981,0.155373268001712
"nonstat_r200",FALSE,200,982,0.296160541315971
"nonstat_r200",FALSE,200,983,0.435169387446588
"nonstat_r200",FALSE,200,984,0.470088132542928
"nonstat_r200",FALSE,200,985,0.496792522396983
"nonstat_r200",FALSE,200,986,0.387101037989968
"nonstat_r200",FALSE,200,987,0.252450649999871
"nonstat_r200",FALSE,200,988,0.0995399289510594
"nonstat_r200",FALSE,200,989,0.044623340231841
"nonstat_r200",FALSE,200,990,0.0486692006757784
"nonstat_r200",FALSE,200,991,0.0438839493407133
"nonstat_r200",FALSE,200,992,0.102148384205963
"nonstat_r200",FALSE,200,993,0.196188014284747
"nonstat_r200",FALSE,200,994,0.291761301614953
"nonstat_r200",FALSE,200,995,0
"nonstat_r200",FALSE,200,996,0
"nonstat_r200",FALSE,200,997,0
"nonstat_r200",FALSE,200,998,0
"nonstat_r200",FALSE,200,999,0
"nonstat_r200",FALSE,200,1000,0
"nonstat_r200",FALSE,200,1001,0
"nonstat_r200",FALSE,200,1002,0
"nonstat_r200",FALSE,200,1003,0
"nonstat_r200",FALSE,200,1004,0
"nonstat_r200",FALSE,200,1005,0
"nonstat_r200",FALSE,200,1006,0
"nonstat_r200",FALSE,200,1007,0
"nonstat_r200",FALSE,200,1008,0
"nonstat_r200",FALSE,200,1009,0
"nonstat_r200",FALSE,200,1010,0
"nonstat_r200",FALSE,200,1011,0.0629661981594528
"nonstat_r200",FALSE,200,1012,0.0648744132189847
"nonstat_r200",FALSE,200,1013,0
"nonstat_r200",FALSE,200,1014,0
"nonstat_r200",FALSE,200,1015,0
"nonstat_r200",FALSE,200,1016,0
"nonstat_r200",FALSE,200,1017,0
"nonstat_r200",FALSE,200,1018,0.0207254239361237
"nonstat_r200",FALSE,200,1019,0.0125254480982902
"nonstat_r200",FALSE,200,1020,0.013362221204158
"nonstat_r200",FALSE,200,1021,0.0163401994022301
"nonstat_r200",FALSE,200,1022,0.0173424702057886
"nonstat_r200",FALSE,200,1023,0.0313407641747112
"nonstat_r200",FALSE,200,1024,0.0598155986435739
"nonstat_r200",FALSE,200,1025,0.0826673944350383
"nonstat_r200",FALSE,200,1026,0.0641855024260704
"nonstat_r200",FALSE,200,1027,0.063158191253
"nonstat_r200",FALSE,200,1028,0.0808932868002803
"nonstat_r200",FALSE,200,1029,0.186495260469841
"nonstat_r200",FALSE,200,1030,0.234174142751465
"nonstat_r200",FALSE,200,1031,0.274738861300514
"nonstat_r200",FALSE,200,1032,0.419505401980053
"nonstat_r200",FALSE,200,1033,0.581936050102095
"nonstat_r200",FALSE,200,1034,0.555174136038397
"nonstat_r200",FALSE,200,1035,0.527930745834961
"nonstat_r200",FALSE,200,1036,0.415107887022027
"nonstat_r200",FALSE,200,1037,0.355143471519704
"nonstat_r200",FALSE,200,1038,0.240090046724009
"nonstat_r200",FALSE,200,1039,0.180694460156838
"nonstat_r200",FALSE,200,1040,0.120638647969333
"nonstat_r200",FALSE,200,1041,0.064275028840407
"nonstat_r200",FALSE,200,1042,0.149856237132941
"nonstat_r200",FALSE,200,1043,0.183767930587976
"nonstat_r200",FALSE,200,1044,0.314231643257076
"nonstat_r200",FALSE,200,1045,0
"nonstat_r200",FALSE,200,1046,0
"nonstat_r200",FALSE,200,1047,0
"nonstat_r200",FALSE,200,1048,0
"nonstat_r200",FALSE,200,1049,0
"nonstat_r200",FALSE,200,1050,0
"nonstat_r200",FALSE,200,1051,0
"nonstat_r200",FALSE,200,1052,0
"nonstat_r200",FALSE,200,1053,0
"nonstat_r200",FALSE,200,1054,0
"nonstat_r200",FALSE,200,1055,0
"nonstat_r200",FALSE,200,1056,0
"nonstat_r200",FALSE,200,1057,0
"nonstat_r200",FALSE,200,1058,0
"nonstat_r200",FALSE,200,1059,0
"nonstat_r200",FALSE,200,1060,0
"nonstat_r200",FALSE,200,1061,0
"nonstat_r200",FALSE,200,1062,0
"nonstat_r200",FALSE,200,1063,0
"nonstat_r200",FALSE,200,1064,0
"nonstat_r200",FALSE,200,1065,0
"nonstat_r200",FALSE,200,1066,0.0816752468678835
"nonstat_r200",FALSE,200,1067,0.0442957303233071
"nonstat_r200",FALSE,200,1068,0.0152442722624209
"nonstat_r200",FALSE,200,1069,0.00597734220674208
"nonstat_r200",FALSE,200,1070,0.00614265338957895
"nonstat_r200",FALSE,200,1071,0.00864982449992453
"nonstat_r200",FALSE,200,1072,0.00531713635081621
"nonstat_r200",FALSE,200,1073,0.00615499521076859
"nonstat_r200",FALSE,200,1074,0.00962534379298018
"nonstat_r200",FALSE,200,1075,0
"nonstat_r200",FALSE,200,1076,0
"nonstat_r200",FALSE,200,1077,0
"nonstat_r200",FALSE,200,1078,0.125341736088102
"nonstat_r200",FALSE,200,1079,0.143353190554181
"nonstat_r200",FALSE,200,1080,0.220442400163622
"nonstat_r200",FALSE,200,1081,0.319456699230061
"nonstat_r200",FALSE,200,1082,0.551181084064227
"nonstat_r200",FALSE,200,1083,0.627355461847421
"nonstat_r200",FALSE,200,1084,0.555939995280969
"nonstat_r200",FALSE,200,1085,0.545217235971306
"nonstat_r200",FALSE,200,1086,0.482990173842866
"nonstat_r200",FALSE,200,1087,0.516156927359439
"nonstat_r200",FALSE,200,1088,0.576596126383942
"nonstat_r200",FALSE,200,1089,0.532918952690233
"nonstat_r200",FALSE,200,1090,0.259386910950157
"nonstat_r200",FALSE,200,1091,0.157213907249668
"nonstat_r200",FALSE,200,1092,0.151922595732588
"nonstat_r200",FALSE,200,1093,0.153569676880779
"nonstat_r200",FALSE,200,1094,0.216393485171634
"nonstat_r200",FALSE,200,1095,0
"nonstat_r200",FALSE,200,1096,0
"nonstat_r200",FALSE,200,1097,0
"nonstat_r200",FALSE,200,1098,0
"nonstat_r200",FALSE,200,1099,0
"nonstat_r200",FALSE,200,1100,0
"nonstat_r200",FALSE,200,1101,0
"nonstat_r200",FALSE,200,1102,0
"nonstat_r200",FALSE,200,1103,0
"nonstat_r200",FALSE,200,1104,0
"nonstat_r200",FALSE,200,1105,0
"nonstat_r200",FALSE,200,1106,0
"nonstat_r200",FALSE,200,1107,0
"nonstat_r200",FALSE,200,1108,0
"nonstat_r200",FALSE,200,1109,0
"nonstat_r200",FALSE,200,1110,0
"nonstat_r200",FALSE,200,1111,0
"nonstat_r200",FALSE,200,1112,0
"nonstat_r200",FALSE,200,1113,0
"nonstat_r200",FALSE,200,1114,0
"nonstat_r200",FALSE,200,1115,0.181958891489146
"nonstat_r200",FALSE,200,1116,0.202612048432942
"nonstat_r200",FALSE,200,1117,0.0663320783479739
"nonstat_r200",FALSE,200,1118,0.0151420564890196
"nonstat_r200",FALSE,200,1119,0.0046662163974015
"nonstat_r200",FALSE,200,1120,0.00337646286523794
"nonstat_r200",FALSE,200,1121,0.00449288332663234
"nonstat_r200",FALSE,200,1122,0.00359987962588372
"nonstat_r200",FALSE,200,1123,0.00360531849155835
"nonstat_r200",FALSE,200,1124,0.00413550703013617
"nonstat_r200",FALSE,200,1125,0
"nonstat_r200",FALSE,200,1126,0
"nonstat_r200",FALSE,200,1127,0
"nonstat_r200",FALSE,200,1128,0
"nonstat_r200",FALSE,200,1129,0.128838697524201
"nonstat_r200",FALSE,200,1130,0.310288726132239
"nonstat_r200",FALSE,200,1131,0.443386074187778
"nonstat_r200",FALSE,200,1132,0.648065474167521
"nonstat_r200",FALSE,200,1133,0.751895529632813
"nonstat_r200",FALSE,200,1134,0.763540967667463
"nonstat_r200",FALSE,200,1135,0.775713897733037
"nonstat_r200",FALSE,200,1136,0.68728051706783
"nonstat_r200",FALSE,200,1137,0.69463158377466
"nonstat_r200",FALSE,200,1138,0.729551922082451
"nonstat_r200",FALSE,200,1139,0.601355859048234
"nonstat_r200",FALSE,200,1140,0.372335647396172
"nonstat_r200",FALSE,200,1141,0.328574669242855
"nonstat_r200",FALSE,200,1142,0.275481860968976
"nonstat_r200",FALSE,200,1143,0.132076334538935
"nonstat_r200",FALSE,200,1144,0
"nonstat_r200",FALSE,200,1145,0
"nonstat_r200",FALSE,200,1146,0
"nonstat_r200",FALSE,200,1147,0
"nonstat_r200",FALSE,200,1148,0
"nonstat_r200",FALSE,200,1149,0
"nonstat_r200",FALSE,200,1150,0
"nonstat_r200",FALSE,200,1151,0.392557082625165
"nonstat_r200",FALSE,200,1152,0
"nonstat_r200",FALSE,200,1153,0
"nonstat_r200",FALSE,200,1154,0
"nonstat_r200",FALSE,200,1155,0
"nonstat_r200",FALSE,200,1156,0
"nonstat_r200",FALSE,200,1157,0
"nonstat_r200",FALSE,200,1158,0
"nonstat_r200",FALSE,200,1159,0
"nonstat_r200",FALSE,200,1160,0
"nonstat_r200",FALSE,200,1161,0
"nonstat_r200",FALSE,200,1162,0
"nonstat_r200",FALSE,200,1163,0
"nonstat_r200",FALSE,200,1164,0
"nonstat_r200",FALSE,200,1165,0.156652521378408
"nonstat_r200",FALSE,200,1166,0.192019445439509
"nonstat_r200",FALSE,200,1167,0.101829341674763
"nonstat_r200",FALSE,200,1168,0.0368546843694879
"nonstat_r200",FALSE,200,1169,0.00954411074439008
"nonstat_r200",FALSE,200,1170,0.00930135603098776
"nonstat_r200",FALSE,200,1171,0.00550422166729357
"nonstat_r200",FALSE,200,1172,0.00349892065087994
"nonstat_r200",FALSE,200,1173,0.00381596709861919
"nonstat_r200",FALSE,200,1174,0.00445594393837526
"nonstat_r200",FALSE,200,1175,0.0061902203445039
"nonstat_r200",FALSE,200,1176,0
"nonstat_r200",FALSE,200,1177,0
"nonstat_r200",FALSE,200,1178,0.0692968838094494
"nonstat_r200",FALSE,200,1179,0.178292064780305
"nonstat_r200",FALSE,200,1180,0.452902014293995
"nonstat_r200",FALSE,200,1181,0.602469466123959
"nonstat_r200",FALSE,200,1182,0.761254606687043
"nonstat_r200",FALSE,200,1183,0.838418353431251
"nonstat_r200",FALSE,200,1184,0.875744662943926
"nonstat_r200",FALSE,200,1185,0.851256745189229
"nonstat_r200",FALSE,200,1186,0.721240402325497
"nonstat_r200",FALSE,200,1187,0.701988927329285
"nonstat_r200",FALSE,200,1188,0.725963916288512
"nonstat_r200",FALSE,200,1189,0.567891507064054
"nonstat_r200",FALSE,200,1190,0.402018039898991
"nonstat_r200",FALSE,200,1191,0.498471476400994
"nonstat_r200",FALSE,200,1192,0.497076968914413
"nonstat_r200",FALSE,200,1193,0.23394729978307
"nonstat_r200",FALSE,200,1194,0
"nonstat_r200",FALSE,200,1195,0
"nonstat_r200",FALSE,200,1196,0
"nonstat_r200",FALSE,200,1197,0
"nonstat_r200",FALSE,200,1198,0
"nonstat_r200",FALSE,200,1199,0
"nonstat_r200",FALSE,200,1200,0
"nonstat_r200",FALSE,200,1201,0.560798529835452
"nonstat_r200",FALSE,200,1202,0.400748179611285
"nonstat_r200",FALSE,200,1203,0.166726086074407
"nonstat_r200",FALSE,200,1204,0.033287173609784
"nonstat_r200",FALSE,200,1205,0.0113529963575053
"nonstat_r200",FALSE,200,1206,0.0190767785406906
"nonstat_r200",FALSE,200,1207,0
"nonstat_r200",FALSE,200,1208,0
"nonstat_r200",FALSE,200,1209,0
"nonstat_r200",FALSE,200,1210,0
"nonstat_r200",FALSE,200,1211,0
"nonstat_r200",FALSE,200,1212,0
"nonstat_r200",FALSE,200,1213,0
"nonstat_r200",FALSE,200,1214,0.0714087643361087
"nonstat_r200",FALSE,200,1215,0.0865340171116494
"nonstat_r200",FALSE,200,1216,0.164800863804287
"nonstat_r200",FALSE,200,1217,0.199335704978049
"nonstat_r200",FALSE,200,1218,0.189515140096734
"nonstat_r200",FALSE,200,1219,0.0944735015558695
"nonstat_r200",FALSE,200,1220,0.0347529675893014
"nonstat_r200",FALSE,200,1221,0.0120202176423667
"nonstat_r200",FALSE,200,1222,0.00594696501238612
"nonstat_r200",FALSE,200,1223,0.00319813142444053
"nonstat_r200",FALSE,200,1224,0.00417321402023507
"nonstat_r200",FALSE,200,1225,0.00881632155605599
"nonstat_r200",FALSE,200,1226,0.0223413230213277
"nonstat_r200",FALSE,200,1227,0
"nonstat_r200",FALSE,200,1228,0
"nonstat_r200",FALSE,200,1229,0.321005261581338
"nonstat_r200",FALSE,200,1230,0.560463300256936
"nonstat_r200",FALSE,200,1231,0.75003040304818
"nonstat_r200",FALSE,200,1232,0.854150441663579
"nonstat_r200",FALSE,200,1233,0.904096617828585
"nonstat_r200",FALSE,200,1234,0.898113275907663
"nonstat_r200",FALSE,200,1235,0.819026966708157
"nonstat_r200",FALSE,200,1236,0.688724620762429
"nonstat_r200",FALSE,200,1237,0.647363583035195
"nonstat_r200",FALSE,200,1238,0.622661363353658
"nonstat_r200",FALSE,200,1239,0.545953587922629
"nonstat_r200",FALSE,200,1240,0.500395183983516
"nonstat_r200",FALSE,200,1241,0.625350250547455
"nonstat_r200",FALSE,200,1242,0.675761218059515
"nonstat_r200",FALSE,200,1243,0
"nonstat_r200",FALSE,200,1244,0
"nonstat_r200",FALSE,200,1245,0
"nonstat_r200",FALSE,200,1246,0
"nonstat_r200",FALSE,200,1247,0
"nonstat_r200",FALSE,200,1248,0
"nonstat_r200",FALSE,200,1249,0
"nonstat_r200",FALSE,200,1250,0
"nonstat_r200",FALSE,200,1251,0.464095871149779
"nonstat_r200",FALSE,200,1252,0.285573926448143
"nonstat_r200",FALSE,200,1253,0.0902733699275349
"nonstat_r200",FALSE,200,1254,0.0207485305212395
"nonstat_r200",FALSE,200,1255,0.013799967614275
"nonstat_r200",FALSE,200,1256,0.0155921710217238
"nonstat_r200",FALSE,200,1257,0.0152253417286267
"nonstat_r200",FALSE,200,1258,0
"nonstat_r200",FALSE,200,1259,0
"nonstat_r200",FALSE,200,1260,0
"nonstat_r200",FALSE,200,1261,0
"nonstat_r200",FALSE,200,1262,0
"nonstat_r200",FALSE,200,1263,0.130685624180378
"nonstat_r200",FALSE,200,1264,0.124817820580952
"nonstat_r200",FALSE,200,1265,0.18722805587654
"nonstat_r200",FALSE,200,1266,0.279619815613268
"nonstat_r200",FALSE,200,1267,0.334335342177448
"nonstat_r200",FALSE,200,1268,0.417406126360008
"nonstat_r200",FALSE,200,1269,0.316489332358151
"nonstat_r200",FALSE,200,1270,0.219876043497961
"nonstat_r200",FALSE,200,1271,0.0597674544702036
"nonstat_r200",FALSE,200,1272,0.011718481634821
"nonstat_r200",FALSE,200,1273,0.00393692196245133
"nonstat_r200",FALSE,200,1274,0.00693150914217926
"nonstat_r200",FALSE,200,1275,0.0294709288631212
"nonstat_r200",FALSE,200,1276,0.0693231429380186
"nonstat_r200",FALSE,200,1277,0
"nonstat_r200",FALSE,200,1278,0
"nonstat_r200",FALSE,200,1279,0
"nonstat_r200",FALSE,200,1280,0.720930401616983
"nonstat_r200",FALSE,200,1281,0.762474511719478
"nonstat_r200",FALSE,200,1282,0.836374356427833
"nonstat_r200",FALSE,200,1283,0.869291226275094
"nonstat_r200",FALSE,200,1284,0.809688449566246
"nonstat_r200",FALSE,200,1285,0.692127442507488
"nonstat_r200",FALSE,200,1286,0.570427690731428
"nonstat_r200",FALSE,200,1287,0.660249079794213
"nonstat_r200",FALSE,200,1288,0.665355125017912
"nonstat_r200",FALSE,200,1289,0.658141559916549
"nonstat_r200",FALSE,200,1290,0.78547441387399
"nonstat_r200",FALSE,200,1291,0.878526077361344
"nonstat_r200",FALSE,200,1292,0
"nonstat_r200",FALSE,200,1293,0
"nonstat_r200",FALSE,200,1294,0
"nonstat_r200",FALSE,200,1295,0
"nonstat_r200",FALSE,200,1296,0
"nonstat_r200",FALSE,200,1297,0
"nonstat_r200",FALSE,200,1298,0
"nonstat_r200",FALSE,200,1299,0
"nonstat_r200",FALSE,200,1300,0
"nonstat_r200",FALSE,200,1301,0.430349159813158
"nonstat_r200",FALSE,200,1302,0.217974302286571
"nonstat_r200",FALSE,200,1303,0.0954425667894106
"nonstat_r200",FALSE,200,1304,0.0374029127744444
"nonstat_r200",FALSE,200,1305,0.0290741304699351
"nonstat_r200",FALSE,200,1306,0.0432293296604776
"nonstat_r200",FALSE,200,1307,0.0354542649625573
"nonstat_r200",FALSE,200,1308,0.0176771624561101
"nonstat_r200",FALSE,200,1309,0
"nonstat_r200",FALSE,200,1310,0
"nonstat_r200",FALSE,200,1311,0.260072545387147
"nonstat_r200",FALSE,200,1312,0.249512667115072
"nonstat_r200",FALSE,200,1313,0.216307608428957
"nonstat_r200",FALSE,200,1314,0.240556387208805
"nonstat_r200",FALSE,200,1315,0.472624952831442
"nonstat_r200",FALSE,200,1316,0.52770128329414
"nonstat_r200",FALSE,200,1317,0.516699125284059
"nonstat_r200",FALSE,200,1318,0.47227172176335
"nonstat_r200",FALSE,200,1319,0.348633930422501
"nonstat_r200",FALSE,200,1320,0.26463585500651
"nonstat_r200",FALSE,200,1321,0.154304821520276
"nonstat_r200",FALSE,200,1322,0.0445358081458568
"nonstat_r200",FALSE,200,1323,0.018547585256789
"nonstat_r200",FALSE,200,1324,0.043578219118165
"nonstat_r200",FALSE,200,1325,0.165318887207844
"nonstat_r200",FALSE,200,1326,0.311706898969198
"nonstat_r200",FALSE,200,1327,0.439340224143208
"nonstat_r200",FALSE,200,1328,0
"nonstat_r200",FALSE,200,1329,0
"nonstat_r200",FALSE,200,1330,0
"nonstat_r200",FALSE,200,1331,0.724689652707196
"nonstat_r200",FALSE,200,1332,0.678495677532416
"nonstat_r200",FALSE,200,1333,0.642839850565334
"nonstat_r200",FALSE,200,1334,0.731861856690714
"nonstat_r200",FALSE,200,1335,0.610500196624253
"nonstat_r200",FALSE,200,1336,0.591721965669307
"nonstat_r200",FALSE,200,1337,0.735672460198707
"nonstat_r200",FALSE,200,1338,0.744312747768053
"nonstat_r200",FALSE,200,1339,0.745537924115733
"nonstat_r200",FALSE,200,1340,0.855391923265229
"nonstat_r200",FALSE,200,1341,0.848605002138322
"nonstat_r200",FALSE,200,1342,0
"nonstat_r200",FALSE,200,1343,0
"nonstat_r200",FALSE,200,1344,0
"nonstat_r200",FALSE,200,1345,0
"nonstat_r200",FALSE,200,1346,0
"nonstat_r200",FALSE,200,1347,0
"nonstat_r200",FALSE,200,1348,0
"nonstat_r200",FALSE,200,1349,0
"nonstat_r200",FALSE,200,1350,0
"nonstat_r200",FALSE,200,1351,0.509132867502404
"nonstat_r200",FALSE,200,1352,0.293188991851359
"nonstat_r200",FALSE,200,1353,0.174316342506219
"nonstat_r200",FALSE,200,1354,0.173695877760744
"nonstat_r200",FALSE,200,1355,0.181292636106865
"nonstat_r200",FALSE,200,1356,0.160088039201981
"nonstat_r200",FALSE,200,1357,0.088874490633009
"nonstat_r200",FALSE,200,1358,0.0856211832525252
"nonstat_r200",FALSE,200,1359,0.156935230814668
"nonstat_r200",FALSE,200,1360,0.289180129361317
"nonstat_r200",FALSE,200,1361,0.355138043777573
"nonstat_r200",FALSE,200,1362,0.349586686424012
"nonstat_r200",FALSE,200,1363,0.302266776823357
"nonstat_r200",FALSE,200,1364,0.40269431317364
"nonstat_r200",FALSE,200,1365,0.651559101270909
"nonstat_r200",FALSE,200,1366,0.681816928314229
"nonstat_r200",FALSE,200,1367,0.699421922500146
"nonstat_r200",FALSE,200,1368,0.51320504287759
"nonstat_r200",FALSE,200,1369,0.349190351778837
"nonstat_r200",FALSE,200,1370,0.263256758636556
"nonstat_r200",FALSE,200,1371,0.247216433194962
"nonstat_r200",FALSE,200,1372,0.0952186821405014
"nonstat_r200",FALSE,200,1373,0.0673046406603594
"nonstat_r200",FALSE,200,1374,0.191212844029253
"nonstat_r200",FALSE,200,1375,0.415174563025477
"nonstat_r200",FALSE,200,1376,0.544774729928855
"nonstat_r200",FALSE,200,1377,0.632432600105235
"nonstat_r200",FALSE,200,1378,0.849037903260726
"nonstat_r200",FALSE,200,1379,0.928348146374815
"nonstat_r200",FALSE,200,1380,0
"nonstat_r200",FALSE,200,1381,0
"nonstat_r200",FALSE,200,1382,0.517795423333088
"nonstat_r200",FALSE,200,1383,0.542141201778521
"nonstat_r200",FALSE,200,1384,0
"nonstat_r200",FALSE,200,1385,0
"nonstat_r200",FALSE,200,1386,0
"nonstat_r200",FALSE,200,1387,0.764681939317663
"nonstat_r200",FALSE,200,1388,0.742391139738074
"nonstat_r200",FALSE,200,1389,0.817314421898703
"nonstat_r200",FALSE,200,1390,0.801523709438609
"nonstat_r200",FALSE,200,1391,0.707057459967701
"nonstat_r200",FALSE,200,1392,0
"nonstat_r200",FALSE,200,1393,0
"nonstat_r200",FALSE,200,1394,0
"nonstat_r200",FALSE,200,1395,0
"nonstat_r200",FALSE,200,1396,0
"nonstat_r200",FALSE,200,1397,0
"nonstat_r200",FALSE,200,1398,0
"nonstat_r200",FALSE,200,1399,0
"nonstat_r200",FALSE,200,1400,0
"nonstat_r200",FALSE,200,1401,0.663401856755787
"nonstat_r200",FALSE,200,1402,0.374028461204416
"nonstat_r200",FALSE,200,1403,0.286783269797914
"nonstat_r200",FALSE,200,1404,0.392862160239154
"nonstat_r200",FALSE,200,1405,0.538902765798211
"nonstat_r200",FALSE,200,1406,0.533866851376014
"nonstat_r200",FALSE,200,1407,0.311880762877724
"nonstat_r200",FALSE,200,1408,0.196782018133441
"nonstat_r200",FALSE,200,1409,0.33319050088636
"nonstat_r200",FALSE,200,1410,0.43022524774685
"nonstat_r200",FALSE,200,1411,0.460201493776741
"nonstat_r200",FALSE,200,1412,0.448809602328862
"nonstat_r200",FALSE,200,1413,0.398273610213898
"nonstat_r200",FALSE,200,1414,0.455005563009572
"nonstat_r200",FALSE,200,1415,0.697639545720889
"nonstat_r200",FALSE,200,1416,0.708076981454428
"nonstat_r200",FALSE,200,1417,0.696267369517236
"nonstat_r200",FALSE,200,1418,0.707112095110558
"nonstat_r200",FALSE,200,1419,0.593445889700582
"nonstat_r200",FALSE,200,1420,0.39962533598272
"nonstat_r200",FALSE,200,1421,0.34050852380021
"nonstat_r200",FALSE,200,1422,0.131789056749194
"nonstat_r200",FALSE,200,1423,0.0963952749285642
"nonstat_r200",FALSE,200,1424,0.216815985293616
"nonstat_r200",FALSE,200,1425,0.530480613482054
"nonstat_r200",FALSE,200,1426,0.661855193859535
"nonstat_r200",FALSE,200,1427,0.751508416887832
"nonstat_r200",FALSE,200,1428,0.919867139685566
"nonstat_r200",FALSE,200,1429,0.958443988828568
"nonstat_r200",FALSE,200,1430,0
"nonstat_r200",FALSE,200,1431,0
"nonstat_r200",FALSE,200,1432,0
"nonstat_r200",FALSE,200,1433,0
"nonstat_r200",FALSE,200,1434,0
"nonstat_r200",FALSE,200,1435,0
"nonstat_r200",FALSE,200,1436,0
"nonstat_r200",FALSE,200,1437,0.803932101841471
"nonstat_r200",FALSE,200,1438,0.774496917591219
"nonstat_r200",FALSE,200,1439,0.729113490679378
"nonstat_r200",FALSE,200,1440,0.770207416427306
"nonstat_r200",FALSE,200,1441,0
"nonstat_r200",FALSE,200,1442,0
"nonstat_r200",FALSE,200,1443,0
"nonstat_r200",FALSE,200,1444,0
"nonstat_r200",FALSE,200,1445,0
"nonstat_r200",FALSE,200,1446,0
"nonstat_r200",FALSE,200,1447,0
"nonstat_r200",FALSE,200,1448,0
"nonstat_r200",FALSE,200,1449,0
"nonstat_r200",FALSE,200,1450,0
"nonstat_r200",FALSE,200,1451,0.626910326888427
"nonstat_r200",FALSE,200,1452,0.336106365952687
"nonstat_r200",FALSE,200,1453,0.268285234273245
"nonstat_r200",FALSE,200,1454,0.528781282209062
"nonstat_r200",FALSE,200,1455,0.709819851148503
"nonstat_r200",FALSE,200,1456,0.796927988712852
"nonstat_r200",FALSE,200,1457,0.729476050766001
"nonstat_r200",FALSE,200,1458,0.499361003053567
"nonstat_r200",FALSE,200,1459,0.50117993781698
"nonstat_r200",FALSE,200,1460,0.598042574271539
"nonstat_r200",FALSE,200,1461,0.571626699459323
"nonstat_r200",FALSE,200,1462,0.377110158676635
"nonstat_r200",FALSE,200,1463,0.471511680316459
"nonstat_r200",FALSE,200,1464,0.513165017700941
"nonstat_r200",FALSE,200,1465,0.590991169771142
"nonstat_r200",FALSE,200,1466,0.709950055049412
"nonstat_r200",FALSE,200,1467,0.743573940696154
"nonstat_r200",FALSE,200,1468,0.783965467804201
"nonstat_r200",FALSE,200,1469,0.799970465324278
"nonstat_r200",FALSE,200,1470,0.696165600816604
"nonstat_r200",FALSE,200,1471,0.575633327669701
"nonstat_r200",FALSE,200,1472,0.334121367322791
"nonstat_r200",FALSE,200,1473,0.218153325738426
"nonstat_r200",FALSE,200,1474,0.281205895119958
"nonstat_r200",FALSE,200,1475,0.619974537968296
"nonstat_r200",FALSE,200,1476,0.71821090605926
"nonstat_r200",FALSE,200,1477,0.853567428719901
"nonstat_r200",FALSE,200,1478,0.894462387885043
"nonstat_r200",FALSE,200,1479,0.926483242517434
"nonstat_r200",FALSE,200,1480,0.903593686340619
"nonstat_r200",FALSE,200,1481,0.765948326308931
"nonstat_r200",FALSE,200,1482,0.751255404049008
"nonstat_r200",FALSE,200,1483,0
"nonstat_r200",FALSE,200,1484,0.589123638317502
"nonstat_r200",FALSE,200,1485,0.695148323009142
"nonstat_r200",FALSE,200,1486,0.714988428119554
"nonstat_r200",FALSE,200,1487,0.767742129406542
"nonstat_r200",FALSE,200,1488,0.802570686431874
"nonstat_r200",FALSE,200,1489,0.816562985378336
"nonstat_r200",FALSE,200,1490,0.813769574369803
"nonstat_r200",FALSE,200,1491,0.715733899263277
"nonstat_r200",FALSE,200,1492,0.630104386626705
"nonstat_r200",FALSE,200,1493,0
"nonstat_r200",FALSE,200,1494,0
"nonstat_r200",FALSE,200,1495,0
"nonstat_r200",FALSE,200,1496,0
"nonstat_r200",FALSE,200,1497,0
"nonstat_r200",FALSE,200,1498,0
"nonstat_r200",FALSE,200,1499,0
"nonstat_r200",FALSE,200,1500,0
"nonstat_r200",FALSE,200,1501,0.627959665011033
"nonstat_r200",FALSE,200,1502,0.387119456286124
"nonstat_r200",FALSE,200,1503,0.578175970556586
"nonstat_r200",FALSE,200,1504,0.697018536548426
"nonstat_r200",FALSE,200,1505,0.762900096680598
"nonstat_r200",FALSE,200,1506,0.822573277870465
"nonstat_r200",FALSE,200,1507,0.804750756448383
"nonstat_r200",FALSE,200,1508,0.812964938506034
"nonstat_r200",FALSE,200,1509,0.708891429564681
"nonstat_r200",FALSE,200,1510,0.666923868842016
"nonstat_r200",FALSE,200,1511,0.564819615310746
"nonstat_r200",FALSE,200,1512,0.298830991829374
"nonstat_r200",FALSE,200,1513,0.358322279325093
"nonstat_r200",FALSE,200,1514,0.527791722385069
"nonstat_r200",FALSE,200,1515,0.565542375326105
"nonstat_r200",FALSE,200,1516,0.709680407168719
"nonstat_r200",FALSE,200,1517,0.839358715367566
"nonstat_r200",FALSE,200,1518,0.858914859764778
"nonstat_r200",FALSE,200,1519,0.826608337676596
"nonstat_r200",FALSE,200,1520,0.735146436823935
"nonstat_r200",FALSE,200,1521,0.679917471894153
"nonstat_r200",FALSE,200,1522,0.549753794865047
"nonstat_r200",FALSE,200,1523,0.566093482724546
"nonstat_r200",FALSE,200,1524,0.630461771655996
"nonstat_r200",FALSE,200,1525,0.67450971085635
"nonstat_r200",FALSE,200,1526,0.674069109714035
"nonstat_r200",FALSE,200,1527,0.814284173962568
"nonstat_r200",FALSE,200,1528,0.772571622695405
"nonstat_r200",FALSE,200,1529,0.82784618955923
"nonstat_r200",FALSE,200,1530,0.864300965025174
"nonstat_r200",FALSE,200,1531,0.757920545676766
"nonstat_r200",FALSE,200,1532,0.707265902890737
"nonstat_r200",FALSE,200,1533,0.690077891687608
"nonstat_r200",FALSE,200,1534,0.764460319989143
"nonstat_r200",FALSE,200,1535,0.769979031648193
"nonstat_r200",FALSE,200,1536,0.716131093923905
"nonstat_r200",FALSE,200,1537,0.792990336991586
"nonstat_r200",FALSE,200,1538,0.840490885932757
"nonstat_r200",FALSE,200,1539,0.827444555355208
"nonstat_r200",FALSE,200,1540,0.745355172876264
"nonstat_r200",FALSE,200,1541,0.758021056129869
"nonstat_r200",FALSE,200,1542,0.760444789371749
"nonstat_r200",FALSE,200,1543,0.682404638566761
"nonstat_r200",FALSE,200,1544,0.482390260223634
"nonstat_r200",FALSE,200,1545,0
"nonstat_r200",FALSE,200,1546,0
"nonstat_r200",FALSE,200,1547,0
"nonstat_r200",FALSE,200,1548,0
"nonstat_r200",FALSE,200,1549,0
"nonstat_r200",FALSE,200,1550,0
"nonstat_r200",FALSE,200,1551,0.715235440737404
"nonstat_r200",FALSE,200,1552,0.60232636529046
"nonstat_r200",FALSE,200,1553,0.762680734736372
"nonstat_r200",FALSE,200,1554,0.74010456662407
"nonstat_r200",FALSE,200,1555,0.795356824194757
"nonstat_r200",FALSE,200,1556,0.792016937277629
"nonstat_r200",FALSE,200,1557,0.839607645525222
"nonstat_r200",FALSE,200,1558,0.859233395840712
"nonstat_r200",FALSE,200,1559,0.818287562847157
"nonstat_r200",FALSE,200,1560,0.795774745864644
"nonstat_r200",FALSE,200,1561,0.648585872810297
"nonstat_r200",FALSE,200,1562,0.424822160160963
"nonstat_r200",FALSE,200,1563,0.346814134105665
"nonstat_r200",FALSE,200,1564,0.384873524216595
"nonstat_r200",FALSE,200,1565,0.594580670944899
"nonstat_r200",FALSE,200,1566,0.79970297834566
"nonstat_r200",FALSE,200,1567,0.874865059620553
"nonstat_r200",FALSE,200,1568,0.866979975331754
"nonstat_r200",FALSE,200,1569,0.838186347385215
"nonstat_r200",FALSE,200,1570,0.828745176034445
"nonstat_r200",FALSE,200,1571,0.800342101634303
"nonstat_r200",FALSE,200,1572,0.720985528791333
"nonstat_r200",FALSE,200,1573,0.708395311782037
"nonstat_r200",FALSE,200,1574,0.735115472661818
"nonstat_r200",FALSE,200,1575,0.798369822805437
"nonstat_r200",FALSE,200,1576,0.686004986241233
"nonstat_r200",FALSE,200,1577,0.613004404771605
"nonstat_r200",FALSE,200,1578,0.441863765985895
"nonstat_r200",FALSE,200,1579,0.578341306933322
"nonstat_r200",FALSE,200,1580,0.725995137573268
"nonstat_r200",FALSE,200,1581,0.532125155554752
"nonstat_r200",FALSE,200,1582,0.488435761631932
"nonstat_r200",FALSE,200,1583,0.596262598969941
"nonstat_r200",FALSE,200,1584,0.763496815314125
"nonstat_r200",FALSE,200,1585,0.820471831317804
"nonstat_r200",FALSE,200,1586,0.763084852096235
"nonstat_r200",FALSE,200,1587,0.712356926791144
"nonstat_r200",FALSE,200,1588,0.674322296072091
"nonstat_r200",FALSE,200,1589,0.650291331116676
"nonstat_r200",FALSE,200,1590,0.5852020209224
"nonstat_r200",FALSE,200,1591,0.775233345072625
"nonstat_r200",FALSE,200,1592,0.919174703493021
"nonstat_r200",FALSE,200,1593,0.887365631381298
"nonstat_r200",FALSE,200,1594,0.667743635008753
"nonstat_r200",FALSE,200,1595,0.561785047855468
"nonstat_r200",FALSE,200,1596,0.717010791010146
"nonstat_r200",FALSE,200,1597,0
"nonstat_r200",FALSE,200,1598,0
"nonstat_r200",FALSE,200,1599,0
"nonstat_r200",FALSE,200,1600,0
"nonstat_r200",FALSE,200,1601,0.808737414739838
"nonstat_r200",FALSE,200,1602,0.708012642735024
"nonstat_r200",FALSE,200,1603,0.679546001268938
"nonstat_r200",FALSE,200,1604,0.737761418764118
"nonstat_r200",FALSE,200,1605,0.743062213050879
"nonstat_r200",FALSE,200,1606,0.72494986727464
"nonstat_r200",FALSE,200,1607,0.860261190889072
"nonstat_r200",FALSE,200,1608,0.884401658612215
"nonstat_r200",FALSE,200,1609,0.856636219300819
"nonstat_r200",FALSE,200,1610,0.796674390422098
"nonstat_r200",FALSE,200,1611,0.801703053852714
"nonstat_r200",FALSE,200,1612,0.717725796661802
"nonstat_r200",FALSE,200,1613,0.508576870952827
"nonstat_r200",FALSE,200,1614,0.49661227901342
"nonstat_r200",FALSE,200,1615,0.737555110500978
"nonstat_r200",FALSE,200,1616,0.864895818730658
"nonstat_r200",FALSE,200,1617,0.840541550637494
"nonstat_r200",FALSE,200,1618,0.849518197122907
"nonstat_r200",FALSE,200,1619,0.887229031734199
"nonstat_r200",FALSE,200,1620,0.922749477181521
"nonstat_r200",FALSE,200,1621,0.8972442875229
"nonstat_r200",FALSE,200,1622,0.85403893258378
"nonstat_r200",FALSE,200,1623,0.873027584618013
"nonstat_r200",FALSE,200,1624,0.807336071355157
"nonstat_r200",FALSE,200,1625,0.776697336757934
"nonstat_r200",FALSE,200,1626,0.617130600985871
"nonstat_r200",FALSE,200,1627,0.445231851803461
"nonstat_r200",FALSE,200,1628,0.20451817692141
"nonstat_r200",FALSE,200,1629,0.387515496962785
"nonstat_r200",FALSE,200,1630,0.508845069377561
"nonstat_r200",FALSE,200,1631,0.270761666949976
"nonstat_r200",FALSE,200,1632,0.254872982205945
"nonstat_r200",FALSE,200,1633,0.386389372030754
"nonstat_r200",FALSE,200,1634,0.586096934538042
"nonstat_r200",FALSE,200,1635,0.740188258102908
"nonstat_r200",FALSE,200,1636,0.61105025172535
"nonstat_r200",FALSE,200,1637,0.425687381167334
"nonstat_r200",FALSE,200,1638,0.516172425761332
"nonstat_r200",FALSE,200,1639,0.435962617584349
"nonstat_r200",FALSE,200,1640,0.455237818430919
"nonstat_r200",FALSE,200,1641,0.866443891303067
"nonstat_r200",FALSE,200,1642,0.96983718829746
"nonstat_r200",FALSE,200,1643,0.956546751743034
"nonstat_r200",FALSE,200,1644,0.821457064700461
"nonstat_r200",FALSE,200,1645,0.694599812917788
"nonstat_r200",FALSE,200,1646,0.77111271011204
"nonstat_r200",FALSE,200,1647,0.73575689837155
"nonstat_r200",FALSE,200,1648,0.729277191905999
"nonstat_r200",FALSE,200,1649,0
"nonstat_r200",FALSE,200,1650,0
"nonstat_r200",FALSE,200,1651,0.778228513707421
"nonstat_r200",FALSE,200,1652,0.728607678289666
"nonstat_r200",FALSE,200,1653,0.781183084539107
"nonstat_r200",FALSE,200,1654,0.746819669936058
"nonstat_r200",FALSE,200,1655,0.696736858500439
"nonstat_r200",FALSE,200,1656,0.712741898577033
"nonstat_r200",FALSE,200,1657,0.815668625167492
"nonstat_r200",FALSE,200,1658,0.933019891285138
"nonstat_r200",FALSE,200,1659,0.942642753571638
"nonstat_r200",FALSE,200,1660,0.913255742043447
"nonstat_r200",FALSE,200,1661,0.927239665116772
"nonstat_r200",FALSE,200,1662,0.846802252990284
"nonstat_r200",FALSE,200,1663,0.815472906553508
"nonstat_r200",FALSE,200,1664,0.834470718069506
"nonstat_r200",FALSE,200,1665,0.89304975028541
"nonstat_r200",FALSE,200,1666,0.934667018139404
"nonstat_r200",FALSE,200,1667,0.924137595027766
"nonstat_r200",FALSE,200,1668,0.910939894551875
"nonstat_r200",FALSE,200,1669,0.934885800175518
"nonstat_r200",FALSE,200,1670,0.956166652161547
"nonstat_r200",FALSE,200,1671,0.949713432359899
"nonstat_r200",FALSE,200,1672,0.96859952503391
"nonstat_r200",FALSE,200,1673,0.955458852454313
"nonstat_r200",FALSE,200,1674,0.801744533004136
"nonstat_r200",FALSE,200,1675,0.641002910823434
"nonstat_r200",FALSE,200,1676,0.584188778335456
"nonstat_r200",FALSE,200,1677,0.315227605918809
"nonstat_r200",FALSE,200,1678,0.245276386416991
"nonstat_r200",FALSE,200,1679,0.413197366442947
"nonstat_r200",FALSE,200,1680,0.327613733037801
"nonstat_r200",FALSE,200,1681,0.211676212130927
"nonstat_r200",FALSE,200,1682,0.270894474863179
"nonstat_r200",FALSE,200,1683,0.261594993888907
"nonstat_r200",FALSE,200,1684,0.408467660937684
"nonstat_r200",FALSE,200,1685,0.55403549057545
"nonstat_r200",FALSE,200,1686,0.432623743935049
"nonstat_r200",FALSE,200,1687,0.373946519699275
"nonstat_r200",FALSE,200,1688,0.42133372087104
"nonstat_r200",FALSE,200,1689,0.396415820782573
"nonstat_r200",FALSE,200,1690,0.555148100089823
"nonstat_r200",FALSE,200,1691,0.936408699352951
"nonstat_r200",FALSE,200,1692,0.985986504589094
"nonstat_r200",FALSE,200,1693,0.966914819942224
"nonstat_r200",FALSE,200,1694,0.844712089769964
"nonstat_r200",FALSE,200,1695,0.71557296886939
"nonstat_r200",FALSE,200,1696,0.820146143489426
"nonstat_r200",FALSE,200,1697,0.741687694828209
"nonstat_r200",FALSE,200,1698,0.639595891781721
"nonstat_r200",FALSE,200,1699,0
"nonstat_r200",FALSE,200,1700,0
"nonstat_r200",FALSE,200,1701,0.83586068360737
"nonstat_r200",FALSE,200,1702,0.832940965578004
"nonstat_r200",FALSE,200,1703,0.822206463652039
"nonstat_r200",FALSE,200,1704,0.627098213048218
"nonstat_r200",FALSE,200,1705,0.583921636398194
"nonstat_r200",FALSE,200,1706,0.698420152054879
"nonstat_r200",FALSE,200,1707,0.801905291948114
"nonstat_r200",FALSE,200,1708,0.938982990586828
"nonstat_r200",FALSE,200,1709,0.972782689259695
"nonstat_r200",FALSE,200,1710,0.96780044758609
"nonstat_r200",FALSE,200,1711,0.953524739102131
"nonstat_r200",FALSE,200,1712,0.92175639234689
"nonstat_r200",FALSE,200,1713,0.904779618908229
"nonstat_r200",FALSE,200,1714,0.902354200892342
"nonstat_r200",FALSE,200,1715,0.919233249718237
"nonstat_r200",FALSE,200,1716,0.968708172066071
"nonstat_r200",FALSE,200,1717,0.976943424963567
"nonstat_r200",FALSE,200,1718,0.977008074952461
"nonstat_r200",FALSE,200,1719,0.975057669292618
"nonstat_r200",FALSE,200,1720,0.982646533791397
"nonstat_r200",FALSE,200,1721,0.985422287585976
"nonstat_r200",FALSE,200,1722,0.980477532236862
"nonstat_r200",FALSE,200,1723,0.932017641506589
"nonstat_r200",FALSE,200,1724,0.68074535285023
"nonstat_r200",FALSE,200,1725,0.420841735132709
"nonstat_r200",FALSE,200,1726,0.364182780363416
"nonstat_r200",FALSE,200,1727,0.270089438171834
"nonstat_r200",FALSE,200,1728,0.366844177855488
"nonstat_r200",FALSE,200,1729,0.537538951884433
"nonstat_r200",FALSE,200,1730,0.437401889697993
"nonstat_r200",FALSE,200,1731,0.351652727964081
"nonstat_r200",FALSE,200,1732,0.334744734395631
"nonstat_r200",FALSE,200,1733,0.229679912537882
"nonstat_r200",FALSE,200,1734,0.318267962292056
"nonstat_r200",FALSE,200,1735,0.433278770783159
"nonstat_r200",FALSE,200,1736,0.439643122501049
"nonstat_r200",FALSE,200,1737,0.441491376542928
"nonstat_r200",FALSE,200,1738,0.299304793483879
"nonstat_r200",FALSE,200,1739,0.342488737999922
"nonstat_r200",FALSE,200,1740,0.650496603387228
"nonstat_r200",FALSE,200,1741,0.933128061380531
"nonstat_r200",FALSE,200,1742,0.972447542645389
"nonstat_r200",FALSE,200,1743,0.94018705836531
"nonstat_r200",FALSE,200,1744,0.82031469441045
"nonstat_r200",FALSE,200,1745,0.72929460663938
"nonstat_r200",FALSE,200,1746,0.755112001367023
"nonstat_r200",FALSE,200,1747,0.723752827111792
"nonstat_r200",FALSE,200,1748,0.737432266685773
"nonstat_r200",FALSE,200,1749,0
"nonstat_r200",FALSE,200,1750,0
"nonstat_r200",FALSE,200,1751,0.928650175646009
"nonstat_r200",FALSE,200,1752,0.947436015234392
"nonstat_r200",FALSE,200,1753,0.939965130436621
"nonstat_r200",FALSE,200,1754,0.831974269545652
"nonstat_r200",FALSE,200,1755,0.714907032826785
"nonstat_r200",FALSE,200,1756,0.723347882962854
"nonstat_r200",FALSE,200,1757,0.763114959233319
"nonstat_r200",FALSE,200,1758,0.909969138777463
"nonstat_r200",FALSE,200,1759,0.980551088860868
"nonstat_r200",FALSE,200,1760,0.985679363643872
"nonstat_r200",FALSE,200,1761,0.986513552040461
"nonstat_r200",FALSE,200,1762,0.971530453178481
"nonstat_r200",FALSE,200,1763,0.957858352379358
"nonstat_r200",FALSE,200,1764,0.922777814604771
"nonstat_r200",FALSE,200,1765,0.855727494034725
"nonstat_r200",FALSE,200,1766,0.953505745789427
"nonstat_r200",FALSE,200,1767,0.97934784513571
"nonstat_r200",FALSE,200,1768,0.979792333682459
"nonstat_r200",FALSE,200,1769,0.99101823002879
"nonstat_r200",FALSE,200,1770,0.99392255333716
"nonstat_r200",FALSE,200,1771,0.991572521318203
"nonstat_r200",FALSE,200,1772,0.982285917524833
"nonstat_r200",FALSE,200,1773,0.922862367782305
"nonstat_r200",FALSE,200,1774,0.719886161296577
"nonstat_r200",FALSE,200,1775,0.451756285406917
"nonstat_r200",FALSE,200,1776,0.288062433023815
"nonstat_r200",FALSE,200,1777,0.325981062179063
"nonstat_r200",FALSE,200,1778,0.330506755500599
"nonstat_r200",FALSE,200,1779,0.460403114812144
"nonstat_r200",FALSE,200,1780,0.540494751142783
"nonstat_r200",FALSE,200,1781,0.516842721897202
"nonstat_r200",FALSE,200,1782,0.456331980818925
"nonstat_r200",FALSE,200,1783,0.398803618183982
"nonstat_r200",FALSE,200,1784,0.449492319212976
"nonstat_r200",FALSE,200,1785,0.430568124714121
"nonstat_r200",FALSE,200,1786,0.432942203086971
"nonstat_r200",FALSE,200,1787,0.47138051953745
"nonstat_r200",FALSE,200,1788,0.335183648418409
"nonstat_r200",FALSE,200,1789,0.365286327233472
"nonstat_r200",FALSE,200,1790,0.690443707495854
"nonstat_r200",FALSE,200,1791,0.89969344910345
"nonstat_r200",FALSE,200,1792,0.93938866428177
"nonstat_r200",FALSE,200,1793,0.890997953813
"nonstat_r200",FALSE,200,1794,0.802941468319537
"nonstat_r200",FALSE,200,1795,0.6930351555037
"nonstat_r200",FALSE,200,1796,0.745188496666156
"nonstat_r200",FALSE,200,1797,0.630606824762205
"nonstat_r200",FALSE,200,1798,0
"nonstat_r200",FALSE,200,1799,0
"nonstat_r200",FALSE,200,1800,0
"nonstat_r200",FALSE,200,1801,0.984955381490783
"nonstat_r200",FALSE,200,1802,0.983685522559283
"nonstat_r200",FALSE,200,1803,0.98262813370605
"nonstat_r200",FALSE,200,1804,0.940841524107107
"nonstat_r200",FALSE,200,1805,0.834823336384669
"nonstat_r200",FALSE,200,1806,0.874770714014669
"nonstat_r200",FALSE,200,1807,0.8648743653109
"nonstat_r200",FALSE,200,1808,0.925750381567795
"nonstat_r200",FALSE,200,1809,0.985999903264513
"nonstat_r200",FALSE,200,1810,0.994189359653583
"nonstat_r200",FALSE,200,1811,0.994671100920113
"nonstat_r200",FALSE,200,1812,0.986477572058614
"nonstat_r200",FALSE,200,1813,0.984574967064649
"nonstat_r200",FALSE,200,1814,0.95904972973036
"nonstat_r200",FALSE,200,1815,0.881014033801143
"nonstat_r200",FALSE,200,1816,0.915805926811347
"nonstat_r200",FALSE,200,1817,0.971067539887842
"nonstat_r200",FALSE,200,1818,0.976665921480626
"nonstat_r200",FALSE,200,1819,0.994972346050881
"nonstat_r200",FALSE,200,1820,0.996136103292385
"nonstat_r200",FALSE,200,1821,0.994809642316993
"nonstat_r200",FALSE,200,1822,0.983199288733883
"nonstat_r200",FALSE,200,1823,0.944629764803175
"nonstat_r200",FALSE,200,1824,0.845856306587275
"nonstat_r200",FALSE,200,1825,0.718181302156745
"nonstat_r200",FALSE,200,1826,0.542544775241834
"nonstat_r200",FALSE,200,1827,0.541745267282611
"nonstat_r200",FALSE,200,1828,0.523455996679849
"nonstat_r200",FALSE,200,1829,0.625785018206761
"nonstat_r200",FALSE,200,1830,0.631515533275426
"nonstat_r200",FALSE,200,1831,0.653403793140338
"nonstat_r200",FALSE,200,1832,0.516462164081526
"nonstat_r200",FALSE,200,1833,0.528773901978994
"nonstat_r200",FALSE,200,1834,0.642023732689842
"nonstat_r200",FALSE,200,1835,0.405155573155781
"nonstat_r200",FALSE,200,1836,0.31514336297865
"nonstat_r200",FALSE,200,1837,0.307567280711641
"nonstat_r200",FALSE,200,1838,0.337435433907565
"nonstat_r200",FALSE,200,1839,0.448127058456639
"nonstat_r200",FALSE,200,1840,0.735686548392629
"nonstat_r200",FALSE,200,1841,0.878666342281584
"nonstat_r200",FALSE,200,1842,0.885020234118326
"nonstat_r200",FALSE,200,1843,0
"nonstat_r200",FALSE,200,1844,0.667096509018458
"nonstat_r200",FALSE,200,1845,0.641360210059836
"nonstat_r200",FALSE,200,1846,0.699445570610753
"nonstat_r200",FALSE,200,1847,0.554552051403771
"nonstat_r200",FALSE,200,1848,0
"nonstat_r200",FALSE,200,1849,0
"nonstat_r200",FALSE,200,1850,0
"nonstat_r200",FALSE,200,1851,0.99331604546459
"nonstat_r200",FALSE,200,1852,0.99330752958312
"nonstat_r200",FALSE,200,1853,0.989561322643037
"nonstat_r200",FALSE,200,1854,0.972516390504757
"nonstat_r200",FALSE,200,1855,0.951448274070246
"nonstat_r200",FALSE,200,1856,0.950845829198144
"nonstat_r200",FALSE,200,1857,0.943635259441003
"nonstat_r200",FALSE,200,1858,0.964559485419615
"nonstat_r200",FALSE,200,1859,0.985578669759673
"nonstat_r200",FALSE,200,1860,0.99311945954412
"nonstat_r200",FALSE,200,1861,0.992466099671654
"nonstat_r200",FALSE,200,1862,0.981580493980998
"nonstat_r200",FALSE,200,1863,0.984233785817775
"nonstat_r200",FALSE,200,1864,0.958689215255971
"nonstat_r200",FALSE,200,1865,0.915342716680009
"nonstat_r200",FALSE,200,1866,0.943885614552576
"nonstat_r200",FALSE,200,1867,0.976604325273178
"nonstat_r200",FALSE,200,1868,0.985283150122891
"nonstat_r200",FALSE,200,1869,0.994513254946294
"nonstat_r200",FALSE,200,1870,0.995702814014593
"nonstat_r200",FALSE,200,1871,0.992602554125211
"nonstat_r200",FALSE,200,1872,0.980319480069175
"nonstat_r200",FALSE,200,1873,0.964583860137476
"nonstat_r200",FALSE,200,1874,0.911548114236033
"nonstat_r200",FALSE,200,1875,0.826017846447888
"nonstat_r200",FALSE,200,1876,0.791479708091884
"nonstat_r200",FALSE,200,1877,0.781836529121486
"nonstat_r200",FALSE,200,1878,0.772121202074228
"nonstat_r200",FALSE,200,1879,0.733912155234427
"nonstat_r200",FALSE,200,1880,0.653648680899248
"nonstat_r200",FALSE,200,1881,0.546203920993075
"nonstat_r200",FALSE,200,1882,0.630248999940244
"nonstat_r200",FALSE,200,1883,0.635919414749529
"nonstat_r200",FALSE,200,1884,0.606770863631068
"nonstat_r200",FALSE,200,1885,0.480677108752396
"nonstat_r200",FALSE,200,1886,0.447816090831382
"nonstat_r200",FALSE,200,1887,0.442896640732993
"nonstat_r200",FALSE,200,1888,0.544887209902373
"nonstat_r200",FALSE,200,1889,0.620207450463102
"nonstat_r200",FALSE,200,1890,0.795391977413529
"nonstat_r200",FALSE,200,1891,0.867838172989585
"nonstat_r200",FALSE,200,1892,0.829563967874739
"nonstat_r200",FALSE,200,1893,0.608582937998418
"nonstat_r200",FALSE,200,1894,0.467357507621899
"nonstat_r200",FALSE,200,1895,0.500257139219915
"nonstat_r200",FALSE,200,1896,0.603399716785526
"nonstat_r200",FALSE,200,1897,0.58122325461975
"nonstat_r200",FALSE,200,1898,0.22243254920918
"nonstat_r200",FALSE,200,1899,0
"nonstat_r200",FALSE,200,1900,0.095657930783082
"nonstat_r200",FALSE,200,1901,0.996344004273484
"nonstat_r200",FALSE,200,1902,0.995713508858392
"nonstat_r200",FALSE,200,1903,0.994964341077187
"nonstat_r200",FALSE,200,1904,0.991656032814816
"nonstat_r200",FALSE,200,1905,0.98172044072693
"nonstat_r200",FALSE,200,1906,0.968806287085086
"nonstat_r200",FALSE,200,1907,0.960566603707962
"nonstat_r200",FALSE,200,1908,0.975913436595875
"nonstat_r200",FALSE,200,1909,0.986988260040687
"nonstat_r200",FALSE,200,1910,0.987420663894896
"nonstat_r200",FALSE,200,1911,0.980678911183672
"nonstat_r200",FALSE,200,1912,0.967873658647054
"nonstat_r200",FALSE,200,1913,0.979039158391281
"nonstat_r200",FALSE,200,1914,0.963763319703871
"nonstat_r200",FALSE,200,1915,0.934966796739724
"nonstat_r200",FALSE,200,1916,0.961989970726629
"nonstat_r200",FALSE,200,1917,0.98139706614394
"nonstat_r200",FALSE,200,1918,0.987293489485174
"nonstat_r200",FALSE,200,1919,0.990762757148534
"nonstat_r200",FALSE,200,1920,0.994166136606001
"nonstat_r200",FALSE,200,1921,0.990037490745374
"nonstat_r200",FALSE,200,1922,0.983852737777844
"nonstat_r200",FALSE,200,1923,0.966229552415293
"nonstat_r200",FALSE,200,1924,0.9494300318616
"nonstat_r200",FALSE,200,1925,0.95164291501887
"nonstat_r200",FALSE,200,1926,0.955332679006989
"nonstat_r200",FALSE,200,1927,0.913977326726779
"nonstat_r200",FALSE,200,1928,0.82052200136294
"nonstat_r200",FALSE,200,1929,0.723921994150112
"nonstat_r200",FALSE,200,1930,0.572981294420621
"nonstat_r200",FALSE,200,1931,0.381570967054938
"nonstat_r200",FALSE,200,1932,0.440123765506539
"nonstat_r200",FALSE,200,1933,0.445741025962675
"nonstat_r200",FALSE,200,1934,0.544601756602203
"nonstat_r200",FALSE,200,1935,0.451496896248259
"nonstat_r200",FALSE,200,1936,0.505254930636228
"nonstat_r200",FALSE,200,1937,0.580312238774312
"nonstat_r200",FALSE,200,1938,0.62353926060273
"nonstat_r200",FALSE,200,1939,0.66170081293258
"nonstat_r200",FALSE,200,1940,0.764958444621438
"nonstat_r200",FALSE,200,1941,0.840284226131002
"nonstat_r200",FALSE,200,1942,0.799852171136578
"nonstat_r200",FALSE,200,1943,0.593068561879031
"nonstat_r200",FALSE,200,1944,0.277201087469102
"nonstat_r200",FALSE,200,1945,0.30591173768531
"nonstat_r200",FALSE,200,1946,0.521534798817307
"nonstat_r200",FALSE,200,1947,0.461285173540649
"nonstat_r200",FALSE,200,1948,0.216435018035151
"nonstat_r200",FALSE,200,1949,0.0736803996003869
"nonstat_r200",FALSE,200,1950,0.0573497857440234
"nonstat_r200",FALSE,200,1951,0.998653314925727
"nonstat_r200",FALSE,200,1952,0.999072707339
"nonstat_r200",FALSE,200,1953,0.998694095003576
"nonstat_r200",FALSE,200,1954,0.997565697594125
"nonstat_r200",FALSE,200,1955,0.993319740612597
"nonstat_r200",FALSE,200,1956,0.985615029805346
"nonstat_r200",FALSE,200,1957,0.979042175494874
"nonstat_r200",FALSE,200,1958,0.987242058716934
"nonstat_r200",FALSE,200,1959,0.990321990907049
"nonstat_r200",FALSE,200,1960,0.98027785244012
"nonstat_r200",FALSE,200,1961,0.949419879516427
"nonstat_r200",FALSE,200,1962,0.960446993027011
"nonstat_r200",FALSE,200,1963,0.982974170205258
"nonstat_r200",FALSE,200,1964,0.9817914369749
"nonstat_r200",FALSE,200,1965,0.963516975498903
"nonstat_r200",FALSE,200,1966,0.951497012631223
"nonstat_r200",FALSE,200,1967,0.964665284837575
"nonstat_r200",FALSE,200,1968,0.967757770015174
"nonstat_r200",FALSE,200,1969,0.979727246625185
"nonstat_r200",FALSE,200,1970,0.990289355087943
"nonstat_r200",FALSE,200,1971,0.989269924916649
"nonstat_r200",FALSE,200,1972,0.990306496363968
"nonstat_r200",FALSE,200,1973,0.974912258766682
"nonstat_r200",FALSE,200,1974,0.981139633737019
"nonstat_r200",FALSE,200,1975,0.983239768245367
"nonstat_r200",FALSE,200,1976,0.977327142765801
"nonstat_r200",FALSE,200,1977,0.940707636434634
"nonstat_r200",FALSE,200,1978,0.6728890098144
"nonstat_r200",FALSE,200,1979,0.444065312100057
"nonstat_r200",FALSE,200,1980,0.275740076734472
"nonstat_r200",FALSE,200,1981,0.204032006011742
"nonstat_r200",FALSE,200,1982,0.159488467061089
"nonstat_r200",FALSE,200,1983,0.142055761120455
"nonstat_r200",FALSE,200,1984,0.253400393820742
"nonstat_r200",FALSE,200,1985,0.284780500250683
"nonstat_r200",FALSE,200,1986,0.433802868991595
"nonstat_r200",FALSE,200,1987,0.621004006163277
"nonstat_r200",FALSE,200,1988,0.659230123876989
"nonstat_r200",FALSE,200,1989,0.624828141089941
"nonstat_r200",FALSE,200,1990,0.57289796348014
"nonstat_r200",FALSE,200,1991,0.688453619665135
"nonstat_r200",FALSE,200,1992,0
"nonstat_r200",FALSE,200,1993,0.617558232464197
"nonstat_r200",FALSE,200,1994,0.390284361476152
"nonstat_r200",FALSE,200,1995,0.33161359161584
"nonstat_r200",FALSE,200,1996,0.519446665981682
"nonstat_r200",FALSE,200,1997,0.439063033078797
"nonstat_r200",FALSE,200,1998,0.233725827311687
"nonstat_r200",FALSE,200,1999,0.104563667888759
"nonstat_r200",FALSE,200,2000,0.124948136121518
"nonstat_r200",FALSE,200,2001,0.999267212568866
"nonstat_r200",FALSE,200,2002,0.999464091155323
"nonstat_r200",FALSE,200,2003,0.999097636004438
"nonstat_r200",FALSE,200,2004,0.998169828702749
"nonstat_r200",FALSE,200,2005,0.995395933217135
"nonstat_r200",FALSE,200,2006,0.992693111523114
"nonstat_r200",FALSE,200,2007,0.992729932084948
"nonstat_r200",FALSE,200,2008,0.992781562078322
"nonstat_r200",FALSE,200,2009,0.989540605801106
"nonstat_r200",FALSE,200,2010,0.983605372285637
"nonstat_r200",FALSE,200,2011,0.962662660495312
"nonstat_r200",FALSE,200,2012,0.945911023125012
"nonstat_r200",FALSE,200,2013,0.970683805287698
"nonstat_r200",FALSE,200,2014,0.980388741999447
"nonstat_r200",FALSE,200,2015,0.976101669052885
"nonstat_r200",FALSE,200,2016,0.938905225499519
"nonstat_r200",FALSE,200,2017,0.91213501651683
"nonstat_r200",FALSE,200,2018,0.905016905992678
"nonstat_r200",FALSE,200,2019,0.944111609055657
"nonstat_r200",FALSE,200,2020,0.97338614549674
"nonstat_r200",FALSE,200,2021,0.986216080260559
"nonstat_r200",FALSE,200,2022,0.986885443764118
"nonstat_r200",FALSE,200,2023,0.977730570692602
"nonstat_r200",FALSE,200,2024,0.98756149501209
"nonstat_r200",FALSE,200,2025,0.990239619923021
"nonstat_r200",FALSE,200,2026,0.985111897298437
"nonstat_r200",FALSE,200,2027,0.925702123709247
"nonstat_r200",FALSE,200,2028,0.670995053403645
"nonstat_r200",FALSE,200,2029,0.35234639813346
"nonstat_r200",FALSE,200,2030,0.228171463726827
"nonstat_r200",FALSE,200,2031,0.121600619391313
"nonstat_r200",FALSE,200,2032,0.0739789744027264
"nonstat_r200",FALSE,200,2033,0.0850389650256002
"nonstat_r200",FALSE,200,2034,0.140446919915097
"nonstat_r200",FALSE,200,2035,0.16091695828265
"nonstat_r200",FALSE,200,2036,0.342840813982984
"nonstat_r200",FALSE,200,2037,0.45198936242926
"nonstat_r200",FALSE,200,2038,0.460124535805693
"nonstat_r200",FALSE,200,2039,0.477365583667057
"nonstat_r200",FALSE,200,2040,0.4295557959688
"nonstat_r200",FALSE,200,2041,0.565338986600966
"nonstat_r200",FALSE,200,2042,0
"nonstat_r200",FALSE,200,2043,0.630714196643987
"nonstat_r200",FALSE,200,2044,0.532938688724263
"nonstat_r200",FALSE,200,2045,0.482043453951798
"nonstat_r200",FALSE,200,2046,0.557194576758071
"nonstat_r200",FALSE,200,2047,0.436430439094058
"nonstat_r200",FALSE,200,2048,0.271589459532074
"nonstat_r200",FALSE,200,2049,0.215594382869127
"nonstat_r200",FALSE,200,2050,0.284861684000998
"nonstat_r200",FALSE,200,2051,0.999755507369032
"nonstat_r200",FALSE,200,2052,0.999547432575061
"nonstat_r200",FALSE,200,2053,0.998933598359959
"nonstat_r200",FALSE,200,2054,0.997113832757322
"nonstat_r200",FALSE,200,2055,0.994878190484242
"nonstat_r200",FALSE,200,2056,0.993936545987023
"nonstat_r200",FALSE,200,2057,0.99501077677504
"nonstat_r200",FALSE,200,2058,0.989824638536546
"nonstat_r200",FALSE,200,2059,0.98379609362704
"nonstat_r200",FALSE,200,2060,0.973161915536606
"nonstat_r200",FALSE,200,2061,0.96486608907478
"nonstat_r200",FALSE,200,2062,0.956521683130367
"nonstat_r200",FALSE,200,2063,0.968608841848369
"nonstat_r200",FALSE,200,2064,0.979471268740435
"nonstat_r200",FALSE,200,2065,0.967089921542308
"nonstat_r200",FALSE,200,2066,0.9506119452657
"nonstat_r200",FALSE,200,2067,0.918761107817366
"nonstat_r200",FALSE,200,2068,0.862982291237864
"nonstat_r200",FALSE,200,2069,0.931199295907943
"nonstat_r200",FALSE,200,2070,0.982610276509681
"nonstat_r200",FALSE,200,2071,0.986774539809253
"nonstat_r200",FALSE,200,2072,0.975680193101383
"nonstat_r200",FALSE,200,2073,0.973950041371499
"nonstat_r200",FALSE,200,2074,0.988676528177954
"nonstat_r200",FALSE,200,2075,0.992027484309372
"nonstat_r200",FALSE,200,2076,0.985659775707091
"nonstat_r200",FALSE,200,2077,0.932768366964039
"nonstat_r200",FALSE,200,2078,0.765427190984577
"nonstat_r200",FALSE,200,2079,0.498788449709955
"nonstat_r200",FALSE,200,2080,0.289857350749812
"nonstat_r200",FALSE,200,2081,0.229282909691111
"nonstat_r200",FALSE,200,2082,0.110979957878054
"nonstat_r200",FALSE,200,2083,0.041356420991667
"nonstat_r200",FALSE,200,2084,0.0598644763522793
"nonstat_r200",FALSE,200,2085,0.0639868364163604
"nonstat_r200",FALSE,200,2086,0.126102704512893
"nonstat_r200",FALSE,200,2087,0.201207802695209
"nonstat_r200",FALSE,200,2088,0.261900047553036
"nonstat_r200",FALSE,200,2089,0.374959589622525
"nonstat_r200",FALSE,200,2090,0.503963701080154
"nonstat_r200",FALSE,200,2091,0.650318015744413
"nonstat_r200",FALSE,200,2092,0.732161045255835
"nonstat_r200",FALSE,200,2093,0.739569097253115
"nonstat_r200",FALSE,200,2094,0.774013849855553
"nonstat_r200",FALSE,200,2095,0.741000564074209
"nonstat_r200",FALSE,200,2096,0.691868488629529
"nonstat_r200",FALSE,200,2097,0.466567438671304
"nonstat_r200",FALSE,200,2098,0.345569532083197
"nonstat_r200",FALSE,200,2099,0.315626228302435
"nonstat_r200",FALSE,200,2100,0.375523418473946
"nonstat_r200",FALSE,200,2101,0.999899610956563
"nonstat_r200",FALSE,200,2102,0.999734627188675
"nonstat_r200",FALSE,200,2103,0.998824524920302
"nonstat_r200",FALSE,200,2104,0.99671622263516
"nonstat_r200",FALSE,200,2105,0.993563030157725
"nonstat_r200",FALSE,200,2106,0.993480906815652
"nonstat_r200",FALSE,200,2107,0.99294279952546
"nonstat_r200",FALSE,200,2108,0.984662706763058
"nonstat_r200",FALSE,200,2109,0.967234593557278
"nonstat_r200",FALSE,200,2110,0.961891875156633
"nonstat_r200",FALSE,200,2111,0.959632333691008
"nonstat_r200",FALSE,200,2112,0.967958923464775
"nonstat_r200",FALSE,200,2113,0.967039237727058
"nonstat_r200",FALSE,200,2114,0.979925024057446
"nonstat_r200",FALSE,200,2115,0.976850503802326
"nonstat_r200",FALSE,200,2116,0.974647734759477
"nonstat_r200",FALSE,200,2117,0.959831763304758
"nonstat_r200",FALSE,200,2118,0.933751045978777
"nonstat_r200",FALSE,200,2119,0.955600677533762
"nonstat_r200",FALSE,200,2120,0.983444794463773
"nonstat_r200",FALSE,200,2121,0.986556155039879
"nonstat_r200",FALSE,200,2122,0.979946836639956
"nonstat_r200",FALSE,200,2123,0.980614136534603
"nonstat_r200",FALSE,200,2124,0.982317861410692
"nonstat_r200",FALSE,200,2125,0.991383069084222
"nonstat_r200",FALSE,200,2126,0.988054529718567
"nonstat_r200",FALSE,200,2127,0.959674339590997
"nonstat_r200",FALSE,200,2128,0.889513191237814
"nonstat_r200",FALSE,200,2129,0.720904463409509
"nonstat_r200",FALSE,200,2130,0.509718472751609
"nonstat_r200",FALSE,200,2131,0.397515046325363
"nonstat_r200",FALSE,200,2132,0.255672243266403
"nonstat_r200",FALSE,200,2133,0.0837206377365473
"nonstat_r200",FALSE,200,2134,0.0671181847525498
"nonstat_r200",FALSE,200,2135,0.0452425007093459
"nonstat_r200",FALSE,200,2136,0.06081715007999
"nonstat_r200",FALSE,200,2137,0.108580316165317
"nonstat_r200",FALSE,200,2138,0.27703030292016
"nonstat_r200",FALSE,200,2139,0.506173006840042
"nonstat_r200",FALSE,200,2140,0.64449032964845
"nonstat_r200",FALSE,200,2141,0.756292354281056
"nonstat_r200",FALSE,200,2142,0
"nonstat_r200",FALSE,200,2143,0.834801367340768
"nonstat_r200",FALSE,200,2144,0.894177408496642
"nonstat_r200",FALSE,200,2145,0.876634484639283
"nonstat_r200",FALSE,200,2146,0.78577278823281
"nonstat_r200",FALSE,200,2147,0.60587490216455
"nonstat_r200",FALSE,200,2148,0.361202252884577
"nonstat_r200",FALSE,200,2149,0.252954809271383
"nonstat_r200",FALSE,200,2150,0.297206993645012
"nonstat_r200",FALSE,200,2151,0.99984622493107
"nonstat_r200",FALSE,200,2152,0.999768363390965
"nonstat_r200",FALSE,200,2153,0.999186600076888
"nonstat_r200",FALSE,200,2154,0.998201020130517
"nonstat_r200",FALSE,200,2155,0.997763535726213
"nonstat_r200",FALSE,200,2156,0.996588154046476
"nonstat_r200",FALSE,200,2157,0.995295910113372
"nonstat_r200",FALSE,200,2158,0.986557288371799
"nonstat_r200",FALSE,200,2159,0.961225864327402
"nonstat_r200",FALSE,200,2160,0.933029728011865
"nonstat_r200",FALSE,200,2161,0.914262860427851
"nonstat_r200",FALSE,200,2162,0.957581833350551
"nonstat_r200",FALSE,200,2163,0.984411368363488
"nonstat_r200",FALSE,200,2164,0.992457469585323
"nonstat_r200",FALSE,200,2165,0.978346075385297
"nonstat_r200",FALSE,200,2166,0.934906480624023
"nonstat_r200",FALSE,200,2167,0.952358874502794
"nonstat_r200",FALSE,200,2168,0.95079283530596
"nonstat_r200",FALSE,200,2169,0.955411649100658
"nonstat_r200",FALSE,200,2170,0.971930258198759
"nonstat_r200",FALSE,200,2171,0.970715327126657
"nonstat_r200",FALSE,200,2172,0.971981038630122
"nonstat_r200",FALSE,200,2173,0.974456657288059
"nonstat_r200",FALSE,200,2174,0.983551111475037
"nonstat_r200",FALSE,200,2175,0.995342263603851
"nonstat_r200",FALSE,200,2176,0.994512900183346
"nonstat_r200",FALSE,200,2177,0.986257266482149
"nonstat_r200",FALSE,200,2178,0.964792638177426
"nonstat_r200",FALSE,200,2179,0.873268410926725
"nonstat_r200",FALSE,200,2180,0.686259201051895
"nonstat_r200",FALSE,200,2181,0.58090521232527
"nonstat_r200",FALSE,200,2182,0.527380438786401
"nonstat_r200",FALSE,200,2183,0.312406385403039
"nonstat_r200",FALSE,200,2184,0.29919321095359
"nonstat_r200",FALSE,200,2185,0.148600520687913
"nonstat_r200",FALSE,200,2186,0.086314653777854
"nonstat_r200",FALSE,200,2187,0.0794389093777498
"nonstat_r200",FALSE,200,2188,0.235276095037016
"nonstat_r200",FALSE,200,2189,0.567398051080776
"nonstat_r200",FALSE,200,2190,0.547493994078729
"nonstat_r200",FALSE,200,2191,0.691194967483581
"nonstat_r200",FALSE,200,2192,0
"nonstat_r200",FALSE,200,2193,0
"nonstat_r200",FALSE,200,2194,0.868127295832604
"nonstat_r200",FALSE,200,2195,0.890995098665753
"nonstat_r200",FALSE,200,2196,0.782098727808181
"nonstat_r200",FALSE,200,2197,0.559873535704362
"nonstat_r200",FALSE,200,2198,0.260632034809277
"nonstat_r200",FALSE,200,2199,0.225769694114019
"nonstat_r200",FALSE,200,2200,0.251414675867962
"nonstat_r200",FALSE,200,2201,0.999814440370536
"nonstat_r200",FALSE,200,2202,0.999809533531634
"nonstat_r200",FALSE,200,2203,0.999561393017243
"nonstat_r200",FALSE,200,2204,0.99933390947205
"nonstat_r200",FALSE,200,2205,0.999390601524109
"nonstat_r200",FALSE,200,2206,0.998910093047088
"nonstat_r200",FALSE,200,2207,0.997711394773785
"nonstat_r200",FALSE,200,2208,0.990063644817574
"nonstat_r200",FALSE,200,2209,0.949010934619107
"nonstat_r200",FALSE,200,2210,0.874028779298125
"nonstat_r200",FALSE,200,2211,0.845942336796779
"nonstat_r200",FALSE,200,2212,0.94154302372413
"nonstat_r200",FALSE,200,2213,0.978204827607158
"nonstat_r200",FALSE,200,2214,0.989951750392625
"nonstat_r200",FALSE,200,2215,0.982219260040601
"nonstat_r200",FALSE,200,2216,0.948680890473756
"nonstat_r200",FALSE,200,2217,0.958227444991262
"nonstat_r200",FALSE,200,2218,0.97344659046983
"nonstat_r200",FALSE,200,2219,0.975473305114614
"nonstat_r200",FALSE,200,2220,0.97786200207225
"nonstat_r200",FALSE,200,2221,0.977480390298434
"nonstat_r200",FALSE,200,2222,0.976787236887091
"nonstat_r200",FALSE,200,2223,0.984978641583218
"nonstat_r200",FALSE,200,2224,0.994153867244168
"nonstat_r200",FALSE,200,2225,0.997555103642797
"nonstat_r200",FALSE,200,2226,0.99826531732183
"nonstat_r200",FALSE,200,2227,0.9956869720373
"nonstat_r200",FALSE,200,2228,0.992280392328191
"nonstat_r200",FALSE,200,2229,0.984507395309023
"nonstat_r200",FALSE,200,2230,0.936655268701282
"nonstat_r200",FALSE,200,2231,0.80699014771276
"nonstat_r200",FALSE,200,2232,0.703260766627712
"nonstat_r200",FALSE,200,2233,0.621087018950505
"nonstat_r200",FALSE,200,2234,0.652463511058097
"nonstat_r200",FALSE,200,2235,0.455564650322801
"nonstat_r200",FALSE,200,2236,0.218206482837941
"nonstat_r200",FALSE,200,2237,0.211564136340791
"nonstat_r200",FALSE,200,2238,0.326600680865914
"nonstat_r200",FALSE,200,2239,0.368642072083465
"nonstat_r200",FALSE,200,2240,0.391007633030685
"nonstat_r200",FALSE,200,2241,0.573689740563285
"nonstat_r200",FALSE,200,2242,0
"nonstat_r200",FALSE,200,2243,0.621261573315671
"nonstat_r200",FALSE,200,2244,0.797199456797462
"nonstat_r200",FALSE,200,2245,0.829415396457173
"nonstat_r200",FALSE,200,2246,0.6923024052109
"nonstat_r200",FALSE,200,2247,0.313426539733392
"nonstat_r200",FALSE,200,2248,0.228097359402925
"nonstat_r200",FALSE,200,2249,0.323247665704658
"nonstat_r200",FALSE,200,2250,0.380323150507157
"nonstat_r200",FALSE,200,2251,0.999802839412389
"nonstat_r200",FALSE,200,2252,0.999841964812963
"nonstat_r200",FALSE,200,2253,0.999747013508966
"nonstat_r200",FALSE,200,2254,0.999614552233856
"nonstat_r200",FALSE,200,2255,0.999504134282094
"nonstat_r200",FALSE,200,2256,0.999079721574716
"nonstat_r200",FALSE,200,2257,0.996391697080771
"nonstat_r200",FALSE,200,2258,0.985360455080586
"nonstat_r200",FALSE,200,2259,0.916646471152008
"nonstat_r200",FALSE,200,2260,0.785819998662592
"nonstat_r200",FALSE,200,2261,0.84586590603475
"nonstat_r200",FALSE,200,2262,0.928459949605309
"nonstat_r200",FALSE,200,2263,0.942339956110847
"nonstat_r200",FALSE,200,2264,0.971950417634494
"nonstat_r200",FALSE,200,2265,0.978509664088673
"nonstat_r200",FALSE,200,2266,0.973049920283179
"nonstat_r200",FALSE,200,2267,0.982416374806806
"nonstat_r200",FALSE,200,2268,0.994445161606883
"nonstat_r200",FALSE,200,2269,0.995898774699097
"nonstat_r200",FALSE,200,2270,0.992628382901334
"nonstat_r200",FALSE,200,2271,0.99133986440574
"nonstat_r200",FALSE,200,2272,0.98373397390902
"nonstat_r200",FALSE,200,2273,0.988039138646358
"nonstat_r200",FALSE,200,2274,0.9933518028458
"nonstat_r200",FALSE,200,2275,0.997514439729372
"nonstat_r200",FALSE,200,2276,0.998843652905881
"nonstat_r200",FALSE,200,2277,0.998305760440274
"nonstat_r200",FALSE,200,2278,0.998011078272657
"nonstat_r200",FALSE,200,2279,0.997776983930029
"nonstat_r200",FALSE,200,2280,0.984975210714324
"nonstat_r200",FALSE,200,2281,0.911626674410206
"nonstat_r200",FALSE,200,2282,0.846883936414227
"nonstat_r200",FALSE,200,2283,0.753671437680056
"nonstat_r200",FALSE,200,2284,0.743930955064053
"nonstat_r200",FALSE,200,2285,0.554112996570062
"nonstat_r200",FALSE,200,2286,0.379929977638997
"nonstat_r200",FALSE,200,2287,0.474103197089527
"nonstat_r200",FALSE,200,2288,0.486824415499105
"nonstat_r200",FALSE,200,2289,0.400100951122825
"nonstat_r200",FALSE,200,2290,0.504171319157417
"nonstat_r200",FALSE,200,2291,0.690156493340931
"nonstat_r200",FALSE,200,2292,0.631857167891453
"nonstat_r200",FALSE,200,2293,0.514860694899909
"nonstat_r200",FALSE,200,2294,0.52617325798145
"nonstat_r200",FALSE,200,2295,0.50045533836267
"nonstat_r200",FALSE,200,2296,0.382344163256341
"nonstat_r200",FALSE,200,2297,0.153351896899414
"nonstat_r200",FALSE,200,2298,0.170478558621728
"nonstat_r200",FALSE,200,2299,0.340626468398103
"nonstat_r200",FALSE,200,2300,0.374431978737949
"nonstat_r200",FALSE,200,2301,0.999466714660673
"nonstat_r200",FALSE,200,2302,0.999331172327265
"nonstat_r200",FALSE,200,2303,0.999465516224173
"nonstat_r200",FALSE,200,2304,0.999667810180008
"nonstat_r200",FALSE,200,2305,0.999189097506994
"nonstat_r200",FALSE,200,2306,0.9983978793053
"nonstat_r200",FALSE,200,2307,0.996326859802487
"nonstat_r200",FALSE,200,2308,0.983439458646473
"nonstat_r200",FALSE,200,2309,0.935557481056388
"nonstat_r200",FALSE,200,2310,0.849394382265307
"nonstat_r200",FALSE,200,2311,0.877638066179291
"nonstat_r200",FALSE,200,2312,0.95119553183372
"nonstat_r200",FALSE,200,2313,0.976057061254135
"nonstat_r200",FALSE,200,2314,0.988617065671791
"nonstat_r200",FALSE,200,2315,0.989776648014887
"nonstat_r200",FALSE,200,2316,0.97971449318031
"nonstat_r200",FALSE,200,2317,0.990466782880019
"nonstat_r200",FALSE,200,2318,0.99580177814556
"nonstat_r200",FALSE,200,2319,0.997384477656048
"nonstat_r200",FALSE,200,2320,0.995779835430124
"nonstat_r200",FALSE,200,2321,0.993287723730677
"nonstat_r200",FALSE,200,2322,0.994153102813501
"nonstat_r200",FALSE,200,2323,0.993753698753902
"nonstat_r200",FALSE,200,2324,0.994751581852655
"nonstat_r200",FALSE,200,2325,0.996055495148064
"nonstat_r200",FALSE,200,2326,0.997043223441616
"nonstat_r200",FALSE,200,2327,0.998365098774842
"nonstat_r200",FALSE,200,2328,0.998621397732642
"nonstat_r200",FALSE,200,2329,0.997883046086812
"nonstat_r200",FALSE,200,2330,0.993694101012551
"nonstat_r200",FALSE,200,2331,0.962513776987626
"nonstat_r200",FALSE,200,2332,0.891387501678589
"nonstat_r200",FALSE,200,2333,0.781939241160764
"nonstat_r200",FALSE,200,2334,0.593271963211317
"nonstat_r200",FALSE,200,2335,0.383851321647885
"nonstat_r200",FALSE,200,2336,0.474782869958404
"nonstat_r200",FALSE,200,2337,0.659562677471559
"nonstat_r200",FALSE,200,2338,0.573494051124859
"nonstat_r200",FALSE,200,2339,0.399268777617755
"nonstat_r200",FALSE,200,2340,0.520428086318118
"nonstat_r200",FALSE,200,2341,0.682213910002339
"nonstat_r200",FALSE,200,2342,0.498039514812204
"nonstat_r200",FALSE,200,2343,0.408485388831625
"nonstat_r200",FALSE,200,2344,0.316242941009107
"nonstat_r200",FALSE,200,2345,0.28810868796478
"nonstat_r200",FALSE,200,2346,0.199276658387617
"nonstat_r200",FALSE,200,2347,0.206065642806315
"nonstat_r200",FALSE,200,2348,0.278979352426496
"nonstat_r200",FALSE,200,2349,0.364716401081311
"nonstat_r200",FALSE,200,2350,0.318106085321154
"nonstat_r200",FALSE,200,2351,0.999280158860232
"nonstat_r200",FALSE,200,2352,0.998711214459162
"nonstat_r200",FALSE,200,2353,0.99913877361641
"nonstat_r200",FALSE,200,2354,0.999395513211511
"nonstat_r200",FALSE,200,2355,0.998341101902266
"nonstat_r200",FALSE,200,2356,0.997085602283162
"nonstat_r200",FALSE,200,2357,0.995025006221112
"nonstat_r200",FALSE,200,2358,0.988100919886911
"nonstat_r200",FALSE,200,2359,0.972885321592721
"nonstat_r200",FALSE,200,2360,0.940485636632169
"nonstat_r200",FALSE,200,2361,0.936784422174922
"nonstat_r200",FALSE,200,2362,0.970787115187775
"nonstat_r200",FALSE,200,2363,0.979319793190912
"nonstat_r200",FALSE,200,2364,0.989596632727861
"nonstat_r200",FALSE,200,2365,0.994744342165884
"nonstat_r200",FALSE,200,2366,0.99002657264836
"nonstat_r200",FALSE,200,2367,0.986747237882944
"nonstat_r200",FALSE,200,2368,0.9940825278344
"nonstat_r200",FALSE,200,2369,0.996073610881517
"nonstat_r200",FALSE,200,2370,0.99527162479169
"nonstat_r200",FALSE,200,2371,0.99354029769145
"nonstat_r200",FALSE,200,2372,0.992499052980021
"nonstat_r200",FALSE,200,2373,0.994461515540861
"nonstat_r200",FALSE,200,2374,0.995610466725293
"nonstat_r200",FALSE,200,2375,0.994939980327068
"nonstat_r200",FALSE,200,2376,0.995019175986598
"nonstat_r200",FALSE,200,2377,0.997364379037402
"nonstat_r200",FALSE,200,2378,0.998532821909703
"nonstat_r200",FALSE,200,2379,0.997892211846595
"nonstat_r200",FALSE,200,2380,0.993146379270669
"nonstat_r200",FALSE,200,2381,0.959724783927538
"nonstat_r200",FALSE,200,2382,0.900944713877823
"nonstat_r200",FALSE,200,2383,0.707878357579025
"nonstat_r200",FALSE,200,2384,0.372043735972541
"nonstat_r200",FALSE,200,2385,0.238936032221856
"nonstat_r200",FALSE,200,2386,0.370455117539183
"nonstat_r200",FALSE,200,2387,0.540987831280794
"nonstat_r200",FALSE,200,2388,0.577241194484271
"nonstat_r200",FALSE,200,2389,0.439180500703271
"nonstat_r200",FALSE,200,2390,0.484215129223238
"nonstat_r200",FALSE,200,2391,0.435312213319735
"nonstat_r200",FALSE,200,2392,0.34321432407463
"nonstat_r200",FALSE,200,2393,0.303564953388455
"nonstat_r200",FALSE,200,2394,0.247978127206974
"nonstat_r200",FALSE,200,2395,0.151577802887955
"nonstat_r200",FALSE,200,2396,0.105130030401989
"nonstat_r200",FALSE,200,2397,0.172801232642409
"nonstat_r200",FALSE,200,2398,0.230182055505083
"nonstat_r200",FALSE,200,2399,0.288082884066602
"nonstat_r200",FALSE,200,2400,0.2556296166901
"nonstat_r200",FALSE,200,2401,0.999330036517198
"nonstat_r200",FALSE,200,2402,0.999370959017018
"nonstat_r200",FALSE,200,2403,0.99902862895095
"nonstat_r200",FALSE,200,2404,0.999029696322399
"nonstat_r200",FALSE,200,2405,0.998648286688653
"nonstat_r200",FALSE,200,2406,0.998319229334721
"nonstat_r200",FALSE,200,2407,0.996884601973811
"nonstat_r200",FALSE,200,2408,0.995721662908975
"nonstat_r200",FALSE,200,2409,0.992946217192958
"nonstat_r200",FALSE,200,2410,0.988743792892402
"nonstat_r200",FALSE,200,2411,0.983851903460962
"nonstat_r200",FALSE,200,2412,0.981412497030594
"nonstat_r200",FALSE,200,2413,0.986488169531721
"nonstat_r200",FALSE,200,2414,0.990295115321474
"nonstat_r200",FALSE,200,2415,0.995148974376532
"nonstat_r200",FALSE,200,2416,0.993672337979405
"nonstat_r200",FALSE,200,2417,0.990259442877211
"nonstat_r200",FALSE,200,2418,0.992186432979993
"nonstat_r200",FALSE,200,2419,0.995078215590732
"nonstat_r200",FALSE,200,2420,0.996114476441106
"nonstat_r200",FALSE,200,2421,0.992635389927152
"nonstat_r200",FALSE,200,2422,0.990734378352958
"nonstat_r200",FALSE,200,2423,0.994708851251409
"nonstat_r200",FALSE,200,2424,0.990570889725395
"nonstat_r200",FALSE,200,2425,0.993082344043301
"nonstat_r200",FALSE,200,2426,0.997707168085133
"nonstat_r200",FALSE,200,2427,0.998222061310249
"nonstat_r200",FALSE,200,2428,0.998584485424913
"nonstat_r200",FALSE,200,2429,0.99847552070788
"nonstat_r200",FALSE,200,2430,0.993157788076406
"nonstat_r200",FALSE,200,2431,0.971899717331954
"nonstat_r200",FALSE,200,2432,0.941603432591526
"nonstat_r200",FALSE,200,2433,0.681769516724148
"nonstat_r200",FALSE,200,2434,0.447180415426765
"nonstat_r200",FALSE,200,2435,0.38838559258147
"nonstat_r200",FALSE,200,2436,0.274867353149437
"nonstat_r200",FALSE,200,2437,0.363365170986424
"nonstat_r200",FALSE,200,2438,0.373831303823212
"nonstat_r200",FALSE,200,2439,0.27684164368879
"nonstat_r200",FALSE,200,2440,0.2857050622177
"nonstat_r200",FALSE,200,2441,0.400832388451286
"nonstat_r200",FALSE,200,2442,0.259183841852194
"nonstat_r200",FALSE,200,2443,0.153521672882598
"nonstat_r200",FALSE,200,2444,0.110230867710652
"nonstat_r200",FALSE,200,2445,0.111668251709296
"nonstat_r200",FALSE,200,2446,0.0886781567945474
"nonstat_r200",FALSE,200,2447,0.114582711774123
"nonstat_r200",FALSE,200,2448,0.170761204926362
"nonstat_r200",FALSE,200,2449,0.258350196859618
"nonstat_r200",FALSE,200,2450,0.25904330197489
"nonstat_r200",FALSE,200,2451,0.99955985838563
"nonstat_r200",FALSE,200,2452,0.999568555766821
"nonstat_r200",FALSE,200,2453,0.998979097543954
"nonstat_r200",FALSE,200,2454,0.999231880945158
"nonstat_r200",FALSE,200,2455,0.999419539669746
"nonstat_r200",FALSE,200,2456,0.999423977709096
"nonstat_r200",FALSE,200,2457,0.999413148600769
"nonstat_r200",FALSE,200,2458,0.999137774897107
"nonstat_r200",FALSE,200,2459,0.998673299465531
"nonstat_r200",FALSE,200,2460,0.998387977894074
"nonstat_r200",FALSE,200,2461,0.997594452611117
"nonstat_r200",FALSE,200,2462,0.995735870348731
"nonstat_r200",FALSE,200,2463,0.994061987064049
"nonstat_r200",FALSE,200,2464,0.994621386456313
"nonstat_r200",FALSE,200,2465,0.99521006837751
"nonstat_r200",FALSE,200,2466,0.990918847683589
"nonstat_r200",FALSE,200,2467,0.991485240310115
"nonstat_r200",FALSE,200,2468,0.99166534997098
"nonstat_r200",FALSE,200,2469,0.994341113415439
"nonstat_r200",FALSE,200,2470,0.994703775148617
"nonstat_r200",FALSE,200,2471,0.995046659103842
"nonstat_r200",FALSE,200,2472,0.990978250833398
"nonstat_r200",FALSE,200,2473,0.9885657364654
"nonstat_r200",FALSE,200,2474,0.98964850762377
"nonstat_r200",FALSE,200,2475,0.993520653951017
"nonstat_r200",FALSE,200,2476,0.997946272165545
"nonstat_r200",FALSE,200,2477,0.997582334767281
"nonstat_r200",FALSE,200,2478,0.996581331340897
"nonstat_r200",FALSE,200,2479,0.996818944940692
"nonstat_r200",FALSE,200,2480,0.993446862663136
"nonstat_r200",FALSE,200,2481,0.977480260523475
"nonstat_r200",FALSE,200,2482,0.938047703492227
"nonstat_r200",FALSE,200,2483,0.714631940420339
"nonstat_r200",FALSE,200,2484,0.626336447809976
"nonstat_r200",FALSE,200,2485,0.715438534911262
"nonstat_r200",FALSE,200,2486,0.591094459971572
"nonstat_r200",FALSE,200,2487,0.354475459029775
"nonstat_r200",FALSE,200,2488,0.278938233148456
"nonstat_r200",FALSE,200,2489,0.125817596825906
"nonstat_r200",FALSE,200,2490,0.10781502440339
"nonstat_r200",FALSE,200,2491,0.131527081582522
"nonstat_r200",FALSE,200,2492,0.175364137674482
"nonstat_r200",FALSE,200,2493,0.0993817250238462
"nonstat_r200",FALSE,200,2494,0.0455023836058105
"nonstat_r200",FALSE,200,2495,0.0640424386054505
"nonstat_r200",FALSE,200,2496,0.14808105005744
"nonstat_r200",FALSE,200,2497,0.227197169946231
"nonstat_r200",FALSE,200,2498,0.181066574724689
"nonstat_r200",FALSE,200,2499,0.2303363991166
"nonstat_r200",FALSE,200,2500,0.239101574584825
